ISO-10303-21;
HEADER;
FILE_DESCRIPTION(('FreeCAD Model'),'2;1');
FILE_NAME('Open CASCADE Shape Model','2026-10-06T01:45:06',('FreeCAD'),(
    'FreeCAD'),'Open CASCADE STEP processor 7.8','FreeCAD','Unknown');
FILE_SCHEMA(('AUTOMOTIVE_DESIGN { 1 0 10303 214 1 1 1 1 }'));
ENDSEC;
DATA;
#1 = APPLICATION_PROTOCOL_DEFINITION('international standard',
  'automotive_design',2000,#2);
#2 = APPLICATION_CONTEXT(
  'core data for automotive mechanical design processes');
#3 = SHAPE_DEFINITION_REPRESENTATION(#4,#10);
#4 = PRODUCT_DEFINITION_SHAPE('','',#5);
#5 = PRODUCT_DEFINITION('design','',#6,#9);
#6 = PRODUCT_DEFINITION_FORMATION('','',#7);
#7 = PRODUCT('Open CASCADE STEP translator 7.8 2',
  'Open CASCADE STEP translator 7.8 2','',(#8));
#8 = PRODUCT_CONTEXT('',#2,'mechanical');
#9 = PRODUCT_DEFINITION_CONTEXT('part definition',#2,'design');
#10 = ADVANCED_BREP_SHAPE_REPRESENTATION('',(#11,#15),#15385);
#11 = AXIS2_PLACEMENT_3D('',#12,#13,#14);
#12 = CARTESIAN_POINT('',(0.,0.,0.));
#13 = DIRECTION('',(0.,0.,1.));
#14 = DIRECTION('',(1.,0.,-0.));
#15 = MANIFOLD_SOLID_BREP('',#16);
#16 = CLOSED_SHELL('',(#17,#57,#194,#219,#244,#327,#473,#522,#547,#572,
    #639,#670,#695,#719,#744,#768,#793,#817,#835,#859,#915,#940,#964,
    #989,#1110,#1127,#1144,#1161,#1178,#1195,#1212,#1229,#1246,#1263,
    #1280,#1297,#1314,#1347,#1371,#1411,#1454,#1471,#1488,#1524,#1548,
    #1573,#1597,#1622,#1639,#1725,#1750,#1839,#1851,#1868,#1885,#1903,
    #1935,#1959,#1984,#2008,#2033,#2057,#2082,#2099,#2160,#2221,#2282,
    #2343,#5545,#5565,#5596,#5639,#5663,#5699,#5719,#5750,#5793,#5817,
    #5853,#5873,#5904,#5947,#5971,#6007,#6027,#6058,#6101,#6125,#6161,
    #6192,#6218,#6244,#6270,#6296,#6322,#6348,#6374,#6400,#6426,#6452,
    #6478,#6504,#6528,#6554,#6580,#6606,#6632,#6658,#6684,#6708,#6727,
    #6758,#6784,#6808,#6834,#6858,#6884,#6908,#6934,#6958,#6984,#7010,
    #7034,#7060,#7084,#7110,#7127,#7160,#7186,#7212,#7238,#7264,#7290,
    #7316,#7342,#7368,#7394,#7420,#7439,#7470,#7496,#7520,#7546,#7570,
    #7596,#7620,#7646,#7670,#7696,#7722,#7746,#7772,#7796,#7822,#7839,
    #7870,#7896,#7922,#7948,#7974,#8000,#8026,#8052,#8078,#8104,#8130,
    #8156,#8182,#8206,#8232,#8258,#8284,#8310,#8336,#8362,#8386,#8405,
    #8438,#8464,#8490,#8516,#8542,#8568,#8594,#8620,#8646,#8672,#8698,
    #8717,#8748,#8774,#8798,#8824,#8848,#8874,#8900,#8924,#8950,#8974,
    #9000,#9024,#9050,#9076,#9100,#9126,#9150,#9176,#9202,#9226,#9252,
    #9276,#9302,#9326,#9352,#9378,#9402,#9428,#9452,#9478,#9495,#9526,
    #9552,#9576,#9602,#9626,#9652,#9676,#9695,#9726,#9752,#9776,#9802,
    #9826,#9852,#9876,#9895,#9928,#9952,#9978,#10002,#10028,#10052,
    #10078,#10095,#10126,#10152,#10176,#10202,#10228,#10252,#10278,
    #10304,#10330,#10356,#10382,#10408,#10432,#10458,#10484,#10508,
    #10534,#10560,#10584,#10610,#10636,#10660,#10686,#10710,#10729,
    #10760,#10786,#10812,#10836,#10862,#10888,#10912,#10938,#10964,
    #10988,#11014,#11033,#11064,#11090,#11114,#11140,#11166,#11190,
    #11216,#11240,#11266,#11290,#11316,#11340,#11366,#11390,#11416,
    #11442,#11466,#11492,#11516,#11542,#11566,#11585,#11610,#11627,
    #11639,#11664,#11689,#11714,#11731,#11743,#11768,#11793,#11818,
    #11835,#11847,#11872,#11897,#11922,#11939,#11951,#11976,#12001,
    #12104,#12128,#12246,#12270,#12373,#12491,#12530,#12568,#12606,
    #12622,#12726,#12746,#12776,#12788,#12797,#12809,#12818,#12830,
    #12839,#12851,#12860,#12904,#12937,#12970,#13003,#13031,#13062,
    #13089,#13120,#13141,#13185,#13218,#13251,#13284,#13314,#13344,
    #13379,#13412,#13445,#13480,#13508,#13530,#13574,#13607,#13640,
    #13673,#13701,#13732,#13759,#13790,#13811,#13853,#13888,#13923,
    #13958,#13990,#14022,#14057,#14092,#14127,#14162,#14194,#14219,
    #14317,#14401,#14507,#14599,#14637,#14664,#14699,#14734,#14769,
    #14804,#14831,#14862,#14882,#14899,#14919,#14936,#14956,#15082,
    #15228,#15245,#15282,#15305,#15342,#15365,#15375));
#17 = ADVANCED_FACE('',(#18),#52,.F.);
#18 = FACE_BOUND('',#19,.F.);
#19 = EDGE_LOOP('',(#20,#30,#38,#46));
#20 = ORIENTED_EDGE('',*,*,#21,.F.);
#21 = EDGE_CURVE('',#22,#24,#26,.T.);
#22 = VERTEX_POINT('',#23);
#23 = CARTESIAN_POINT('',(-2.5,0.5,26.6));
#24 = VERTEX_POINT('',#25);
#25 = CARTESIAN_POINT('',(-2.5,99.5,26.6));
#26 = LINE('',#27,#28);
#27 = CARTESIAN_POINT('',(-2.5,-2.5,26.6));
#28 = VECTOR('',#29,1.);
#29 = DIRECTION('',(-0.,1.,0.));
#30 = ORIENTED_EDGE('',*,*,#31,.F.);
#31 = EDGE_CURVE('',#32,#22,#34,.T.);
#32 = VERTEX_POINT('',#33);
#33 = CARTESIAN_POINT('',(-2.5,0.5,8.6));
#34 = LINE('',#35,#36);
#35 = CARTESIAN_POINT('',(-2.5,0.5,8.6));
#36 = VECTOR('',#37,1.);
#37 = DIRECTION('',(0.,0.,1.));
#38 = ORIENTED_EDGE('',*,*,#39,.T.);
#39 = EDGE_CURVE('',#32,#40,#42,.T.);
#40 = VERTEX_POINT('',#41);
#41 = CARTESIAN_POINT('',(-2.5,99.5,8.6));
#42 = LINE('',#43,#44);
#43 = CARTESIAN_POINT('',(-2.5,-2.5,8.6));
#44 = VECTOR('',#45,1.);
#45 = DIRECTION('',(-0.,1.,0.));
#46 = ORIENTED_EDGE('',*,*,#47,.T.);
#47 = EDGE_CURVE('',#40,#24,#48,.T.);
#48 = LINE('',#49,#50);
#49 = CARTESIAN_POINT('',(-2.5,99.5,8.6));
#50 = VECTOR('',#51,1.);
#51 = DIRECTION('',(0.,0.,1.));
#52 = PLANE('',#53);
#53 = AXIS2_PLACEMENT_3D('',#54,#55,#56);
#54 = CARTESIAN_POINT('',(-2.5,-2.5,8.6));
#55 = DIRECTION('',(1.,0.,-0.));
#56 = DIRECTION('',(0.,0.,1.));
#57 = ADVANCED_FACE('',(#58,#119),#189,.T.);
#58 = FACE_BOUND('',#59,.T.);
#59 = EDGE_LOOP('',(#60,#61,#70,#78,#87,#95,#104,#112));
#60 = ORIENTED_EDGE('',*,*,#21,.F.);
#61 = ORIENTED_EDGE('',*,*,#62,.T.);
#62 = EDGE_CURVE('',#22,#63,#65,.T.);
#63 = VERTEX_POINT('',#64);
#64 = CARTESIAN_POINT('',(0.5,-2.5,26.6));
#65 = CIRCLE('',#66,3.);
#66 = AXIS2_PLACEMENT_3D('',#67,#68,#69);
#67 = CARTESIAN_POINT('',(0.5,0.5,26.6));
#68 = DIRECTION('',(0.,0.,1.));
#69 = DIRECTION('',(0.,-1.,0.));
#70 = ORIENTED_EDGE('',*,*,#71,.T.);
#71 = EDGE_CURVE('',#63,#72,#74,.T.);
#72 = VERTEX_POINT('',#73);
#73 = CARTESIAN_POINT('',(99.5,-2.5,26.6));
#74 = LINE('',#75,#76);
#75 = CARTESIAN_POINT('',(-2.5,-2.5,26.6));
#76 = VECTOR('',#77,1.);
#77 = DIRECTION('',(1.,0.,-0.));
#78 = ORIENTED_EDGE('',*,*,#79,.F.);
#79 = EDGE_CURVE('',#80,#72,#82,.T.);
#80 = VERTEX_POINT('',#81);
#81 = CARTESIAN_POINT('',(102.5,0.5,26.6));
#82 = CIRCLE('',#83,3.);
#83 = AXIS2_PLACEMENT_3D('',#84,#85,#86);
#84 = CARTESIAN_POINT('',(99.5,0.5,26.6));
#85 = DIRECTION('',(-0.,-0.,-1.));
#86 = DIRECTION('',(0.,-1.,0.));
#87 = ORIENTED_EDGE('',*,*,#88,.T.);
#88 = EDGE_CURVE('',#80,#89,#91,.T.);
#89 = VERTEX_POINT('',#90);
#90 = CARTESIAN_POINT('',(102.5,99.5,26.6));
#91 = LINE('',#92,#93);
#92 = CARTESIAN_POINT('',(102.5,-2.5,26.6));
#93 = VECTOR('',#94,1.);
#94 = DIRECTION('',(-0.,1.,0.));
#95 = ORIENTED_EDGE('',*,*,#96,.T.);
#96 = EDGE_CURVE('',#89,#97,#99,.T.);
#97 = VERTEX_POINT('',#98);
#98 = CARTESIAN_POINT('',(99.5,102.5,26.6));
#99 = CIRCLE('',#100,3.);
#100 = AXIS2_PLACEMENT_3D('',#101,#102,#103);
#101 = CARTESIAN_POINT('',(99.5,99.5,26.6));
#102 = DIRECTION('',(0.,0.,1.));
#103 = DIRECTION('',(0.,-1.,0.));
#104 = ORIENTED_EDGE('',*,*,#105,.F.);
#105 = EDGE_CURVE('',#106,#97,#108,.T.);
#106 = VERTEX_POINT('',#107);
#107 = CARTESIAN_POINT('',(0.5,102.5,26.6));
#108 = LINE('',#109,#110);
#109 = CARTESIAN_POINT('',(-2.5,102.5,26.6));
#110 = VECTOR('',#111,1.);
#111 = DIRECTION('',(1.,0.,-0.));
#112 = ORIENTED_EDGE('',*,*,#113,.F.);
#113 = EDGE_CURVE('',#24,#106,#114,.T.);
#114 = CIRCLE('',#115,3.);
#115 = AXIS2_PLACEMENT_3D('',#116,#117,#118);
#116 = CARTESIAN_POINT('',(0.5,99.5,26.6));
#117 = DIRECTION('',(-0.,-0.,-1.));
#118 = DIRECTION('',(0.,-1.,0.));
#119 = FACE_BOUND('',#120,.T.);
#120 = EDGE_LOOP('',(#121,#131,#140,#148,#157,#165,#174,#182));
#121 = ORIENTED_EDGE('',*,*,#122,.F.);
#122 = EDGE_CURVE('',#123,#125,#127,.T.);
#123 = VERTEX_POINT('',#124);
#124 = CARTESIAN_POINT('',(4.8,57.649558085835,26.6));
#125 = VERTEX_POINT('',#126);
#126 = CARTESIAN_POINT('',(4.8,42.350441914165,26.6));
#127 = LINE('',#128,#129);
#128 = CARTESIAN_POINT('',(4.8,19.925220957083,26.6));
#129 = VECTOR('',#130,1.);
#130 = DIRECTION('',(0.,-1.,0.));
#131 = ORIENTED_EDGE('',*,*,#132,.T.);
#132 = EDGE_CURVE('',#123,#133,#135,.T.);
#133 = VERTEX_POINT('',#134);
#134 = CARTESIAN_POINT('',(8.8,61.649558085835,26.6));
#135 = CIRCLE('',#136,4.);
#136 = AXIS2_PLACEMENT_3D('',#137,#138,#139);
#137 = CARTESIAN_POINT('',(8.8,57.649558085835,26.6));
#138 = DIRECTION('',(-0.,-0.,-1.));
#139 = DIRECTION('',(0.,-1.,0.));
#140 = ORIENTED_EDGE('',*,*,#141,.F.);
#141 = EDGE_CURVE('',#142,#133,#144,.T.);
#142 = VERTEX_POINT('',#143);
#143 = CARTESIAN_POINT('',(91.2,61.649558085835,26.6));
#144 = LINE('',#145,#146);
#145 = CARTESIAN_POINT('',(3.15,61.649558085835,26.6));
#146 = VECTOR('',#147,1.);
#147 = DIRECTION('',(-1.,-0.,0.));
#148 = ORIENTED_EDGE('',*,*,#149,.T.);
#149 = EDGE_CURVE('',#142,#150,#152,.T.);
#150 = VERTEX_POINT('',#151);
#151 = CARTESIAN_POINT('',(95.2,57.649558085835,26.6));
#152 = CIRCLE('',#153,4.);
#153 = AXIS2_PLACEMENT_3D('',#154,#155,#156);
#154 = CARTESIAN_POINT('',(91.2,57.649558085835,26.6));
#155 = DIRECTION('',(-0.,-0.,-1.));
#156 = DIRECTION('',(0.,-1.,0.));
#157 = ORIENTED_EDGE('',*,*,#158,.T.);
#158 = EDGE_CURVE('',#150,#159,#161,.T.);
#159 = VERTEX_POINT('',#160);
#160 = CARTESIAN_POINT('',(95.2,42.350441914165,26.6));
#161 = LINE('',#162,#163);
#162 = CARTESIAN_POINT('',(95.2,19.925220957083,26.6));
#163 = VECTOR('',#164,1.);
#164 = DIRECTION('',(0.,-1.,0.));
#165 = ORIENTED_EDGE('',*,*,#166,.T.);
#166 = EDGE_CURVE('',#159,#167,#169,.T.);
#167 = VERTEX_POINT('',#168);
#168 = CARTESIAN_POINT('',(91.2,38.350441914165,26.6));
#169 = CIRCLE('',#170,4.);
#170 = AXIS2_PLACEMENT_3D('',#171,#172,#173);
#171 = CARTESIAN_POINT('',(91.2,42.350441914165,26.6));
#172 = DIRECTION('',(-0.,-0.,-1.));
#173 = DIRECTION('',(0.,-1.,0.));
#174 = ORIENTED_EDGE('',*,*,#175,.T.);
#175 = EDGE_CURVE('',#167,#176,#178,.T.);
#176 = VERTEX_POINT('',#177);
#177 = CARTESIAN_POINT('',(8.8,38.350441914165,26.6));
#178 = LINE('',#179,#180);
#179 = CARTESIAN_POINT('',(3.15,38.350441914165,26.6));
#180 = VECTOR('',#181,1.);
#181 = DIRECTION('',(-1.,-0.,0.));
#182 = ORIENTED_EDGE('',*,*,#183,.T.);
#183 = EDGE_CURVE('',#176,#125,#184,.T.);
#184 = CIRCLE('',#185,4.);
#185 = AXIS2_PLACEMENT_3D('',#186,#187,#188);
#186 = CARTESIAN_POINT('',(8.8,42.350441914165,26.6));
#187 = DIRECTION('',(-0.,-0.,-1.));
#188 = DIRECTION('',(0.,-1.,0.));
#189 = PLANE('',#190);
#190 = AXIS2_PLACEMENT_3D('',#191,#192,#193);
#191 = CARTESIAN_POINT('',(-2.5,-2.5,26.6));
#192 = DIRECTION('',(0.,0.,1.));
#193 = DIRECTION('',(1.,0.,-0.));
#194 = ADVANCED_FACE('',(#195),#214,.T.);
#195 = FACE_BOUND('',#196,.T.);
#196 = EDGE_LOOP('',(#197,#206,#212,#213));
#197 = ORIENTED_EDGE('',*,*,#198,.T.);
#198 = EDGE_CURVE('',#32,#199,#201,.T.);
#199 = VERTEX_POINT('',#200);
#200 = CARTESIAN_POINT('',(0.5,-2.5,8.6));
#201 = CIRCLE('',#202,3.);
#202 = AXIS2_PLACEMENT_3D('',#203,#204,#205);
#203 = CARTESIAN_POINT('',(0.5,0.5,8.6));
#204 = DIRECTION('',(0.,0.,1.));
#205 = DIRECTION('',(0.,-1.,0.));
#206 = ORIENTED_EDGE('',*,*,#207,.T.);
#207 = EDGE_CURVE('',#199,#63,#208,.T.);
#208 = LINE('',#209,#210);
#209 = CARTESIAN_POINT('',(0.5,-2.5,8.6));
#210 = VECTOR('',#211,1.);
#211 = DIRECTION('',(0.,0.,1.));
#212 = ORIENTED_EDGE('',*,*,#62,.F.);
#213 = ORIENTED_EDGE('',*,*,#31,.F.);
#214 = CYLINDRICAL_SURFACE('',#215,3.);
#215 = AXIS2_PLACEMENT_3D('',#216,#217,#218);
#216 = CARTESIAN_POINT('',(0.5,0.5,8.6));
#217 = DIRECTION('',(0.,0.,1.));
#218 = DIRECTION('',(-1.,-0.,0.));
#219 = ADVANCED_FACE('',(#220),#239,.T.);
#220 = FACE_BOUND('',#221,.F.);
#221 = EDGE_LOOP('',(#222,#231,#237,#238));
#222 = ORIENTED_EDGE('',*,*,#223,.T.);
#223 = EDGE_CURVE('',#40,#224,#226,.T.);
#224 = VERTEX_POINT('',#225);
#225 = CARTESIAN_POINT('',(0.5,102.5,8.6));
#226 = CIRCLE('',#227,3.);
#227 = AXIS2_PLACEMENT_3D('',#228,#229,#230);
#228 = CARTESIAN_POINT('',(0.5,99.5,8.6));
#229 = DIRECTION('',(-0.,-0.,-1.));
#230 = DIRECTION('',(0.,-1.,0.));
#231 = ORIENTED_EDGE('',*,*,#232,.T.);
#232 = EDGE_CURVE('',#224,#106,#233,.T.);
#233 = LINE('',#234,#235);
#234 = CARTESIAN_POINT('',(0.5,102.5,8.6));
#235 = VECTOR('',#236,1.);
#236 = DIRECTION('',(0.,0.,1.));
#237 = ORIENTED_EDGE('',*,*,#113,.F.);
#238 = ORIENTED_EDGE('',*,*,#47,.F.);
#239 = CYLINDRICAL_SURFACE('',#240,3.);
#240 = AXIS2_PLACEMENT_3D('',#241,#242,#243);
#241 = CARTESIAN_POINT('',(0.5,99.5,8.6));
#242 = DIRECTION('',(0.,0.,1.));
#243 = DIRECTION('',(-1.,-0.,0.));
#244 = ADVANCED_FACE('',(#245),#322,.F.);
#245 = FACE_BOUND('',#246,.F.);
#246 = EDGE_LOOP('',(#247,#248,#249,#257,#265,#273,#282,#290,#299,#307,
    #315,#321));
#247 = ORIENTED_EDGE('',*,*,#39,.F.);
#248 = ORIENTED_EDGE('',*,*,#198,.T.);
#249 = ORIENTED_EDGE('',*,*,#250,.T.);
#250 = EDGE_CURVE('',#199,#251,#253,.T.);
#251 = VERTEX_POINT('',#252);
#252 = CARTESIAN_POINT('',(13.1,-2.5,8.6));
#253 = LINE('',#254,#255);
#254 = CARTESIAN_POINT('',(-2.5,-2.5,8.6));
#255 = VECTOR('',#256,1.);
#256 = DIRECTION('',(1.,0.,-0.));
#257 = ORIENTED_EDGE('',*,*,#258,.T.);
#258 = EDGE_CURVE('',#251,#259,#261,.T.);
#259 = VERTEX_POINT('',#260);
#260 = CARTESIAN_POINT('',(13.1,-0.5,8.6));
#261 = LINE('',#262,#263);
#262 = CARTESIAN_POINT('',(13.1,-3.,8.6));
#263 = VECTOR('',#264,1.);
#264 = DIRECTION('',(-0.,1.,0.));
#265 = ORIENTED_EDGE('',*,*,#266,.T.);
#266 = EDGE_CURVE('',#259,#267,#269,.T.);
#267 = VERTEX_POINT('',#268);
#268 = CARTESIAN_POINT('',(0.5,-0.5,8.6));
#269 = LINE('',#270,#271);
#270 = CARTESIAN_POINT('',(-1.5,-0.5,8.6));
#271 = VECTOR('',#272,1.);
#272 = DIRECTION('',(-1.,-0.,0.));
#273 = ORIENTED_EDGE('',*,*,#274,.F.);
#274 = EDGE_CURVE('',#275,#267,#277,.T.);
#275 = VERTEX_POINT('',#276);
#276 = CARTESIAN_POINT('',(-0.5,0.5,8.6));
#277 = CIRCLE('',#278,1.);
#278 = AXIS2_PLACEMENT_3D('',#279,#280,#281);
#279 = CARTESIAN_POINT('',(0.5,0.5,8.6));
#280 = DIRECTION('',(0.,0.,1.));
#281 = DIRECTION('',(-1.,-0.,0.));
#282 = ORIENTED_EDGE('',*,*,#283,.T.);
#283 = EDGE_CURVE('',#275,#284,#286,.T.);
#284 = VERTEX_POINT('',#285);
#285 = CARTESIAN_POINT('',(-0.5,99.5,8.6));
#286 = LINE('',#287,#288);
#287 = CARTESIAN_POINT('',(-0.5,-1.5,8.6));
#288 = VECTOR('',#289,1.);
#289 = DIRECTION('',(-0.,1.,0.));
#290 = ORIENTED_EDGE('',*,*,#291,.F.);
#291 = EDGE_CURVE('',#292,#284,#294,.T.);
#292 = VERTEX_POINT('',#293);
#293 = CARTESIAN_POINT('',(0.5,100.5,8.6));
#294 = CIRCLE('',#295,1.);
#295 = AXIS2_PLACEMENT_3D('',#296,#297,#298);
#296 = CARTESIAN_POINT('',(0.5,99.5,8.6));
#297 = DIRECTION('',(0.,0.,1.));
#298 = DIRECTION('',(-1.,-0.,0.));
#299 = ORIENTED_EDGE('',*,*,#300,.F.);
#300 = EDGE_CURVE('',#301,#292,#303,.T.);
#301 = VERTEX_POINT('',#302);
#302 = CARTESIAN_POINT('',(28.7,100.5,8.6));
#303 = LINE('',#304,#305);
#304 = CARTESIAN_POINT('',(-1.5,100.5,8.6));
#305 = VECTOR('',#306,1.);
#306 = DIRECTION('',(-1.,-0.,0.));
#307 = ORIENTED_EDGE('',*,*,#308,.T.);
#308 = EDGE_CURVE('',#301,#309,#311,.T.);
#309 = VERTEX_POINT('',#310);
#310 = CARTESIAN_POINT('',(28.7,102.5,8.6));
#311 = LINE('',#312,#313);
#312 = CARTESIAN_POINT('',(28.7,48.5,8.6));
#313 = VECTOR('',#314,1.);
#314 = DIRECTION('',(-0.,1.,0.));
#315 = ORIENTED_EDGE('',*,*,#316,.F.);
#316 = EDGE_CURVE('',#224,#309,#317,.T.);
#317 = LINE('',#318,#319);
#318 = CARTESIAN_POINT('',(-2.5,102.5,8.6));
#319 = VECTOR('',#320,1.);
#320 = DIRECTION('',(1.,0.,-0.));
#321 = ORIENTED_EDGE('',*,*,#223,.F.);
#322 = PLANE('',#323);
#323 = AXIS2_PLACEMENT_3D('',#324,#325,#326);
#324 = CARTESIAN_POINT('',(-2.5,-2.5,8.6));
#325 = DIRECTION('',(0.,0.,1.));
#326 = DIRECTION('',(1.,0.,-0.));
#327 = ADVANCED_FACE('',(#328),#468,.F.);
#328 = FACE_BOUND('',#329,.F.);
#329 = EDGE_LOOP('',(#330,#331,#332,#333,#341,#349,#357,#365,#373,#381,
    #389,#398,#406,#414,#422,#430,#438,#446,#454,#462));
#330 = ORIENTED_EDGE('',*,*,#250,.F.);
#331 = ORIENTED_EDGE('',*,*,#207,.T.);
#332 = ORIENTED_EDGE('',*,*,#71,.T.);
#333 = ORIENTED_EDGE('',*,*,#334,.F.);
#334 = EDGE_CURVE('',#335,#72,#337,.T.);
#335 = VERTEX_POINT('',#336);
#336 = CARTESIAN_POINT('',(99.5,-2.5,8.6));
#337 = LINE('',#338,#339);
#338 = CARTESIAN_POINT('',(99.5,-2.5,8.6));
#339 = VECTOR('',#340,1.);
#340 = DIRECTION('',(0.,0.,1.));
#341 = ORIENTED_EDGE('',*,*,#342,.F.);
#342 = EDGE_CURVE('',#343,#335,#345,.T.);
#343 = VERTEX_POINT('',#344);
#344 = CARTESIAN_POINT('',(87.715,-2.5,8.6));
#345 = LINE('',#346,#347);
#346 = CARTESIAN_POINT('',(-2.5,-2.5,8.6));
#347 = VECTOR('',#348,1.);
#348 = DIRECTION('',(1.,0.,-0.));
#349 = ORIENTED_EDGE('',*,*,#350,.F.);
#350 = EDGE_CURVE('',#351,#343,#353,.T.);
#351 = VERTEX_POINT('',#352);
#352 = CARTESIAN_POINT('',(87.715,-2.5,24.89));
#353 = LINE('',#354,#355);
#354 = CARTESIAN_POINT('',(87.715,-2.5,8.595));
#355 = VECTOR('',#356,1.);
#356 = DIRECTION('',(-0.,0.,-1.));
#357 = ORIENTED_EDGE('',*,*,#358,.F.);
#358 = EDGE_CURVE('',#359,#351,#361,.T.);
#359 = VERTEX_POINT('',#360);
#360 = CARTESIAN_POINT('',(68.715,-2.5,24.89));
#361 = LINE('',#362,#363);
#362 = CARTESIAN_POINT('',(33.1075,-2.5,24.89));
#363 = VECTOR('',#364,1.);
#364 = DIRECTION('',(1.,0.,-0.));
#365 = ORIENTED_EDGE('',*,*,#366,.T.);
#366 = EDGE_CURVE('',#359,#367,#369,.T.);
#367 = VERTEX_POINT('',#368);
#368 = CARTESIAN_POINT('',(68.715,-2.5,8.6));
#369 = LINE('',#370,#371);
#370 = CARTESIAN_POINT('',(68.715,-2.5,8.595));
#371 = VECTOR('',#372,1.);
#372 = DIRECTION('',(-0.,0.,-1.));
#373 = ORIENTED_EDGE('',*,*,#374,.F.);
#374 = EDGE_CURVE('',#375,#367,#377,.T.);
#375 = VERTEX_POINT('',#376);
#376 = CARTESIAN_POINT('',(65.,-2.5,8.6));
#377 = LINE('',#378,#379);
#378 = CARTESIAN_POINT('',(-2.5,-2.5,8.6));
#379 = VECTOR('',#380,1.);
#380 = DIRECTION('',(1.,0.,-0.));
#381 = ORIENTED_EDGE('',*,*,#382,.F.);
#382 = EDGE_CURVE('',#383,#375,#385,.T.);
#383 = VERTEX_POINT('',#384);
#384 = CARTESIAN_POINT('',(65.,-2.5,11.2));
#385 = LINE('',#386,#387);
#386 = CARTESIAN_POINT('',(65.,-2.5,8.775));
#387 = VECTOR('',#388,1.);
#388 = DIRECTION('',(0.,0.,-1.));
#389 = ORIENTED_EDGE('',*,*,#390,.F.);
#390 = EDGE_CURVE('',#391,#383,#393,.T.);
#391 = VERTEX_POINT('',#392);
#392 = CARTESIAN_POINT('',(56.,-2.5,11.2));
#393 = CIRCLE('',#394,4.5);
#394 = AXIS2_PLACEMENT_3D('',#395,#396,#397);
#395 = CARTESIAN_POINT('',(60.5,-2.5,11.2));
#396 = DIRECTION('',(0.,1.,0.));
#397 = DIRECTION('',(0.,-0.,1.));
#398 = ORIENTED_EDGE('',*,*,#399,.F.);
#399 = EDGE_CURVE('',#400,#391,#402,.T.);
#400 = VERTEX_POINT('',#401);
#401 = CARTESIAN_POINT('',(56.,-2.5,8.6));
#402 = LINE('',#403,#404);
#403 = CARTESIAN_POINT('',(56.,-2.5,8.775));
#404 = VECTOR('',#405,1.);
#405 = DIRECTION('',(0.,-0.,1.));
#406 = ORIENTED_EDGE('',*,*,#407,.F.);
#407 = EDGE_CURVE('',#408,#400,#410,.T.);
#408 = VERTEX_POINT('',#409);
#409 = CARTESIAN_POINT('',(51.9,-2.5,8.6));
#410 = LINE('',#411,#412);
#411 = CARTESIAN_POINT('',(-2.5,-2.5,8.6));
#412 = VECTOR('',#413,1.);
#413 = DIRECTION('',(1.,0.,-0.));
#414 = ORIENTED_EDGE('',*,*,#415,.F.);
#415 = EDGE_CURVE('',#416,#408,#418,.T.);
#416 = VERTEX_POINT('',#417);
#417 = CARTESIAN_POINT('',(51.9,-2.5,24.59));
#418 = LINE('',#419,#420);
#419 = CARTESIAN_POINT('',(51.9,-2.5,8.595));
#420 = VECTOR('',#421,1.);
#421 = DIRECTION('',(-0.,0.,-1.));
#422 = ORIENTED_EDGE('',*,*,#423,.F.);
#423 = EDGE_CURVE('',#424,#416,#426,.T.);
#424 = VERTEX_POINT('',#425);
#425 = CARTESIAN_POINT('',(33.1,-2.5,24.59));
#426 = LINE('',#427,#428);
#427 = CARTESIAN_POINT('',(15.3,-2.5,24.59));
#428 = VECTOR('',#429,1.);
#429 = DIRECTION('',(1.,0.,-0.));
#430 = ORIENTED_EDGE('',*,*,#431,.T.);
#431 = EDGE_CURVE('',#424,#432,#434,.T.);
#432 = VERTEX_POINT('',#433);
#433 = CARTESIAN_POINT('',(33.1,-2.5,8.6));
#434 = LINE('',#435,#436);
#435 = CARTESIAN_POINT('',(33.1,-2.5,8.595));
#436 = VECTOR('',#437,1.);
#437 = DIRECTION('',(-0.,0.,-1.));
#438 = ORIENTED_EDGE('',*,*,#439,.F.);
#439 = EDGE_CURVE('',#440,#432,#442,.T.);
#440 = VERTEX_POINT('',#441);
#441 = CARTESIAN_POINT('',(31.9,-2.5,8.6));
#442 = LINE('',#443,#444);
#443 = CARTESIAN_POINT('',(-2.5,-2.5,8.6));
#444 = VECTOR('',#445,1.);
#445 = DIRECTION('',(1.,0.,-0.));
#446 = ORIENTED_EDGE('',*,*,#447,.F.);
#447 = EDGE_CURVE('',#448,#440,#450,.T.);
#448 = VERTEX_POINT('',#449);
#449 = CARTESIAN_POINT('',(31.9,-2.5,24.59));
#450 = LINE('',#451,#452);
#451 = CARTESIAN_POINT('',(31.9,-2.5,8.595));
#452 = VECTOR('',#453,1.);
#453 = DIRECTION('',(-0.,0.,-1.));
#454 = ORIENTED_EDGE('',*,*,#455,.F.);
#455 = EDGE_CURVE('',#456,#448,#458,.T.);
#456 = VERTEX_POINT('',#457);
#457 = CARTESIAN_POINT('',(13.1,-2.5,24.59));
#458 = LINE('',#459,#460);
#459 = CARTESIAN_POINT('',(5.3,-2.5,24.59));
#460 = VECTOR('',#461,1.);
#461 = DIRECTION('',(1.,0.,-0.));
#462 = ORIENTED_EDGE('',*,*,#463,.T.);
#463 = EDGE_CURVE('',#456,#251,#464,.T.);
#464 = LINE('',#465,#466);
#465 = CARTESIAN_POINT('',(13.1,-2.5,8.595));
#466 = VECTOR('',#467,1.);
#467 = DIRECTION('',(-0.,0.,-1.));
#468 = PLANE('',#469);
#469 = AXIS2_PLACEMENT_3D('',#470,#471,#472);
#470 = CARTESIAN_POINT('',(-2.5,-2.5,8.6));
#471 = DIRECTION('',(-0.,1.,0.));
#472 = DIRECTION('',(0.,0.,1.));
#473 = ADVANCED_FACE('',(#474),#517,.T.);
#474 = FACE_BOUND('',#475,.T.);
#475 = EDGE_LOOP('',(#476,#477,#478,#479,#487,#495,#503,#511));
#476 = ORIENTED_EDGE('',*,*,#316,.F.);
#477 = ORIENTED_EDGE('',*,*,#232,.T.);
#478 = ORIENTED_EDGE('',*,*,#105,.T.);
#479 = ORIENTED_EDGE('',*,*,#480,.F.);
#480 = EDGE_CURVE('',#481,#97,#483,.T.);
#481 = VERTEX_POINT('',#482);
#482 = CARTESIAN_POINT('',(99.5,102.5,8.6));
#483 = LINE('',#484,#485);
#484 = CARTESIAN_POINT('',(99.5,102.5,8.6));
#485 = VECTOR('',#486,1.);
#486 = DIRECTION('',(0.,0.,1.));
#487 = ORIENTED_EDGE('',*,*,#488,.F.);
#488 = EDGE_CURVE('',#489,#481,#491,.T.);
#489 = VERTEX_POINT('',#490);
#490 = CARTESIAN_POINT('',(47.7,102.5,8.6));
#491 = LINE('',#492,#493);
#492 = CARTESIAN_POINT('',(-2.5,102.5,8.6));
#493 = VECTOR('',#494,1.);
#494 = DIRECTION('',(1.,0.,-0.));
#495 = ORIENTED_EDGE('',*,*,#496,.F.);
#496 = EDGE_CURVE('',#497,#489,#499,.T.);
#497 = VERTEX_POINT('',#498);
#498 = CARTESIAN_POINT('',(47.7,102.5,12.2));
#499 = LINE('',#500,#501);
#500 = CARTESIAN_POINT('',(47.7,102.5,8.35));
#501 = VECTOR('',#502,1.);
#502 = DIRECTION('',(-0.,0.,-1.));
#503 = ORIENTED_EDGE('',*,*,#504,.F.);
#504 = EDGE_CURVE('',#505,#497,#507,.T.);
#505 = VERTEX_POINT('',#506);
#506 = CARTESIAN_POINT('',(28.7,102.5,12.2));
#507 = LINE('',#508,#509);
#508 = CARTESIAN_POINT('',(13.1,102.5,12.2));
#509 = VECTOR('',#510,1.);
#510 = DIRECTION('',(1.,0.,-0.));
#511 = ORIENTED_EDGE('',*,*,#512,.T.);
#512 = EDGE_CURVE('',#505,#309,#513,.T.);
#513 = LINE('',#514,#515);
#514 = CARTESIAN_POINT('',(28.7,102.5,8.35));
#515 = VECTOR('',#516,1.);
#516 = DIRECTION('',(-0.,0.,-1.));
#517 = PLANE('',#518);
#518 = AXIS2_PLACEMENT_3D('',#519,#520,#521);
#519 = CARTESIAN_POINT('',(-2.5,102.5,8.6));
#520 = DIRECTION('',(-0.,1.,0.));
#521 = DIRECTION('',(0.,0.,1.));
#522 = ADVANCED_FACE('',(#523),#542,.T.);
#523 = FACE_BOUND('',#524,.F.);
#524 = EDGE_LOOP('',(#525,#534,#535,#536));
#525 = ORIENTED_EDGE('',*,*,#526,.T.);
#526 = EDGE_CURVE('',#527,#335,#529,.T.);
#527 = VERTEX_POINT('',#528);
#528 = CARTESIAN_POINT('',(102.5,0.5,8.6));
#529 = CIRCLE('',#530,3.);
#530 = AXIS2_PLACEMENT_3D('',#531,#532,#533);
#531 = CARTESIAN_POINT('',(99.5,0.5,8.6));
#532 = DIRECTION('',(-0.,-0.,-1.));
#533 = DIRECTION('',(0.,-1.,0.));
#534 = ORIENTED_EDGE('',*,*,#334,.T.);
#535 = ORIENTED_EDGE('',*,*,#79,.F.);
#536 = ORIENTED_EDGE('',*,*,#537,.F.);
#537 = EDGE_CURVE('',#527,#80,#538,.T.);
#538 = LINE('',#539,#540);
#539 = CARTESIAN_POINT('',(102.5,0.5,8.6));
#540 = VECTOR('',#541,1.);
#541 = DIRECTION('',(0.,0.,1.));
#542 = CYLINDRICAL_SURFACE('',#543,3.);
#543 = AXIS2_PLACEMENT_3D('',#544,#545,#546);
#544 = CARTESIAN_POINT('',(99.5,0.5,8.6));
#545 = DIRECTION('',(0.,0.,1.));
#546 = DIRECTION('',(1.,0.,-0.));
#547 = ADVANCED_FACE('',(#548),#567,.T.);
#548 = FACE_BOUND('',#549,.T.);
#549 = EDGE_LOOP('',(#550,#559,#560,#561));
#550 = ORIENTED_EDGE('',*,*,#551,.T.);
#551 = EDGE_CURVE('',#552,#481,#554,.T.);
#552 = VERTEX_POINT('',#553);
#553 = CARTESIAN_POINT('',(102.5,99.5,8.6));
#554 = CIRCLE('',#555,3.);
#555 = AXIS2_PLACEMENT_3D('',#556,#557,#558);
#556 = CARTESIAN_POINT('',(99.5,99.5,8.6));
#557 = DIRECTION('',(0.,0.,1.));
#558 = DIRECTION('',(0.,-1.,0.));
#559 = ORIENTED_EDGE('',*,*,#480,.T.);
#560 = ORIENTED_EDGE('',*,*,#96,.F.);
#561 = ORIENTED_EDGE('',*,*,#562,.F.);
#562 = EDGE_CURVE('',#552,#89,#563,.T.);
#563 = LINE('',#564,#565);
#564 = CARTESIAN_POINT('',(102.5,99.5,8.6));
#565 = VECTOR('',#566,1.);
#566 = DIRECTION('',(0.,0.,1.));
#567 = CYLINDRICAL_SURFACE('',#568,3.);
#568 = AXIS2_PLACEMENT_3D('',#569,#570,#571);
#569 = CARTESIAN_POINT('',(99.5,99.5,8.6));
#570 = DIRECTION('',(0.,0.,1.));
#571 = DIRECTION('',(1.,0.,-0.));
#572 = ADVANCED_FACE('',(#573),#634,.T.);
#573 = FACE_BOUND('',#574,.T.);
#574 = EDGE_LOOP('',(#575,#576,#577,#585,#593,#602,#610,#619,#627,#633)
  );
#575 = ORIENTED_EDGE('',*,*,#88,.F.);
#576 = ORIENTED_EDGE('',*,*,#537,.F.);
#577 = ORIENTED_EDGE('',*,*,#578,.T.);
#578 = EDGE_CURVE('',#527,#579,#581,.T.);
#579 = VERTEX_POINT('',#580);
#580 = CARTESIAN_POINT('',(102.5,77.46,8.6));
#581 = LINE('',#582,#583);
#582 = CARTESIAN_POINT('',(102.5,-2.5,8.6));
#583 = VECTOR('',#584,1.);
#584 = DIRECTION('',(-0.,1.,0.));
#585 = ORIENTED_EDGE('',*,*,#586,.T.);
#586 = EDGE_CURVE('',#579,#587,#589,.T.);
#587 = VERTEX_POINT('',#588);
#588 = CARTESIAN_POINT('',(102.5,77.46,12.23));
#589 = LINE('',#590,#591);
#590 = CARTESIAN_POINT('',(102.5,77.46,11.665));
#591 = VECTOR('',#592,1.);
#592 = DIRECTION('',(0.,-0.,1.));
#593 = ORIENTED_EDGE('',*,*,#594,.F.);
#594 = EDGE_CURVE('',#595,#587,#597,.T.);
#595 = VERTEX_POINT('',#596);
#596 = CARTESIAN_POINT('',(102.5,79.96,14.73));
#597 = CIRCLE('',#598,2.5);
#598 = AXIS2_PLACEMENT_3D('',#599,#600,#601);
#599 = CARTESIAN_POINT('',(102.5,79.96,12.23));
#600 = DIRECTION('',(1.,0.,2.22044604925E-16));
#601 = DIRECTION('',(-2.22044604925E-16,0.,1.));
#602 = ORIENTED_EDGE('',*,*,#603,.T.);
#603 = EDGE_CURVE('',#595,#604,#606,.T.);
#604 = VERTEX_POINT('',#605);
#605 = CARTESIAN_POINT('',(102.5,89.46,14.73));
#606 = LINE('',#607,#608);
#607 = CARTESIAN_POINT('',(102.5,37.48,14.73));
#608 = VECTOR('',#609,1.);
#609 = DIRECTION('',(0.,1.,0.));
#610 = ORIENTED_EDGE('',*,*,#611,.F.);
#611 = EDGE_CURVE('',#612,#604,#614,.T.);
#612 = VERTEX_POINT('',#613);
#613 = CARTESIAN_POINT('',(102.5,91.96,12.23));
#614 = CIRCLE('',#615,2.5);
#615 = AXIS2_PLACEMENT_3D('',#616,#617,#618);
#616 = CARTESIAN_POINT('',(102.5,89.46,12.23));
#617 = DIRECTION('',(1.,0.,2.22044604925E-16));
#618 = DIRECTION('',(-2.22044604925E-16,0.,1.));
#619 = ORIENTED_EDGE('',*,*,#620,.F.);
#620 = EDGE_CURVE('',#621,#612,#623,.T.);
#621 = VERTEX_POINT('',#622);
#622 = CARTESIAN_POINT('',(102.5,91.96,8.6));
#623 = LINE('',#624,#625);
#624 = CARTESIAN_POINT('',(102.5,91.96,11.665));
#625 = VECTOR('',#626,1.);
#626 = DIRECTION('',(0.,-0.,1.));
#627 = ORIENTED_EDGE('',*,*,#628,.T.);
#628 = EDGE_CURVE('',#621,#552,#629,.T.);
#629 = LINE('',#630,#631);
#630 = CARTESIAN_POINT('',(102.5,-2.5,8.6));
#631 = VECTOR('',#632,1.);
#632 = DIRECTION('',(-0.,1.,0.));
#633 = ORIENTED_EDGE('',*,*,#562,.T.);
#634 = PLANE('',#635);
#635 = AXIS2_PLACEMENT_3D('',#636,#637,#638);
#636 = CARTESIAN_POINT('',(102.5,-2.5,8.6));
#637 = DIRECTION('',(1.,0.,-0.));
#638 = DIRECTION('',(0.,0.,1.));
#639 = ADVANCED_FACE('',(#640),#665,.F.);
#640 = FACE_BOUND('',#641,.F.);
#641 = EDGE_LOOP('',(#642,#652,#658,#659));
#642 = ORIENTED_EDGE('',*,*,#643,.F.);
#643 = EDGE_CURVE('',#644,#646,#648,.T.);
#644 = VERTEX_POINT('',#645);
#645 = CARTESIAN_POINT('',(4.8,42.350441914165,26.));
#646 = VERTEX_POINT('',#647);
#647 = CARTESIAN_POINT('',(4.8,57.649558085835,26.));
#648 = LINE('',#649,#650);
#649 = CARTESIAN_POINT('',(4.8,38.350441914165,26.));
#650 = VECTOR('',#651,1.);
#651 = DIRECTION('',(-0.,1.,0.));
#652 = ORIENTED_EDGE('',*,*,#653,.T.);
#653 = EDGE_CURVE('',#644,#125,#654,.T.);
#654 = LINE('',#655,#656);
#655 = CARTESIAN_POINT('',(4.8,42.350441914165,26.));
#656 = VECTOR('',#657,1.);
#657 = DIRECTION('',(0.,0.,1.));
#658 = ORIENTED_EDGE('',*,*,#122,.F.);
#659 = ORIENTED_EDGE('',*,*,#660,.F.);
#660 = EDGE_CURVE('',#646,#123,#661,.T.);
#661 = LINE('',#662,#663);
#662 = CARTESIAN_POINT('',(4.8,57.649558085835,26.));
#663 = VECTOR('',#664,1.);
#664 = DIRECTION('',(0.,0.,1.));
#665 = PLANE('',#666);
#666 = AXIS2_PLACEMENT_3D('',#667,#668,#669);
#667 = CARTESIAN_POINT('',(4.8,42.350441914165,26.));
#668 = DIRECTION('',(-1.,-0.,0.));
#669 = DIRECTION('',(-0.,1.,0.));
#670 = ADVANCED_FACE('',(#671),#690,.F.);
#671 = FACE_BOUND('',#672,.T.);
#672 = EDGE_LOOP('',(#673,#682,#683,#684));
#673 = ORIENTED_EDGE('',*,*,#674,.F.);
#674 = EDGE_CURVE('',#644,#675,#677,.T.);
#675 = VERTEX_POINT('',#676);
#676 = CARTESIAN_POINT('',(8.8,38.350441914165,26.));
#677 = CIRCLE('',#678,4.);
#678 = AXIS2_PLACEMENT_3D('',#679,#680,#681);
#679 = CARTESIAN_POINT('',(8.8,42.350441914165,26.));
#680 = DIRECTION('',(0.,0.,1.));
#681 = DIRECTION('',(0.,-1.,0.));
#682 = ORIENTED_EDGE('',*,*,#653,.T.);
#683 = ORIENTED_EDGE('',*,*,#183,.F.);
#684 = ORIENTED_EDGE('',*,*,#685,.F.);
#685 = EDGE_CURVE('',#675,#176,#686,.T.);
#686 = LINE('',#687,#688);
#687 = CARTESIAN_POINT('',(8.8,38.350441914165,26.));
#688 = VECTOR('',#689,1.);
#689 = DIRECTION('',(0.,0.,1.));
#690 = CYLINDRICAL_SURFACE('',#691,4.);
#691 = AXIS2_PLACEMENT_3D('',#692,#693,#694);
#692 = CARTESIAN_POINT('',(8.8,42.350441914165,26.));
#693 = DIRECTION('',(-0.,-0.,-1.));
#694 = DIRECTION('',(0.,-1.,0.));
#695 = ADVANCED_FACE('',(#696),#714,.T.);
#696 = FACE_BOUND('',#697,.T.);
#697 = EDGE_LOOP('',(#698,#706,#707,#708));
#698 = ORIENTED_EDGE('',*,*,#699,.F.);
#699 = EDGE_CURVE('',#675,#700,#702,.T.);
#700 = VERTEX_POINT('',#701);
#701 = CARTESIAN_POINT('',(91.2,38.350441914165,26.));
#702 = LINE('',#703,#704);
#703 = CARTESIAN_POINT('',(4.8,38.350441914165,26.));
#704 = VECTOR('',#705,1.);
#705 = DIRECTION('',(1.,0.,-0.));
#706 = ORIENTED_EDGE('',*,*,#685,.T.);
#707 = ORIENTED_EDGE('',*,*,#175,.F.);
#708 = ORIENTED_EDGE('',*,*,#709,.F.);
#709 = EDGE_CURVE('',#700,#167,#710,.T.);
#710 = LINE('',#711,#712);
#711 = CARTESIAN_POINT('',(91.2,38.350441914165,26.));
#712 = VECTOR('',#713,1.);
#713 = DIRECTION('',(0.,0.,1.));
#714 = PLANE('',#715);
#715 = AXIS2_PLACEMENT_3D('',#716,#717,#718);
#716 = CARTESIAN_POINT('',(8.8,38.350441914165,26.));
#717 = DIRECTION('',(-0.,1.,0.));
#718 = DIRECTION('',(1.,0.,-0.));
#719 = ADVANCED_FACE('',(#720),#739,.F.);
#720 = FACE_BOUND('',#721,.F.);
#721 = EDGE_LOOP('',(#722,#731,#737,#738));
#722 = ORIENTED_EDGE('',*,*,#723,.F.);
#723 = EDGE_CURVE('',#724,#700,#726,.T.);
#724 = VERTEX_POINT('',#725);
#725 = CARTESIAN_POINT('',(95.2,42.350441914165,26.));
#726 = CIRCLE('',#727,4.);
#727 = AXIS2_PLACEMENT_3D('',#728,#729,#730);
#728 = CARTESIAN_POINT('',(91.2,42.350441914165,26.));
#729 = DIRECTION('',(-0.,-0.,-1.));
#730 = DIRECTION('',(0.,-1.,0.));
#731 = ORIENTED_EDGE('',*,*,#732,.T.);
#732 = EDGE_CURVE('',#724,#159,#733,.T.);
#733 = LINE('',#734,#735);
#734 = CARTESIAN_POINT('',(95.2,42.350441914165,26.));
#735 = VECTOR('',#736,1.);
#736 = DIRECTION('',(0.,0.,1.));
#737 = ORIENTED_EDGE('',*,*,#166,.T.);
#738 = ORIENTED_EDGE('',*,*,#709,.F.);
#739 = CYLINDRICAL_SURFACE('',#740,4.);
#740 = AXIS2_PLACEMENT_3D('',#741,#742,#743);
#741 = CARTESIAN_POINT('',(91.2,42.350441914165,26.));
#742 = DIRECTION('',(-0.,-0.,-1.));
#743 = DIRECTION('',(0.,-1.,0.));
#744 = ADVANCED_FACE('',(#745),#763,.T.);
#745 = FACE_BOUND('',#746,.T.);
#746 = EDGE_LOOP('',(#747,#755,#756,#757));
#747 = ORIENTED_EDGE('',*,*,#748,.F.);
#748 = EDGE_CURVE('',#724,#749,#751,.T.);
#749 = VERTEX_POINT('',#750);
#750 = CARTESIAN_POINT('',(95.2,57.649558085835,26.));
#751 = LINE('',#752,#753);
#752 = CARTESIAN_POINT('',(95.2,38.350441914165,26.));
#753 = VECTOR('',#754,1.);
#754 = DIRECTION('',(-0.,1.,0.));
#755 = ORIENTED_EDGE('',*,*,#732,.T.);
#756 = ORIENTED_EDGE('',*,*,#158,.F.);
#757 = ORIENTED_EDGE('',*,*,#758,.F.);
#758 = EDGE_CURVE('',#749,#150,#759,.T.);
#759 = LINE('',#760,#761);
#760 = CARTESIAN_POINT('',(95.2,57.649558085835,26.));
#761 = VECTOR('',#762,1.);
#762 = DIRECTION('',(0.,0.,1.));
#763 = PLANE('',#764);
#764 = AXIS2_PLACEMENT_3D('',#765,#766,#767);
#765 = CARTESIAN_POINT('',(95.2,42.350441914165,26.));
#766 = DIRECTION('',(-1.,-0.,0.));
#767 = DIRECTION('',(-0.,1.,0.));
#768 = ADVANCED_FACE('',(#769),#788,.F.);
#769 = FACE_BOUND('',#770,.T.);
#770 = EDGE_LOOP('',(#771,#780,#781,#782));
#771 = ORIENTED_EDGE('',*,*,#772,.F.);
#772 = EDGE_CURVE('',#749,#773,#775,.T.);
#773 = VERTEX_POINT('',#774);
#774 = CARTESIAN_POINT('',(91.2,61.649558085835,26.));
#775 = CIRCLE('',#776,4.);
#776 = AXIS2_PLACEMENT_3D('',#777,#778,#779);
#777 = CARTESIAN_POINT('',(91.2,57.649558085835,26.));
#778 = DIRECTION('',(0.,0.,1.));
#779 = DIRECTION('',(0.,-1.,0.));
#780 = ORIENTED_EDGE('',*,*,#758,.T.);
#781 = ORIENTED_EDGE('',*,*,#149,.F.);
#782 = ORIENTED_EDGE('',*,*,#783,.F.);
#783 = EDGE_CURVE('',#773,#142,#784,.T.);
#784 = LINE('',#785,#786);
#785 = CARTESIAN_POINT('',(91.2,61.649558085835,26.));
#786 = VECTOR('',#787,1.);
#787 = DIRECTION('',(0.,0.,1.));
#788 = CYLINDRICAL_SURFACE('',#789,4.);
#789 = AXIS2_PLACEMENT_3D('',#790,#791,#792);
#790 = CARTESIAN_POINT('',(91.2,57.649558085835,26.));
#791 = DIRECTION('',(-0.,-0.,-1.));
#792 = DIRECTION('',(0.,-1.,0.));
#793 = ADVANCED_FACE('',(#794),#812,.F.);
#794 = FACE_BOUND('',#795,.F.);
#795 = EDGE_LOOP('',(#796,#804,#810,#811));
#796 = ORIENTED_EDGE('',*,*,#797,.F.);
#797 = EDGE_CURVE('',#798,#773,#800,.T.);
#798 = VERTEX_POINT('',#799);
#799 = CARTESIAN_POINT('',(8.8,61.649558085835,26.));
#800 = LINE('',#801,#802);
#801 = CARTESIAN_POINT('',(4.8,61.649558085835,26.));
#802 = VECTOR('',#803,1.);
#803 = DIRECTION('',(1.,0.,-0.));
#804 = ORIENTED_EDGE('',*,*,#805,.T.);
#805 = EDGE_CURVE('',#798,#133,#806,.T.);
#806 = LINE('',#807,#808);
#807 = CARTESIAN_POINT('',(8.8,61.649558085835,26.));
#808 = VECTOR('',#809,1.);
#809 = DIRECTION('',(0.,0.,1.));
#810 = ORIENTED_EDGE('',*,*,#141,.F.);
#811 = ORIENTED_EDGE('',*,*,#783,.F.);
#812 = PLANE('',#813);
#813 = AXIS2_PLACEMENT_3D('',#814,#815,#816);
#814 = CARTESIAN_POINT('',(8.8,61.649558085835,26.));
#815 = DIRECTION('',(-0.,1.,0.));
#816 = DIRECTION('',(1.,0.,-0.));
#817 = ADVANCED_FACE('',(#818),#830,.F.);
#818 = FACE_BOUND('',#819,.F.);
#819 = EDGE_LOOP('',(#820,#827,#828,#829));
#820 = ORIENTED_EDGE('',*,*,#821,.F.);
#821 = EDGE_CURVE('',#646,#798,#822,.T.);
#822 = CIRCLE('',#823,4.);
#823 = AXIS2_PLACEMENT_3D('',#824,#825,#826);
#824 = CARTESIAN_POINT('',(8.8,57.649558085835,26.));
#825 = DIRECTION('',(-0.,-0.,-1.));
#826 = DIRECTION('',(0.,-1.,0.));
#827 = ORIENTED_EDGE('',*,*,#660,.T.);
#828 = ORIENTED_EDGE('',*,*,#132,.T.);
#829 = ORIENTED_EDGE('',*,*,#805,.F.);
#830 = CYLINDRICAL_SURFACE('',#831,4.);
#831 = AXIS2_PLACEMENT_3D('',#832,#833,#834);
#832 = CARTESIAN_POINT('',(8.8,57.649558085835,26.));
#833 = DIRECTION('',(-0.,-0.,-1.));
#834 = DIRECTION('',(0.,-1.,0.));
#835 = ADVANCED_FACE('',(#836),#854,.T.);
#836 = FACE_BOUND('',#837,.T.);
#837 = EDGE_LOOP('',(#838,#846,#852,#853));
#838 = ORIENTED_EDGE('',*,*,#839,.F.);
#839 = EDGE_CURVE('',#840,#505,#842,.T.);
#840 = VERTEX_POINT('',#841);
#841 = CARTESIAN_POINT('',(28.7,100.5,12.2));
#842 = LINE('',#843,#844);
#843 = CARTESIAN_POINT('',(28.7,99.5,12.2));
#844 = VECTOR('',#845,1.);
#845 = DIRECTION('',(-0.,1.,0.));
#846 = ORIENTED_EDGE('',*,*,#847,.T.);
#847 = EDGE_CURVE('',#840,#301,#848,.T.);
#848 = LINE('',#849,#850);
#849 = CARTESIAN_POINT('',(28.7,100.5,7.85));
#850 = VECTOR('',#851,1.);
#851 = DIRECTION('',(-0.,0.,-1.));
#852 = ORIENTED_EDGE('',*,*,#308,.T.);
#853 = ORIENTED_EDGE('',*,*,#512,.F.);
#854 = PLANE('',#855);
#855 = AXIS2_PLACEMENT_3D('',#856,#857,#858);
#856 = CARTESIAN_POINT('',(28.7,99.5,8.1));
#857 = DIRECTION('',(1.,0.,-0.));
#858 = DIRECTION('',(0.,0.,1.));
#859 = ADVANCED_FACE('',(#860),#910,.F.);
#860 = FACE_BOUND('',#861,.F.);
#861 = EDGE_LOOP('',(#862,#872,#880,#888,#894,#895,#896,#904));
#862 = ORIENTED_EDGE('',*,*,#863,.F.);
#863 = EDGE_CURVE('',#864,#866,#868,.T.);
#864 = VERTEX_POINT('',#865);
#865 = CARTESIAN_POINT('',(99.5,100.5,8.6));
#866 = VERTEX_POINT('',#867);
#867 = CARTESIAN_POINT('',(99.5,100.5,24.6));
#868 = LINE('',#869,#870);
#869 = CARTESIAN_POINT('',(99.5,100.5,7.6));
#870 = VECTOR('',#871,1.);
#871 = DIRECTION('',(0.,0.,1.));
#872 = ORIENTED_EDGE('',*,*,#873,.T.);
#873 = EDGE_CURVE('',#864,#874,#876,.T.);
#874 = VERTEX_POINT('',#875);
#875 = CARTESIAN_POINT('',(47.7,100.5,8.6));
#876 = LINE('',#877,#878);
#877 = CARTESIAN_POINT('',(-1.5,100.5,8.6));
#878 = VECTOR('',#879,1.);
#879 = DIRECTION('',(-1.,-0.,0.));
#880 = ORIENTED_EDGE('',*,*,#881,.F.);
#881 = EDGE_CURVE('',#882,#874,#884,.T.);
#882 = VERTEX_POINT('',#883);
#883 = CARTESIAN_POINT('',(47.7,100.5,12.2));
#884 = LINE('',#885,#886);
#885 = CARTESIAN_POINT('',(47.7,100.5,7.85));
#886 = VECTOR('',#887,1.);
#887 = DIRECTION('',(-0.,0.,-1.));
#888 = ORIENTED_EDGE('',*,*,#889,.F.);
#889 = EDGE_CURVE('',#840,#882,#890,.T.);
#890 = LINE('',#891,#892);
#891 = CARTESIAN_POINT('',(14.1,100.5,12.2));
#892 = VECTOR('',#893,1.);
#893 = DIRECTION('',(1.,0.,-0.));
#894 = ORIENTED_EDGE('',*,*,#847,.T.);
#895 = ORIENTED_EDGE('',*,*,#300,.T.);
#896 = ORIENTED_EDGE('',*,*,#897,.T.);
#897 = EDGE_CURVE('',#292,#898,#900,.T.);
#898 = VERTEX_POINT('',#899);
#899 = CARTESIAN_POINT('',(0.5,100.5,24.6));
#900 = LINE('',#901,#902);
#901 = CARTESIAN_POINT('',(0.5,100.5,7.6));
#902 = VECTOR('',#903,1.);
#903 = DIRECTION('',(0.,0.,1.));
#904 = ORIENTED_EDGE('',*,*,#905,.T.);
#905 = EDGE_CURVE('',#898,#866,#906,.T.);
#906 = LINE('',#907,#908);
#907 = CARTESIAN_POINT('',(-0.5,100.5,24.6));
#908 = VECTOR('',#909,1.);
#909 = DIRECTION('',(1.,0.,-0.));
#910 = PLANE('',#911);
#911 = AXIS2_PLACEMENT_3D('',#912,#913,#914);
#912 = CARTESIAN_POINT('',(-0.5,100.5,7.6));
#913 = DIRECTION('',(-0.,1.,0.));
#914 = DIRECTION('',(0.,0.,1.));
#915 = ADVANCED_FACE('',(#916),#935,.F.);
#916 = FACE_BOUND('',#917,.T.);
#917 = EDGE_LOOP('',(#918,#926,#927,#928));
#918 = ORIENTED_EDGE('',*,*,#919,.F.);
#919 = EDGE_CURVE('',#284,#920,#922,.T.);
#920 = VERTEX_POINT('',#921);
#921 = CARTESIAN_POINT('',(-0.5,99.5,24.6));
#922 = LINE('',#923,#924);
#923 = CARTESIAN_POINT('',(-0.5,99.5,7.6));
#924 = VECTOR('',#925,1.);
#925 = DIRECTION('',(0.,0.,1.));
#926 = ORIENTED_EDGE('',*,*,#291,.F.);
#927 = ORIENTED_EDGE('',*,*,#897,.T.);
#928 = ORIENTED_EDGE('',*,*,#929,.F.);
#929 = EDGE_CURVE('',#920,#898,#930,.T.);
#930 = CIRCLE('',#931,1.);
#931 = AXIS2_PLACEMENT_3D('',#932,#933,#934);
#932 = CARTESIAN_POINT('',(0.5,99.5,24.6));
#933 = DIRECTION('',(-0.,-0.,-1.));
#934 = DIRECTION('',(0.,-1.,0.));
#935 = CYLINDRICAL_SURFACE('',#936,1.);
#936 = AXIS2_PLACEMENT_3D('',#937,#938,#939);
#937 = CARTESIAN_POINT('',(0.5,99.5,7.6));
#938 = DIRECTION('',(0.,0.,1.));
#939 = DIRECTION('',(-1.,-0.,0.));
#940 = ADVANCED_FACE('',(#941),#959,.T.);
#941 = FACE_BOUND('',#942,.T.);
#942 = EDGE_LOOP('',(#943,#951,#957,#958));
#943 = ORIENTED_EDGE('',*,*,#944,.F.);
#944 = EDGE_CURVE('',#945,#920,#947,.T.);
#945 = VERTEX_POINT('',#946);
#946 = CARTESIAN_POINT('',(-0.5,0.5,24.6));
#947 = LINE('',#948,#949);
#948 = CARTESIAN_POINT('',(-0.5,-0.5,24.6));
#949 = VECTOR('',#950,1.);
#950 = DIRECTION('',(-0.,1.,0.));
#951 = ORIENTED_EDGE('',*,*,#952,.F.);
#952 = EDGE_CURVE('',#275,#945,#953,.T.);
#953 = LINE('',#954,#955);
#954 = CARTESIAN_POINT('',(-0.5,0.5,7.6));
#955 = VECTOR('',#956,1.);
#956 = DIRECTION('',(0.,0.,1.));
#957 = ORIENTED_EDGE('',*,*,#283,.T.);
#958 = ORIENTED_EDGE('',*,*,#919,.T.);
#959 = PLANE('',#960);
#960 = AXIS2_PLACEMENT_3D('',#961,#962,#963);
#961 = CARTESIAN_POINT('',(-0.5,-0.5,7.6));
#962 = DIRECTION('',(1.,0.,-0.));
#963 = DIRECTION('',(0.,0.,1.));
#964 = ADVANCED_FACE('',(#965),#984,.F.);
#965 = FACE_BOUND('',#966,.F.);
#966 = EDGE_LOOP('',(#967,#968,#969,#977));
#967 = ORIENTED_EDGE('',*,*,#952,.F.);
#968 = ORIENTED_EDGE('',*,*,#274,.T.);
#969 = ORIENTED_EDGE('',*,*,#970,.T.);
#970 = EDGE_CURVE('',#267,#971,#973,.T.);
#971 = VERTEX_POINT('',#972);
#972 = CARTESIAN_POINT('',(0.5,-0.5,24.6));
#973 = LINE('',#974,#975);
#974 = CARTESIAN_POINT('',(0.5,-0.5,7.6));
#975 = VECTOR('',#976,1.);
#976 = DIRECTION('',(0.,0.,1.));
#977 = ORIENTED_EDGE('',*,*,#978,.F.);
#978 = EDGE_CURVE('',#945,#971,#979,.T.);
#979 = CIRCLE('',#980,1.);
#980 = AXIS2_PLACEMENT_3D('',#981,#982,#983);
#981 = CARTESIAN_POINT('',(0.5,0.5,24.6));
#982 = DIRECTION('',(0.,0.,1.));
#983 = DIRECTION('',(0.,-1.,0.));
#984 = CYLINDRICAL_SURFACE('',#985,1.);
#985 = AXIS2_PLACEMENT_3D('',#986,#987,#988);
#986 = CARTESIAN_POINT('',(0.5,0.5,7.6));
#987 = DIRECTION('',(0.,0.,1.));
#988 = DIRECTION('',(-1.,-0.,0.));
#989 = ADVANCED_FACE('',(#990),#1105,.T.);
#990 = FACE_BOUND('',#991,.T.);
#991 = EDGE_LOOP('',(#992,#1002,#1010,#1018,#1027,#1035,#1043,#1051,
    #1059,#1067,#1075,#1083,#1091,#1097,#1098,#1099));
#992 = ORIENTED_EDGE('',*,*,#993,.T.);
#993 = EDGE_CURVE('',#994,#996,#998,.T.);
#994 = VERTEX_POINT('',#995);
#995 = CARTESIAN_POINT('',(68.715,-0.5,24.6));
#996 = VERTEX_POINT('',#997);
#997 = CARTESIAN_POINT('',(68.715,-0.5,8.6));
#998 = LINE('',#999,#1000);
#999 = CARTESIAN_POINT('',(68.715,-0.5,8.095));
#1000 = VECTOR('',#1001,1.);
#1001 = DIRECTION('',(-0.,0.,-1.));
#1002 = ORIENTED_EDGE('',*,*,#1003,.T.);
#1003 = EDGE_CURVE('',#996,#1004,#1006,.T.);
#1004 = VERTEX_POINT('',#1005);
#1005 = CARTESIAN_POINT('',(65.,-0.5,8.6));
#1006 = LINE('',#1007,#1008);
#1007 = CARTESIAN_POINT('',(-1.5,-0.5,8.6));
#1008 = VECTOR('',#1009,1.);
#1009 = DIRECTION('',(-1.,-0.,0.));
#1010 = ORIENTED_EDGE('',*,*,#1011,.F.);
#1011 = EDGE_CURVE('',#1012,#1004,#1014,.T.);
#1012 = VERTEX_POINT('',#1013);
#1013 = CARTESIAN_POINT('',(65.,-0.5,11.2));
#1014 = LINE('',#1015,#1016);
#1015 = CARTESIAN_POINT('',(65.,-0.5,8.275));
#1016 = VECTOR('',#1017,1.);
#1017 = DIRECTION('',(0.,0.,-1.));
#1018 = ORIENTED_EDGE('',*,*,#1019,.F.);
#1019 = EDGE_CURVE('',#1020,#1012,#1022,.T.);
#1020 = VERTEX_POINT('',#1021);
#1021 = CARTESIAN_POINT('',(56.,-0.5,11.2));
#1022 = CIRCLE('',#1023,4.5);
#1023 = AXIS2_PLACEMENT_3D('',#1024,#1025,#1026);
#1024 = CARTESIAN_POINT('',(60.5,-0.5,11.2));
#1025 = DIRECTION('',(0.,1.,0.));
#1026 = DIRECTION('',(0.,-0.,1.));
#1027 = ORIENTED_EDGE('',*,*,#1028,.F.);
#1028 = EDGE_CURVE('',#1029,#1020,#1031,.T.);
#1029 = VERTEX_POINT('',#1030);
#1030 = CARTESIAN_POINT('',(56.,-0.5,8.6));
#1031 = LINE('',#1032,#1033);
#1032 = CARTESIAN_POINT('',(56.,-0.5,8.275));
#1033 = VECTOR('',#1034,1.);
#1034 = DIRECTION('',(0.,-0.,1.));
#1035 = ORIENTED_EDGE('',*,*,#1036,.T.);
#1036 = EDGE_CURVE('',#1029,#1037,#1039,.T.);
#1037 = VERTEX_POINT('',#1038);
#1038 = CARTESIAN_POINT('',(51.9,-0.5,8.6));
#1039 = LINE('',#1040,#1041);
#1040 = CARTESIAN_POINT('',(-1.5,-0.5,8.6));
#1041 = VECTOR('',#1042,1.);
#1042 = DIRECTION('',(-1.,-0.,0.));
#1043 = ORIENTED_EDGE('',*,*,#1044,.F.);
#1044 = EDGE_CURVE('',#1045,#1037,#1047,.T.);
#1045 = VERTEX_POINT('',#1046);
#1046 = CARTESIAN_POINT('',(51.9,-0.5,24.59));
#1047 = LINE('',#1048,#1049);
#1048 = CARTESIAN_POINT('',(51.9,-0.5,8.095));
#1049 = VECTOR('',#1050,1.);
#1050 = DIRECTION('',(-0.,0.,-1.));
#1051 = ORIENTED_EDGE('',*,*,#1052,.F.);
#1052 = EDGE_CURVE('',#1053,#1045,#1055,.T.);
#1053 = VERTEX_POINT('',#1054);
#1054 = CARTESIAN_POINT('',(33.1,-0.5,24.59));
#1055 = LINE('',#1056,#1057);
#1056 = CARTESIAN_POINT('',(16.3,-0.5,24.59));
#1057 = VECTOR('',#1058,1.);
#1058 = DIRECTION('',(1.,0.,-0.));
#1059 = ORIENTED_EDGE('',*,*,#1060,.T.);
#1060 = EDGE_CURVE('',#1053,#1061,#1063,.T.);
#1061 = VERTEX_POINT('',#1062);
#1062 = CARTESIAN_POINT('',(33.1,-0.5,8.6));
#1063 = LINE('',#1064,#1065);
#1064 = CARTESIAN_POINT('',(33.1,-0.5,8.095));
#1065 = VECTOR('',#1066,1.);
#1066 = DIRECTION('',(-0.,0.,-1.));
#1067 = ORIENTED_EDGE('',*,*,#1068,.T.);
#1068 = EDGE_CURVE('',#1061,#1069,#1071,.T.);
#1069 = VERTEX_POINT('',#1070);
#1070 = CARTESIAN_POINT('',(31.9,-0.5,8.6));
#1071 = LINE('',#1072,#1073);
#1072 = CARTESIAN_POINT('',(-1.5,-0.5,8.6));
#1073 = VECTOR('',#1074,1.);
#1074 = DIRECTION('',(-1.,-0.,0.));
#1075 = ORIENTED_EDGE('',*,*,#1076,.F.);
#1076 = EDGE_CURVE('',#1077,#1069,#1079,.T.);
#1077 = VERTEX_POINT('',#1078);
#1078 = CARTESIAN_POINT('',(31.9,-0.5,24.59));
#1079 = LINE('',#1080,#1081);
#1080 = CARTESIAN_POINT('',(31.9,-0.5,8.095));
#1081 = VECTOR('',#1082,1.);
#1082 = DIRECTION('',(-0.,0.,-1.));
#1083 = ORIENTED_EDGE('',*,*,#1084,.F.);
#1084 = EDGE_CURVE('',#1085,#1077,#1087,.T.);
#1085 = VERTEX_POINT('',#1086);
#1086 = CARTESIAN_POINT('',(13.1,-0.5,24.59));
#1087 = LINE('',#1088,#1089);
#1088 = CARTESIAN_POINT('',(6.3,-0.5,24.59));
#1089 = VECTOR('',#1090,1.);
#1090 = DIRECTION('',(1.,0.,-0.));
#1091 = ORIENTED_EDGE('',*,*,#1092,.T.);
#1092 = EDGE_CURVE('',#1085,#259,#1093,.T.);
#1093 = LINE('',#1094,#1095);
#1094 = CARTESIAN_POINT('',(13.1,-0.5,8.095));
#1095 = VECTOR('',#1096,1.);
#1096 = DIRECTION('',(-0.,0.,-1.));
#1097 = ORIENTED_EDGE('',*,*,#266,.T.);
#1098 = ORIENTED_EDGE('',*,*,#970,.T.);
#1099 = ORIENTED_EDGE('',*,*,#1100,.T.);
#1100 = EDGE_CURVE('',#971,#994,#1101,.T.);
#1101 = LINE('',#1102,#1103);
#1102 = CARTESIAN_POINT('',(-0.5,-0.5,24.6));
#1103 = VECTOR('',#1104,1.);
#1104 = DIRECTION('',(1.,0.,-0.));
#1105 = PLANE('',#1106);
#1106 = AXIS2_PLACEMENT_3D('',#1107,#1108,#1109);
#1107 = CARTESIAN_POINT('',(-0.5,-0.5,7.6));
#1108 = DIRECTION('',(-0.,1.,0.));
#1109 = DIRECTION('',(0.,0.,1.));
#1110 = ADVANCED_FACE('',(#1111),#1122,.T.);
#1111 = FACE_BOUND('',#1112,.T.);
#1112 = EDGE_LOOP('',(#1113,#1119,#1120,#1121));
#1113 = ORIENTED_EDGE('',*,*,#1114,.F.);
#1114 = EDGE_CURVE('',#456,#1085,#1115,.T.);
#1115 = LINE('',#1116,#1117);
#1116 = CARTESIAN_POINT('',(13.1,-3.5,24.59));
#1117 = VECTOR('',#1118,1.);
#1118 = DIRECTION('',(-0.,1.,0.));
#1119 = ORIENTED_EDGE('',*,*,#463,.T.);
#1120 = ORIENTED_EDGE('',*,*,#258,.T.);
#1121 = ORIENTED_EDGE('',*,*,#1092,.F.);
#1122 = PLANE('',#1123);
#1123 = AXIS2_PLACEMENT_3D('',#1124,#1125,#1126);
#1124 = CARTESIAN_POINT('',(13.1,-3.5,8.59));
#1125 = DIRECTION('',(1.,0.,-0.));
#1126 = DIRECTION('',(0.,0.,1.));
#1127 = ADVANCED_FACE('',(#1128),#1139,.F.);
#1128 = FACE_BOUND('',#1129,.F.);
#1129 = EDGE_LOOP('',(#1130,#1131,#1132,#1138));
#1130 = ORIENTED_EDGE('',*,*,#1114,.F.);
#1131 = ORIENTED_EDGE('',*,*,#455,.T.);
#1132 = ORIENTED_EDGE('',*,*,#1133,.T.);
#1133 = EDGE_CURVE('',#448,#1077,#1134,.T.);
#1134 = LINE('',#1135,#1136);
#1135 = CARTESIAN_POINT('',(31.9,-3.5,24.59));
#1136 = VECTOR('',#1137,1.);
#1137 = DIRECTION('',(-0.,1.,0.));
#1138 = ORIENTED_EDGE('',*,*,#1084,.F.);
#1139 = PLANE('',#1140);
#1140 = AXIS2_PLACEMENT_3D('',#1141,#1142,#1143);
#1141 = CARTESIAN_POINT('',(13.1,-3.5,24.59));
#1142 = DIRECTION('',(0.,0.,1.));
#1143 = DIRECTION('',(1.,0.,-0.));
#1144 = ADVANCED_FACE('',(#1145),#1156,.F.);
#1145 = FACE_BOUND('',#1146,.F.);
#1146 = EDGE_LOOP('',(#1147,#1148,#1149,#1155));
#1147 = ORIENTED_EDGE('',*,*,#1133,.F.);
#1148 = ORIENTED_EDGE('',*,*,#447,.T.);
#1149 = ORIENTED_EDGE('',*,*,#1150,.T.);
#1150 = EDGE_CURVE('',#440,#1069,#1151,.T.);
#1151 = LINE('',#1152,#1153);
#1152 = CARTESIAN_POINT('',(31.9,-3.,8.6));
#1153 = VECTOR('',#1154,1.);
#1154 = DIRECTION('',(-0.,1.,0.));
#1155 = ORIENTED_EDGE('',*,*,#1076,.F.);
#1156 = PLANE('',#1157);
#1157 = AXIS2_PLACEMENT_3D('',#1158,#1159,#1160);
#1158 = CARTESIAN_POINT('',(31.9,-3.5,8.59));
#1159 = DIRECTION('',(1.,0.,-0.));
#1160 = DIRECTION('',(0.,0.,1.));
#1161 = ADVANCED_FACE('',(#1162),#1173,.F.);
#1162 = FACE_BOUND('',#1163,.F.);
#1163 = EDGE_LOOP('',(#1164,#1165,#1171,#1172));
#1164 = ORIENTED_EDGE('',*,*,#439,.T.);
#1165 = ORIENTED_EDGE('',*,*,#1166,.T.);
#1166 = EDGE_CURVE('',#432,#1061,#1167,.T.);
#1167 = LINE('',#1168,#1169);
#1168 = CARTESIAN_POINT('',(33.1,-3.,8.6));
#1169 = VECTOR('',#1170,1.);
#1170 = DIRECTION('',(-0.,1.,0.));
#1171 = ORIENTED_EDGE('',*,*,#1068,.T.);
#1172 = ORIENTED_EDGE('',*,*,#1150,.F.);
#1173 = PLANE('',#1174);
#1174 = AXIS2_PLACEMENT_3D('',#1175,#1176,#1177);
#1175 = CARTESIAN_POINT('',(-2.5,-2.5,8.6));
#1176 = DIRECTION('',(0.,0.,1.));
#1177 = DIRECTION('',(1.,0.,-0.));
#1178 = ADVANCED_FACE('',(#1179),#1190,.T.);
#1179 = FACE_BOUND('',#1180,.T.);
#1180 = EDGE_LOOP('',(#1181,#1187,#1188,#1189));
#1181 = ORIENTED_EDGE('',*,*,#1182,.F.);
#1182 = EDGE_CURVE('',#424,#1053,#1183,.T.);
#1183 = LINE('',#1184,#1185);
#1184 = CARTESIAN_POINT('',(33.1,-3.5,24.59));
#1185 = VECTOR('',#1186,1.);
#1186 = DIRECTION('',(-0.,1.,0.));
#1187 = ORIENTED_EDGE('',*,*,#431,.T.);
#1188 = ORIENTED_EDGE('',*,*,#1166,.T.);
#1189 = ORIENTED_EDGE('',*,*,#1060,.F.);
#1190 = PLANE('',#1191);
#1191 = AXIS2_PLACEMENT_3D('',#1192,#1193,#1194);
#1192 = CARTESIAN_POINT('',(33.1,-3.5,8.59));
#1193 = DIRECTION('',(1.,0.,-0.));
#1194 = DIRECTION('',(0.,0.,1.));
#1195 = ADVANCED_FACE('',(#1196),#1207,.F.);
#1196 = FACE_BOUND('',#1197,.F.);
#1197 = EDGE_LOOP('',(#1198,#1199,#1200,#1206));
#1198 = ORIENTED_EDGE('',*,*,#1182,.F.);
#1199 = ORIENTED_EDGE('',*,*,#423,.T.);
#1200 = ORIENTED_EDGE('',*,*,#1201,.T.);
#1201 = EDGE_CURVE('',#416,#1045,#1202,.T.);
#1202 = LINE('',#1203,#1204);
#1203 = CARTESIAN_POINT('',(51.9,-3.5,24.59));
#1204 = VECTOR('',#1205,1.);
#1205 = DIRECTION('',(-0.,1.,0.));
#1206 = ORIENTED_EDGE('',*,*,#1052,.F.);
#1207 = PLANE('',#1208);
#1208 = AXIS2_PLACEMENT_3D('',#1209,#1210,#1211);
#1209 = CARTESIAN_POINT('',(33.1,-3.5,24.59));
#1210 = DIRECTION('',(0.,0.,1.));
#1211 = DIRECTION('',(1.,0.,-0.));
#1212 = ADVANCED_FACE('',(#1213),#1224,.F.);
#1213 = FACE_BOUND('',#1214,.F.);
#1214 = EDGE_LOOP('',(#1215,#1216,#1217,#1223));
#1215 = ORIENTED_EDGE('',*,*,#1201,.F.);
#1216 = ORIENTED_EDGE('',*,*,#415,.T.);
#1217 = ORIENTED_EDGE('',*,*,#1218,.T.);
#1218 = EDGE_CURVE('',#408,#1037,#1219,.T.);
#1219 = LINE('',#1220,#1221);
#1220 = CARTESIAN_POINT('',(51.9,-3.,8.6));
#1221 = VECTOR('',#1222,1.);
#1222 = DIRECTION('',(-0.,1.,0.));
#1223 = ORIENTED_EDGE('',*,*,#1044,.F.);
#1224 = PLANE('',#1225);
#1225 = AXIS2_PLACEMENT_3D('',#1226,#1227,#1228);
#1226 = CARTESIAN_POINT('',(51.9,-3.5,8.59));
#1227 = DIRECTION('',(1.,0.,-0.));
#1228 = DIRECTION('',(0.,0.,1.));
#1229 = ADVANCED_FACE('',(#1230),#1241,.F.);
#1230 = FACE_BOUND('',#1231,.F.);
#1231 = EDGE_LOOP('',(#1232,#1233,#1239,#1240));
#1232 = ORIENTED_EDGE('',*,*,#407,.T.);
#1233 = ORIENTED_EDGE('',*,*,#1234,.F.);
#1234 = EDGE_CURVE('',#1029,#400,#1235,.T.);
#1235 = LINE('',#1236,#1237);
#1236 = CARTESIAN_POINT('',(56.,-2.,8.6));
#1237 = VECTOR('',#1238,1.);
#1238 = DIRECTION('',(0.,-1.,0.));
#1239 = ORIENTED_EDGE('',*,*,#1036,.T.);
#1240 = ORIENTED_EDGE('',*,*,#1218,.F.);
#1241 = PLANE('',#1242);
#1242 = AXIS2_PLACEMENT_3D('',#1243,#1244,#1245);
#1243 = CARTESIAN_POINT('',(-2.5,-2.5,8.6));
#1244 = DIRECTION('',(0.,0.,1.));
#1245 = DIRECTION('',(1.,0.,-0.));
#1246 = ADVANCED_FACE('',(#1247),#1258,.F.);
#1247 = FACE_BOUND('',#1248,.F.);
#1248 = EDGE_LOOP('',(#1249,#1250,#1256,#1257));
#1249 = ORIENTED_EDGE('',*,*,#399,.T.);
#1250 = ORIENTED_EDGE('',*,*,#1251,.T.);
#1251 = EDGE_CURVE('',#391,#1020,#1252,.T.);
#1252 = LINE('',#1253,#1254);
#1253 = CARTESIAN_POINT('',(56.,-3.5,11.2));
#1254 = VECTOR('',#1255,1.);
#1255 = DIRECTION('',(-0.,1.,0.));
#1256 = ORIENTED_EDGE('',*,*,#1028,.F.);
#1257 = ORIENTED_EDGE('',*,*,#1234,.T.);
#1258 = PLANE('',#1259);
#1259 = AXIS2_PLACEMENT_3D('',#1260,#1261,#1262);
#1260 = CARTESIAN_POINT('',(56.,-1.5,8.95));
#1261 = DIRECTION('',(-1.,-0.,-0.));
#1262 = DIRECTION('',(0.,0.,-1.));
#1263 = ADVANCED_FACE('',(#1264),#1275,.F.);
#1264 = FACE_BOUND('',#1265,.F.);
#1265 = EDGE_LOOP('',(#1266,#1267,#1273,#1274));
#1266 = ORIENTED_EDGE('',*,*,#390,.T.);
#1267 = ORIENTED_EDGE('',*,*,#1268,.T.);
#1268 = EDGE_CURVE('',#383,#1012,#1269,.T.);
#1269 = LINE('',#1270,#1271);
#1270 = CARTESIAN_POINT('',(65.,-3.5,11.2));
#1271 = VECTOR('',#1272,1.);
#1272 = DIRECTION('',(-0.,1.,0.));
#1273 = ORIENTED_EDGE('',*,*,#1019,.F.);
#1274 = ORIENTED_EDGE('',*,*,#1251,.F.);
#1275 = CYLINDRICAL_SURFACE('',#1276,4.5);
#1276 = AXIS2_PLACEMENT_3D('',#1277,#1278,#1279);
#1277 = CARTESIAN_POINT('',(60.5,-3.5,11.2));
#1278 = DIRECTION('',(0.,1.,0.));
#1279 = DIRECTION('',(0.,-0.,1.));
#1280 = ADVANCED_FACE('',(#1281),#1292,.F.);
#1281 = FACE_BOUND('',#1282,.F.);
#1282 = EDGE_LOOP('',(#1283,#1284,#1285,#1291));
#1283 = ORIENTED_EDGE('',*,*,#1268,.F.);
#1284 = ORIENTED_EDGE('',*,*,#382,.T.);
#1285 = ORIENTED_EDGE('',*,*,#1286,.T.);
#1286 = EDGE_CURVE('',#375,#1004,#1287,.T.);
#1287 = LINE('',#1288,#1289);
#1288 = CARTESIAN_POINT('',(65.,-2.,8.6));
#1289 = VECTOR('',#1290,1.);
#1290 = DIRECTION('',(0.,1.,0.));
#1291 = ORIENTED_EDGE('',*,*,#1011,.F.);
#1292 = PLANE('',#1293);
#1293 = AXIS2_PLACEMENT_3D('',#1294,#1295,#1296);
#1294 = CARTESIAN_POINT('',(65.,-1.5,8.95));
#1295 = DIRECTION('',(1.,0.,0.));
#1296 = DIRECTION('',(-0.,0.,1.));
#1297 = ADVANCED_FACE('',(#1298),#1309,.F.);
#1298 = FACE_BOUND('',#1299,.F.);
#1299 = EDGE_LOOP('',(#1300,#1301,#1307,#1308));
#1300 = ORIENTED_EDGE('',*,*,#374,.T.);
#1301 = ORIENTED_EDGE('',*,*,#1302,.T.);
#1302 = EDGE_CURVE('',#367,#996,#1303,.T.);
#1303 = LINE('',#1304,#1305);
#1304 = CARTESIAN_POINT('',(68.715,-3.,8.6));
#1305 = VECTOR('',#1306,1.);
#1306 = DIRECTION('',(-0.,1.,0.));
#1307 = ORIENTED_EDGE('',*,*,#1003,.T.);
#1308 = ORIENTED_EDGE('',*,*,#1286,.F.);
#1309 = PLANE('',#1310);
#1310 = AXIS2_PLACEMENT_3D('',#1311,#1312,#1313);
#1311 = CARTESIAN_POINT('',(-2.5,-2.5,8.6));
#1312 = DIRECTION('',(0.,0.,1.));
#1313 = DIRECTION('',(1.,0.,-0.));
#1314 = ADVANCED_FACE('',(#1315),#1342,.T.);
#1315 = FACE_BOUND('',#1316,.T.);
#1316 = EDGE_LOOP('',(#1317,#1325,#1326,#1327,#1328,#1336));
#1317 = ORIENTED_EDGE('',*,*,#1318,.F.);
#1318 = EDGE_CURVE('',#359,#1319,#1321,.T.);
#1319 = VERTEX_POINT('',#1320);
#1320 = CARTESIAN_POINT('',(68.715,0.5,24.89));
#1321 = LINE('',#1322,#1323);
#1322 = CARTESIAN_POINT('',(68.715,-3.5,24.89));
#1323 = VECTOR('',#1324,1.);
#1324 = DIRECTION('',(-0.,1.,0.));
#1325 = ORIENTED_EDGE('',*,*,#366,.T.);
#1326 = ORIENTED_EDGE('',*,*,#1302,.T.);
#1327 = ORIENTED_EDGE('',*,*,#993,.F.);
#1328 = ORIENTED_EDGE('',*,*,#1329,.T.);
#1329 = EDGE_CURVE('',#994,#1330,#1332,.T.);
#1330 = VERTEX_POINT('',#1331);
#1331 = CARTESIAN_POINT('',(68.715,0.5,24.6));
#1332 = LINE('',#1333,#1334);
#1333 = CARTESIAN_POINT('',(68.715,-2.,24.6));
#1334 = VECTOR('',#1335,1.);
#1335 = DIRECTION('',(-0.,1.,0.));
#1336 = ORIENTED_EDGE('',*,*,#1337,.T.);
#1337 = EDGE_CURVE('',#1330,#1319,#1338,.T.);
#1338 = LINE('',#1339,#1340);
#1339 = CARTESIAN_POINT('',(68.715,0.5,8.59));
#1340 = VECTOR('',#1341,1.);
#1341 = DIRECTION('',(0.,0.,1.));
#1342 = PLANE('',#1343);
#1343 = AXIS2_PLACEMENT_3D('',#1344,#1345,#1346);
#1344 = CARTESIAN_POINT('',(68.715,-3.5,8.59));
#1345 = DIRECTION('',(1.,0.,-0.));
#1346 = DIRECTION('',(0.,0.,1.));
#1347 = ADVANCED_FACE('',(#1348),#1366,.F.);
#1348 = FACE_BOUND('',#1349,.F.);
#1349 = EDGE_LOOP('',(#1350,#1351,#1352,#1360));
#1350 = ORIENTED_EDGE('',*,*,#1318,.F.);
#1351 = ORIENTED_EDGE('',*,*,#358,.T.);
#1352 = ORIENTED_EDGE('',*,*,#1353,.T.);
#1353 = EDGE_CURVE('',#351,#1354,#1356,.T.);
#1354 = VERTEX_POINT('',#1355);
#1355 = CARTESIAN_POINT('',(87.715,0.5,24.89));
#1356 = LINE('',#1357,#1358);
#1357 = CARTESIAN_POINT('',(87.715,-3.5,24.89));
#1358 = VECTOR('',#1359,1.);
#1359 = DIRECTION('',(-0.,1.,0.));
#1360 = ORIENTED_EDGE('',*,*,#1361,.F.);
#1361 = EDGE_CURVE('',#1319,#1354,#1362,.T.);
#1362 = LINE('',#1363,#1364);
#1363 = CARTESIAN_POINT('',(68.715,0.5,24.89));
#1364 = VECTOR('',#1365,1.);
#1365 = DIRECTION('',(1.,0.,-0.));
#1366 = PLANE('',#1367);
#1367 = AXIS2_PLACEMENT_3D('',#1368,#1369,#1370);
#1368 = CARTESIAN_POINT('',(68.715,-3.5,24.89));
#1369 = DIRECTION('',(0.,0.,1.));
#1370 = DIRECTION('',(1.,0.,-0.));
#1371 = ADVANCED_FACE('',(#1372),#1406,.F.);
#1372 = FACE_BOUND('',#1373,.F.);
#1373 = EDGE_LOOP('',(#1374,#1375,#1376,#1384,#1392,#1400));
#1374 = ORIENTED_EDGE('',*,*,#1353,.F.);
#1375 = ORIENTED_EDGE('',*,*,#350,.T.);
#1376 = ORIENTED_EDGE('',*,*,#1377,.T.);
#1377 = EDGE_CURVE('',#343,#1378,#1380,.T.);
#1378 = VERTEX_POINT('',#1379);
#1379 = CARTESIAN_POINT('',(87.715,-0.5,8.6));
#1380 = LINE('',#1381,#1382);
#1381 = CARTESIAN_POINT('',(87.715,-3.,8.6));
#1382 = VECTOR('',#1383,1.);
#1383 = DIRECTION('',(-0.,1.,0.));
#1384 = ORIENTED_EDGE('',*,*,#1385,.F.);
#1385 = EDGE_CURVE('',#1386,#1378,#1388,.T.);
#1386 = VERTEX_POINT('',#1387);
#1387 = CARTESIAN_POINT('',(87.715,-0.5,24.6));
#1388 = LINE('',#1389,#1390);
#1389 = CARTESIAN_POINT('',(87.715,-0.5,8.095));
#1390 = VECTOR('',#1391,1.);
#1391 = DIRECTION('',(-0.,0.,-1.));
#1392 = ORIENTED_EDGE('',*,*,#1393,.T.);
#1393 = EDGE_CURVE('',#1386,#1394,#1396,.T.);
#1394 = VERTEX_POINT('',#1395);
#1395 = CARTESIAN_POINT('',(87.715,0.5,24.6));
#1396 = LINE('',#1397,#1398);
#1397 = CARTESIAN_POINT('',(87.715,-2.,24.6));
#1398 = VECTOR('',#1399,1.);
#1399 = DIRECTION('',(-0.,1.,0.));
#1400 = ORIENTED_EDGE('',*,*,#1401,.T.);
#1401 = EDGE_CURVE('',#1394,#1354,#1402,.T.);
#1402 = LINE('',#1403,#1404);
#1403 = CARTESIAN_POINT('',(87.715,0.5,8.59));
#1404 = VECTOR('',#1405,1.);
#1405 = DIRECTION('',(0.,0.,1.));
#1406 = PLANE('',#1407);
#1407 = AXIS2_PLACEMENT_3D('',#1408,#1409,#1410);
#1408 = CARTESIAN_POINT('',(87.715,-3.5,8.59));
#1409 = DIRECTION('',(1.,0.,-0.));
#1410 = DIRECTION('',(0.,0.,1.));
#1411 = ADVANCED_FACE('',(#1412),#1449,.F.);
#1412 = FACE_BOUND('',#1413,.F.);
#1413 = EDGE_LOOP('',(#1414,#1415,#1423,#1431,#1440,#1446,#1447,#1448));
#1414 = ORIENTED_EDGE('',*,*,#578,.T.);
#1415 = ORIENTED_EDGE('',*,*,#1416,.T.);
#1416 = EDGE_CURVE('',#579,#1417,#1419,.T.);
#1417 = VERTEX_POINT('',#1418);
#1418 = CARTESIAN_POINT('',(100.5,77.46,8.6));
#1419 = LINE('',#1420,#1421);
#1420 = CARTESIAN_POINT('',(48.5,77.46,8.6));
#1421 = VECTOR('',#1422,1.);
#1422 = DIRECTION('',(-1.,0.,0.));
#1423 = ORIENTED_EDGE('',*,*,#1424,.F.);
#1424 = EDGE_CURVE('',#1425,#1417,#1427,.T.);
#1425 = VERTEX_POINT('',#1426);
#1426 = CARTESIAN_POINT('',(100.5,0.5,8.6));
#1427 = LINE('',#1428,#1429);
#1428 = CARTESIAN_POINT('',(100.5,-1.5,8.6));
#1429 = VECTOR('',#1430,1.);
#1430 = DIRECTION('',(-0.,1.,0.));
#1431 = ORIENTED_EDGE('',*,*,#1432,.F.);
#1432 = EDGE_CURVE('',#1433,#1425,#1435,.T.);
#1433 = VERTEX_POINT('',#1434);
#1434 = CARTESIAN_POINT('',(99.5,-0.5,8.6));
#1435 = CIRCLE('',#1436,1.);
#1436 = AXIS2_PLACEMENT_3D('',#1437,#1438,#1439);
#1437 = CARTESIAN_POINT('',(99.5,0.5,8.6));
#1438 = DIRECTION('',(0.,0.,1.));
#1439 = DIRECTION('',(1.,0.,-0.));
#1440 = ORIENTED_EDGE('',*,*,#1441,.T.);
#1441 = EDGE_CURVE('',#1433,#1378,#1442,.T.);
#1442 = LINE('',#1443,#1444);
#1443 = CARTESIAN_POINT('',(-1.5,-0.5,8.6));
#1444 = VECTOR('',#1445,1.);
#1445 = DIRECTION('',(-1.,-0.,0.));
#1446 = ORIENTED_EDGE('',*,*,#1377,.F.);
#1447 = ORIENTED_EDGE('',*,*,#342,.T.);
#1448 = ORIENTED_EDGE('',*,*,#526,.F.);
#1449 = PLANE('',#1450);
#1450 = AXIS2_PLACEMENT_3D('',#1451,#1452,#1453);
#1451 = CARTESIAN_POINT('',(-2.5,-2.5,8.6));
#1452 = DIRECTION('',(0.,0.,1.));
#1453 = DIRECTION('',(1.,0.,-0.));
#1454 = ADVANCED_FACE('',(#1455),#1466,.F.);
#1455 = FACE_BOUND('',#1456,.F.);
#1456 = EDGE_LOOP('',(#1457,#1458,#1459,#1465));
#1457 = ORIENTED_EDGE('',*,*,#839,.F.);
#1458 = ORIENTED_EDGE('',*,*,#889,.T.);
#1459 = ORIENTED_EDGE('',*,*,#1460,.T.);
#1460 = EDGE_CURVE('',#882,#497,#1461,.T.);
#1461 = LINE('',#1462,#1463);
#1462 = CARTESIAN_POINT('',(47.7,99.5,12.2));
#1463 = VECTOR('',#1464,1.);
#1464 = DIRECTION('',(-0.,1.,0.));
#1465 = ORIENTED_EDGE('',*,*,#504,.F.);
#1466 = PLANE('',#1467);
#1467 = AXIS2_PLACEMENT_3D('',#1468,#1469,#1470);
#1468 = CARTESIAN_POINT('',(28.7,99.5,12.2));
#1469 = DIRECTION('',(0.,0.,1.));
#1470 = DIRECTION('',(1.,0.,-0.));
#1471 = ADVANCED_FACE('',(#1472),#1483,.F.);
#1472 = FACE_BOUND('',#1473,.F.);
#1473 = EDGE_LOOP('',(#1474,#1475,#1476,#1482));
#1474 = ORIENTED_EDGE('',*,*,#1460,.F.);
#1475 = ORIENTED_EDGE('',*,*,#881,.T.);
#1476 = ORIENTED_EDGE('',*,*,#1477,.T.);
#1477 = EDGE_CURVE('',#874,#489,#1478,.T.);
#1478 = LINE('',#1479,#1480);
#1479 = CARTESIAN_POINT('',(47.7,48.5,8.6));
#1480 = VECTOR('',#1481,1.);
#1481 = DIRECTION('',(-0.,1.,0.));
#1482 = ORIENTED_EDGE('',*,*,#496,.F.);
#1483 = PLANE('',#1484);
#1484 = AXIS2_PLACEMENT_3D('',#1485,#1486,#1487);
#1485 = CARTESIAN_POINT('',(47.7,99.5,8.1));
#1486 = DIRECTION('',(1.,0.,-0.));
#1487 = DIRECTION('',(0.,0.,1.));
#1488 = ADVANCED_FACE('',(#1489),#1519,.F.);
#1489 = FACE_BOUND('',#1490,.F.);
#1490 = EDGE_LOOP('',(#1491,#1492,#1493,#1494,#1503,#1511,#1517,#1518));
#1491 = ORIENTED_EDGE('',*,*,#488,.F.);
#1492 = ORIENTED_EDGE('',*,*,#1477,.F.);
#1493 = ORIENTED_EDGE('',*,*,#873,.F.);
#1494 = ORIENTED_EDGE('',*,*,#1495,.F.);
#1495 = EDGE_CURVE('',#1496,#864,#1498,.T.);
#1496 = VERTEX_POINT('',#1497);
#1497 = CARTESIAN_POINT('',(100.5,99.5,8.6));
#1498 = CIRCLE('',#1499,1.);
#1499 = AXIS2_PLACEMENT_3D('',#1500,#1501,#1502);
#1500 = CARTESIAN_POINT('',(99.5,99.5,8.6));
#1501 = DIRECTION('',(0.,0.,1.));
#1502 = DIRECTION('',(1.,0.,-0.));
#1503 = ORIENTED_EDGE('',*,*,#1504,.F.);
#1504 = EDGE_CURVE('',#1505,#1496,#1507,.T.);
#1505 = VERTEX_POINT('',#1506);
#1506 = CARTESIAN_POINT('',(100.5,91.96,8.6));
#1507 = LINE('',#1508,#1509);
#1508 = CARTESIAN_POINT('',(100.5,-1.5,8.6));
#1509 = VECTOR('',#1510,1.);
#1510 = DIRECTION('',(-0.,1.,0.));
#1511 = ORIENTED_EDGE('',*,*,#1512,.F.);
#1512 = EDGE_CURVE('',#621,#1505,#1513,.T.);
#1513 = LINE('',#1514,#1515);
#1514 = CARTESIAN_POINT('',(48.5,91.96,8.6));
#1515 = VECTOR('',#1516,1.);
#1516 = DIRECTION('',(-1.,0.,0.));
#1517 = ORIENTED_EDGE('',*,*,#628,.T.);
#1518 = ORIENTED_EDGE('',*,*,#551,.T.);
#1519 = PLANE('',#1520);
#1520 = AXIS2_PLACEMENT_3D('',#1521,#1522,#1523);
#1521 = CARTESIAN_POINT('',(-2.5,-2.5,8.6));
#1522 = DIRECTION('',(0.,0.,1.));
#1523 = DIRECTION('',(1.,0.,-0.));
#1524 = ADVANCED_FACE('',(#1525),#1543,.F.);
#1525 = FACE_BOUND('',#1526,.F.);
#1526 = EDGE_LOOP('',(#1527,#1535,#1541,#1542));
#1527 = ORIENTED_EDGE('',*,*,#1528,.T.);
#1528 = EDGE_CURVE('',#1505,#1529,#1531,.T.);
#1529 = VERTEX_POINT('',#1530);
#1530 = CARTESIAN_POINT('',(100.5,91.96,12.23));
#1531 = LINE('',#1532,#1533);
#1532 = CARTESIAN_POINT('',(100.5,91.96,11.165));
#1533 = VECTOR('',#1534,1.);
#1534 = DIRECTION('',(0.,-0.,1.));
#1535 = ORIENTED_EDGE('',*,*,#1536,.T.);
#1536 = EDGE_CURVE('',#1529,#612,#1537,.T.);
#1537 = LINE('',#1538,#1539);
#1538 = CARTESIAN_POINT('',(99.5,91.96,12.23));
#1539 = VECTOR('',#1540,1.);
#1540 = DIRECTION('',(1.,0.,2.22044604925E-16));
#1541 = ORIENTED_EDGE('',*,*,#620,.F.);
#1542 = ORIENTED_EDGE('',*,*,#1512,.T.);
#1543 = PLANE('',#1544);
#1544 = AXIS2_PLACEMENT_3D('',#1545,#1546,#1547);
#1545 = CARTESIAN_POINT('',(99.5,91.96,14.73));
#1546 = DIRECTION('',(0.,1.,0.));
#1547 = DIRECTION('',(1.,0.,2.22044604925E-16));
#1548 = ADVANCED_FACE('',(#1549),#1568,.F.);
#1549 = FACE_BOUND('',#1550,.T.);
#1550 = EDGE_LOOP('',(#1551,#1559,#1566,#1567));
#1551 = ORIENTED_EDGE('',*,*,#1552,.F.);
#1552 = EDGE_CURVE('',#1553,#604,#1555,.T.);
#1553 = VERTEX_POINT('',#1554);
#1554 = CARTESIAN_POINT('',(100.5,89.46,14.73));
#1555 = LINE('',#1556,#1557);
#1556 = CARTESIAN_POINT('',(99.5,89.46,14.73));
#1557 = VECTOR('',#1558,1.);
#1558 = DIRECTION('',(1.,0.,2.22044604925E-16));
#1559 = ORIENTED_EDGE('',*,*,#1560,.F.);
#1560 = EDGE_CURVE('',#1529,#1553,#1561,.T.);
#1561 = CIRCLE('',#1562,2.5);
#1562 = AXIS2_PLACEMENT_3D('',#1563,#1564,#1565);
#1563 = CARTESIAN_POINT('',(100.5,89.46,12.23));
#1564 = DIRECTION('',(1.,0.,2.22044604925E-16));
#1565 = DIRECTION('',(-2.22044604925E-16,0.,1.));
#1566 = ORIENTED_EDGE('',*,*,#1536,.T.);
#1567 = ORIENTED_EDGE('',*,*,#611,.T.);
#1568 = CYLINDRICAL_SURFACE('',#1569,2.5);
#1569 = AXIS2_PLACEMENT_3D('',#1570,#1571,#1572);
#1570 = CARTESIAN_POINT('',(99.5,89.46,12.23));
#1571 = DIRECTION('',(1.,0.,2.22044604925E-16));
#1572 = DIRECTION('',(-2.22044604925E-16,0.,1.));
#1573 = ADVANCED_FACE('',(#1574),#1592,.T.);
#1574 = FACE_BOUND('',#1575,.T.);
#1575 = EDGE_LOOP('',(#1576,#1577,#1585,#1591));
#1576 = ORIENTED_EDGE('',*,*,#603,.F.);
#1577 = ORIENTED_EDGE('',*,*,#1578,.F.);
#1578 = EDGE_CURVE('',#1579,#595,#1581,.T.);
#1579 = VERTEX_POINT('',#1580);
#1580 = CARTESIAN_POINT('',(100.5,79.96,14.73));
#1581 = LINE('',#1582,#1583);
#1582 = CARTESIAN_POINT('',(99.5,79.96,14.73));
#1583 = VECTOR('',#1584,1.);
#1584 = DIRECTION('',(1.,0.,2.22044604925E-16));
#1585 = ORIENTED_EDGE('',*,*,#1586,.T.);
#1586 = EDGE_CURVE('',#1579,#1553,#1587,.T.);
#1587 = LINE('',#1588,#1589);
#1588 = CARTESIAN_POINT('',(100.5,38.48,14.73));
#1589 = VECTOR('',#1590,1.);
#1590 = DIRECTION('',(0.,1.,0.));
#1591 = ORIENTED_EDGE('',*,*,#1552,.T.);
#1592 = PLANE('',#1593);
#1593 = AXIS2_PLACEMENT_3D('',#1594,#1595,#1596);
#1594 = CARTESIAN_POINT('',(99.5,77.46,14.73));
#1595 = DIRECTION('',(2.22044604925E-16,0.,-1.));
#1596 = DIRECTION('',(1.,0.,2.22044604925E-16));
#1597 = ADVANCED_FACE('',(#1598),#1617,.F.);
#1598 = FACE_BOUND('',#1599,.F.);
#1599 = EDGE_LOOP('',(#1600,#1601,#1610,#1616));
#1600 = ORIENTED_EDGE('',*,*,#1578,.F.);
#1601 = ORIENTED_EDGE('',*,*,#1602,.T.);
#1602 = EDGE_CURVE('',#1579,#1603,#1605,.T.);
#1603 = VERTEX_POINT('',#1604);
#1604 = CARTESIAN_POINT('',(100.5,77.46,12.23));
#1605 = CIRCLE('',#1606,2.5);
#1606 = AXIS2_PLACEMENT_3D('',#1607,#1608,#1609);
#1607 = CARTESIAN_POINT('',(100.5,79.96,12.23));
#1608 = DIRECTION('',(1.,0.,2.22044604925E-16));
#1609 = DIRECTION('',(-2.22044604925E-16,0.,1.));
#1610 = ORIENTED_EDGE('',*,*,#1611,.T.);
#1611 = EDGE_CURVE('',#1603,#587,#1612,.T.);
#1612 = LINE('',#1613,#1614);
#1613 = CARTESIAN_POINT('',(99.5,77.46,12.23));
#1614 = VECTOR('',#1615,1.);
#1615 = DIRECTION('',(1.,0.,2.22044604925E-16));
#1616 = ORIENTED_EDGE('',*,*,#594,.F.);
#1617 = CYLINDRICAL_SURFACE('',#1618,2.5);
#1618 = AXIS2_PLACEMENT_3D('',#1619,#1620,#1621);
#1619 = CARTESIAN_POINT('',(99.5,79.96,12.23));
#1620 = DIRECTION('',(1.,0.,2.22044604925E-16));
#1621 = DIRECTION('',(-2.22044604925E-16,0.,1.));
#1622 = ADVANCED_FACE('',(#1623),#1634,.T.);
#1623 = FACE_BOUND('',#1624,.T.);
#1624 = EDGE_LOOP('',(#1625,#1631,#1632,#1633));
#1625 = ORIENTED_EDGE('',*,*,#1626,.T.);
#1626 = EDGE_CURVE('',#1417,#1603,#1627,.T.);
#1627 = LINE('',#1628,#1629);
#1628 = CARTESIAN_POINT('',(100.5,77.46,11.165));
#1629 = VECTOR('',#1630,1.);
#1630 = DIRECTION('',(0.,-0.,1.));
#1631 = ORIENTED_EDGE('',*,*,#1611,.T.);
#1632 = ORIENTED_EDGE('',*,*,#586,.F.);
#1633 = ORIENTED_EDGE('',*,*,#1416,.T.);
#1634 = PLANE('',#1635);
#1635 = AXIS2_PLACEMENT_3D('',#1636,#1637,#1638);
#1636 = CARTESIAN_POINT('',(99.5,77.46,14.73));
#1637 = DIRECTION('',(0.,1.,0.));
#1638 = DIRECTION('',(1.,0.,2.22044604925E-16));
#1639 = ADVANCED_FACE('',(#1640,#1650),#1720,.T.);
#1640 = FACE_BOUND('',#1641,.T.);
#1641 = EDGE_LOOP('',(#1642,#1643,#1644,#1645,#1646,#1647,#1648,#1649));
#1642 = ORIENTED_EDGE('',*,*,#643,.F.);
#1643 = ORIENTED_EDGE('',*,*,#674,.T.);
#1644 = ORIENTED_EDGE('',*,*,#699,.T.);
#1645 = ORIENTED_EDGE('',*,*,#723,.F.);
#1646 = ORIENTED_EDGE('',*,*,#748,.T.);
#1647 = ORIENTED_EDGE('',*,*,#772,.T.);
#1648 = ORIENTED_EDGE('',*,*,#797,.F.);
#1649 = ORIENTED_EDGE('',*,*,#821,.F.);
#1650 = FACE_BOUND('',#1651,.T.);
#1651 = EDGE_LOOP('',(#1652,#1663,#1671,#1680,#1688,#1697,#1705,#1714));
#1652 = ORIENTED_EDGE('',*,*,#1653,.F.);
#1653 = EDGE_CURVE('',#1654,#1656,#1658,.T.);
#1654 = VERTEX_POINT('',#1655);
#1655 = CARTESIAN_POINT('',(6.,42.350441914165,26.));
#1656 = VERTEX_POINT('',#1657);
#1657 = CARTESIAN_POINT('',(8.8,39.550441914165,26.));
#1658 = CIRCLE('',#1659,2.8);
#1659 = AXIS2_PLACEMENT_3D('',#1660,#1661,#1662);
#1660 = CARTESIAN_POINT('',(8.8,42.350441914165,26.));
#1661 = DIRECTION('',(0.,0.,1.));
#1662 = DIRECTION('',(-1.,-0.,0.));
#1663 = ORIENTED_EDGE('',*,*,#1664,.T.);
#1664 = EDGE_CURVE('',#1654,#1665,#1667,.T.);
#1665 = VERTEX_POINT('',#1666);
#1666 = CARTESIAN_POINT('',(6.,57.649558085835,26.));
#1667 = LINE('',#1668,#1669);
#1668 = CARTESIAN_POINT('',(6.,38.950441914165,26.));
#1669 = VECTOR('',#1670,1.);
#1670 = DIRECTION('',(-0.,1.,0.));
#1671 = ORIENTED_EDGE('',*,*,#1672,.F.);
#1672 = EDGE_CURVE('',#1673,#1665,#1675,.T.);
#1673 = VERTEX_POINT('',#1674);
#1674 = CARTESIAN_POINT('',(8.8,60.449558085835,26.));
#1675 = CIRCLE('',#1676,2.8);
#1676 = AXIS2_PLACEMENT_3D('',#1677,#1678,#1679);
#1677 = CARTESIAN_POINT('',(8.8,57.649558085835,26.));
#1678 = DIRECTION('',(0.,0.,1.));
#1679 = DIRECTION('',(-1.,-0.,0.));
#1680 = ORIENTED_EDGE('',*,*,#1681,.F.);
#1681 = EDGE_CURVE('',#1682,#1673,#1684,.T.);
#1682 = VERTEX_POINT('',#1683);
#1683 = CARTESIAN_POINT('',(91.2,60.449558085835,26.));
#1684 = LINE('',#1685,#1686);
#1685 = CARTESIAN_POINT('',(5.4,60.449558085835,26.));
#1686 = VECTOR('',#1687,1.);
#1687 = DIRECTION('',(-1.,-0.,0.));
#1688 = ORIENTED_EDGE('',*,*,#1689,.F.);
#1689 = EDGE_CURVE('',#1690,#1682,#1692,.T.);
#1690 = VERTEX_POINT('',#1691);
#1691 = CARTESIAN_POINT('',(94.,57.649558085835,26.));
#1692 = CIRCLE('',#1693,2.8);
#1693 = AXIS2_PLACEMENT_3D('',#1694,#1695,#1696);
#1694 = CARTESIAN_POINT('',(91.2,57.649558085835,26.));
#1695 = DIRECTION('',(0.,0.,1.));
#1696 = DIRECTION('',(1.,0.,-0.));
#1697 = ORIENTED_EDGE('',*,*,#1698,.F.);
#1698 = EDGE_CURVE('',#1699,#1690,#1701,.T.);
#1699 = VERTEX_POINT('',#1700);
#1700 = CARTESIAN_POINT('',(94.,42.350441914165,26.));
#1701 = LINE('',#1702,#1703);
#1702 = CARTESIAN_POINT('',(94.,38.950441914165,26.));
#1703 = VECTOR('',#1704,1.);
#1704 = DIRECTION('',(-0.,1.,0.));
#1705 = ORIENTED_EDGE('',*,*,#1706,.F.);
#1706 = EDGE_CURVE('',#1707,#1699,#1709,.T.);
#1707 = VERTEX_POINT('',#1708);
#1708 = CARTESIAN_POINT('',(91.2,39.550441914165,26.));
#1709 = CIRCLE('',#1710,2.8);
#1710 = AXIS2_PLACEMENT_3D('',#1711,#1712,#1713);
#1711 = CARTESIAN_POINT('',(91.2,42.350441914165,26.));
#1712 = DIRECTION('',(0.,0.,1.));
#1713 = DIRECTION('',(1.,0.,-0.));
#1714 = ORIENTED_EDGE('',*,*,#1715,.T.);
#1715 = EDGE_CURVE('',#1707,#1656,#1716,.T.);
#1716 = LINE('',#1717,#1718);
#1717 = CARTESIAN_POINT('',(5.4,39.550441914165,26.));
#1718 = VECTOR('',#1719,1.);
#1719 = DIRECTION('',(-1.,-0.,0.));
#1720 = PLANE('',#1721);
#1721 = AXIS2_PLACEMENT_3D('',#1722,#1723,#1724);
#1722 = CARTESIAN_POINT('',(4.8,38.350441914165,26.));
#1723 = DIRECTION('',(0.,0.,1.));
#1724 = DIRECTION('',(1.,0.,-0.));
#1725 = ADVANCED_FACE('',(#1726),#1745,.F.);
#1726 = FACE_BOUND('',#1727,.F.);
#1727 = EDGE_LOOP('',(#1728,#1736,#1737,#1738));
#1728 = ORIENTED_EDGE('',*,*,#1729,.F.);
#1729 = EDGE_CURVE('',#1496,#1730,#1732,.T.);
#1730 = VERTEX_POINT('',#1731);
#1731 = CARTESIAN_POINT('',(100.5,99.5,24.6));
#1732 = LINE('',#1733,#1734);
#1733 = CARTESIAN_POINT('',(100.5,99.5,7.6));
#1734 = VECTOR('',#1735,1.);
#1735 = DIRECTION('',(0.,0.,1.));
#1736 = ORIENTED_EDGE('',*,*,#1495,.T.);
#1737 = ORIENTED_EDGE('',*,*,#863,.T.);
#1738 = ORIENTED_EDGE('',*,*,#1739,.F.);
#1739 = EDGE_CURVE('',#1730,#866,#1740,.T.);
#1740 = CIRCLE('',#1741,1.);
#1741 = AXIS2_PLACEMENT_3D('',#1742,#1743,#1744);
#1742 = CARTESIAN_POINT('',(99.5,99.5,24.6));
#1743 = DIRECTION('',(0.,0.,1.));
#1744 = DIRECTION('',(0.,-1.,0.));
#1745 = CYLINDRICAL_SURFACE('',#1746,1.);
#1746 = AXIS2_PLACEMENT_3D('',#1747,#1748,#1749);
#1747 = CARTESIAN_POINT('',(99.5,99.5,7.6));
#1748 = DIRECTION('',(0.,0.,1.));
#1749 = DIRECTION('',(1.,0.,-0.));
#1750 = ADVANCED_FACE('',(#1751,#1790,#1801,#1812,#1823),#1834,.F.);
#1751 = FACE_BOUND('',#1752,.F.);
#1752 = EDGE_LOOP('',(#1753,#1754,#1755,#1756,#1757,#1763,#1764,#1772,
    #1781,#1787,#1788,#1789));
#1753 = ORIENTED_EDGE('',*,*,#944,.F.);
#1754 = ORIENTED_EDGE('',*,*,#978,.T.);
#1755 = ORIENTED_EDGE('',*,*,#1100,.T.);
#1756 = ORIENTED_EDGE('',*,*,#1329,.T.);
#1757 = ORIENTED_EDGE('',*,*,#1758,.F.);
#1758 = EDGE_CURVE('',#1394,#1330,#1759,.T.);
#1759 = LINE('',#1760,#1761);
#1760 = CARTESIAN_POINT('',(34.1075,0.5,24.6));
#1761 = VECTOR('',#1762,1.);
#1762 = DIRECTION('',(-1.,-0.,0.));
#1763 = ORIENTED_EDGE('',*,*,#1393,.F.);
#1764 = ORIENTED_EDGE('',*,*,#1765,.T.);
#1765 = EDGE_CURVE('',#1386,#1766,#1768,.T.);
#1766 = VERTEX_POINT('',#1767);
#1767 = CARTESIAN_POINT('',(99.5,-0.5,24.6));
#1768 = LINE('',#1769,#1770);
#1769 = CARTESIAN_POINT('',(-0.5,-0.5,24.6));
#1770 = VECTOR('',#1771,1.);
#1771 = DIRECTION('',(1.,0.,-0.));
#1772 = ORIENTED_EDGE('',*,*,#1773,.F.);
#1773 = EDGE_CURVE('',#1774,#1766,#1776,.T.);
#1774 = VERTEX_POINT('',#1775);
#1775 = CARTESIAN_POINT('',(100.5,0.5,24.6));
#1776 = CIRCLE('',#1777,1.);
#1777 = AXIS2_PLACEMENT_3D('',#1778,#1779,#1780);
#1778 = CARTESIAN_POINT('',(99.5,0.5,24.6));
#1779 = DIRECTION('',(-0.,-0.,-1.));
#1780 = DIRECTION('',(0.,-1.,0.));
#1781 = ORIENTED_EDGE('',*,*,#1782,.T.);
#1782 = EDGE_CURVE('',#1774,#1730,#1783,.T.);
#1783 = LINE('',#1784,#1785);
#1784 = CARTESIAN_POINT('',(100.5,-0.5,24.6));
#1785 = VECTOR('',#1786,1.);
#1786 = DIRECTION('',(-0.,1.,0.));
#1787 = ORIENTED_EDGE('',*,*,#1739,.T.);
#1788 = ORIENTED_EDGE('',*,*,#905,.F.);
#1789 = ORIENTED_EDGE('',*,*,#929,.F.);
#1790 = FACE_BOUND('',#1791,.F.);
#1791 = EDGE_LOOP('',(#1792));
#1792 = ORIENTED_EDGE('',*,*,#1793,.F.);
#1793 = EDGE_CURVE('',#1794,#1794,#1796,.T.);
#1794 = VERTEX_POINT('',#1795);
#1795 = CARTESIAN_POINT('',(10.3,5.5,24.6));
#1796 = CIRCLE('',#1797,4.8);
#1797 = AXIS2_PLACEMENT_3D('',#1798,#1799,#1800);
#1798 = CARTESIAN_POINT('',(5.5,5.5,24.6));
#1799 = DIRECTION('',(0.,0.,1.));
#1800 = DIRECTION('',(1.,0.,-0.));
#1801 = FACE_BOUND('',#1802,.F.);
#1802 = EDGE_LOOP('',(#1803));
#1803 = ORIENTED_EDGE('',*,*,#1804,.F.);
#1804 = EDGE_CURVE('',#1805,#1805,#1807,.T.);
#1805 = VERTEX_POINT('',#1806);
#1806 = CARTESIAN_POINT('',(99.3,5.5,24.6));
#1807 = CIRCLE('',#1808,4.8);
#1808 = AXIS2_PLACEMENT_3D('',#1809,#1810,#1811);
#1809 = CARTESIAN_POINT('',(94.5,5.5,24.6));
#1810 = DIRECTION('',(0.,0.,1.));
#1811 = DIRECTION('',(1.,0.,-0.));
#1812 = FACE_BOUND('',#1813,.F.);
#1813 = EDGE_LOOP('',(#1814));
#1814 = ORIENTED_EDGE('',*,*,#1815,.F.);
#1815 = EDGE_CURVE('',#1816,#1816,#1818,.T.);
#1816 = VERTEX_POINT('',#1817);
#1817 = CARTESIAN_POINT('',(10.3,94.5,24.6));
#1818 = CIRCLE('',#1819,4.8);
#1819 = AXIS2_PLACEMENT_3D('',#1820,#1821,#1822);
#1820 = CARTESIAN_POINT('',(5.5,94.5,24.6));
#1821 = DIRECTION('',(0.,0.,1.));
#1822 = DIRECTION('',(1.,0.,-0.));
#1823 = FACE_BOUND('',#1824,.F.);
#1824 = EDGE_LOOP('',(#1825));
#1825 = ORIENTED_EDGE('',*,*,#1826,.F.);
#1826 = EDGE_CURVE('',#1827,#1827,#1829,.T.);
#1827 = VERTEX_POINT('',#1828);
#1828 = CARTESIAN_POINT('',(99.3,94.5,24.6));
#1829 = CIRCLE('',#1830,4.8);
#1830 = AXIS2_PLACEMENT_3D('',#1831,#1832,#1833);
#1831 = CARTESIAN_POINT('',(94.5,94.5,24.6));
#1832 = DIRECTION('',(0.,0.,1.));
#1833 = DIRECTION('',(1.,0.,-0.));
#1834 = PLANE('',#1835);
#1835 = AXIS2_PLACEMENT_3D('',#1836,#1837,#1838);
#1836 = CARTESIAN_POINT('',(-0.5,-0.5,24.6));
#1837 = DIRECTION('',(0.,0.,1.));
#1838 = DIRECTION('',(1.,0.,-0.));
#1839 = ADVANCED_FACE('',(#1840),#1846,.F.);
#1840 = FACE_BOUND('',#1841,.F.);
#1841 = EDGE_LOOP('',(#1842,#1843,#1844,#1845));
#1842 = ORIENTED_EDGE('',*,*,#1401,.F.);
#1843 = ORIENTED_EDGE('',*,*,#1758,.T.);
#1844 = ORIENTED_EDGE('',*,*,#1337,.T.);
#1845 = ORIENTED_EDGE('',*,*,#1361,.T.);
#1846 = PLANE('',#1847);
#1847 = AXIS2_PLACEMENT_3D('',#1848,#1849,#1850);
#1848 = CARTESIAN_POINT('',(68.715,0.5,8.59));
#1849 = DIRECTION('',(-0.,1.,0.));
#1850 = DIRECTION('',(0.,0.,1.));
#1851 = ADVANCED_FACE('',(#1852),#1863,.T.);
#1852 = FACE_BOUND('',#1853,.T.);
#1853 = EDGE_LOOP('',(#1854,#1860,#1861,#1862));
#1854 = ORIENTED_EDGE('',*,*,#1855,.F.);
#1855 = EDGE_CURVE('',#1433,#1766,#1856,.T.);
#1856 = LINE('',#1857,#1858);
#1857 = CARTESIAN_POINT('',(99.5,-0.5,7.6));
#1858 = VECTOR('',#1859,1.);
#1859 = DIRECTION('',(0.,0.,1.));
#1860 = ORIENTED_EDGE('',*,*,#1441,.T.);
#1861 = ORIENTED_EDGE('',*,*,#1385,.F.);
#1862 = ORIENTED_EDGE('',*,*,#1765,.T.);
#1863 = PLANE('',#1864);
#1864 = AXIS2_PLACEMENT_3D('',#1865,#1866,#1867);
#1865 = CARTESIAN_POINT('',(-0.5,-0.5,7.6));
#1866 = DIRECTION('',(-0.,1.,0.));
#1867 = DIRECTION('',(0.,0.,1.));
#1868 = ADVANCED_FACE('',(#1869),#1880,.F.);
#1869 = FACE_BOUND('',#1870,.T.);
#1870 = EDGE_LOOP('',(#1871,#1877,#1878,#1879));
#1871 = ORIENTED_EDGE('',*,*,#1872,.F.);
#1872 = EDGE_CURVE('',#1425,#1774,#1873,.T.);
#1873 = LINE('',#1874,#1875);
#1874 = CARTESIAN_POINT('',(100.5,0.5,7.6));
#1875 = VECTOR('',#1876,1.);
#1876 = DIRECTION('',(0.,0.,1.));
#1877 = ORIENTED_EDGE('',*,*,#1432,.F.);
#1878 = ORIENTED_EDGE('',*,*,#1855,.T.);
#1879 = ORIENTED_EDGE('',*,*,#1773,.F.);
#1880 = CYLINDRICAL_SURFACE('',#1881,1.);
#1881 = AXIS2_PLACEMENT_3D('',#1882,#1883,#1884);
#1882 = CARTESIAN_POINT('',(99.5,0.5,7.6));
#1883 = DIRECTION('',(0.,0.,1.));
#1884 = DIRECTION('',(1.,0.,-0.));
#1885 = ADVANCED_FACE('',(#1886),#1898,.F.);
#1886 = FACE_BOUND('',#1887,.F.);
#1887 = EDGE_LOOP('',(#1888,#1889,#1890,#1891,#1892,#1893,#1894,#1895,
    #1896,#1897));
#1888 = ORIENTED_EDGE('',*,*,#1782,.F.);
#1889 = ORIENTED_EDGE('',*,*,#1872,.F.);
#1890 = ORIENTED_EDGE('',*,*,#1424,.T.);
#1891 = ORIENTED_EDGE('',*,*,#1626,.T.);
#1892 = ORIENTED_EDGE('',*,*,#1602,.F.);
#1893 = ORIENTED_EDGE('',*,*,#1586,.T.);
#1894 = ORIENTED_EDGE('',*,*,#1560,.F.);
#1895 = ORIENTED_EDGE('',*,*,#1528,.F.);
#1896 = ORIENTED_EDGE('',*,*,#1504,.T.);
#1897 = ORIENTED_EDGE('',*,*,#1729,.T.);
#1898 = PLANE('',#1899);
#1899 = AXIS2_PLACEMENT_3D('',#1900,#1901,#1902);
#1900 = CARTESIAN_POINT('',(100.5,-0.5,7.6));
#1901 = DIRECTION('',(1.,0.,-0.));
#1902 = DIRECTION('',(0.,0.,1.));
#1903 = ADVANCED_FACE('',(#1904),#1930,.T.);
#1904 = FACE_BOUND('',#1905,.F.);
#1905 = EDGE_LOOP('',(#1906,#1907,#1915,#1924));
#1906 = ORIENTED_EDGE('',*,*,#1653,.F.);
#1907 = ORIENTED_EDGE('',*,*,#1908,.T.);
#1908 = EDGE_CURVE('',#1654,#1909,#1911,.T.);
#1909 = VERTEX_POINT('',#1910);
#1910 = CARTESIAN_POINT('',(6.,42.350441914165,26.6));
#1911 = LINE('',#1912,#1913);
#1912 = CARTESIAN_POINT('',(6.,42.350441914165,26.));
#1913 = VECTOR('',#1914,1.);
#1914 = DIRECTION('',(0.,0.,1.));
#1915 = ORIENTED_EDGE('',*,*,#1916,.F.);
#1916 = EDGE_CURVE('',#1917,#1909,#1919,.T.);
#1917 = VERTEX_POINT('',#1918);
#1918 = CARTESIAN_POINT('',(8.8,39.550441914165,26.6));
#1919 = CIRCLE('',#1920,2.8);
#1920 = AXIS2_PLACEMENT_3D('',#1921,#1922,#1923);
#1921 = CARTESIAN_POINT('',(8.8,42.350441914165,26.6));
#1922 = DIRECTION('',(-0.,0.,-1.));
#1923 = DIRECTION('',(-1.,0.,0.));
#1924 = ORIENTED_EDGE('',*,*,#1925,.F.);
#1925 = EDGE_CURVE('',#1656,#1917,#1926,.T.);
#1926 = LINE('',#1927,#1928);
#1927 = CARTESIAN_POINT('',(8.8,39.550441914165,26.));
#1928 = VECTOR('',#1929,1.);
#1929 = DIRECTION('',(0.,0.,1.));
#1930 = CYLINDRICAL_SURFACE('',#1931,2.8);
#1931 = AXIS2_PLACEMENT_3D('',#1932,#1933,#1934);
#1932 = CARTESIAN_POINT('',(8.8,42.350441914165,26.));
#1933 = DIRECTION('',(-0.,-0.,-1.));
#1934 = DIRECTION('',(-1.,-0.,0.));
#1935 = ADVANCED_FACE('',(#1936),#1954,.T.);
#1936 = FACE_BOUND('',#1937,.T.);
#1937 = EDGE_LOOP('',(#1938,#1939,#1947,#1953));
#1938 = ORIENTED_EDGE('',*,*,#1715,.F.);
#1939 = ORIENTED_EDGE('',*,*,#1940,.T.);
#1940 = EDGE_CURVE('',#1707,#1941,#1943,.T.);
#1941 = VERTEX_POINT('',#1942);
#1942 = CARTESIAN_POINT('',(91.2,39.550441914165,26.6));
#1943 = LINE('',#1944,#1945);
#1944 = CARTESIAN_POINT('',(91.2,39.550441914165,26.));
#1945 = VECTOR('',#1946,1.);
#1946 = DIRECTION('',(0.,0.,1.));
#1947 = ORIENTED_EDGE('',*,*,#1948,.F.);
#1948 = EDGE_CURVE('',#1917,#1941,#1949,.T.);
#1949 = LINE('',#1950,#1951);
#1950 = CARTESIAN_POINT('',(44.35,39.550441914165,26.6));
#1951 = VECTOR('',#1952,1.);
#1952 = DIRECTION('',(1.,0.,-0.));
#1953 = ORIENTED_EDGE('',*,*,#1925,.F.);
#1954 = PLANE('',#1955);
#1955 = AXIS2_PLACEMENT_3D('',#1956,#1957,#1958);
#1956 = CARTESIAN_POINT('',(91.2,39.550441914165,26.));
#1957 = DIRECTION('',(0.,-1.,0.));
#1958 = DIRECTION('',(-1.,0.,0.));
#1959 = ADVANCED_FACE('',(#1960),#1979,.T.);
#1960 = FACE_BOUND('',#1961,.F.);
#1961 = EDGE_LOOP('',(#1962,#1963,#1964,#1973));
#1962 = ORIENTED_EDGE('',*,*,#1706,.F.);
#1963 = ORIENTED_EDGE('',*,*,#1940,.T.);
#1964 = ORIENTED_EDGE('',*,*,#1965,.F.);
#1965 = EDGE_CURVE('',#1966,#1941,#1968,.T.);
#1966 = VERTEX_POINT('',#1967);
#1967 = CARTESIAN_POINT('',(94.,42.350441914165,26.6));
#1968 = CIRCLE('',#1969,2.8);
#1969 = AXIS2_PLACEMENT_3D('',#1970,#1971,#1972);
#1970 = CARTESIAN_POINT('',(91.2,42.350441914165,26.6));
#1971 = DIRECTION('',(0.,-0.,-1.));
#1972 = DIRECTION('',(1.,0.,-0.));
#1973 = ORIENTED_EDGE('',*,*,#1974,.F.);
#1974 = EDGE_CURVE('',#1699,#1966,#1975,.T.);
#1975 = LINE('',#1976,#1977);
#1976 = CARTESIAN_POINT('',(94.,42.350441914165,26.));
#1977 = VECTOR('',#1978,1.);
#1978 = DIRECTION('',(0.,0.,1.));
#1979 = CYLINDRICAL_SURFACE('',#1980,2.8);
#1980 = AXIS2_PLACEMENT_3D('',#1981,#1982,#1983);
#1981 = CARTESIAN_POINT('',(91.2,42.350441914165,26.));
#1982 = DIRECTION('',(-0.,-0.,-1.));
#1983 = DIRECTION('',(1.,0.,-0.));
#1984 = ADVANCED_FACE('',(#1985),#2003,.F.);
#1985 = FACE_BOUND('',#1986,.F.);
#1986 = EDGE_LOOP('',(#1987,#1988,#1989,#1997));
#1987 = ORIENTED_EDGE('',*,*,#1698,.F.);
#1988 = ORIENTED_EDGE('',*,*,#1974,.T.);
#1989 = ORIENTED_EDGE('',*,*,#1990,.F.);
#1990 = EDGE_CURVE('',#1991,#1966,#1993,.T.);
#1991 = VERTEX_POINT('',#1992);
#1992 = CARTESIAN_POINT('',(94.,57.649558085835,26.6));
#1993 = LINE('',#1994,#1995);
#1994 = CARTESIAN_POINT('',(94.,19.925220957083,26.6));
#1995 = VECTOR('',#1996,1.);
#1996 = DIRECTION('',(0.,-1.,0.));
#1997 = ORIENTED_EDGE('',*,*,#1998,.F.);
#1998 = EDGE_CURVE('',#1690,#1991,#1999,.T.);
#1999 = LINE('',#2000,#2001);
#2000 = CARTESIAN_POINT('',(94.,57.649558085835,26.));
#2001 = VECTOR('',#2002,1.);
#2002 = DIRECTION('',(0.,0.,1.));
#2003 = PLANE('',#2004);
#2004 = AXIS2_PLACEMENT_3D('',#2005,#2006,#2007);
#2005 = CARTESIAN_POINT('',(94.,42.350441914165,26.));
#2006 = DIRECTION('',(-1.,-0.,0.));
#2007 = DIRECTION('',(-0.,1.,0.));
#2008 = ADVANCED_FACE('',(#2009),#2028,.T.);
#2009 = FACE_BOUND('',#2010,.F.);
#2010 = EDGE_LOOP('',(#2011,#2012,#2013,#2022));
#2011 = ORIENTED_EDGE('',*,*,#1689,.F.);
#2012 = ORIENTED_EDGE('',*,*,#1998,.T.);
#2013 = ORIENTED_EDGE('',*,*,#2014,.F.);
#2014 = EDGE_CURVE('',#2015,#1991,#2017,.T.);
#2015 = VERTEX_POINT('',#2016);
#2016 = CARTESIAN_POINT('',(91.2,60.449558085835,26.6));
#2017 = CIRCLE('',#2018,2.8);
#2018 = AXIS2_PLACEMENT_3D('',#2019,#2020,#2021);
#2019 = CARTESIAN_POINT('',(91.2,57.649558085835,26.6));
#2020 = DIRECTION('',(0.,-0.,-1.));
#2021 = DIRECTION('',(1.,0.,-0.));
#2022 = ORIENTED_EDGE('',*,*,#2023,.F.);
#2023 = EDGE_CURVE('',#1682,#2015,#2024,.T.);
#2024 = LINE('',#2025,#2026);
#2025 = CARTESIAN_POINT('',(91.2,60.449558085835,26.));
#2026 = VECTOR('',#2027,1.);
#2027 = DIRECTION('',(0.,0.,1.));
#2028 = CYLINDRICAL_SURFACE('',#2029,2.8);
#2029 = AXIS2_PLACEMENT_3D('',#2030,#2031,#2032);
#2030 = CARTESIAN_POINT('',(91.2,57.649558085835,26.));
#2031 = DIRECTION('',(-0.,-0.,-1.));
#2032 = DIRECTION('',(1.,0.,-0.));
#2033 = ADVANCED_FACE('',(#2034),#2052,.F.);
#2034 = FACE_BOUND('',#2035,.F.);
#2035 = EDGE_LOOP('',(#2036,#2037,#2038,#2046));
#2036 = ORIENTED_EDGE('',*,*,#1681,.F.);
#2037 = ORIENTED_EDGE('',*,*,#2023,.T.);
#2038 = ORIENTED_EDGE('',*,*,#2039,.F.);
#2039 = EDGE_CURVE('',#2040,#2015,#2042,.T.);
#2040 = VERTEX_POINT('',#2041);
#2041 = CARTESIAN_POINT('',(8.8,60.449558085835,26.6));
#2042 = LINE('',#2043,#2044);
#2043 = CARTESIAN_POINT('',(44.35,60.449558085835,26.6));
#2044 = VECTOR('',#2045,1.);
#2045 = DIRECTION('',(1.,0.,-0.));
#2046 = ORIENTED_EDGE('',*,*,#2047,.F.);
#2047 = EDGE_CURVE('',#1673,#2040,#2048,.T.);
#2048 = LINE('',#2049,#2050);
#2049 = CARTESIAN_POINT('',(8.8,60.449558085835,26.));
#2050 = VECTOR('',#2051,1.);
#2051 = DIRECTION('',(0.,0.,1.));
#2052 = PLANE('',#2053);
#2053 = AXIS2_PLACEMENT_3D('',#2054,#2055,#2056);
#2054 = CARTESIAN_POINT('',(91.2,60.449558085835,26.));
#2055 = DIRECTION('',(0.,-1.,0.));
#2056 = DIRECTION('',(-1.,0.,0.));
#2057 = ADVANCED_FACE('',(#2058),#2077,.T.);
#2058 = FACE_BOUND('',#2059,.F.);
#2059 = EDGE_LOOP('',(#2060,#2061,#2062,#2071));
#2060 = ORIENTED_EDGE('',*,*,#1672,.F.);
#2061 = ORIENTED_EDGE('',*,*,#2047,.T.);
#2062 = ORIENTED_EDGE('',*,*,#2063,.F.);
#2063 = EDGE_CURVE('',#2064,#2040,#2066,.T.);
#2064 = VERTEX_POINT('',#2065);
#2065 = CARTESIAN_POINT('',(6.,57.649558085835,26.6));
#2066 = CIRCLE('',#2067,2.8);
#2067 = AXIS2_PLACEMENT_3D('',#2068,#2069,#2070);
#2068 = CARTESIAN_POINT('',(8.8,57.649558085835,26.6));
#2069 = DIRECTION('',(-0.,0.,-1.));
#2070 = DIRECTION('',(-1.,0.,0.));
#2071 = ORIENTED_EDGE('',*,*,#2072,.F.);
#2072 = EDGE_CURVE('',#1665,#2064,#2073,.T.);
#2073 = LINE('',#2074,#2075);
#2074 = CARTESIAN_POINT('',(6.,57.649558085835,26.));
#2075 = VECTOR('',#2076,1.);
#2076 = DIRECTION('',(0.,0.,1.));
#2077 = CYLINDRICAL_SURFACE('',#2078,2.8);
#2078 = AXIS2_PLACEMENT_3D('',#2079,#2080,#2081);
#2079 = CARTESIAN_POINT('',(8.8,57.649558085835,26.));
#2080 = DIRECTION('',(-0.,-0.,-1.));
#2081 = DIRECTION('',(-1.,-0.,0.));
#2082 = ADVANCED_FACE('',(#2083),#2094,.T.);
#2083 = FACE_BOUND('',#2084,.T.);
#2084 = EDGE_LOOP('',(#2085,#2086,#2087,#2093));
#2085 = ORIENTED_EDGE('',*,*,#1664,.F.);
#2086 = ORIENTED_EDGE('',*,*,#1908,.T.);
#2087 = ORIENTED_EDGE('',*,*,#2088,.F.);
#2088 = EDGE_CURVE('',#2064,#1909,#2089,.T.);
#2089 = LINE('',#2090,#2091);
#2090 = CARTESIAN_POINT('',(6.,19.925220957083,26.6));
#2091 = VECTOR('',#2092,1.);
#2092 = DIRECTION('',(0.,-1.,0.));
#2093 = ORIENTED_EDGE('',*,*,#2072,.F.);
#2094 = PLANE('',#2095);
#2095 = AXIS2_PLACEMENT_3D('',#2096,#2097,#2098);
#2096 = CARTESIAN_POINT('',(6.,42.350441914165,26.));
#2097 = DIRECTION('',(-1.,-0.,0.));
#2098 = DIRECTION('',(-0.,1.,0.));
#2099 = ADVANCED_FACE('',(#2100,#2119),#2155,.T.);
#2100 = FACE_BOUND('',#2101,.T.);
#2101 = EDGE_LOOP('',(#2102,#2110,#2111,#2112));
#2102 = ORIENTED_EDGE('',*,*,#2103,.T.);
#2103 = EDGE_CURVE('',#2104,#1794,#2106,.T.);
#2104 = VERTEX_POINT('',#2105);
#2105 = CARTESIAN_POINT('',(10.3,5.5,13.1));
#2106 = LINE('',#2107,#2108);
#2107 = CARTESIAN_POINT('',(10.3,5.5,13.1));
#2108 = VECTOR('',#2109,1.);
#2109 = DIRECTION('',(0.,0.,1.));
#2110 = ORIENTED_EDGE('',*,*,#1793,.F.);
#2111 = ORIENTED_EDGE('',*,*,#2103,.F.);
#2112 = ORIENTED_EDGE('',*,*,#2113,.T.);
#2113 = EDGE_CURVE('',#2104,#2104,#2114,.T.);
#2114 = CIRCLE('',#2115,4.8);
#2115 = AXIS2_PLACEMENT_3D('',#2116,#2117,#2118);
#2116 = CARTESIAN_POINT('',(5.5,5.5,13.1));
#2117 = DIRECTION('',(0.,0.,1.));
#2118 = DIRECTION('',(1.,0.,-0.));
#2119 = FACE_BOUND('',#2120,.T.);
#2120 = EDGE_LOOP('',(#2121,#2131,#2140,#2148));
#2121 = ORIENTED_EDGE('',*,*,#2122,.T.);
#2122 = EDGE_CURVE('',#2123,#2125,#2127,.T.);
#2123 = VERTEX_POINT('',#2124);
#2124 = CARTESIAN_POINT('',(10.255235332701,6.154016001819,13.6));
#2125 = VERTEX_POINT('',#2126);
#2126 = CARTESIAN_POINT('',(10.255235332701,6.154016001819,16.3));
#2127 = LINE('',#2128,#2129);
#2128 = CARTESIAN_POINT('',(10.255235332701,6.154016001819,13.1));
#2129 = VECTOR('',#2130,1.);
#2130 = DIRECTION('',(0.,0.,1.));
#2131 = ORIENTED_EDGE('',*,*,#2132,.T.);
#2132 = EDGE_CURVE('',#2125,#2133,#2135,.T.);
#2133 = VERTEX_POINT('',#2134);
#2134 = CARTESIAN_POINT('',(6.154016001819,10.255235332701,16.3));
#2135 = CIRCLE('',#2136,4.8);
#2136 = AXIS2_PLACEMENT_3D('',#2137,#2138,#2139);
#2137 = CARTESIAN_POINT('',(5.5,5.5,16.3));
#2138 = DIRECTION('',(0.,0.,1.));
#2139 = DIRECTION('',(1.,0.,-0.));
#2140 = ORIENTED_EDGE('',*,*,#2141,.F.);
#2141 = EDGE_CURVE('',#2142,#2133,#2144,.T.);
#2142 = VERTEX_POINT('',#2143);
#2143 = CARTESIAN_POINT('',(6.154016001819,10.255235332701,13.6));
#2144 = LINE('',#2145,#2146);
#2145 = CARTESIAN_POINT('',(6.154016001819,10.255235332701,13.1));
#2146 = VECTOR('',#2147,1.);
#2147 = DIRECTION('',(0.,0.,1.));
#2148 = ORIENTED_EDGE('',*,*,#2149,.F.);
#2149 = EDGE_CURVE('',#2123,#2142,#2150,.T.);
#2150 = CIRCLE('',#2151,4.8);
#2151 = AXIS2_PLACEMENT_3D('',#2152,#2153,#2154);
#2152 = CARTESIAN_POINT('',(5.5,5.5,13.6));
#2153 = DIRECTION('',(0.,0.,1.));
#2154 = DIRECTION('',(1.,0.,-0.));
#2155 = CYLINDRICAL_SURFACE('',#2156,4.8);
#2156 = AXIS2_PLACEMENT_3D('',#2157,#2158,#2159);
#2157 = CARTESIAN_POINT('',(5.5,5.5,13.1));
#2158 = DIRECTION('',(0.,0.,1.));
#2159 = DIRECTION('',(1.,0.,-0.));
#2160 = ADVANCED_FACE('',(#2161,#2180),#2216,.T.);
#2161 = FACE_BOUND('',#2162,.T.);
#2162 = EDGE_LOOP('',(#2163,#2171,#2172,#2173));
#2163 = ORIENTED_EDGE('',*,*,#2164,.T.);
#2164 = EDGE_CURVE('',#2165,#1805,#2167,.T.);
#2165 = VERTEX_POINT('',#2166);
#2166 = CARTESIAN_POINT('',(99.3,5.5,13.1));
#2167 = LINE('',#2168,#2169);
#2168 = CARTESIAN_POINT('',(99.3,5.5,13.1));
#2169 = VECTOR('',#2170,1.);
#2170 = DIRECTION('',(0.,0.,1.));
#2171 = ORIENTED_EDGE('',*,*,#1804,.F.);
#2172 = ORIENTED_EDGE('',*,*,#2164,.F.);
#2173 = ORIENTED_EDGE('',*,*,#2174,.T.);
#2174 = EDGE_CURVE('',#2165,#2165,#2175,.T.);
#2175 = CIRCLE('',#2176,4.8);
#2176 = AXIS2_PLACEMENT_3D('',#2177,#2178,#2179);
#2177 = CARTESIAN_POINT('',(94.5,5.5,13.1));
#2178 = DIRECTION('',(0.,0.,1.));
#2179 = DIRECTION('',(1.,0.,-0.));
#2180 = FACE_BOUND('',#2181,.T.);
#2181 = EDGE_LOOP('',(#2182,#2192,#2201,#2209));
#2182 = ORIENTED_EDGE('',*,*,#2183,.T.);
#2183 = EDGE_CURVE('',#2184,#2186,#2188,.T.);
#2184 = VERTEX_POINT('',#2185);
#2185 = CARTESIAN_POINT('',(93.845983998182,10.2552353327,13.6));
#2186 = VERTEX_POINT('',#2187);
#2187 = CARTESIAN_POINT('',(93.845983998181,10.255235332701,16.3));
#2188 = LINE('',#2189,#2190);
#2189 = CARTESIAN_POINT('',(93.845983998181,10.255235332701,13.1));
#2190 = VECTOR('',#2191,1.);
#2191 = DIRECTION('',(0.,0.,1.));
#2192 = ORIENTED_EDGE('',*,*,#2193,.T.);
#2193 = EDGE_CURVE('',#2186,#2194,#2196,.T.);
#2194 = VERTEX_POINT('',#2195);
#2195 = CARTESIAN_POINT('',(89.744764667299,6.154016001819,16.3));
#2196 = CIRCLE('',#2197,4.8);
#2197 = AXIS2_PLACEMENT_3D('',#2198,#2199,#2200);
#2198 = CARTESIAN_POINT('',(94.5,5.5,16.3));
#2199 = DIRECTION('',(0.,0.,1.));
#2200 = DIRECTION('',(1.,0.,-0.));
#2201 = ORIENTED_EDGE('',*,*,#2202,.F.);
#2202 = EDGE_CURVE('',#2203,#2194,#2205,.T.);
#2203 = VERTEX_POINT('',#2204);
#2204 = CARTESIAN_POINT('',(89.744764667299,6.154016001819,13.6));
#2205 = LINE('',#2206,#2207);
#2206 = CARTESIAN_POINT('',(89.744764667299,6.154016001819,13.1));
#2207 = VECTOR('',#2208,1.);
#2208 = DIRECTION('',(0.,0.,1.));
#2209 = ORIENTED_EDGE('',*,*,#2210,.F.);
#2210 = EDGE_CURVE('',#2184,#2203,#2211,.T.);
#2211 = CIRCLE('',#2212,4.8);
#2212 = AXIS2_PLACEMENT_3D('',#2213,#2214,#2215);
#2213 = CARTESIAN_POINT('',(94.5,5.5,13.6));
#2214 = DIRECTION('',(0.,0.,1.));
#2215 = DIRECTION('',(1.,0.,-0.));
#2216 = CYLINDRICAL_SURFACE('',#2217,4.8);
#2217 = AXIS2_PLACEMENT_3D('',#2218,#2219,#2220);
#2218 = CARTESIAN_POINT('',(94.5,5.5,13.1));
#2219 = DIRECTION('',(0.,0.,1.));
#2220 = DIRECTION('',(1.,0.,-0.));
#2221 = ADVANCED_FACE('',(#2222,#2241),#2277,.T.);
#2222 = FACE_BOUND('',#2223,.T.);
#2223 = EDGE_LOOP('',(#2224,#2232,#2233,#2234));
#2224 = ORIENTED_EDGE('',*,*,#2225,.T.);
#2225 = EDGE_CURVE('',#2226,#1816,#2228,.T.);
#2226 = VERTEX_POINT('',#2227);
#2227 = CARTESIAN_POINT('',(10.3,94.5,13.1));
#2228 = LINE('',#2229,#2230);
#2229 = CARTESIAN_POINT('',(10.3,94.5,13.1));
#2230 = VECTOR('',#2231,1.);
#2231 = DIRECTION('',(0.,0.,1.));
#2232 = ORIENTED_EDGE('',*,*,#1815,.F.);
#2233 = ORIENTED_EDGE('',*,*,#2225,.F.);
#2234 = ORIENTED_EDGE('',*,*,#2235,.T.);
#2235 = EDGE_CURVE('',#2226,#2226,#2236,.T.);
#2236 = CIRCLE('',#2237,4.8);
#2237 = AXIS2_PLACEMENT_3D('',#2238,#2239,#2240);
#2238 = CARTESIAN_POINT('',(5.5,94.5,13.1));
#2239 = DIRECTION('',(0.,0.,1.));
#2240 = DIRECTION('',(1.,0.,-0.));
#2241 = FACE_BOUND('',#2242,.T.);
#2242 = EDGE_LOOP('',(#2243,#2253,#2262,#2270));
#2243 = ORIENTED_EDGE('',*,*,#2244,.T.);
#2244 = EDGE_CURVE('',#2245,#2247,#2249,.T.);
#2245 = VERTEX_POINT('',#2246);
#2246 = CARTESIAN_POINT('',(6.154016001819,89.744764667299,13.6));
#2247 = VERTEX_POINT('',#2248);
#2248 = CARTESIAN_POINT('',(6.154016001819,89.744764667299,16.3));
#2249 = LINE('',#2250,#2251);
#2250 = CARTESIAN_POINT('',(6.154016001819,89.744764667299,13.1));
#2251 = VECTOR('',#2252,1.);
#2252 = DIRECTION('',(0.,0.,1.));
#2253 = ORIENTED_EDGE('',*,*,#2254,.T.);
#2254 = EDGE_CURVE('',#2247,#2255,#2257,.T.);
#2255 = VERTEX_POINT('',#2256);
#2256 = CARTESIAN_POINT('',(10.2552353327,93.845983998182,16.3));
#2257 = CIRCLE('',#2258,4.8);
#2258 = AXIS2_PLACEMENT_3D('',#2259,#2260,#2261);
#2259 = CARTESIAN_POINT('',(5.5,94.5,16.3));
#2260 = DIRECTION('',(0.,0.,1.));
#2261 = DIRECTION('',(1.,0.,-0.));
#2262 = ORIENTED_EDGE('',*,*,#2263,.F.);
#2263 = EDGE_CURVE('',#2264,#2255,#2266,.T.);
#2264 = VERTEX_POINT('',#2265);
#2265 = CARTESIAN_POINT('',(10.255235332701,93.845983998181,13.6));
#2266 = LINE('',#2267,#2268);
#2267 = CARTESIAN_POINT('',(10.255235332701,93.845983998181,13.1));
#2268 = VECTOR('',#2269,1.);
#2269 = DIRECTION('',(0.,0.,1.));
#2270 = ORIENTED_EDGE('',*,*,#2271,.F.);
#2271 = EDGE_CURVE('',#2245,#2264,#2272,.T.);
#2272 = CIRCLE('',#2273,4.8);
#2273 = AXIS2_PLACEMENT_3D('',#2274,#2275,#2276);
#2274 = CARTESIAN_POINT('',(5.5,94.5,13.6));
#2275 = DIRECTION('',(0.,0.,1.));
#2276 = DIRECTION('',(1.,0.,-0.));
#2277 = CYLINDRICAL_SURFACE('',#2278,4.8);
#2278 = AXIS2_PLACEMENT_3D('',#2279,#2280,#2281);
#2279 = CARTESIAN_POINT('',(5.5,94.5,13.1));
#2280 = DIRECTION('',(0.,0.,1.));
#2281 = DIRECTION('',(1.,0.,-0.));
#2282 = ADVANCED_FACE('',(#2283,#2302),#2338,.T.);
#2283 = FACE_BOUND('',#2284,.T.);
#2284 = EDGE_LOOP('',(#2285,#2293,#2294,#2295));
#2285 = ORIENTED_EDGE('',*,*,#2286,.T.);
#2286 = EDGE_CURVE('',#2287,#1827,#2289,.T.);
#2287 = VERTEX_POINT('',#2288);
#2288 = CARTESIAN_POINT('',(99.3,94.5,13.1));
#2289 = LINE('',#2290,#2291);
#2290 = CARTESIAN_POINT('',(99.3,94.5,13.1));
#2291 = VECTOR('',#2292,1.);
#2292 = DIRECTION('',(0.,0.,1.));
#2293 = ORIENTED_EDGE('',*,*,#1826,.F.);
#2294 = ORIENTED_EDGE('',*,*,#2286,.F.);
#2295 = ORIENTED_EDGE('',*,*,#2296,.T.);
#2296 = EDGE_CURVE('',#2287,#2287,#2297,.T.);
#2297 = CIRCLE('',#2298,4.8);
#2298 = AXIS2_PLACEMENT_3D('',#2299,#2300,#2301);
#2299 = CARTESIAN_POINT('',(94.5,94.5,13.1));
#2300 = DIRECTION('',(0.,0.,1.));
#2301 = DIRECTION('',(1.,0.,-0.));
#2302 = FACE_BOUND('',#2303,.T.);
#2303 = EDGE_LOOP('',(#2304,#2314,#2323,#2331));
#2304 = ORIENTED_EDGE('',*,*,#2305,.T.);
#2305 = EDGE_CURVE('',#2306,#2308,#2310,.T.);
#2306 = VERTEX_POINT('',#2307);
#2307 = CARTESIAN_POINT('',(89.7447646673,93.845983998182,13.6));
#2308 = VERTEX_POINT('',#2309);
#2309 = CARTESIAN_POINT('',(89.744764667299,93.845983998181,16.3));
#2310 = LINE('',#2311,#2312);
#2311 = CARTESIAN_POINT('',(89.744764667299,93.845983998181,13.1));
#2312 = VECTOR('',#2313,1.);
#2313 = DIRECTION('',(0.,0.,1.));
#2314 = ORIENTED_EDGE('',*,*,#2315,.T.);
#2315 = EDGE_CURVE('',#2308,#2316,#2318,.T.);
#2316 = VERTEX_POINT('',#2317);
#2317 = CARTESIAN_POINT('',(93.845983998181,89.744764667299,16.3));
#2318 = CIRCLE('',#2319,4.8);
#2319 = AXIS2_PLACEMENT_3D('',#2320,#2321,#2322);
#2320 = CARTESIAN_POINT('',(94.5,94.5,16.3));
#2321 = DIRECTION('',(0.,0.,1.));
#2322 = DIRECTION('',(1.,0.,-0.));
#2323 = ORIENTED_EDGE('',*,*,#2324,.F.);
#2324 = EDGE_CURVE('',#2325,#2316,#2327,.T.);
#2325 = VERTEX_POINT('',#2326);
#2326 = CARTESIAN_POINT('',(93.845983998182,89.7447646673,13.6));
#2327 = LINE('',#2328,#2329);
#2328 = CARTESIAN_POINT('',(93.845983998181,89.744764667299,13.1));
#2329 = VECTOR('',#2330,1.);
#2330 = DIRECTION('',(0.,0.,1.));
#2331 = ORIENTED_EDGE('',*,*,#2332,.F.);
#2332 = EDGE_CURVE('',#2306,#2325,#2333,.T.);
#2333 = CIRCLE('',#2334,4.8);
#2334 = AXIS2_PLACEMENT_3D('',#2335,#2336,#2337);
#2335 = CARTESIAN_POINT('',(94.5,94.5,13.6));
#2336 = DIRECTION('',(0.,0.,1.));
#2337 = DIRECTION('',(1.,0.,-0.));
#2338 = CYLINDRICAL_SURFACE('',#2339,4.8);
#2339 = AXIS2_PLACEMENT_3D('',#2340,#2341,#2342);
#2340 = CARTESIAN_POINT('',(94.5,94.5,13.1));
#2341 = DIRECTION('',(0.,0.,1.));
#2342 = DIRECTION('',(1.,0.,-0.));
#2343 = ADVANCED_FACE('',(#2344,#2354,#2725,#2920,#3138,#3333,#3704,
    #3944,#4310,#4480,#4660,#4810,#5126,#5272),#5540,.T.);
#2344 = FACE_BOUND('',#2345,.T.);
#2345 = EDGE_LOOP('',(#2346,#2347,#2348,#2349,#2350,#2351,#2352,#2353));
#2346 = ORIENTED_EDGE('',*,*,#1916,.F.);
#2347 = ORIENTED_EDGE('',*,*,#1948,.T.);
#2348 = ORIENTED_EDGE('',*,*,#1965,.F.);
#2349 = ORIENTED_EDGE('',*,*,#1990,.F.);
#2350 = ORIENTED_EDGE('',*,*,#2014,.F.);
#2351 = ORIENTED_EDGE('',*,*,#2039,.F.);
#2352 = ORIENTED_EDGE('',*,*,#2063,.F.);
#2353 = ORIENTED_EDGE('',*,*,#2088,.T.);
#2354 = FACE_BOUND('',#2355,.T.);
#2355 = EDGE_LOOP('',(#2356,#2368,#2383,#2393,#2406,#2418,#2433,#2448,
    #2471,#2486,#2496,#2511,#2533,#2555,#2577,#2600,#2621,#2632,#2651,
    #2674,#2697,#2716));
#2356 = ORIENTED_EDGE('',*,*,#2357,.F.);
#2357 = EDGE_CURVE('',#2358,#2360,#2362,.T.);
#2358 = VERTEX_POINT('',#2359);
#2359 = CARTESIAN_POINT('',(41.613982004937,48.382036786368,26.6));
#2360 = VERTEX_POINT('',#2361);
#2361 = CARTESIAN_POINT('',(41.626721872761,48.878891631499,26.6));
#2362 = B_SPLINE_CURVE_WITH_KNOTS('',4,(#2363,#2364,#2365,#2366,#2367),
  .UNSPECIFIED.,.F.,.F.,(5,5),(0.,1.),.PIECEWISE_BEZIER_KNOTS.);
#2363 = CARTESIAN_POINT('',(41.613982004937,48.382036786368,26.6));
#2364 = CARTESIAN_POINT('',(41.617166971893,48.506250497651,26.6));
#2365 = CARTESIAN_POINT('',(41.620351938849,48.630464208934,26.6));
#2366 = CARTESIAN_POINT('',(41.623536905805,48.754677920217,26.6));
#2367 = CARTESIAN_POINT('',(41.626721872761,48.878891631499,26.6));
#2368 = ORIENTED_EDGE('',*,*,#2369,.F.);
#2369 = EDGE_CURVE('',#2370,#2358,#2372,.T.);
#2370 = VERTEX_POINT('',#2371);
#2371 = CARTESIAN_POINT('',(41.46110359105,48.229158372482,26.6));
#2372 = B_SPLINE_CURVE_WITH_KNOTS('',5,(#2373,#2374,#2375,#2376,#2377,
    #2378,#2379,#2380,#2381,#2382),.UNSPECIFIED.,.F.,.F.,(6,4,6),(0.,
    0.4990073924,1.),.UNSPECIFIED.);
#2373 = CARTESIAN_POINT('',(41.46110359105,48.229158372482,26.6));
#2374 = CARTESIAN_POINT('',(41.491179368496,48.229158372482,26.6));
#2375 = CARTESIAN_POINT('',(41.517875705784,48.232856368645,26.6));
#2376 = CARTESIAN_POINT('',(41.540943862201,48.24040908885,26.6));
#2377 = CARTESIAN_POINT('',(41.560208519667,48.251885880353,26.6));
#2378 = CARTESIAN_POINT('',(41.591071490317,48.282625645532,26.6));
#2379 = CARTESIAN_POINT('',(41.602640950352,48.301921355755,26.6));
#2380 = CARTESIAN_POINT('',(41.610254527901,48.325052286764,26.6));
#2381 = CARTESIAN_POINT('',(41.613982004937,48.351841361305,26.6));
#2382 = CARTESIAN_POINT('',(41.613982004937,48.382036786368,26.6));
#2383 = ORIENTED_EDGE('',*,*,#2384,.F.);
#2384 = EDGE_CURVE('',#2385,#2370,#2387,.T.);
#2385 = VERTEX_POINT('',#2386);
#2386 = CARTESIAN_POINT('',(38.085038617724,48.229158372482,26.6));
#2387 = B_SPLINE_CURVE_WITH_KNOTS('',4,(#2388,#2389,#2390,#2391,#2392),
  .UNSPECIFIED.,.F.,.F.,(5,5),(0.,1.),.PIECEWISE_BEZIER_KNOTS.);
#2388 = CARTESIAN_POINT('',(38.085038617724,48.229158372482,26.6));
#2389 = CARTESIAN_POINT('',(38.929054861056,48.229158372482,26.6));
#2390 = CARTESIAN_POINT('',(39.773071104387,48.229158372482,26.6));
#2391 = CARTESIAN_POINT('',(40.617087347719,48.229158372482,26.6));
#2392 = CARTESIAN_POINT('',(41.46110359105,48.229158372482,26.6));
#2393 = ORIENTED_EDGE('',*,*,#2394,.F.);
#2394 = EDGE_CURVE('',#2395,#2385,#2397,.T.);
#2395 = VERTEX_POINT('',#2396);
#2396 = CARTESIAN_POINT('',(38.021339278605,48.165459033363,26.6));
#2397 = B_SPLINE_CURVE_WITH_KNOTS('',4,(#2398,#2399,#2400,#2401,#2402,
    #2403,#2404,#2405),.UNSPECIFIED.,.F.,.F.,(5,3,5),(0.,0.49999999985,
    1.),.UNSPECIFIED.);
#2398 = CARTESIAN_POINT('',(38.021339278605,48.165459033363,26.6));
#2399 = CARTESIAN_POINT('',(38.021339278605,48.181341400146,26.6));
#2400 = CARTESIAN_POINT('',(38.023979225782,48.194626042217,26.6));
#2401 = CARTESIAN_POINT('',(38.029291030129,48.205260454446,26.6));
#2402 = CARTESIAN_POINT('',(38.045237196646,48.221206620963,26.6));
#2403 = CARTESIAN_POINT('',(38.055871608823,48.22651842533,26.6));
#2404 = CARTESIAN_POINT('',(38.069156250954,48.229158372482,26.6));
#2405 = CARTESIAN_POINT('',(38.085038617724,48.229158372482,26.6));
#2406 = ORIENTED_EDGE('',*,*,#2407,.F.);
#2407 = EDGE_CURVE('',#2408,#2395,#2410,.T.);
#2408 = VERTEX_POINT('',#2409);
#2409 = CARTESIAN_POINT('',(38.0722987499,47.732303527351,26.6));
#2410 = B_SPLINE_CURVE_WITH_KNOTS('',6,(#2411,#2412,#2413,#2414,#2415,
    #2416,#2417),.UNSPECIFIED.,.F.,.F.,(7,7),(0.,1.),
  .PIECEWISE_BEZIER_KNOTS.);
#2411 = CARTESIAN_POINT('',(38.0722987499,47.732303527351,26.6));
#2412 = CARTESIAN_POINT('',(38.063362552556,47.781452612743,26.6));
#2413 = CARTESIAN_POINT('',(38.054576050969,47.84106117818,26.6));
#2414 = CARTESIAN_POINT('',(38.045968950711,47.91025634673,26.6));
#2415 = CARTESIAN_POINT('',(38.037557276767,47.988013514594,26.6));
#2416 = CARTESIAN_POINT('',(38.029347724516,48.073361905384,26.6));
#2417 = CARTESIAN_POINT('',(38.021339278605,48.165459033363,26.6));
#2418 = ORIENTED_EDGE('',*,*,#2419,.F.);
#2419 = EDGE_CURVE('',#2420,#2408,#2422,.T.);
#2420 = VERTEX_POINT('',#2421);
#2421 = CARTESIAN_POINT('',(38.384425511585,47.171749343101,26.6));
#2422 = B_SPLINE_CURVE_WITH_KNOTS('',5,(#2423,#2424,#2425,#2426,#2427,
    #2428,#2429,#2430,#2431,#2432),.UNSPECIFIED.,.F.,.F.,(6,4,6),(0.,
    0.253527402627,1.),.UNSPECIFIED.);
#2423 = CARTESIAN_POINT('',(38.384425511585,47.171749343101,26.6));
#2424 = CARTESIAN_POINT('',(38.359077306348,47.192547870475,26.6));
#2425 = CARTESIAN_POINT('',(38.334863548545,47.214396529838,26.6));
#2426 = CARTESIAN_POINT('',(38.311818970757,47.237288220602,26.6));
#2427 = CARTESIAN_POINT('',(38.289970450637,47.261208059391,26.6));
#2428 = CARTESIAN_POINT('',(38.20858500861,47.359522168229,26.6));
#2429 = CARTESIAN_POINT('',(38.158352616881,47.441644337858,26.6));
#2430 = CARTESIAN_POINT('',(38.119169501346,47.531877217179,26.6));
#2431 = CARTESIAN_POINT('',(38.09071788059,47.629156395487,26.6));
#2432 = CARTESIAN_POINT('',(38.0722987499,47.732303527351,26.6));
#2433 = ORIENTED_EDGE('',*,*,#2434,.F.);
#2434 = EDGE_CURVE('',#2435,#2420,#2437,.T.);
#2435 = VERTEX_POINT('',#2436);
#2436 = CARTESIAN_POINT('',(39.002309101043,46.967911457919,26.6));
#2437 = B_SPLINE_CURVE_WITH_KNOTS('',5,(#2438,#2439,#2440,#2441,#2442,
    #2443,#2444,#2445,#2446,#2447),.UNSPECIFIED.,.F.,.F.,(6,4,6),(0.,
    0.798481360859,1.),.UNSPECIFIED.);
#2438 = CARTESIAN_POINT('',(39.002309101043,46.967911457919,26.6));
#2439 = CARTESIAN_POINT('',(38.888364714125,46.967911457919,26.6));
#2440 = CARTESIAN_POINT('',(38.779033427852,46.98002980839,26.6));
#2441 = CARTESIAN_POINT('',(38.675577958157,47.005361456719,26.6));
#2442 = CARTESIAN_POINT('',(38.579224801573,47.04454678863,26.6));
#2443 = CARTESIAN_POINT('',(38.468509418985,47.110321166494,26.6));
#2444 = CARTESIAN_POINT('',(38.446703031978,47.124426111459,26.6));
#2445 = CARTESIAN_POINT('',(38.425413973021,47.139373745643,26.6));
#2446 = CARTESIAN_POINT('',(38.404652276945,47.155153022806,26.6));
#2447 = CARTESIAN_POINT('',(38.384425511585,47.171749343101,26.6));
#2448 = ORIENTED_EDGE('',*,*,#2449,.F.);
#2449 = EDGE_CURVE('',#2450,#2435,#2452,.T.);
#2450 = VERTEX_POINT('',#2451);
#2451 = CARTESIAN_POINT('',(39.868620113066,47.541205509993,26.6));
#2452 = B_SPLINE_CURVE_WITH_KNOTS('',5,(#2453,#2454,#2455,#2456,#2457,
    #2458,#2459,#2460,#2461,#2462,#2463,#2464,#2465,#2466,#2467,#2468,
    #2469,#2470),.UNSPECIFIED.,.F.,.F.,(6,4,4,4,6),(0.,0.166068302956,
    0.479753717215,0.81568245316,1.),.UNSPECIFIED.);
#2453 = CARTESIAN_POINT('',(39.868620113066,47.541205509993,26.6));
#2454 = CARTESIAN_POINT('',(39.853422047694,47.506009990183,26.6));
#2455 = CARTESIAN_POINT('',(39.837076775621,47.471688321894,26.6));
#2456 = CARTESIAN_POINT('',(39.819541037456,47.438330982691,26.6));
#2457 = CARTESIAN_POINT('',(39.800778686651,47.406037305187,26.6));
#2458 = CARTESIAN_POINT('',(39.74297772998,47.316105031982,26.6));
#2459 = CARTESIAN_POINT('',(39.700729975886,47.261437641157,26.6));
#2460 = CARTESIAN_POINT('',(39.65392066918,47.211618702164,26.6));
#2461 = CARTESIAN_POINT('',(39.602635941257,47.167266571137,26.6));
#2462 = CARTESIAN_POINT('',(39.488113832118,47.087388855947,26.6));
#2463 = CARTESIAN_POINT('',(39.424258816544,47.052692802325,26.6));
#2464 = CARTESIAN_POINT('',(39.356332266645,47.025007040869,26.6));
#2465 = CARTESIAN_POINT('',(39.285096303084,47.004124447526,26.6));
#2466 = CARTESIAN_POINT('',(39.170841974324,46.981605701247,26.6));
#2467 = CARTESIAN_POINT('',(39.129590784607,46.975535254591,26.6));
#2468 = CARTESIAN_POINT('',(39.087683960279,46.97129523384,26.6));
#2469 = CARTESIAN_POINT('',(39.045227279457,46.968787339111,26.6));
#2470 = CARTESIAN_POINT('',(39.002309101043,46.967911457919,26.6));
#2471 = ORIENTED_EDGE('',*,*,#2472,.F.);
#2472 = EDGE_CURVE('',#2473,#2450,#2475,.T.);
#2473 = VERTEX_POINT('',#2474);
#2474 = CARTESIAN_POINT('',(40.059718130424,47.643124452584,26.6));
#2475 = B_SPLINE_CURVE_WITH_KNOTS('',5,(#2476,#2477,#2478,#2479,#2480,
    #2481,#2482,#2483,#2484,#2485),.UNSPECIFIED.,.F.,.F.,(6,4,6),(0.,
    0.437472717305,1.),.UNSPECIFIED.);
#2476 = CARTESIAN_POINT('',(40.059718130424,47.643124452584,26.6));
#2477 = CARTESIAN_POINT('',(40.037545180912,47.647559042486,26.6));
#2478 = CARTESIAN_POINT('',(40.016469287238,47.649121118658,26.6));
#2479 = CARTESIAN_POINT('',(39.996548249594,47.647746973367,26.6));
#2480 = CARTESIAN_POINT('',(39.977827493255,47.643407612339,26.6));
#2481 = CARTESIAN_POINT('',(39.93784724246,47.626739789472,26.6));
#2482 = CARTESIAN_POINT('',(39.917390485445,47.612481642853,26.6));
#2483 = CARTESIAN_POINT('',(39.899032690134,47.593367911453,26.6));
#2484 = CARTESIAN_POINT('',(39.882785539029,47.569536361919,26.6));
#2485 = CARTESIAN_POINT('',(39.868620113066,47.541205509993,26.6));
#2486 = ORIENTED_EDGE('',*,*,#2487,.F.);
#2487 = EDGE_CURVE('',#2488,#2473,#2490,.T.);
#2488 = VERTEX_POINT('',#2489);
#2489 = CARTESIAN_POINT('',(41.410144119755,47.375587228283,26.6));
#2490 = B_SPLINE_CURVE_WITH_KNOTS('',4,(#2491,#2492,#2493,#2494,#2495),
  .UNSPECIFIED.,.F.,.F.,(5,5),(0.,1.),.PIECEWISE_BEZIER_KNOTS.);
#2491 = CARTESIAN_POINT('',(41.410144119755,47.375587228283,26.6));
#2492 = CARTESIAN_POINT('',(41.072537622422,47.442471534358,26.6));
#2493 = CARTESIAN_POINT('',(40.73493112509,47.509355840433,26.6));
#2494 = CARTESIAN_POINT('',(40.397324627757,47.576240146508,26.6));
#2495 = CARTESIAN_POINT('',(40.059718130424,47.643124452584,26.6));
#2496 = ORIENTED_EDGE('',*,*,#2497,.F.);
#2497 = EDGE_CURVE('',#2498,#2488,#2500,.T.);
#2498 = VERTEX_POINT('',#2499);
#2499 = CARTESIAN_POINT('',(41.512063062346,47.184489210924,26.6));
#2500 = B_SPLINE_CURVE_WITH_KNOTS('',5,(#2501,#2502,#2503,#2504,#2505,
    #2506,#2507,#2508,#2509,#2510),.UNSPECIFIED.,.F.,.F.,(6,4,6),(0.,
    0.511170776081,1.),.UNSPECIFIED.);
#2501 = CARTESIAN_POINT('',(41.512063062346,47.184489210924,26.6));
#2502 = CARTESIAN_POINT('',(41.522297617983,47.215192877838,26.6));
#2503 = CARTESIAN_POINT('',(41.527524617731,47.243399441949,26.6));
#2504 = CARTESIAN_POINT('',(41.527443898996,47.268850418393,26.6));
#2505 = CARTESIAN_POINT('',(41.52188928339,47.291345789975,26.6));
#2506 = CARTESIAN_POINT('',(41.500424844674,47.329386573246,26.6));
#2507 = CARTESIAN_POINT('',(41.48497647556,47.345195872134,26.6));
#2508 = CARTESIAN_POINT('',(41.464617906735,47.358134775081,26.6));
#2509 = CARTESIAN_POINT('',(41.439566566014,47.368231616718,26.6));
#2510 = CARTESIAN_POINT('',(41.410144119755,47.375587228283,26.6));
#2511 = ORIENTED_EDGE('',*,*,#2512,.F.);
#2512 = EDGE_CURVE('',#2513,#2498,#2515,.T.);
#2513 = VERTEX_POINT('',#2514);
#2514 = CARTESIAN_POINT('',(40.588422645115,45.891392626801,26.6));
#2515 = B_SPLINE_CURVE_WITH_KNOTS('',6,(#2516,#2517,#2518,#2519,#2520,
    #2521,#2522,#2523,#2524,#2525,#2526,#2527,#2528,#2529,#2530,#2531,
    #2532),.UNSPECIFIED.,.F.,.F.,(7,5,5,7),(0.,0.199999370363,
    0.525113584425,1.),.UNSPECIFIED.);
#2516 = CARTESIAN_POINT('',(40.588422645115,45.891392626801,26.6));
#2517 = CARTESIAN_POINT('',(40.632185221728,45.922156418282,26.6));
#2518 = CARTESIAN_POINT('',(40.675059149147,45.954082714452,26.6));
#2519 = CARTESIAN_POINT('',(40.717005320308,45.987162613578,26.6));
#2520 = CARTESIAN_POINT('',(40.75798840707,46.021381612357,26.6));
#2521 = CARTESIAN_POINT('',(40.79797686022,46.056719605915,26.6));
#2522 = CARTESIAN_POINT('',(40.900285191262,46.152372712153,26.6));
#2523 = CARTESIAN_POINT('',(40.96092880452,46.214486060497,26.6));
#2524 = CARTESIAN_POINT('',(41.018751407521,46.279377193743,26.6));
#2525 = CARTESIAN_POINT('',(41.073674373256,46.346903422419,26.6));
#2526 = CARTESIAN_POINT('',(41.125657220079,46.416898155148,26.6));
#2527 = CARTESIAN_POINT('',(41.246316013211,46.59475035783,26.6));
#2528 = CARTESIAN_POINT('',(41.311654923524,46.705202927397,26.6));
#2529 = CARTESIAN_POINT('',(41.370689758465,46.81996765551,26.6));
#2530 = CARTESIAN_POINT('',(41.423587173912,46.938458583241,26.6));
#2531 = CARTESIAN_POINT('',(41.470608834474,47.060126527309,26.6));
#2532 = CARTESIAN_POINT('',(41.512063062346,47.184489210924,26.6));
#2533 = ORIENTED_EDGE('',*,*,#2534,.F.);
#2534 = EDGE_CURVE('',#2535,#2513,#2537,.T.);
#2535 = VERTEX_POINT('',#2536);
#2536 = CARTESIAN_POINT('',(39.002309101043,45.439127319054,26.6));
#2537 = B_SPLINE_CURVE_WITH_KNOTS('',6,(#2538,#2539,#2540,#2541,#2542,
    #2543,#2544,#2545,#2546,#2547,#2548,#2549,#2550,#2551,#2552,#2553,
    #2554),.UNSPECIFIED.,.F.,.F.,(7,5,5,7),(0.,0.583525242229,
    0.960867059505,1.),.UNSPECIFIED.);
#2538 = CARTESIAN_POINT('',(39.002309101043,45.439127319054,26.6));
#2539 = CARTESIAN_POINT('',(39.170039576233,45.439127319054,26.6));
#2540 = CARTESIAN_POINT('',(39.33653404426,45.447716819473,26.6));
#2541 = CARTESIAN_POINT('',(39.50119525212,45.465751380201,26.6));
#2542 = CARTESIAN_POINT('',(39.663204575053,45.494109461035,26.6));
#2543 = CARTESIAN_POINT('',(39.821554512124,45.533575744931,26.6));
#2544 = CARTESIAN_POINT('',(40.074454558099,45.617472846321,26.6));
#2545 = CARTESIAN_POINT('',(40.171781550615,45.655223316881,26.6));
#2546 = CARTESIAN_POINT('',(40.266803856728,45.697873769212,26.6));
#2547 = CARTESIAN_POINT('',(40.359220443164,45.745453412546,26.6));
#2548 = CARTESIAN_POINT('',(40.448754543807,45.797905208229,26.6));
#2549 = CARTESIAN_POINT('',(40.544124794482,45.86099521375,26.6));
#2550 = CARTESIAN_POINT('',(40.553052459678,45.866973998579,26.6));
#2551 = CARTESIAN_POINT('',(40.561946323005,45.873003315225,26.6));
#2552 = CARTESIAN_POINT('',(40.570806135462,45.879082985465,26.6));
#2553 = CARTESIAN_POINT('',(40.579631654718,45.885212821671,26.6));
#2554 = CARTESIAN_POINT('',(40.588422645115,45.891392626801,26.6));
#2555 = ORIENTED_EDGE('',*,*,#2556,.F.);
#2556 = EDGE_CURVE('',#2557,#2535,#2559,.T.);
#2557 = VERTEX_POINT('',#2558);
#2558 = CARTESIAN_POINT('',(37.199617803965,45.955091965921,26.6));
#2559 = B_SPLINE_CURVE_WITH_KNOTS('',6,(#2560,#2561,#2562,#2563,#2564,
    #2565,#2566,#2567,#2568,#2569,#2570,#2571,#2572,#2573,#2574,#2575,
    #2576),.UNSPECIFIED.,.F.,.F.,(7,5,5,7),(0.,0.261880021345,
    0.535052580172,1.),.UNSPECIFIED.);
#2560 = CARTESIAN_POINT('',(37.199617803965,45.955091965921,26.6));
#2561 = CARTESIAN_POINT('',(37.263770166442,45.905603000582,26.6));
#2562 = CARTESIAN_POINT('',(37.330319846337,45.859092836121,26.6));
#2563 = CARTESIAN_POINT('',(37.399105145721,45.815638235747,26.6));
#2564 = CARTESIAN_POINT('',(37.469945925151,45.775262469865,26.6));
#2565 = CARTESIAN_POINT('',(37.542651097187,45.73794642139,26.6));
#2566 = CARTESIAN_POINT('',(37.694608270575,45.667853619018,26.6));
#2567 = CARTESIAN_POINT('',(37.774010716992,45.63534057025,26.6));
#2568 = CARTESIAN_POINT('',(37.855018915405,45.606040194807,26.6));
#2569 = CARTESIAN_POINT('',(37.937427634941,45.579852716764,26.6));
#2570 = CARTESIAN_POINT('',(38.021048135687,45.556654290347,26.6));
#2571 = CARTESIAN_POINT('',(38.249821334213,45.501689808732,26.6));
#2572 = CARTESIAN_POINT('',(38.396940292047,45.475346581911,26.6));
#2573 = CARTESIAN_POINT('',(38.546299389087,45.456610864404,26.6));
#2574 = CARTESIAN_POINT('',(38.697264042098,45.444759988658,26.6));
#2575 = CARTESIAN_POINT('',(38.849365956631,45.439127319054,26.6));
#2576 = CARTESIAN_POINT('',(39.002309101043,45.439127319054,26.6));
#2577 = ORIENTED_EDGE('',*,*,#2578,.F.);
#2578 = EDGE_CURVE('',#2579,#2557,#2581,.T.);
#2579 = VERTEX_POINT('',#2580);
#2580 = CARTESIAN_POINT('',(36.32693685803,47.439286567402,26.6));
#2581 = B_SPLINE_CURVE_WITH_KNOTS('',5,(#2582,#2583,#2584,#2585,#2586,
    #2587,#2588,#2589,#2590,#2591,#2592,#2593,#2594,#2595,#2596,#2597,
    #2598,#2599),.UNSPECIFIED.,.F.,.F.,(6,4,4,4,6),(0.,0.302956173608,
    0.566065277421,0.821483693018,1.),.UNSPECIFIED.);
#2582 = CARTESIAN_POINT('',(36.32693685803,47.439286567402,26.6));
#2583 = CARTESIAN_POINT('',(36.349490039161,47.33215895703,26.6));
#2584 = CARTESIAN_POINT('',(36.376036503748,47.226424027331,26.6));
#2585 = CARTESIAN_POINT('',(36.406846088751,47.122366911808,26.6));
#2586 = CARTESIAN_POINT('',(36.442184147235,47.020348602455,26.6));
#2587 = CARTESIAN_POINT('',(36.517030798453,46.834298466041,26.6));
#2588 = CARTESIAN_POINT('',(36.555379707435,46.749665135776,26.6));
#2589 = CARTESIAN_POINT('',(36.597410563277,46.66714631206,26.6));
#2590 = CARTESIAN_POINT('',(36.643202132385,46.58703274503,26.6));
#2591 = CARTESIAN_POINT('',(36.740834296061,46.434441174429,26.6));
#2592 = CARTESIAN_POINT('',(36.792461233462,46.361804733486,26.6));
#2593 = CARTESIAN_POINT('',(36.847609606616,46.291957632167,26.6));
#2594 = CARTESIAN_POINT('',(36.906198632535,46.22512467605,26.6));
#2595 = CARTESIAN_POINT('',(37.011297114076,46.116993679166,26.6));
#2596 = CARTESIAN_POINT('',(37.056133853146,46.074064681825,26.6));
#2597 = CARTESIAN_POINT('',(37.102514572974,46.032747984473,26.6));
#2598 = CARTESIAN_POINT('',(37.150369979799,45.993083144563,26.6));
#2599 = CARTESIAN_POINT('',(37.199617803965,45.955091965921,26.6));
#2600 = ORIENTED_EDGE('',*,*,#2601,.F.);
#2601 = EDGE_CURVE('',#2602,#2579,#2604,.T.);
#2602 = VERTEX_POINT('',#2603);
#2603 = CARTESIAN_POINT('',(36.212278047615,49.031770045386,26.6));
#2604 = B_SPLINE_CURVE_WITH_KNOTS('',8,(#2605,#2606,#2607,#2608,#2609,
    #2610,#2611,#2612,#2613,#2614,#2615,#2616,#2617,#2618,#2619,#2620),
  .UNSPECIFIED.,.F.,.F.,(9,7,9),(0.,0.823433123158,1.),.UNSPECIFIED.);
#2605 = CARTESIAN_POINT('',(36.212278047615,49.031770045386,26.6));
#2606 = CARTESIAN_POINT('',(36.212278047615,48.855091204818,26.6));
#2607 = CARTESIAN_POINT('',(36.214064139836,48.680170002664,26.6));
#2608 = CARTESIAN_POINT('',(36.217874348163,48.507042657233,26.6));
#2609 = CARTESIAN_POINT('',(36.224029895034,48.336024211896,26.6));
#2610 = CARTESIAN_POINT('',(36.232926053201,48.167693062526,26.6));
#2611 = CARTESIAN_POINT('',(36.245125774955,48.003004193098,26.6));
#2612 = CARTESIAN_POINT('',(36.261321485514,47.84324150654,26.6));
#2613 = CARTESIAN_POINT('',(36.287349449744,47.657740618613,26.6));
#2614 = CARTESIAN_POINT('',(36.292184689985,47.625318531393,26.6));
#2615 = CARTESIAN_POINT('',(36.297271148371,47.593250855475,26.6));
#2616 = CARTESIAN_POINT('',(36.30262122138,47.561564182033,26.6));
#2617 = CARTESIAN_POINT('',(36.308248142192,47.530288651132,26.6));
#2618 = CARTESIAN_POINT('',(36.314166075179,47.49945809552,26.6));
#2619 = CARTESIAN_POINT('',(36.320390210389,47.469110184436,26.6));
#2620 = CARTESIAN_POINT('',(36.32693685803,47.439286567402,26.6));
#2621 = ORIENTED_EDGE('',*,*,#2622,.F.);
#2622 = EDGE_CURVE('',#2623,#2602,#2625,.T.);
#2623 = VERTEX_POINT('',#2624);
#2624 = CARTESIAN_POINT('',(36.288717254558,50.063699339119,26.6));
#2625 = B_SPLINE_CURVE_WITH_KNOTS('',5,(#2626,#2627,#2628,#2629,#2630,
    #2631),.UNSPECIFIED.,.F.,.F.,(6,6),(0.,1.),
  .PIECEWISE_BEZIER_KNOTS.);
#2626 = CARTESIAN_POINT('',(36.288717254558,50.063699339119,26.6));
#2627 = CARTESIAN_POINT('',(36.255200181953,49.879355439789,26.6));
#2628 = CARTESIAN_POINT('',(36.23246281504,49.680815697412,26.6));
#2629 = CARTESIAN_POINT('',(36.218646554388,49.471847350509,26.6));
#2630 = CARTESIAN_POINT('',(36.212278047615,49.255035323489,26.6));
#2631 = CARTESIAN_POINT('',(36.212278047615,49.031770045386,26.6));
#2632 = ORIENTED_EDGE('',*,*,#2633,.F.);
#2633 = EDGE_CURVE('',#2634,#2623,#2636,.T.);
#2634 = VERTEX_POINT('',#2635);
#2635 = CARTESIAN_POINT('',(37.129548530934,51.61159327972,26.6));
#2636 = B_SPLINE_CURVE_WITH_KNOTS('',5,(#2637,#2638,#2639,#2640,#2641,
    #2642,#2643,#2644,#2645,#2646,#2647,#2648,#2649,#2650),
  .UNSPECIFIED.,.F.,.F.,(6,4,4,6),(0.,0.355361456117,0.778487976243,1.),
  .UNSPECIFIED.);
#2637 = CARTESIAN_POINT('',(37.129548530934,51.61159327972,26.6));
#2638 = CARTESIAN_POINT('',(37.030557576224,51.529700762642,26.6));
#2639 = CARTESIAN_POINT('',(36.937186379226,51.441825502542,26.6));
#2640 = CARTESIAN_POINT('',(36.850200355107,51.348011085363,26.6));
#2641 = CARTESIAN_POINT('',(36.770241415687,51.248506156863,26.6));
#2642 = CARTESIAN_POINT('',(36.611320133962,51.019295891495,26.6));
#2643 = CARTESIAN_POINT('',(36.535428084011,50.887410195895,26.6));
#2644 = CARTESIAN_POINT('',(36.470702752139,50.749186154229,26.6));
#2645 = CARTESIAN_POINT('',(36.4170186123,50.605822167179,26.6));
#2646 = CARTESIAN_POINT('',(36.351247732999,50.381430536042,26.6));
#2647 = CARTESIAN_POINT('',(36.331525826858,50.303239696271,26.6));
#2648 = CARTESIAN_POINT('',(36.31460406396,50.224125619517,26.6));
#2649 = CARTESIAN_POINT('',(36.300373915932,50.144236272248,26.6));
#2650 = CARTESIAN_POINT('',(36.288717254558,50.063699339119,26.6));
#2651 = ORIENTED_EDGE('',*,*,#2652,.F.);
#2652 = EDGE_CURVE('',#2653,#2634,#2655,.T.);
#2653 = VERTEX_POINT('',#2654);
#2654 = CARTESIAN_POINT('',(38.900390158452,52.191257265706,26.6));
#2655 = B_SPLINE_CURVE_WITH_KNOTS('',5,(#2656,#2657,#2658,#2659,#2660,
    #2661,#2662,#2663,#2664,#2665,#2666,#2667,#2668,#2669,#2670,#2671,
    #2672,#2673),.UNSPECIFIED.,.F.,.F.,(6,4,4,4,6),(0.,0.313968449554,
    0.582697165906,0.84323839791,1.),.UNSPECIFIED.);
#2656 = CARTESIAN_POINT('',(38.900390158452,52.191257265706,26.6));
#2657 = CARTESIAN_POINT('',(38.778092900741,52.191257265706,26.6));
#2658 = CARTESIAN_POINT('',(38.656336784715,52.186525523128,26.6));
#2659 = CARTESIAN_POINT('',(38.535376337547,52.176680434276,26.6));
#2660 = CARTESIAN_POINT('',(38.41555986535,52.161322377721,26.6));
#2661 = CARTESIAN_POINT('',(38.196100755553,52.121983225344,26.6));
#2662 = CARTESIAN_POINT('',(38.096038342679,52.099563478515,26.6));
#2663 = CARTESIAN_POINT('',(37.997396447356,52.072664888137,26.6));
#2664 = CARTESIAN_POINT('',(37.90048272159,52.041128603778,26.6));
#2665 = CARTESIAN_POINT('',(37.713642390073,51.969778480288,26.6));
#2666 = CARTESIAN_POINT('',(37.623588015671,51.930244355559,26.6));
#2667 = CARTESIAN_POINT('',(37.535752313745,51.886252754573,26.6));
#2668 = CARTESIAN_POINT('',(37.450408456244,51.837842057171,26.6));
#2669 = CARTESIAN_POINT('',(37.318081103441,51.753466670152,26.6));
#2670 = CARTESIAN_POINT('',(37.269357255283,51.720224427123,26.6));
#2671 = CARTESIAN_POINT('',(37.2216685459,51.685467924108,26.6));
#2672 = CARTESIAN_POINT('',(37.175055302478,51.649239790725,26.6));
#2673 = CARTESIAN_POINT('',(37.129548530934,51.61159327972,26.6));
#2674 = ORIENTED_EDGE('',*,*,#2675,.F.);
#2675 = EDGE_CURVE('',#2676,#2653,#2678,.T.);
#2676 = VERTEX_POINT('',#2677);
#2677 = CARTESIAN_POINT('',(40.785890596385,51.535154072776,26.6));
#2678 = B_SPLINE_CURVE_WITH_KNOTS('',5,(#2679,#2680,#2681,#2682,#2683,
    #2684,#2685,#2686,#2687,#2688,#2689,#2690,#2691,#2692,#2693,#2694,
    #2695,#2696),.UNSPECIFIED.,.F.,.F.,(6,4,4,4,6),(0.,0.180450164949,
    0.429738120513,0.687490980009,1.),.UNSPECIFIED.);
#2679 = CARTESIAN_POINT('',(40.785890596385,51.535154072776,26.6));
#2680 = CARTESIAN_POINT('',(40.731611870747,51.58419537752,26.6));
#2681 = CARTESIAN_POINT('',(40.675576629815,51.631166469559,26.6));
#2682 = CARTESIAN_POINT('',(40.617834077089,51.675955554596,26.6));
#2683 = CARTESIAN_POINT('',(40.558456706214,51.718474645451,26.6));
#2684 = CARTESIAN_POINT('',(40.413385619682,51.814174145335,26.6));
#2685 = CARTESIAN_POINT('',(40.326289113114,51.865237684062,26.6));
#2686 = CARTESIAN_POINT('',(40.236509431916,51.911678725971,26.6));
#2687 = CARTESIAN_POINT('',(40.144350595205,51.953453926586,26.6));
#2688 = CARTESIAN_POINT('',(39.95273858272,52.02903793597,26.6));
#2689 = CARTESIAN_POINT('',(39.853138014671,52.062530288643,26.6));
#2690 = CARTESIAN_POINT('',(39.751700118063,52.091151858947,26.6));
#2691 = CARTESIAN_POINT('',(39.648766356883,52.115082399251,26.6));
#2692 = CARTESIAN_POINT('',(39.418381829737,52.158145113753,26.6));
#2693 = CARTESIAN_POINT('',(39.290368136543,52.17517777351,26.6));
#2694 = CARTESIAN_POINT('',(39.16110936654,52.186050704637,26.6));
#2695 = CARTESIAN_POINT('',(39.031020090786,52.191257265706,26.6));
#2696 = CARTESIAN_POINT('',(38.900390158452,52.191257265706,26.6));
#2697 = ORIENTED_EDGE('',*,*,#2698,.F.);
#2698 = EDGE_CURVE('',#2699,#2676,#2701,.T.);
#2699 = VERTEX_POINT('',#2700);
#2700 = CARTESIAN_POINT('',(41.588502269289,49.808901982642,26.6));
#2701 = B_SPLINE_CURVE_WITH_KNOTS('',5,(#2702,#2703,#2704,#2705,#2706,
    #2707,#2708,#2709,#2710,#2711,#2712,#2713,#2714,#2715),
  .UNSPECIFIED.,.F.,.F.,(6,4,4,6),(0.,0.236776024302,0.668895446612,1.),
  .UNSPECIFIED.);
#2702 = CARTESIAN_POINT('',(41.588502269289,49.808901982642,26.6));
#2703 = CARTESIAN_POINT('',(41.581790198184,49.902870978117,26.6));
#2704 = CARTESIAN_POINT('',(41.571843520879,49.996292948327,26.6));
#2705 = CARTESIAN_POINT('',(41.558472515929,50.089004337691,26.6));
#2706 = CARTESIAN_POINT('',(41.541493461194,50.180803851501,26.6));
#2707 = CARTESIAN_POINT('',(41.482938025492,50.436912885148,26.6));
#2708 = CARTESIAN_POINT('',(41.432612111115,50.598617320602,26.6));
#2709 = CARTESIAN_POINT('',(41.368955225096,50.755035648489,26.6));
#2710 = CARTESIAN_POINT('',(41.291644140377,50.90457828293,26.6));
#2711 = CARTESIAN_POINT('',(41.132501416675,51.15421686711,26.6));
#2712 = CARTESIAN_POINT('',(41.055931004822,51.257732073682,26.6));
#2713 = CARTESIAN_POINT('',(40.972198004512,51.355879421627,26.6));
#2714 = CARTESIAN_POINT('',(40.881931758325,51.448380040498,26.6));
#2715 = CARTESIAN_POINT('',(40.785890596385,51.535154072776,26.6));
#2716 = ORIENTED_EDGE('',*,*,#2717,.F.);
#2717 = EDGE_CURVE('',#2360,#2699,#2718,.T.);
#2718 = B_SPLINE_CURVE_WITH_KNOTS('',5,(#2719,#2720,#2721,#2722,#2723,
    #2724),.UNSPECIFIED.,.F.,.F.,(6,6),(0.,1.),
  .PIECEWISE_BEZIER_KNOTS.);
#2719 = CARTESIAN_POINT('',(41.626721872761,48.878891631499,26.6));
#2720 = CARTESIAN_POINT('',(41.626721872761,49.074025333541,26.6));
#2721 = CARTESIAN_POINT('',(41.623219324065,49.265146772227,26.6));
#2722 = CARTESIAN_POINT('',(41.615915689706,49.451767855718,26.6));
#2723 = CARTESIAN_POINT('',(41.604469036937,49.633267538513,26.6));
#2724 = CARTESIAN_POINT('',(41.588502269289,49.808901982642,26.6));
#2725 = FACE_BOUND('',#2726,.T.);
#2726 = EDGE_LOOP('',(#2727,#2739,#2749,#2764,#2774,#2789,#2799,#2812,
    #2822,#2832,#2847,#2857,#2872,#2882,#2897,#2907));
#2727 = ORIENTED_EDGE('',*,*,#2728,.F.);
#2728 = EDGE_CURVE('',#2729,#2731,#2733,.T.);
#2729 = VERTEX_POINT('',#2730);
#2730 = CARTESIAN_POINT('',(42.008917907477,51.936459909228,26.6));
#2731 = VERTEX_POINT('',#2732);
#2732 = CARTESIAN_POINT('',(43.792499402819,45.668444939884,26.6));
#2733 = B_SPLINE_CURVE_WITH_KNOTS('',4,(#2734,#2735,#2736,#2737,#2738),
  .UNSPECIFIED.,.F.,.F.,(5,5),(0.,1.),.PIECEWISE_BEZIER_KNOTS.);
#2734 = CARTESIAN_POINT('',(42.008917907477,51.936459909228,26.6));
#2735 = CARTESIAN_POINT('',(42.454813281312,50.369456166892,26.6));
#2736 = CARTESIAN_POINT('',(42.900708655148,48.802452424556,26.6));
#2737 = CARTESIAN_POINT('',(43.346604028983,47.23544868222,26.6));
#2738 = CARTESIAN_POINT('',(43.792499402819,45.668444939884,26.6));
#2739 = ORIENTED_EDGE('',*,*,#2740,.F.);
#2740 = EDGE_CURVE('',#2741,#2729,#2743,.T.);
#2741 = VERTEX_POINT('',#2742);
#2742 = CARTESIAN_POINT('',(41.996178039653,51.987419380524,26.6));
#2743 = B_SPLINE_CURVE_WITH_KNOTS('',4,(#2744,#2745,#2746,#2747,#2748),
  .UNSPECIFIED.,.F.,.F.,(5,5),(0.,1.),.PIECEWISE_BEZIER_KNOTS.);
#2744 = CARTESIAN_POINT('',(41.996178039653,51.987419380524,26.6));
#2745 = CARTESIAN_POINT('',(41.999363006609,51.9746795127,26.6));
#2746 = CARTESIAN_POINT('',(42.002547973565,51.961939644876,26.6));
#2747 = CARTESIAN_POINT('',(42.005732940521,51.949199777052,26.6));
#2748 = CARTESIAN_POINT('',(42.008917907477,51.936459909228,26.6));
#2749 = ORIENTED_EDGE('',*,*,#2750,.F.);
#2750 = EDGE_CURVE('',#2751,#2741,#2753,.T.);
#2751 = VERTEX_POINT('',#2752);
#2752 = CARTESIAN_POINT('',(42.136316585715,52.102078190939,26.6));
#2753 = B_SPLINE_CURVE_WITH_KNOTS('',5,(#2754,#2755,#2756,#2757,#2758,
    #2759,#2760,#2761,#2762,#2763),.UNSPECIFIED.,.F.,.F.,(6,4,6),(0.,
    0.599989961636,1.),.UNSPECIFIED.);
#2754 = CARTESIAN_POINT('',(42.136316585715,52.102078190939,26.6));
#2755 = CARTESIAN_POINT('',(42.103232710785,52.102078190939,26.6));
#2756 = CARTESIAN_POINT('',(42.074672064646,52.098084229547,26.6));
#2757 = CARTESIAN_POINT('',(42.050949547394,52.089923240186,26.6));
#2758 = CARTESIAN_POINT('',(42.032278425393,52.077518438477,26.6));
#2759 = CARTESIAN_POINT('',(42.009668101451,52.049884737192,26.6));
#2760 = CARTESIAN_POINT('',(42.00289236967,52.036974558506,26.6));
#2761 = CARTESIAN_POINT('',(41.998401342909,52.022227287658,26.6));
#2762 = CARTESIAN_POINT('',(41.996178039653,52.005687268497,26.6));
#2763 = CARTESIAN_POINT('',(41.996178039653,51.987419380524,26.6));
#2764 = ORIENTED_EDGE('',*,*,#2765,.F.);
#2765 = EDGE_CURVE('',#2766,#2751,#2768,.T.);
#2766 = VERTEX_POINT('',#2767);
#2767 = CARTESIAN_POINT('',(43.767019667171,52.102078190939,26.6));
#2768 = B_SPLINE_CURVE_WITH_KNOTS('',4,(#2769,#2770,#2771,#2772,#2773),
  .UNSPECIFIED.,.F.,.F.,(5,5),(0.,1.),.PIECEWISE_BEZIER_KNOTS.);
#2769 = CARTESIAN_POINT('',(43.767019667171,52.102078190939,26.6));
#2770 = CARTESIAN_POINT('',(43.359343896807,52.102078190939,26.6));
#2771 = CARTESIAN_POINT('',(42.951668126443,52.102078190939,26.6));
#2772 = CARTESIAN_POINT('',(42.543992356079,52.102078190939,26.6));
#2773 = CARTESIAN_POINT('',(42.136316585715,52.102078190939,26.6));
#2774 = ORIENTED_EDGE('',*,*,#2775,.F.);
#2775 = EDGE_CURVE('',#2776,#2766,#2778,.T.);
#2776 = VERTEX_POINT('',#2777);
#2777 = CARTESIAN_POINT('',(43.932637948881,51.961939644876,26.6));
#2778 = B_SPLINE_CURVE_WITH_KNOTS('',5,(#2779,#2780,#2781,#2782,#2783,
    #2784,#2785,#2786,#2787,#2788),.UNSPECIFIED.,.F.,.F.,(6,4,6),(0.,
    0.510101074523,1.),.UNSPECIFIED.);
#2779 = CARTESIAN_POINT('',(43.932637948881,51.961939644876,26.6));
#2780 = CARTESIAN_POINT('',(43.927495134275,51.990225125211,26.6));
#2781 = CARTESIAN_POINT('',(43.91939253939,52.015164336373,26.6));
#2782 = CARTESIAN_POINT('',(43.908250645307,52.036578401439,26.6));
#2783 = CARTESIAN_POINT('',(43.894045196968,52.054347129998,26.6));
#2784 = CARTESIAN_POINT('',(43.860288485021,52.081956944473,26.6));
#2785 = CARTESIAN_POINT('',(43.840970156022,52.092084996688,26.6));
#2786 = CARTESIAN_POINT('',(43.818913936865,52.098779103136,26.6));
#2787 = CARTESIAN_POINT('',(43.794217625542,52.102078190939,26.6));
#2788 = CARTESIAN_POINT('',(43.767019667171,52.102078190939,26.6));
#2789 = ORIENTED_EDGE('',*,*,#2790,.F.);
#2790 = EDGE_CURVE('',#2791,#2776,#2793,.T.);
#2791 = VERTEX_POINT('',#2792);
#2792 = CARTESIAN_POINT('',(44.760729357433,48.152719165539,26.6));
#2793 = B_SPLINE_CURVE_WITH_KNOTS('',4,(#2794,#2795,#2796,#2797,#2798),
  .UNSPECIFIED.,.F.,.F.,(5,5),(0.,1.),.PIECEWISE_BEZIER_KNOTS.);
#2794 = CARTESIAN_POINT('',(44.760729357433,48.152719165539,26.6));
#2795 = CARTESIAN_POINT('',(44.553706505295,49.105024285373,26.6));
#2796 = CARTESIAN_POINT('',(44.346683653157,50.057329405207,26.6));
#2797 = CARTESIAN_POINT('',(44.139660801019,51.009634525042,26.6));
#2798 = CARTESIAN_POINT('',(43.932637948881,51.961939644876,26.6));
#2799 = ORIENTED_EDGE('',*,*,#2800,.F.);
#2800 = EDGE_CURVE('',#2801,#2791,#2803,.T.);
#2801 = VERTEX_POINT('',#2802);
#2802 = CARTESIAN_POINT('',(44.798948960905,48.101759694243,26.6));
#2803 = B_SPLINE_CURVE_WITH_KNOTS('',4,(#2804,#2805,#2806,#2807,#2808,
    #2809,#2810,#2811),.UNSPECIFIED.,.F.,.F.,(5,3,5),(0.,0.115856845077,
    1.),.UNSPECIFIED.);
#2804 = CARTESIAN_POINT('',(44.798948960905,48.101759694243,26.6));
#2805 = CARTESIAN_POINT('',(44.797471210761,48.101759694243,26.6));
#2806 = CARTESIAN_POINT('',(44.796021955015,48.101873967824,26.6));
#2807 = CARTESIAN_POINT('',(44.794601236569,48.10210254074,26.6));
#2808 = CARTESIAN_POINT('',(44.782585143156,48.105061918311,26.6));
#2809 = CARTESIAN_POINT('',(44.77362513931,48.114334605305,26.6));
#2810 = CARTESIAN_POINT('',(44.766344380475,48.130259073371,26.6));
#2811 = CARTESIAN_POINT('',(44.760729357433,48.152719165539,26.6));
#2812 = ORIENTED_EDGE('',*,*,#2813,.F.);
#2813 = EDGE_CURVE('',#2814,#2801,#2816,.T.);
#2814 = VERTEX_POINT('',#2815);
#2815 = CARTESIAN_POINT('',(44.837168564376,48.152719165539,26.6));
#2816 = B_SPLINE_CURVE_WITH_KNOTS('',4,(#2817,#2818,#2819,#2820,#2821),
  .UNSPECIFIED.,.F.,.F.,(5,5),(0.,1.),.PIECEWISE_BEZIER_KNOTS.);
#2817 = CARTESIAN_POINT('',(44.837168564376,48.152719165539,26.6));
#2818 = CARTESIAN_POINT('',(44.830817760303,48.127315949244,26.6));
#2819 = CARTESIAN_POINT('',(44.822336068128,48.110273301946,26.6));
#2820 = CARTESIAN_POINT('',(44.811703921599,48.101759694243,26.6));
#2821 = CARTESIAN_POINT('',(44.798948960905,48.101759694243,26.6));
#2822 = ORIENTED_EDGE('',*,*,#2823,.F.);
#2823 = EDGE_CURVE('',#2824,#2814,#2826,.T.);
#2824 = VERTEX_POINT('',#2825);
#2825 = CARTESIAN_POINT('',(45.652520105104,51.961939644876,26.6));
#2826 = B_SPLINE_CURVE_WITH_KNOTS('',4,(#2827,#2828,#2829,#2830,#2831),
  .UNSPECIFIED.,.F.,.F.,(5,5),(0.,1.),.PIECEWISE_BEZIER_KNOTS.);
#2827 = CARTESIAN_POINT('',(45.652520105104,51.961939644876,26.6));
#2828 = CARTESIAN_POINT('',(45.448682219922,51.009634525042,26.6));
#2829 = CARTESIAN_POINT('',(45.24484433474,50.057329405207,26.6));
#2830 = CARTESIAN_POINT('',(45.041006449558,49.105024285373,26.6));
#2831 = CARTESIAN_POINT('',(44.837168564376,48.152719165539,26.6));
#2832 = ORIENTED_EDGE('',*,*,#2833,.F.);
#2833 = EDGE_CURVE('',#2834,#2824,#2836,.T.);
#2834 = VERTEX_POINT('',#2835);
#2835 = CARTESIAN_POINT('',(45.818138386814,52.102078190939,26.6));
#2836 = B_SPLINE_CURVE_WITH_KNOTS('',5,(#2837,#2838,#2839,#2840,#2841,
    #2842,#2843,#2844,#2845,#2846),.UNSPECIFIED.,.F.,.F.,(6,4,6),(0.,
    0.490893725577,1.),.UNSPECIFIED.);
#2837 = CARTESIAN_POINT('',(45.818138386814,52.102078190939,26.6));
#2838 = CARTESIAN_POINT('',(45.790885200226,52.102078190939,26.6));
#2839 = CARTESIAN_POINT('',(45.766143824017,52.098765691377,26.6));
#2840 = CARTESIAN_POINT('',(45.744053563347,52.092044172056,26.6));
#2841 = CARTESIAN_POINT('',(45.72471272151,52.081874594334,26.6));
#2842 = CARTESIAN_POINT('',(45.691002112893,52.054208434611,26.6));
#2843 = CARTESIAN_POINT('',(45.676842252502,52.036453073022,26.6));
#2844 = CARTESIAN_POINT('',(45.665733921736,52.015067044444,26.6));
#2845 = CARTESIAN_POINT('',(45.657652890388,51.990169963938,26.6));
#2846 = CARTESIAN_POINT('',(45.652520105104,51.961939644876,26.6));
#2847 = ORIENTED_EDGE('',*,*,#2848,.F.);
#2848 = EDGE_CURVE('',#2849,#2834,#2851,.T.);
#2849 = VERTEX_POINT('',#2850);
#2850 = CARTESIAN_POINT('',(47.44884146827,52.076598455291,26.6));
#2851 = B_SPLINE_CURVE_WITH_KNOTS('',4,(#2852,#2853,#2854,#2855,#2856),
  .UNSPECIFIED.,.F.,.F.,(5,5),(0.,1.),.PIECEWISE_BEZIER_KNOTS.);
#2852 = CARTESIAN_POINT('',(47.44884146827,52.076598455291,26.6));
#2853 = CARTESIAN_POINT('',(47.041165697906,52.082968389203,26.6));
#2854 = CARTESIAN_POINT('',(46.633489927542,52.089338323115,26.6));
#2855 = CARTESIAN_POINT('',(46.225814157178,52.095708257027,26.6));
#2856 = CARTESIAN_POINT('',(45.818138386814,52.102078190939,26.6));
#2857 = ORIENTED_EDGE('',*,*,#2858,.F.);
#2858 = EDGE_CURVE('',#2859,#2849,#2861,.T.);
#2859 = VERTEX_POINT('',#2860);
#2860 = CARTESIAN_POINT('',(47.576240146508,51.910980173581,26.6));
#2861 = B_SPLINE_CURVE_WITH_KNOTS('',5,(#2862,#2863,#2864,#2865,#2866,
    #2867,#2868,#2869,#2870,#2871),.UNSPECIFIED.,.F.,.F.,(6,4,6),(0.,
    0.51122107563,1.),.UNSPECIFIED.);
#2862 = CARTESIAN_POINT('',(47.576240146508,51.910980173581,26.6));
#2863 = CARTESIAN_POINT('',(47.583881684708,51.944093505778,26.6));
#2864 = CARTESIAN_POINT('',(47.586552364685,51.973597354704,26.6));
#2865 = CARTESIAN_POINT('',(47.583894813109,51.999086878568,26.6));
#2866 = CARTESIAN_POINT('',(47.575705482779,52.020254169858,26.6));
#2867 = CARTESIAN_POINT('',(47.549041374845,52.0530021865,26.6));
#2868 = CARTESIAN_POINT('',(47.531030610223,52.064967020351,26.6));
#2869 = CARTESIAN_POINT('',(47.508115037837,52.072795938777,26.6));
#2870 = CARTESIAN_POINT('',(47.480584545121,52.076598455291,26.6));
#2871 = CARTESIAN_POINT('',(47.44884146827,52.076598455291,26.6));
#2872 = ORIENTED_EDGE('',*,*,#2873,.F.);
#2873 = EDGE_CURVE('',#2874,#2859,#2876,.T.);
#2874 = VERTEX_POINT('',#2875);
#2875 = CARTESIAN_POINT('',(45.818138386814,45.668444939884,26.6));
#2876 = B_SPLINE_CURVE_WITH_KNOTS('',4,(#2877,#2878,#2879,#2880,#2881),
  .UNSPECIFIED.,.F.,.F.,(5,5),(0.,1.),.PIECEWISE_BEZIER_KNOTS.);
#2877 = CARTESIAN_POINT('',(45.818138386814,45.668444939884,26.6));
#2878 = CARTESIAN_POINT('',(46.257663826738,47.229078748308,26.6));
#2879 = CARTESIAN_POINT('',(46.697189266661,48.789712556732,26.6));
#2880 = CARTESIAN_POINT('',(47.136714706585,50.350346365156,26.6));
#2881 = CARTESIAN_POINT('',(47.576240146508,51.910980173581,26.6));
#2882 = ORIENTED_EDGE('',*,*,#2883,.F.);
#2883 = EDGE_CURVE('',#2884,#2874,#2886,.T.);
#2884 = VERTEX_POINT('',#2885);
#2885 = CARTESIAN_POINT('',(45.63978023728,45.541046261645,26.6));
#2886 = B_SPLINE_CURVE_WITH_KNOTS('',5,(#2887,#2888,#2889,#2890,#2891,
    #2892,#2893,#2894,#2895,#2896),.UNSPECIFIED.,.F.,.F.,(6,4,6),(0.,
    0.53730205375,1.),.UNSPECIFIED.);
#2887 = CARTESIAN_POINT('',(45.63978023728,45.541046261645,26.6));
#2888 = CARTESIAN_POINT('',(45.669594814484,45.541046261645,26.6));
#2889 = CARTESIAN_POINT('',(45.696737180547,45.544650271648,26.6));
#2890 = CARTESIAN_POINT('',(45.721061484021,45.551960367435,26.6));
#2891 = CARTESIAN_POINT('',(45.742464243325,45.563017769486,26.6));
#2892 = CARTESIAN_POINT('',(45.77677367643,45.590500116708,26.6));
#2893 = CARTESIAN_POINT('',(45.790448091885,45.60596716211,26.6));
#2894 = CARTESIAN_POINT('',(45.801892022819,45.624161481525,26.6));
#2895 = CARTESIAN_POINT('',(45.811110724483,45.645019398779,26.6));
#2896 = CARTESIAN_POINT('',(45.818138386814,45.668444939884,26.6));
#2897 = ORIENTED_EDGE('',*,*,#2898,.F.);
#2898 = EDGE_CURVE('',#2899,#2884,#2901,.T.);
#2899 = VERTEX_POINT('',#2900);
#2900 = CARTESIAN_POINT('',(43.970857552353,45.541046261645,26.6));
#2901 = B_SPLINE_CURVE_WITH_KNOTS('',4,(#2902,#2903,#2904,#2905,#2906),
  .UNSPECIFIED.,.F.,.F.,(5,5),(0.,1.),.PIECEWISE_BEZIER_KNOTS.);
#2902 = CARTESIAN_POINT('',(43.970857552353,45.541046261645,26.6));
#2903 = CARTESIAN_POINT('',(44.388088223585,45.541046261645,26.6));
#2904 = CARTESIAN_POINT('',(44.805318894816,45.541046261645,26.6));
#2905 = CARTESIAN_POINT('',(45.222549566048,45.541046261645,26.6));
#2906 = CARTESIAN_POINT('',(45.63978023728,45.541046261645,26.6));
#2907 = ORIENTED_EDGE('',*,*,#2908,.F.);
#2908 = EDGE_CURVE('',#2731,#2899,#2909,.T.);
#2909 = B_SPLINE_CURVE_WITH_KNOTS('',5,(#2910,#2911,#2912,#2913,#2914,
    #2915,#2916,#2917,#2918,#2919),.UNSPECIFIED.,.F.,.F.,(6,4,6),(0.,
    0.461702232689,1.),.UNSPECIFIED.);
#2910 = CARTESIAN_POINT('',(43.792499402819,45.668444939884,26.6));
#2911 = CARTESIAN_POINT('',(43.799511941759,45.645069810083,26.6));
#2912 = CARTESIAN_POINT('',(43.808706099184,45.624251268089,26.6));
#2913 = CARTESIAN_POINT('',(43.820115845116,45.60608466252,26.6));
#2914 = CARTESIAN_POINT('',(43.833746466068,45.590633333172,26.6));
#2915 = CARTESIAN_POINT('',(43.868014953462,45.563099811341,26.6));
#2916 = CARTESIAN_POINT('',(43.889441100733,45.552001048744,26.6));
#2917 = CARTESIAN_POINT('',(43.913800014718,45.544663641436,26.6));
#2918 = CARTESIAN_POINT('',(43.940987724389,45.541046261645,26.6));
#2919 = CARTESIAN_POINT('',(43.970857552353,45.541046261645,26.6));
#2920 = FACE_BOUND('',#2921,.T.);
#2921 = EDGE_LOOP('',(#2922,#2935,#2946,#2965,#2988,#3011,#3030,#3041,
    #3052,#3075,#3098,#3121));
#2922 = ORIENTED_EDGE('',*,*,#2923,.F.);
#2923 = EDGE_CURVE('',#2924,#2926,#2928,.T.);
#2924 = VERTEX_POINT('',#2925);
#2925 = CARTESIAN_POINT('',(47.971176049048,48.827932160204,26.6));
#2926 = VERTEX_POINT('',#2927);
#2927 = CARTESIAN_POINT('',(48.073094991639,47.515725774345,26.6));
#2928 = B_SPLINE_CURVE_WITH_KNOTS('',5,(#2929,#2930,#2931,#2932,#2933,
    #2934),.UNSPECIFIED.,.F.,.F.,(6,6),(0.,1.),
  .PIECEWISE_BEZIER_KNOTS.);
#2929 = CARTESIAN_POINT('',(47.971176049048,48.827932160204,26.6));
#2930 = CARTESIAN_POINT('',(47.971176049048,48.555322043423,26.6));
#2931 = CARTESIAN_POINT('',(47.980153610644,48.2867045393,26.6));
#2932 = CARTESIAN_POINT('',(47.999206335519,48.022930336954,26.6));
#2933 = CARTESIAN_POINT('',(48.029683415444,47.765342337469,26.6));
#2934 = CARTESIAN_POINT('',(48.073094991639,47.515725774345,26.6));
#2935 = ORIENTED_EDGE('',*,*,#2936,.F.);
#2936 = EDGE_CURVE('',#2937,#2924,#2939,.T.);
#2937 = VERTEX_POINT('',#2938);
#2938 = CARTESIAN_POINT('',(48.073094991639,50.140138546063,26.6));
#2939 = B_SPLINE_CURVE_WITH_KNOTS('',5,(#2940,#2941,#2942,#2943,#2944,
    #2945),.UNSPECIFIED.,.F.,.F.,(6,6),(0.,1.),
  .PIECEWISE_BEZIER_KNOTS.);
#2940 = CARTESIAN_POINT('',(48.073094991639,50.140138546063,26.6));
#2941 = CARTESIAN_POINT('',(48.029133444574,49.892854843821,26.6));
#2942 = CARTESIAN_POINT('',(47.998732236019,49.635924206235,26.6));
#2943 = CARTESIAN_POINT('',(47.979946479727,49.371771901041,26.6));
#2944 = CARTESIAN_POINT('',(47.971176049048,49.102110401494,26.6));
#2945 = CARTESIAN_POINT('',(47.971176049048,48.827932160204,26.6));
#2946 = ORIENTED_EDGE('',*,*,#2947,.F.);
#2947 = EDGE_CURVE('',#2948,#2937,#2950,.T.);
#2948 = VERTEX_POINT('',#2949);
#2949 = CARTESIAN_POINT('',(48.920296201927,51.637073015367,26.6));
#2950 = B_SPLINE_CURVE_WITH_KNOTS('',5,(#2951,#2952,#2953,#2954,#2955,
    #2956,#2957,#2958,#2959,#2960,#2961,#2962,#2963,#2964),
  .UNSPECIFIED.,.F.,.F.,(6,4,4,6),(0.,0.389126207667,0.791467225145,1.),
  .UNSPECIFIED.);
#2951 = CARTESIAN_POINT('',(48.920296201927,51.637073015367,26.6));
#2952 = CARTESIAN_POINT('',(48.811742308895,51.551990234342,26.6));
#2953 = CARTESIAN_POINT('',(48.709690369823,51.459733192081,26.6));
#2954 = CARTESIAN_POINT('',(48.615193572129,51.360291785241,26.6));
#2955 = CARTESIAN_POINT('',(48.52915788219,51.253945734713,26.6));
#2956 = CARTESIAN_POINT('',(48.372437034823,51.025175723074,26.6));
#2957 = CARTESIAN_POINT('',(48.302345636808,50.902289257267,26.6));
#2958 = CARTESIAN_POINT('',(48.242423831058,50.773663198269,26.6));
#2959 = CARTESIAN_POINT('',(48.192572204322,50.640349630465,26.6));
#2960 = CARTESIAN_POINT('',(48.131480096925,50.432458192578,26.6));
#2961 = CARTESIAN_POINT('',(48.113205479229,50.360512455897,26.6));
#2962 = CARTESIAN_POINT('',(48.0974455869,50.287727749416,26.6));
#2963 = CARTESIAN_POINT('',(48.084108947997,50.214232434288,26.6));
#2964 = CARTESIAN_POINT('',(48.073094991639,50.140138546063,26.6));
#2965 = ORIENTED_EDGE('',*,*,#2966,.F.);
#2966 = EDGE_CURVE('',#2967,#2948,#2969,.T.);
#2967 = VERTEX_POINT('',#2968);
#2968 = CARTESIAN_POINT('',(50.735727366829,52.191257265706,26.6));
#2969 = B_SPLINE_CURVE_WITH_KNOTS('',5,(#2970,#2971,#2972,#2973,#2974,
    #2975,#2976,#2977,#2978,#2979,#2980,#2981,#2982,#2983,#2984,#2985,
    #2986,#2987),.UNSPECIFIED.,.F.,.F.,(6,4,4,4,6),(0.,0.374120102424,
    0.668908535466,0.952823440784,1.),.UNSPECIFIED.);
#2970 = CARTESIAN_POINT('',(50.735727366829,52.191257265706,26.6));
#2971 = CARTESIAN_POINT('',(50.587143622706,52.191257265706,26.6));
#2972 = CARTESIAN_POINT('',(50.439325970924,52.185032169616,26.6));
#2973 = CARTESIAN_POINT('',(50.292650362138,52.171958387746,26.6));
#2974 = CARTESIAN_POINT('',(50.147686887287,52.15134045839,26.6));
#2975 = CARTESIAN_POINT('',(49.892854570538,52.099938935126,26.6));
#2976 = CARTESIAN_POINT('',(49.78206368564,52.072238541189,26.6));
#2977 = CARTESIAN_POINT('',(49.673153435873,52.039209309964,26.6));
#2978 = CARTESIAN_POINT('',(49.566551643744,52.000619854837,26.6));
#2979 = CARTESIAN_POINT('',(49.362689602984,51.913798327902,26.6));
#2980 = CARTESIAN_POINT('',(49.265222666867,51.865971582955,26.6));
#2981 = CARTESIAN_POINT('',(49.170715449348,51.812848715859,26.6));
#2982 = CARTESIAN_POINT('',(49.079540907257,51.754485586935,26.6));
#2983 = CARTESIAN_POINT('',(48.977460500347,51.680574543298,26.6));
#2984 = CARTESIAN_POINT('',(48.963015624133,51.669904504688,26.6));
#2985 = CARTESIAN_POINT('',(48.948672450492,51.659096838557,26.6));
#2986 = CARTESIAN_POINT('',(48.934432246863,51.648152618155,26.6));
#2987 = CARTESIAN_POINT('',(48.920296201927,51.637073015367,26.6));
#2988 = ORIENTED_EDGE('',*,*,#2989,.F.);
#2989 = EDGE_CURVE('',#2990,#2967,#2992,.T.);
#2990 = VERTEX_POINT('',#2991);
#2991 = CARTESIAN_POINT('',(52.525678796082,51.637073015367,26.6));
#2992 = B_SPLINE_CURVE_WITH_KNOTS('',5,(#2993,#2994,#2995,#2996,#2997,
    #2998,#2999,#3000,#3001,#3002,#3003,#3004,#3005,#3006,#3007,#3008,
    #3009,#3010),.UNSPECIFIED.,.F.,.F.,(6,4,4,4,6),(0.,
    5.761478151423E-02,0.338941456346,0.630002452115,1.),.UNSPECIFIED.);
#2993 = CARTESIAN_POINT('',(52.525678796082,51.637073015367,26.6));
#2994 = CARTESIAN_POINT('',(52.508746753251,51.650587581664,26.6));
#2995 = CARTESIAN_POINT('',(52.491658475311,51.663901813257,26.6));
#2996 = CARTESIAN_POINT('',(52.474416064885,51.677013487427,26.6));
#2997 = CARTESIAN_POINT('',(52.457021804363,51.689920601793,26.6));
#2998 = CARTESIAN_POINT('',(52.35381443983,51.764637857012,26.6));
#2999 = CARTESIAN_POINT('',(52.264584360003,51.821737945187,26.6));
#3000 = CARTESIAN_POINT('',(52.172087280052,51.873703313389,26.6));
#3001 = CARTESIAN_POINT('',(52.076687443456,51.920479671055,26.6));
#3002 = CARTESIAN_POINT('',(51.877497615046,52.005222187205,26.6));
#3003 = CARTESIAN_POINT('',(51.773524064128,52.042830472439,26.6));
#3004 = CARTESIAN_POINT('',(51.667297858463,52.075029713302,26.6));
#3005 = CARTESIAN_POINT('',(51.559233023022,52.102043391529,26.6));
#3006 = CARTESIAN_POINT('',(51.310427596369,52.152236847494,26.6));
#3007 = CARTESIAN_POINT('',(51.168775819569,52.172389192084,26.6));
#3008 = CARTESIAN_POINT('',(51.025435365914,52.185170430332,26.6));
#3009 = CARTESIAN_POINT('',(50.880963076053,52.191257265706,26.6));
#3010 = CARTESIAN_POINT('',(50.735727366829,52.191257265706,26.6));
#3011 = ORIENTED_EDGE('',*,*,#3012,.F.);
#3012 = EDGE_CURVE('',#3013,#2990,#3015,.T.);
#3013 = VERTEX_POINT('',#3014);
#3014 = CARTESIAN_POINT('',(53.37288000637,50.140138546063,26.6));
#3015 = B_SPLINE_CURVE_WITH_KNOTS('',5,(#3016,#3017,#3018,#3019,#3020,
    #3021,#3022,#3023,#3024,#3025,#3026,#3027,#3028,#3029),
  .UNSPECIFIED.,.F.,.F.,(6,4,4,6),(0.,0.220358772782,0.642564568319,1.),
  .UNSPECIFIED.);
#3016 = CARTESIAN_POINT('',(53.37288000637,50.140138546063,26.6));
#3017 = CARTESIAN_POINT('',(53.36021868699,50.218216682237,26.6));
#3018 = CARTESIAN_POINT('',(53.345076274,50.295615336098,26.6));
#3019 = CARTESIAN_POINT('',(53.327342221485,50.372209899803,26.6));
#3020 = CARTESIAN_POINT('',(53.306915697363,50.447856975354,26.6));
#3021 = CARTESIAN_POINT('',(53.239291451146,50.66522660144,26.6));
#3022 = CARTESIAN_POINT('',(53.184699324895,50.804037470025,26.6));
#3023 = CARTESIAN_POINT('',(53.119461706726,50.937652788979,26.6));
#3024 = CARTESIAN_POINT('',(53.043478378363,51.064920353609,26.6));
#3025 = CARTESIAN_POINT('',(52.884555413189,51.286518652052,26.6));
#3026 = CARTESIAN_POINT('',(52.80445195945,51.382933978309,26.6));
#3027 = CARTESIAN_POINT('',(52.717494363086,51.473619706642,26.6));
#3028 = CARTESIAN_POINT('',(52.624318250709,51.558342441491,26.6));
#3029 = CARTESIAN_POINT('',(52.525678796082,51.637073015367,26.6));
#3030 = ORIENTED_EDGE('',*,*,#3031,.F.);
#3031 = EDGE_CURVE('',#3032,#3013,#3034,.T.);
#3032 = VERTEX_POINT('',#3033);
#3033 = CARTESIAN_POINT('',(53.474798948961,48.827932160204,26.6));
#3034 = B_SPLINE_CURVE_WITH_KNOTS('',5,(#3035,#3036,#3037,#3038,#3039,
    #3040),.UNSPECIFIED.,.F.,.F.,(6,6),(0.,1.),
  .PIECEWISE_BEZIER_KNOTS.);
#3035 = CARTESIAN_POINT('',(53.474798948961,48.827932160204,26.6));
#3036 = CARTESIAN_POINT('',(53.474798948961,49.102110401526,26.6));
#3037 = CARTESIAN_POINT('',(53.46602851828,49.371771901041,26.6));
#3038 = CARTESIAN_POINT('',(53.447242761993,49.635924206244,26.6));
#3039 = CARTESIAN_POINT('',(53.416841553428,49.892854843858,26.6));
#3040 = CARTESIAN_POINT('',(53.37288000637,50.140138546063,26.6));
#3041 = ORIENTED_EDGE('',*,*,#3042,.F.);
#3042 = EDGE_CURVE('',#3043,#3032,#3045,.T.);
#3043 = VERTEX_POINT('',#3044);
#3044 = CARTESIAN_POINT('',(53.37288000637,47.528465642169,26.6));
#3045 = B_SPLINE_CURVE_WITH_KNOTS('',5,(#3046,#3047,#3048,#3049,#3050,
    #3051),.UNSPECIFIED.,.F.,.F.,(6,6),(0.,1.),
  .PIECEWISE_BEZIER_KNOTS.);
#3046 = CARTESIAN_POINT('',(53.37288000637,47.528465642169,26.6));
#3047 = CARTESIAN_POINT('',(53.416023331098,47.776539759357,26.6));
#3048 = CARTESIAN_POINT('',(53.446533643298,48.031877905035,26.6));
#3049 = CARTESIAN_POINT('',(53.465717681844,48.292948921787,26.6));
#3050 = CARTESIAN_POINT('',(53.474798948961,48.558562981755,26.6));
#3051 = CARTESIAN_POINT('',(53.474798948961,48.827932160204,26.6));
#3052 = ORIENTED_EDGE('',*,*,#3053,.F.);
#3053 = EDGE_CURVE('',#3054,#3043,#3056,.T.);
#3054 = VERTEX_POINT('',#3055);
#3055 = CARTESIAN_POINT('',(52.538418663906,45.993311569392,26.6));
#3056 = B_SPLINE_CURVE_WITH_KNOTS('',5,(#3057,#3058,#3059,#3060,#3061,
    #3062,#3063,#3064,#3065,#3066,#3067,#3068,#3069,#3070,#3071,#3072,
    #3073,#3074),.UNSPECIFIED.,.F.,.F.,(6,4,4,4,6),(0.,0.296628074069,
    0.520102217155,0.749211729584,1.),.UNSPECIFIED.);
#3057 = CARTESIAN_POINT('',(52.538418663906,45.993311569392,26.6));
#3058 = CARTESIAN_POINT('',(52.621345641989,46.059500992266,26.6));
#3059 = CARTESIAN_POINT('',(52.700221417634,46.130205530463,26.6));
#3060 = CARTESIAN_POINT('',(52.774577208354,46.205383627512,26.6));
#3061 = CARTESIAN_POINT('',(52.844022398703,46.284871051226,26.6));
#3062 = CARTESIAN_POINT('',(52.956724120701,46.431206407075,26.6));
#3063 = CARTESIAN_POINT('',(53.002219172046,46.496341695783,26.6));
#3064 = CARTESIAN_POINT('',(53.044675424601,46.563595141155,26.6));
#3065 = CARTESIAN_POINT('',(53.084045339886,46.632796540866,26.6));
#3066 = CARTESIAN_POINT('',(53.157531023005,46.776501147673,26.6));
#3067 = CARTESIAN_POINT('',(53.191490622212,46.851096793649,26.6));
#3068 = CARTESIAN_POINT('',(53.222212372149,46.927337377059,26.6));
#3069 = CARTESIAN_POINT('',(53.249762083913,47.005016620237,26.6));
#3070 = CARTESIAN_POINT('',(53.301030338358,47.170332270605,26.6));
#3071 = CARTESIAN_POINT('',(53.324139998148,47.258216429377,26.6));
#3072 = CARTESIAN_POINT('',(53.343698209445,47.347342524059,26.6));
#3073 = CARTESIAN_POINT('',(53.359883030496,47.437486811052,26.6));
#3074 = CARTESIAN_POINT('',(53.37288000637,47.528465642169,26.6));
#3075 = ORIENTED_EDGE('',*,*,#3076,.F.);
#3076 = EDGE_CURVE('',#3077,#3054,#3079,.T.);
#3077 = VERTEX_POINT('',#3078);
#3078 = CARTESIAN_POINT('',(50.735727366829,45.439127319054,26.6));
#3079 = B_SPLINE_CURVE_WITH_KNOTS('',5,(#3080,#3081,#3082,#3083,#3084,
    #3085,#3086,#3087,#3088,#3089,#3090,#3091,#3092,#3093,#3094,#3095,
    #3096,#3097),.UNSPECIFIED.,.F.,.F.,(6,4,4,4,6),(0.,0.382323185209,
    0.677569572621,0.961460750738,1.),.UNSPECIFIED.);
#3080 = CARTESIAN_POINT('',(50.735727366829,45.439127319054,26.6));
#3081 = CARTESIAN_POINT('',(50.886865951756,45.439127319054,26.6));
#3082 = CARTESIAN_POINT('',(51.037185737462,45.445568414361,26.6));
#3083 = CARTESIAN_POINT('',(51.186287444961,45.45912725494,26.6));
#3084 = CARTESIAN_POINT('',(51.33354913752,45.480570405504,26.6));
#3085 = CARTESIAN_POINT('',(51.589858336918,45.533703550062,26.6));
#3086 = CARTESIAN_POINT('',(51.699968167809,45.561946717561,26.6));
#3087 = CARTESIAN_POINT('',(51.808121481187,45.595574639011,26.6));
#3088 = CARTESIAN_POINT('',(51.91386990851,45.634831753994,26.6));
#3089 = CARTESIAN_POINT('',(52.115663245403,45.723036819248,26.6));
#3090 = CARTESIAN_POINT('',(52.211932494512,45.771557075381,26.6));
#3091 = CARTESIAN_POINT('',(52.305123318218,45.825426955377,26.6));
#3092 = CARTESIAN_POINT('',(52.39484712318,45.884587260741,26.6));
#3093 = CARTESIAN_POINT('',(52.492454992083,45.957517161123,26.6));
#3094 = CARTESIAN_POINT('',(52.504052179474,45.966327458821,26.6));
#3095 = CARTESIAN_POINT('',(52.515578991835,45.975230374038,26.6));
#3096 = CARTESIAN_POINT('',(52.527034712832,45.984225296516,26.6));
#3097 = CARTESIAN_POINT('',(52.538418663906,45.993311569392,26.6));
#3098 = ORIENTED_EDGE('',*,*,#3099,.F.);
#3099 = EDGE_CURVE('',#3100,#3077,#3102,.T.);
#3100 = VERTEX_POINT('',#3101);
#3101 = CARTESIAN_POINT('',(48.920296201927,45.993311569392,26.6));
#3102 = B_SPLINE_CURVE_WITH_KNOTS('',5,(#3103,#3104,#3105,#3106,#3107,
    #3108,#3109,#3110,#3111,#3112,#3113,#3114,#3115,#3116,#3117,#3118,
    #3119,#3120),.UNSPECIFIED.,.F.,.F.,(6,4,4,4,6),(0.,
    4.717655921622E-02,0.331091464534,0.625879897576,1.),.UNSPECIFIED.);
#3103 = CARTESIAN_POINT('',(48.920296201927,45.993311569392,26.6));
#3104 = CARTESIAN_POINT('',(48.934432246863,45.982231966604,26.6));
#3105 = CARTESIAN_POINT('',(48.948672450492,45.971287746203,26.6));
#3106 = CARTESIAN_POINT('',(48.963015624133,45.960480080072,26.6));
#3107 = CARTESIAN_POINT('',(48.977460500347,45.949810041462,26.6));
#3108 = CARTESIAN_POINT('',(49.079540907257,45.875898997825,26.6));
#3109 = CARTESIAN_POINT('',(49.170715449348,45.817535868901,26.6));
#3110 = CARTESIAN_POINT('',(49.265222666867,45.764413001805,26.6));
#3111 = CARTESIAN_POINT('',(49.362689602984,45.716586256858,26.6));
#3112 = CARTESIAN_POINT('',(49.566551643744,45.629764729923,26.6));
#3113 = CARTESIAN_POINT('',(49.673153435873,45.591175274796,26.6));
#3114 = CARTESIAN_POINT('',(49.78206368564,45.558146043571,26.6));
#3115 = CARTESIAN_POINT('',(49.892854570538,45.530445649634,26.6));
#3116 = CARTESIAN_POINT('',(50.147686887287,45.47904412637,26.6));
#3117 = CARTESIAN_POINT('',(50.292650362137,45.458426197014,26.6));
#3118 = CARTESIAN_POINT('',(50.439325970924,45.445352415144,26.6));
#3119 = CARTESIAN_POINT('',(50.587143622706,45.439127319054,26.6));
#3120 = CARTESIAN_POINT('',(50.735727366829,45.439127319054,26.6));
#3121 = ORIENTED_EDGE('',*,*,#3122,.F.);
#3122 = EDGE_CURVE('',#2926,#3100,#3123,.T.);
#3123 = B_SPLINE_CURVE_WITH_KNOTS('',5,(#3124,#3125,#3126,#3127,#3128,
    #3129,#3130,#3131,#3132,#3133,#3134,#3135,#3136,#3137),
  .UNSPECIFIED.,.F.,.F.,(6,4,4,6),(0.,0.229746240151,0.657345193589,1.),
  .UNSPECIFIED.);
#3124 = CARTESIAN_POINT('',(48.073094991639,47.515725774345,26.6));
#3125 = CARTESIAN_POINT('',(48.085100948645,47.432775525941,26.6));
#3126 = CARTESIAN_POINT('',(48.099878823778,47.350541698087,26.6));
#3127 = CARTESIAN_POINT('',(48.117570962334,47.269172155583,26.6));
#3128 = CARTESIAN_POINT('',(48.138310716881,47.188841970011,26.6));
#3129 = CARTESIAN_POINT('',(48.206648160745,46.962529655916,26.6));
#3130 = CARTESIAN_POINT('',(48.262007573296,46.819540770756,26.6));
#3131 = CARTESIAN_POINT('',(48.328875582954,46.682133693953,26.6));
#3132 = CARTESIAN_POINT('',(48.407414116647,46.551655734802,26.6));
#3133 = CARTESIAN_POINT('',(48.5684963492,46.331010031642,26.6));
#3134 = CARTESIAN_POINT('',(48.647165438628,46.237955355175,26.6));
#3135 = CARTESIAN_POINT('',(48.732457973677,46.150539263561,26.6));
#3136 = CARTESIAN_POINT('',(48.823748274446,46.06898426931,26.6));
#3137 = CARTESIAN_POINT('',(48.920296201927,45.993311569392,26.6));
#3138 = FACE_BOUND('',#3139,.T.);
#3139 = EDGE_LOOP('',(#3140,#3152,#3162,#3177,#3187,#3202,#3212,#3225,
    #3235,#3245,#3260,#3270,#3285,#3295,#3310,#3320));
#3140 = ORIENTED_EDGE('',*,*,#3141,.F.);
#3141 = EDGE_CURVE('',#3142,#3144,#3146,.T.);
#3142 = VERTEX_POINT('',#3143);
#3143 = CARTESIAN_POINT('',(57.080181543116,51.936459909228,26.6));
#3144 = VERTEX_POINT('',#3145);
#3145 = CARTESIAN_POINT('',(58.863763038458,45.668444939884,26.6));
#3146 = B_SPLINE_CURVE_WITH_KNOTS('',4,(#3147,#3148,#3149,#3150,#3151),
  .UNSPECIFIED.,.F.,.F.,(5,5),(0.,1.),.PIECEWISE_BEZIER_KNOTS.);
#3147 = CARTESIAN_POINT('',(57.080181543116,51.936459909228,26.6));
#3148 = CARTESIAN_POINT('',(57.526076916952,50.369456166892,26.6));
#3149 = CARTESIAN_POINT('',(57.971972290787,48.802452424556,26.6));
#3150 = CARTESIAN_POINT('',(58.417867664623,47.23544868222,26.6));
#3151 = CARTESIAN_POINT('',(58.863763038458,45.668444939884,26.6));
#3152 = ORIENTED_EDGE('',*,*,#3153,.F.);
#3153 = EDGE_CURVE('',#3154,#3142,#3156,.T.);
#3154 = VERTEX_POINT('',#3155);
#3155 = CARTESIAN_POINT('',(57.067441675293,51.987419380524,26.6));
#3156 = B_SPLINE_CURVE_WITH_KNOTS('',4,(#3157,#3158,#3159,#3160,#3161),
  .UNSPECIFIED.,.F.,.F.,(5,5),(0.,1.),.PIECEWISE_BEZIER_KNOTS.);
#3157 = CARTESIAN_POINT('',(57.067441675293,51.987419380524,26.6));
#3158 = CARTESIAN_POINT('',(57.070626642249,51.9746795127,26.6));
#3159 = CARTESIAN_POINT('',(57.073811609205,51.961939644876,26.6));
#3160 = CARTESIAN_POINT('',(57.076996576161,51.949199777052,26.6));
#3161 = CARTESIAN_POINT('',(57.080181543116,51.936459909228,26.6));
#3162 = ORIENTED_EDGE('',*,*,#3163,.F.);
#3163 = EDGE_CURVE('',#3164,#3154,#3166,.T.);
#3164 = VERTEX_POINT('',#3165);
#3165 = CARTESIAN_POINT('',(57.207580221355,52.102078190939,26.6));
#3166 = B_SPLINE_CURVE_WITH_KNOTS('',5,(#3167,#3168,#3169,#3170,#3171,
    #3172,#3173,#3174,#3175,#3176),.UNSPECIFIED.,.F.,.F.,(6,4,6),(0.,
    0.599989961636,1.),.UNSPECIFIED.);
#3167 = CARTESIAN_POINT('',(57.207580221355,52.102078190939,26.6));
#3168 = CARTESIAN_POINT('',(57.174496346425,52.102078190939,26.6));
#3169 = CARTESIAN_POINT('',(57.145935700285,52.098084229547,26.6));
#3170 = CARTESIAN_POINT('',(57.122213183034,52.089923240186,26.6));
#3171 = CARTESIAN_POINT('',(57.103542061033,52.077518438477,26.6));
#3172 = CARTESIAN_POINT('',(57.080931737091,52.049884737192,26.6));
#3173 = CARTESIAN_POINT('',(57.07415600531,52.036974558506,26.6));
#3174 = CARTESIAN_POINT('',(57.069664978549,52.022227287658,26.6));
#3175 = CARTESIAN_POINT('',(57.067441675293,52.005687268497,26.6));
#3176 = CARTESIAN_POINT('',(57.067441675293,51.987419380524,26.6));
#3177 = ORIENTED_EDGE('',*,*,#3178,.F.);
#3178 = EDGE_CURVE('',#3179,#3164,#3181,.T.);
#3179 = VERTEX_POINT('',#3180);
#3180 = CARTESIAN_POINT('',(58.838283302811,52.102078190939,26.6));
#3181 = B_SPLINE_CURVE_WITH_KNOTS('',4,(#3182,#3183,#3184,#3185,#3186),
  .UNSPECIFIED.,.F.,.F.,(5,5),(0.,1.),.PIECEWISE_BEZIER_KNOTS.);
#3182 = CARTESIAN_POINT('',(58.838283302811,52.102078190939,26.6));
#3183 = CARTESIAN_POINT('',(58.430607532447,52.102078190939,26.6));
#3184 = CARTESIAN_POINT('',(58.022931762083,52.102078190939,26.6));
#3185 = CARTESIAN_POINT('',(57.615255991719,52.102078190939,26.6));
#3186 = CARTESIAN_POINT('',(57.207580221355,52.102078190939,26.6));
#3187 = ORIENTED_EDGE('',*,*,#3188,.F.);
#3188 = EDGE_CURVE('',#3189,#3179,#3191,.T.);
#3189 = VERTEX_POINT('',#3190);
#3190 = CARTESIAN_POINT('',(59.003901584521,51.961939644876,26.6));
#3191 = B_SPLINE_CURVE_WITH_KNOTS('',5,(#3192,#3193,#3194,#3195,#3196,
    #3197,#3198,#3199,#3200,#3201),.UNSPECIFIED.,.F.,.F.,(6,4,6),(0.,
    0.510101074523,1.),.UNSPECIFIED.);
#3192 = CARTESIAN_POINT('',(59.003901584521,51.961939644876,26.6));
#3193 = CARTESIAN_POINT('',(58.998758769915,51.990225125211,26.6));
#3194 = CARTESIAN_POINT('',(58.99065617503,52.015164336373,26.6));
#3195 = CARTESIAN_POINT('',(58.979514280947,52.036578401439,26.6));
#3196 = CARTESIAN_POINT('',(58.965308832608,52.054347129998,26.6));
#3197 = CARTESIAN_POINT('',(58.931552120661,52.081956944473,26.6));
#3198 = CARTESIAN_POINT('',(58.912233791662,52.092084996688,26.6));
#3199 = CARTESIAN_POINT('',(58.890177572505,52.098779103136,26.6));
#3200 = CARTESIAN_POINT('',(58.865481261182,52.102078190939,26.6));
#3201 = CARTESIAN_POINT('',(58.838283302811,52.102078190939,26.6));
#3202 = ORIENTED_EDGE('',*,*,#3203,.F.);
#3203 = EDGE_CURVE('',#3204,#3189,#3206,.T.);
#3204 = VERTEX_POINT('',#3205);
#3205 = CARTESIAN_POINT('',(59.831992993073,48.152719165539,26.6));
#3206 = B_SPLINE_CURVE_WITH_KNOTS('',4,(#3207,#3208,#3209,#3210,#3211),
  .UNSPECIFIED.,.F.,.F.,(5,5),(0.,1.),.PIECEWISE_BEZIER_KNOTS.);
#3207 = CARTESIAN_POINT('',(59.831992993073,48.152719165539,26.6));
#3208 = CARTESIAN_POINT('',(59.624970140935,49.105024285373,26.6));
#3209 = CARTESIAN_POINT('',(59.417947288797,50.057329405207,26.6));
#3210 = CARTESIAN_POINT('',(59.210924436659,51.009634525042,26.6));
#3211 = CARTESIAN_POINT('',(59.003901584521,51.961939644876,26.6));
#3212 = ORIENTED_EDGE('',*,*,#3213,.F.);
#3213 = EDGE_CURVE('',#3214,#3204,#3216,.T.);
#3214 = VERTEX_POINT('',#3215);
#3215 = CARTESIAN_POINT('',(59.870212596544,48.101759694243,26.6));
#3216 = B_SPLINE_CURVE_WITH_KNOTS('',4,(#3217,#3218,#3219,#3220,#3221,
    #3222,#3223,#3224),.UNSPECIFIED.,.F.,.F.,(5,3,5),(0.,0.115856845077,
    1.),.UNSPECIFIED.);
#3217 = CARTESIAN_POINT('',(59.870212596544,48.101759694243,26.6));
#3218 = CARTESIAN_POINT('',(59.868734846401,48.101759694243,26.6));
#3219 = CARTESIAN_POINT('',(59.867285590655,48.101873967824,26.6));
#3220 = CARTESIAN_POINT('',(59.865864872208,48.10210254074,26.6));
#3221 = CARTESIAN_POINT('',(59.853848778796,48.105061918311,26.6));
#3222 = CARTESIAN_POINT('',(59.84488877495,48.114334605305,26.6));
#3223 = CARTESIAN_POINT('',(59.837608016115,48.130259073371,26.6));
#3224 = CARTESIAN_POINT('',(59.831992993073,48.152719165539,26.6));
#3225 = ORIENTED_EDGE('',*,*,#3226,.F.);
#3226 = EDGE_CURVE('',#3227,#3214,#3229,.T.);
#3227 = VERTEX_POINT('',#3228);
#3228 = CARTESIAN_POINT('',(59.908432200016,48.152719165539,26.6));
#3229 = B_SPLINE_CURVE_WITH_KNOTS('',4,(#3230,#3231,#3232,#3233,#3234),
  .UNSPECIFIED.,.F.,.F.,(5,5),(0.,1.),.PIECEWISE_BEZIER_KNOTS.);
#3230 = CARTESIAN_POINT('',(59.908432200016,48.152719165539,26.6));
#3231 = CARTESIAN_POINT('',(59.902081395942,48.127315949244,26.6));
#3232 = CARTESIAN_POINT('',(59.893599703768,48.110273301946,26.6));
#3233 = CARTESIAN_POINT('',(59.882967557238,48.101759694243,26.6));
#3234 = CARTESIAN_POINT('',(59.870212596544,48.101759694243,26.6));
#3235 = ORIENTED_EDGE('',*,*,#3236,.F.);
#3236 = EDGE_CURVE('',#3237,#3227,#3239,.T.);
#3237 = VERTEX_POINT('',#3238);
#3238 = CARTESIAN_POINT('',(60.723783740744,51.961939644876,26.6));
#3239 = B_SPLINE_CURVE_WITH_KNOTS('',4,(#3240,#3241,#3242,#3243,#3244),
  .UNSPECIFIED.,.F.,.F.,(5,5),(0.,1.),.PIECEWISE_BEZIER_KNOTS.);
#3240 = CARTESIAN_POINT('',(60.723783740744,51.961939644876,26.6));
#3241 = CARTESIAN_POINT('',(60.519945855562,51.009634525042,26.6));
#3242 = CARTESIAN_POINT('',(60.31610797038,50.057329405207,26.6));
#3243 = CARTESIAN_POINT('',(60.112270085198,49.105024285373,26.6));
#3244 = CARTESIAN_POINT('',(59.908432200016,48.152719165539,26.6));
#3245 = ORIENTED_EDGE('',*,*,#3246,.F.);
#3246 = EDGE_CURVE('',#3247,#3237,#3249,.T.);
#3247 = VERTEX_POINT('',#3248);
#3248 = CARTESIAN_POINT('',(60.889402022454,52.102078190939,26.6));
#3249 = B_SPLINE_CURVE_WITH_KNOTS('',5,(#3250,#3251,#3252,#3253,#3254,
    #3255,#3256,#3257,#3258,#3259),.UNSPECIFIED.,.F.,.F.,(6,4,6),(0.,
    0.490893725577,1.),.UNSPECIFIED.);
#3250 = CARTESIAN_POINT('',(60.889402022454,52.102078190939,26.6));
#3251 = CARTESIAN_POINT('',(60.862148835866,52.102078190939,26.6));
#3252 = CARTESIAN_POINT('',(60.837407459657,52.098765691377,26.6));
#3253 = CARTESIAN_POINT('',(60.815317198987,52.092044172056,26.6));
#3254 = CARTESIAN_POINT('',(60.795976357149,52.081874594334,26.6));
#3255 = CARTESIAN_POINT('',(60.762265748533,52.054208434611,26.6));
#3256 = CARTESIAN_POINT('',(60.748105888142,52.036453073022,26.6));
#3257 = CARTESIAN_POINT('',(60.736997557376,52.015067044444,26.6));
#3258 = CARTESIAN_POINT('',(60.728916526028,51.990169963938,26.6));
#3259 = CARTESIAN_POINT('',(60.723783740744,51.961939644876,26.6));
#3260 = ORIENTED_EDGE('',*,*,#3261,.F.);
#3261 = EDGE_CURVE('',#3262,#3247,#3264,.T.);
#3262 = VERTEX_POINT('',#3263);
#3263 = CARTESIAN_POINT('',(62.52010510391,52.076598455291,26.6));
#3264 = B_SPLINE_CURVE_WITH_KNOTS('',4,(#3265,#3266,#3267,#3268,#3269),
  .UNSPECIFIED.,.F.,.F.,(5,5),(0.,1.),.PIECEWISE_BEZIER_KNOTS.);
#3265 = CARTESIAN_POINT('',(62.52010510391,52.076598455291,26.6));
#3266 = CARTESIAN_POINT('',(62.112429333546,52.082968389203,26.6));
#3267 = CARTESIAN_POINT('',(61.704753563182,52.089338323115,26.6));
#3268 = CARTESIAN_POINT('',(61.297077792818,52.095708257027,26.6));
#3269 = CARTESIAN_POINT('',(60.889402022454,52.102078190939,26.6));
#3270 = ORIENTED_EDGE('',*,*,#3271,.F.);
#3271 = EDGE_CURVE('',#3272,#3262,#3274,.T.);
#3272 = VERTEX_POINT('',#3273);
#3273 = CARTESIAN_POINT('',(62.647503782148,51.910980173581,26.6));
#3274 = B_SPLINE_CURVE_WITH_KNOTS('',5,(#3275,#3276,#3277,#3278,#3279,
    #3280,#3281,#3282,#3283,#3284),.UNSPECIFIED.,.F.,.F.,(6,4,6),(0.,
    0.511221075631,1.),.UNSPECIFIED.);
#3275 = CARTESIAN_POINT('',(62.647503782148,51.910980173581,26.6));
#3276 = CARTESIAN_POINT('',(62.655145320348,51.944093505778,26.6));
#3277 = CARTESIAN_POINT('',(62.657816000325,51.973597354704,26.6));
#3278 = CARTESIAN_POINT('',(62.655158448748,51.999086878568,26.6));
#3279 = CARTESIAN_POINT('',(62.646969118419,52.020254169858,26.6));
#3280 = CARTESIAN_POINT('',(62.620305010484,52.0530021865,26.6));
#3281 = CARTESIAN_POINT('',(62.602294245863,52.064967020351,26.6));
#3282 = CARTESIAN_POINT('',(62.579378673477,52.072795938777,26.6));
#3283 = CARTESIAN_POINT('',(62.551848180761,52.076598455291,26.6));
#3284 = CARTESIAN_POINT('',(62.52010510391,52.076598455291,26.6));
#3285 = ORIENTED_EDGE('',*,*,#3286,.F.);
#3286 = EDGE_CURVE('',#3287,#3272,#3289,.T.);
#3287 = VERTEX_POINT('',#3288);
#3288 = CARTESIAN_POINT('',(60.889402022454,45.668444939884,26.6));
#3289 = B_SPLINE_CURVE_WITH_KNOTS('',4,(#3290,#3291,#3292,#3293,#3294),
  .UNSPECIFIED.,.F.,.F.,(5,5),(0.,1.),.PIECEWISE_BEZIER_KNOTS.);
#3290 = CARTESIAN_POINT('',(60.889402022454,45.668444939884,26.6));
#3291 = CARTESIAN_POINT('',(61.328927462378,47.229078748308,26.6));
#3292 = CARTESIAN_POINT('',(61.768452902301,48.789712556732,26.6));
#3293 = CARTESIAN_POINT('',(62.207978342225,50.350346365156,26.6));
#3294 = CARTESIAN_POINT('',(62.647503782148,51.910980173581,26.6));
#3295 = ORIENTED_EDGE('',*,*,#3296,.F.);
#3296 = EDGE_CURVE('',#3297,#3287,#3299,.T.);
#3297 = VERTEX_POINT('',#3298);
#3298 = CARTESIAN_POINT('',(60.71104387292,45.541046261645,26.6));
#3299 = B_SPLINE_CURVE_WITH_KNOTS('',5,(#3300,#3301,#3302,#3303,#3304,
    #3305,#3306,#3307,#3308,#3309),.UNSPECIFIED.,.F.,.F.,(6,4,6),(0.,
    0.53730205375,1.),.UNSPECIFIED.);
#3300 = CARTESIAN_POINT('',(60.71104387292,45.541046261645,26.6));
#3301 = CARTESIAN_POINT('',(60.740858450124,45.541046261645,26.6));
#3302 = CARTESIAN_POINT('',(60.768000816186,45.544650271648,26.6));
#3303 = CARTESIAN_POINT('',(60.792325119661,45.551960367435,26.6));
#3304 = CARTESIAN_POINT('',(60.813727878965,45.563017769486,26.6));
#3305 = CARTESIAN_POINT('',(60.84803731207,45.590500116708,26.6));
#3306 = CARTESIAN_POINT('',(60.861711727525,45.60596716211,26.6));
#3307 = CARTESIAN_POINT('',(60.873155658458,45.624161481525,26.6));
#3308 = CARTESIAN_POINT('',(60.882374360122,45.645019398779,26.6));
#3309 = CARTESIAN_POINT('',(60.889402022454,45.668444939884,26.6));
#3310 = ORIENTED_EDGE('',*,*,#3311,.F.);
#3311 = EDGE_CURVE('',#3312,#3297,#3314,.T.);
#3312 = VERTEX_POINT('',#3313);
#3313 = CARTESIAN_POINT('',(59.042121187993,45.541046261645,26.6));
#3314 = B_SPLINE_CURVE_WITH_KNOTS('',4,(#3315,#3316,#3317,#3318,#3319),
  .UNSPECIFIED.,.F.,.F.,(5,5),(0.,1.),.PIECEWISE_BEZIER_KNOTS.);
#3315 = CARTESIAN_POINT('',(59.042121187993,45.541046261645,26.6));
#3316 = CARTESIAN_POINT('',(59.459351859224,45.541046261645,26.6));
#3317 = CARTESIAN_POINT('',(59.876582530456,45.541046261645,26.6));
#3318 = CARTESIAN_POINT('',(60.293813201688,45.541046261645,26.6));
#3319 = CARTESIAN_POINT('',(60.71104387292,45.541046261645,26.6));
#3320 = ORIENTED_EDGE('',*,*,#3321,.F.);
#3321 = EDGE_CURVE('',#3144,#3312,#3322,.T.);
#3322 = B_SPLINE_CURVE_WITH_KNOTS('',5,(#3323,#3324,#3325,#3326,#3327,
    #3328,#3329,#3330,#3331,#3332),.UNSPECIFIED.,.F.,.F.,(6,4,6),(0.,
    0.461702232689,1.),.UNSPECIFIED.);
#3323 = CARTESIAN_POINT('',(58.863763038458,45.668444939884,26.6));
#3324 = CARTESIAN_POINT('',(58.870775577399,45.645069810083,26.6));
#3325 = CARTESIAN_POINT('',(58.879969734824,45.624251268089,26.6));
#3326 = CARTESIAN_POINT('',(58.891379480756,45.60608466252,26.6));
#3327 = CARTESIAN_POINT('',(58.905010101708,45.590633333172,26.6));
#3328 = CARTESIAN_POINT('',(58.939278589102,45.563099811341,26.6));
#3329 = CARTESIAN_POINT('',(58.960704736373,45.552001048744,26.6));
#3330 = CARTESIAN_POINT('',(58.985063650358,45.544663641436,26.6));
#3331 = CARTESIAN_POINT('',(59.012251360029,45.541046261645,26.6));
#3332 = CARTESIAN_POINT('',(59.042121187993,45.541046261645,26.6));
#3333 = FACE_BOUND('',#3334,.T.);
#3334 = EDGE_LOOP('',(#3335,#3347,#3362,#3372,#3385,#3397,#3412,#3427,
    #3450,#3465,#3475,#3490,#3512,#3534,#3556,#3579,#3600,#3611,#3630,
    #3653,#3676,#3695));
#3335 = ORIENTED_EDGE('',*,*,#3336,.F.);
#3336 = EDGE_CURVE('',#3337,#3339,#3341,.T.);
#3337 = VERTEX_POINT('',#3338);
#3338 = CARTESIAN_POINT('',(68.456883509834,48.382036786368,26.6));
#3339 = VERTEX_POINT('',#3340);
#3340 = CARTESIAN_POINT('',(68.469623377657,48.878891631499,26.6));
#3341 = B_SPLINE_CURVE_WITH_KNOTS('',4,(#3342,#3343,#3344,#3345,#3346),
  .UNSPECIFIED.,.F.,.F.,(5,5),(0.,1.),.PIECEWISE_BEZIER_KNOTS.);
#3342 = CARTESIAN_POINT('',(68.456883509834,48.382036786368,26.6));
#3343 = CARTESIAN_POINT('',(68.46006847679,48.506250497651,26.6));
#3344 = CARTESIAN_POINT('',(68.463253443746,48.630464208934,26.6));
#3345 = CARTESIAN_POINT('',(68.466438410701,48.754677920217,26.6));
#3346 = CARTESIAN_POINT('',(68.469623377657,48.878891631499,26.6));
#3347 = ORIENTED_EDGE('',*,*,#3348,.F.);
#3348 = EDGE_CURVE('',#3349,#3337,#3351,.T.);
#3349 = VERTEX_POINT('',#3350);
#3350 = CARTESIAN_POINT('',(68.304005095947,48.229158372482,26.6));
#3351 = B_SPLINE_CURVE_WITH_KNOTS('',5,(#3352,#3353,#3354,#3355,#3356,
    #3357,#3358,#3359,#3360,#3361),.UNSPECIFIED.,.F.,.F.,(6,4,6),(0.,
    0.499007392399,1.),.UNSPECIFIED.);
#3352 = CARTESIAN_POINT('',(68.304005095947,48.229158372482,26.6));
#3353 = CARTESIAN_POINT('',(68.334080873393,48.229158372482,26.6));
#3354 = CARTESIAN_POINT('',(68.360777210681,48.232856368645,26.6));
#3355 = CARTESIAN_POINT('',(68.383845367098,48.24040908885,26.6));
#3356 = CARTESIAN_POINT('',(68.403110024564,48.251885880353,26.6));
#3357 = CARTESIAN_POINT('',(68.433972995214,48.282625645532,26.6));
#3358 = CARTESIAN_POINT('',(68.445542455249,48.301921355755,26.6));
#3359 = CARTESIAN_POINT('',(68.453156032798,48.325052286764,26.6));
#3360 = CARTESIAN_POINT('',(68.456883509834,48.351841361305,26.6));
#3361 = CARTESIAN_POINT('',(68.456883509834,48.382036786368,26.6));
#3362 = ORIENTED_EDGE('',*,*,#3363,.F.);
#3363 = EDGE_CURVE('',#3364,#3349,#3366,.T.);
#3364 = VERTEX_POINT('',#3365);
#3365 = CARTESIAN_POINT('',(64.927940122621,48.229158372482,26.6));
#3366 = B_SPLINE_CURVE_WITH_KNOTS('',4,(#3367,#3368,#3369,#3370,#3371),
  .UNSPECIFIED.,.F.,.F.,(5,5),(0.,1.),.PIECEWISE_BEZIER_KNOTS.);
#3367 = CARTESIAN_POINT('',(64.927940122621,48.229158372482,26.6));
#3368 = CARTESIAN_POINT('',(65.771956365953,48.229158372482,26.6));
#3369 = CARTESIAN_POINT('',(66.615972609284,48.229158372482,26.6));
#3370 = CARTESIAN_POINT('',(67.459988852616,48.229158372482,26.6));
#3371 = CARTESIAN_POINT('',(68.304005095947,48.229158372482,26.6));
#3372 = ORIENTED_EDGE('',*,*,#3373,.F.);
#3373 = EDGE_CURVE('',#3374,#3364,#3376,.T.);
#3374 = VERTEX_POINT('',#3375);
#3375 = CARTESIAN_POINT('',(64.864240783502,48.165459033363,26.6));
#3376 = B_SPLINE_CURVE_WITH_KNOTS('',4,(#3377,#3378,#3379,#3380,#3381,
    #3382,#3383,#3384),.UNSPECIFIED.,.F.,.F.,(5,3,5),(0.,0.49999999985,
    1.),.UNSPECIFIED.);
#3377 = CARTESIAN_POINT('',(64.864240783502,48.165459033363,26.6));
#3378 = CARTESIAN_POINT('',(64.864240783502,48.181341400146,26.6));
#3379 = CARTESIAN_POINT('',(64.866880730679,48.194626042217,26.6));
#3380 = CARTESIAN_POINT('',(64.872192535026,48.205260454446,26.6));
#3381 = CARTESIAN_POINT('',(64.888138701543,48.221206620963,26.6));
#3382 = CARTESIAN_POINT('',(64.89877311372,48.22651842533,26.6));
#3383 = CARTESIAN_POINT('',(64.912057755851,48.229158372482,26.6));
#3384 = CARTESIAN_POINT('',(64.927940122621,48.229158372482,26.6));
#3385 = ORIENTED_EDGE('',*,*,#3386,.F.);
#3386 = EDGE_CURVE('',#3387,#3374,#3389,.T.);
#3387 = VERTEX_POINT('',#3388);
#3388 = CARTESIAN_POINT('',(64.915200254797,47.732303527351,26.6));
#3389 = B_SPLINE_CURVE_WITH_KNOTS('',6,(#3390,#3391,#3392,#3393,#3394,
    #3395,#3396),.UNSPECIFIED.,.F.,.F.,(7,7),(0.,1.),
  .PIECEWISE_BEZIER_KNOTS.);
#3390 = CARTESIAN_POINT('',(64.915200254797,47.732303527351,26.6));
#3391 = CARTESIAN_POINT('',(64.906264057453,47.781452612743,26.6));
#3392 = CARTESIAN_POINT('',(64.897477555866,47.84106117818,26.6));
#3393 = CARTESIAN_POINT('',(64.888870455608,47.91025634673,26.6));
#3394 = CARTESIAN_POINT('',(64.880458781664,47.988013514594,26.6));
#3395 = CARTESIAN_POINT('',(64.872249229413,48.073361905384,26.6));
#3396 = CARTESIAN_POINT('',(64.864240783502,48.165459033363,26.6));
#3397 = ORIENTED_EDGE('',*,*,#3398,.F.);
#3398 = EDGE_CURVE('',#3399,#3387,#3401,.T.);
#3399 = VERTEX_POINT('',#3400);
#3400 = CARTESIAN_POINT('',(65.227327016482,47.171749343101,26.6));
#3401 = B_SPLINE_CURVE_WITH_KNOTS('',5,(#3402,#3403,#3404,#3405,#3406,
    #3407,#3408,#3409,#3410,#3411),.UNSPECIFIED.,.F.,.F.,(6,4,6),(0.,
    0.253527402627,1.),.UNSPECIFIED.);
#3402 = CARTESIAN_POINT('',(65.227327016482,47.171749343101,26.6));
#3403 = CARTESIAN_POINT('',(65.201978811245,47.192547870475,26.6));
#3404 = CARTESIAN_POINT('',(65.177765053442,47.214396529838,26.6));
#3405 = CARTESIAN_POINT('',(65.154720475654,47.237288220602,26.6));
#3406 = CARTESIAN_POINT('',(65.132871955534,47.261208059391,26.6));
#3407 = CARTESIAN_POINT('',(65.051486513507,47.359522168229,26.6));
#3408 = CARTESIAN_POINT('',(65.001254121778,47.441644337858,26.6));
#3409 = CARTESIAN_POINT('',(64.962071006243,47.531877217179,26.6));
#3410 = CARTESIAN_POINT('',(64.933619385487,47.629156395487,26.6));
#3411 = CARTESIAN_POINT('',(64.915200254797,47.732303527351,26.6));
#3412 = ORIENTED_EDGE('',*,*,#3413,.F.);
#3413 = EDGE_CURVE('',#3414,#3399,#3416,.T.);
#3414 = VERTEX_POINT('',#3415);
#3415 = CARTESIAN_POINT('',(65.84521060594,46.967911457919,26.6));
#3416 = B_SPLINE_CURVE_WITH_KNOTS('',5,(#3417,#3418,#3419,#3420,#3421,
    #3422,#3423,#3424,#3425,#3426),.UNSPECIFIED.,.F.,.F.,(6,4,6),(0.,
    0.798481360859,1.),.UNSPECIFIED.);
#3417 = CARTESIAN_POINT('',(65.84521060594,46.967911457919,26.6));
#3418 = CARTESIAN_POINT('',(65.731266219021,46.967911457919,26.6));
#3419 = CARTESIAN_POINT('',(65.621934932749,46.98002980839,26.6));
#3420 = CARTESIAN_POINT('',(65.518479463054,47.005361456719,26.6));
#3421 = CARTESIAN_POINT('',(65.42212630647,47.04454678863,26.6));
#3422 = CARTESIAN_POINT('',(65.311410923882,47.110321166494,26.6));
#3423 = CARTESIAN_POINT('',(65.289604536875,47.124426111459,26.6));
#3424 = CARTESIAN_POINT('',(65.268315477918,47.139373745643,26.6));
#3425 = CARTESIAN_POINT('',(65.247553781841,47.155153022806,26.6));
#3426 = CARTESIAN_POINT('',(65.227327016482,47.171749343101,26.6));
#3427 = ORIENTED_EDGE('',*,*,#3428,.F.);
#3428 = EDGE_CURVE('',#3429,#3414,#3431,.T.);
#3429 = VERTEX_POINT('',#3430);
#3430 = CARTESIAN_POINT('',(66.711521617963,47.541205509993,26.6));
#3431 = B_SPLINE_CURVE_WITH_KNOTS('',5,(#3432,#3433,#3434,#3435,#3436,
    #3437,#3438,#3439,#3440,#3441,#3442,#3443,#3444,#3445,#3446,#3447,
    #3448,#3449),.UNSPECIFIED.,.F.,.F.,(6,4,4,4,6),(0.,0.166068302956,
    0.479753717215,0.81568245316,1.),.UNSPECIFIED.);
#3432 = CARTESIAN_POINT('',(66.711521617963,47.541205509993,26.6));
#3433 = CARTESIAN_POINT('',(66.696323552591,47.506009990183,26.6));
#3434 = CARTESIAN_POINT('',(66.679978280518,47.471688321894,26.6));
#3435 = CARTESIAN_POINT('',(66.662442542353,47.438330982691,26.6));
#3436 = CARTESIAN_POINT('',(66.643680191548,47.406037305187,26.6));
#3437 = CARTESIAN_POINT('',(66.585879234877,47.316105031982,26.6));
#3438 = CARTESIAN_POINT('',(66.543631480783,47.261437641157,26.6));
#3439 = CARTESIAN_POINT('',(66.496822174077,47.211618702164,26.6));
#3440 = CARTESIAN_POINT('',(66.445537446154,47.167266571137,26.6));
#3441 = CARTESIAN_POINT('',(66.331015337014,47.087388855947,26.6));
#3442 = CARTESIAN_POINT('',(66.267160321441,47.052692802325,26.6));
#3443 = CARTESIAN_POINT('',(66.199233771542,47.025007040869,26.6));
#3444 = CARTESIAN_POINT('',(66.127997807981,47.004124447526,26.6));
#3445 = CARTESIAN_POINT('',(66.013743479221,46.981605701247,26.6));
#3446 = CARTESIAN_POINT('',(65.972492289504,46.975535254591,26.6));
#3447 = CARTESIAN_POINT('',(65.930585465175,46.97129523384,26.6));
#3448 = CARTESIAN_POINT('',(65.888128784354,46.968787339111,26.6));
#3449 = CARTESIAN_POINT('',(65.84521060594,46.967911457919,26.6));
#3450 = ORIENTED_EDGE('',*,*,#3451,.F.);
#3451 = EDGE_CURVE('',#3452,#3429,#3454,.T.);
#3452 = VERTEX_POINT('',#3453);
#3453 = CARTESIAN_POINT('',(66.902619635321,47.643124452584,26.6));
#3454 = B_SPLINE_CURVE_WITH_KNOTS('',5,(#3455,#3456,#3457,#3458,#3459,
    #3460,#3461,#3462,#3463,#3464),.UNSPECIFIED.,.F.,.F.,(6,4,6),(0.,
    0.437472717305,1.),.UNSPECIFIED.);
#3455 = CARTESIAN_POINT('',(66.902619635321,47.643124452584,26.6));
#3456 = CARTESIAN_POINT('',(66.880446685808,47.647559042486,26.6));
#3457 = CARTESIAN_POINT('',(66.859370792135,47.649121118658,26.6));
#3458 = CARTESIAN_POINT('',(66.839449754491,47.647746973367,26.6));
#3459 = CARTESIAN_POINT('',(66.820728998152,47.643407612339,26.6));
#3460 = CARTESIAN_POINT('',(66.780748747357,47.626739789472,26.6));
#3461 = CARTESIAN_POINT('',(66.760291990341,47.612481642853,26.6));
#3462 = CARTESIAN_POINT('',(66.741934195031,47.593367911453,26.6));
#3463 = CARTESIAN_POINT('',(66.725687043926,47.569536361919,26.6));
#3464 = CARTESIAN_POINT('',(66.711521617963,47.541205509993,26.6));
#3465 = ORIENTED_EDGE('',*,*,#3466,.F.);
#3466 = EDGE_CURVE('',#3467,#3452,#3469,.T.);
#3467 = VERTEX_POINT('',#3468);
#3468 = CARTESIAN_POINT('',(68.253045624652,47.375587228283,26.6));
#3469 = B_SPLINE_CURVE_WITH_KNOTS('',4,(#3470,#3471,#3472,#3473,#3474),
  .UNSPECIFIED.,.F.,.F.,(5,5),(0.,1.),.PIECEWISE_BEZIER_KNOTS.);
#3470 = CARTESIAN_POINT('',(68.253045624652,47.375587228283,26.6));
#3471 = CARTESIAN_POINT('',(67.915439127319,47.442471534358,26.6));
#3472 = CARTESIAN_POINT('',(67.577832629986,47.509355840433,26.6));
#3473 = CARTESIAN_POINT('',(67.240226132654,47.576240146508,26.6));
#3474 = CARTESIAN_POINT('',(66.902619635321,47.643124452584,26.6));
#3475 = ORIENTED_EDGE('',*,*,#3476,.F.);
#3476 = EDGE_CURVE('',#3477,#3467,#3479,.T.);
#3477 = VERTEX_POINT('',#3478);
#3478 = CARTESIAN_POINT('',(68.354964567243,47.184489210924,26.6));
#3479 = B_SPLINE_CURVE_WITH_KNOTS('',5,(#3480,#3481,#3482,#3483,#3484,
    #3485,#3486,#3487,#3488,#3489),.UNSPECIFIED.,.F.,.F.,(6,4,6),(0.,
    0.511170776081,1.),.UNSPECIFIED.);
#3480 = CARTESIAN_POINT('',(68.354964567243,47.184489210924,26.6));
#3481 = CARTESIAN_POINT('',(68.36519912288,47.215192877838,26.6));
#3482 = CARTESIAN_POINT('',(68.370426122628,47.243399441949,26.6));
#3483 = CARTESIAN_POINT('',(68.370345403893,47.268850418393,26.6));
#3484 = CARTESIAN_POINT('',(68.364790788287,47.291345789975,26.6));
#3485 = CARTESIAN_POINT('',(68.34332634957,47.329386573246,26.6));
#3486 = CARTESIAN_POINT('',(68.327877980457,47.345195872134,26.6));
#3487 = CARTESIAN_POINT('',(68.307519411632,47.358134775081,26.6));
#3488 = CARTESIAN_POINT('',(68.282468070911,47.368231616718,26.6));
#3489 = CARTESIAN_POINT('',(68.253045624652,47.375587228283,26.6));
#3490 = ORIENTED_EDGE('',*,*,#3491,.F.);
#3491 = EDGE_CURVE('',#3492,#3477,#3494,.T.);
#3492 = VERTEX_POINT('',#3493);
#3493 = CARTESIAN_POINT('',(67.431324150012,45.891392626801,26.6));
#3494 = B_SPLINE_CURVE_WITH_KNOTS('',6,(#3495,#3496,#3497,#3498,#3499,
    #3500,#3501,#3502,#3503,#3504,#3505,#3506,#3507,#3508,#3509,#3510,
    #3511),.UNSPECIFIED.,.F.,.F.,(7,5,5,7),(0.,0.199999370363,
    0.525113584426,1.),.UNSPECIFIED.);
#3495 = CARTESIAN_POINT('',(67.431324150012,45.891392626801,26.6));
#3496 = CARTESIAN_POINT('',(67.475086726625,45.922156418282,26.6));
#3497 = CARTESIAN_POINT('',(67.517960654044,45.954082714452,26.6));
#3498 = CARTESIAN_POINT('',(67.559906825205,45.987162613578,26.6));
#3499 = CARTESIAN_POINT('',(67.600889911967,46.021381612357,26.6));
#3500 = CARTESIAN_POINT('',(67.640878365117,46.056719605915,26.6));
#3501 = CARTESIAN_POINT('',(67.743186696159,46.152372712153,26.6));
#3502 = CARTESIAN_POINT('',(67.803830309417,46.214486060497,26.6));
#3503 = CARTESIAN_POINT('',(67.861652912418,46.279377193743,26.6));
#3504 = CARTESIAN_POINT('',(67.916575878153,46.346903422419,26.6));
#3505 = CARTESIAN_POINT('',(67.968558724976,46.416898155148,26.6));
#3506 = CARTESIAN_POINT('',(68.089217518108,46.59475035783,26.6));
#3507 = CARTESIAN_POINT('',(68.154556428421,46.705202927397,26.6));
#3508 = CARTESIAN_POINT('',(68.213591263362,46.819967655509,26.6));
#3509 = CARTESIAN_POINT('',(68.266488678809,46.938458583241,26.6));
#3510 = CARTESIAN_POINT('',(68.313510339371,47.060126527308,26.6));
#3511 = CARTESIAN_POINT('',(68.354964567243,47.184489210924,26.6));
#3512 = ORIENTED_EDGE('',*,*,#3513,.F.);
#3513 = EDGE_CURVE('',#3514,#3492,#3516,.T.);
#3514 = VERTEX_POINT('',#3515);
#3515 = CARTESIAN_POINT('',(65.84521060594,45.439127319054,26.6));
#3516 = B_SPLINE_CURVE_WITH_KNOTS('',6,(#3517,#3518,#3519,#3520,#3521,
    #3522,#3523,#3524,#3525,#3526,#3527,#3528,#3529,#3530,#3531,#3532,
    #3533),.UNSPECIFIED.,.F.,.F.,(7,5,5,7),(0.,0.583525242229,
    0.960867059505,1.),.UNSPECIFIED.);
#3517 = CARTESIAN_POINT('',(65.84521060594,45.439127319054,26.6));
#3518 = CARTESIAN_POINT('',(66.01294108113,45.439127319054,26.6));
#3519 = CARTESIAN_POINT('',(66.179435549157,45.447716819473,26.6));
#3520 = CARTESIAN_POINT('',(66.344096757017,45.465751380201,26.6));
#3521 = CARTESIAN_POINT('',(66.50610607995,45.494109461035,26.6));
#3522 = CARTESIAN_POINT('',(66.664456017021,45.533575744931,26.6));
#3523 = CARTESIAN_POINT('',(66.917356062996,45.617472846321,26.6));
#3524 = CARTESIAN_POINT('',(67.014683055512,45.655223316881,26.6));
#3525 = CARTESIAN_POINT('',(67.109705361625,45.697873769212,26.6));
#3526 = CARTESIAN_POINT('',(67.202121948061,45.745453412546,26.6));
#3527 = CARTESIAN_POINT('',(67.291656048704,45.797905208229,26.6));
#3528 = CARTESIAN_POINT('',(67.387026299379,45.86099521375,26.6));
#3529 = CARTESIAN_POINT('',(67.395953964575,45.866973998579,26.6));
#3530 = CARTESIAN_POINT('',(67.404847827902,45.873003315225,26.6));
#3531 = CARTESIAN_POINT('',(67.413707640359,45.879082985465,26.6));
#3532 = CARTESIAN_POINT('',(67.422533159615,45.885212821671,26.6));
#3533 = CARTESIAN_POINT('',(67.431324150012,45.891392626801,26.6));
#3534 = ORIENTED_EDGE('',*,*,#3535,.F.);
#3535 = EDGE_CURVE('',#3536,#3514,#3538,.T.);
#3536 = VERTEX_POINT('',#3537);
#3537 = CARTESIAN_POINT('',(64.042519308862,45.955091965921,26.6));
#3538 = B_SPLINE_CURVE_WITH_KNOTS('',6,(#3539,#3540,#3541,#3542,#3543,
    #3544,#3545,#3546,#3547,#3548,#3549,#3550,#3551,#3552,#3553,#3554,
    #3555),.UNSPECIFIED.,.F.,.F.,(7,5,5,7),(0.,0.261880021345,
    0.535052580172,1.),.UNSPECIFIED.);
#3539 = CARTESIAN_POINT('',(64.042519308862,45.955091965921,26.6));
#3540 = CARTESIAN_POINT('',(64.106671671339,45.905603000582,26.6));
#3541 = CARTESIAN_POINT('',(64.173221351234,45.859092836121,26.6));
#3542 = CARTESIAN_POINT('',(64.242006650618,45.815638235747,26.6));
#3543 = CARTESIAN_POINT('',(64.312847430048,45.775262469865,26.6));
#3544 = CARTESIAN_POINT('',(64.385552602084,45.73794642139,26.6));
#3545 = CARTESIAN_POINT('',(64.537509775472,45.667853619018,26.6));
#3546 = CARTESIAN_POINT('',(64.616912221889,45.63534057025,26.6));
#3547 = CARTESIAN_POINT('',(64.697920420302,45.606040194807,26.6));
#3548 = CARTESIAN_POINT('',(64.780329139838,45.579852716764,26.6));
#3549 = CARTESIAN_POINT('',(64.863949640584,45.556654290347,26.6));
#3550 = CARTESIAN_POINT('',(65.09272283911,45.501689808732,26.6));
#3551 = CARTESIAN_POINT('',(65.239841796943,45.475346581911,26.6));
#3552 = CARTESIAN_POINT('',(65.389200893985,45.456610864403,26.6));
#3553 = CARTESIAN_POINT('',(65.540165546994,45.444759988658,26.6));
#3554 = CARTESIAN_POINT('',(65.692267461529,45.439127319054,26.6));
#3555 = CARTESIAN_POINT('',(65.84521060594,45.439127319054,26.6));
#3556 = ORIENTED_EDGE('',*,*,#3557,.F.);
#3557 = EDGE_CURVE('',#3558,#3536,#3560,.T.);
#3558 = VERTEX_POINT('',#3559);
#3559 = CARTESIAN_POINT('',(63.169838362927,47.439286567402,26.6));
#3560 = B_SPLINE_CURVE_WITH_KNOTS('',5,(#3561,#3562,#3563,#3564,#3565,
    #3566,#3567,#3568,#3569,#3570,#3571,#3572,#3573,#3574,#3575,#3576,
    #3577,#3578),.UNSPECIFIED.,.F.,.F.,(6,4,4,4,6),(0.,0.302956173608,
    0.566065277421,0.821483693018,1.),.UNSPECIFIED.);
#3561 = CARTESIAN_POINT('',(63.169838362927,47.439286567402,26.6));
#3562 = CARTESIAN_POINT('',(63.192391544058,47.33215895703,26.6));
#3563 = CARTESIAN_POINT('',(63.218938008644,47.226424027331,26.6));
#3564 = CARTESIAN_POINT('',(63.249747593648,47.122366911808,26.6));
#3565 = CARTESIAN_POINT('',(63.285085652132,47.020348602455,26.6));
#3566 = CARTESIAN_POINT('',(63.35993230335,46.834298466041,26.6));
#3567 = CARTESIAN_POINT('',(63.398281212332,46.749665135776,26.6));
#3568 = CARTESIAN_POINT('',(63.440312068174,46.66714631206,26.6));
#3569 = CARTESIAN_POINT('',(63.486103637282,46.58703274503,26.6));
#3570 = CARTESIAN_POINT('',(63.583735800957,46.434441174429,26.6));
#3571 = CARTESIAN_POINT('',(63.635362738359,46.361804733486,26.6));
#3572 = CARTESIAN_POINT('',(63.690511111513,46.291957632167,26.6));
#3573 = CARTESIAN_POINT('',(63.749100137431,46.22512467605,26.6));
#3574 = CARTESIAN_POINT('',(63.854198618972,46.116993679166,26.6));
#3575 = CARTESIAN_POINT('',(63.899035358043,46.074064681825,26.6));
#3576 = CARTESIAN_POINT('',(63.945416077871,46.032747984473,26.6));
#3577 = CARTESIAN_POINT('',(63.993271484696,45.993083144563,26.6));
#3578 = CARTESIAN_POINT('',(64.042519308862,45.955091965921,26.6));
#3579 = ORIENTED_EDGE('',*,*,#3580,.F.);
#3580 = EDGE_CURVE('',#3581,#3558,#3583,.T.);
#3581 = VERTEX_POINT('',#3582);
#3582 = CARTESIAN_POINT('',(63.055179552512,49.031770045386,26.6));
#3583 = B_SPLINE_CURVE_WITH_KNOTS('',8,(#3584,#3585,#3586,#3587,#3588,
    #3589,#3590,#3591,#3592,#3593,#3594,#3595,#3596,#3597,#3598,#3599),
  .UNSPECIFIED.,.F.,.F.,(9,7,9),(0.,0.823433123158,1.),.UNSPECIFIED.);
#3584 = CARTESIAN_POINT('',(63.055179552512,49.031770045386,26.6));
#3585 = CARTESIAN_POINT('',(63.055179552512,48.855091204819,26.6));
#3586 = CARTESIAN_POINT('',(63.056965644733,48.680170002663,26.6));
#3587 = CARTESIAN_POINT('',(63.06077585306,48.507042657236,26.6));
#3588 = CARTESIAN_POINT('',(63.066931399931,48.336024211892,26.6));
#3589 = CARTESIAN_POINT('',(63.075827558097,48.167693062529,26.6));
#3590 = CARTESIAN_POINT('',(63.088027279852,48.003004193097,26.6));
#3591 = CARTESIAN_POINT('',(63.104222990411,47.843241506541,26.6));
#3592 = CARTESIAN_POINT('',(63.130250954641,47.657740618613,26.6));
#3593 = CARTESIAN_POINT('',(63.135086194882,47.625318531393,26.6));
#3594 = CARTESIAN_POINT('',(63.140172653268,47.593250855475,26.6));
#3595 = CARTESIAN_POINT('',(63.145522726277,47.561564182033,26.6));
#3596 = CARTESIAN_POINT('',(63.151149647089,47.530288651132,26.6));
#3597 = CARTESIAN_POINT('',(63.157067580076,47.49945809552,26.6));
#3598 = CARTESIAN_POINT('',(63.163291715285,47.469110184436,26.6));
#3599 = CARTESIAN_POINT('',(63.169838362927,47.439286567402,26.6));
#3600 = ORIENTED_EDGE('',*,*,#3601,.F.);
#3601 = EDGE_CURVE('',#3602,#3581,#3604,.T.);
#3602 = VERTEX_POINT('',#3603);
#3603 = CARTESIAN_POINT('',(63.131618759455,50.063699339119,26.6));
#3604 = B_SPLINE_CURVE_WITH_KNOTS('',5,(#3605,#3606,#3607,#3608,#3609,
    #3610),.UNSPECIFIED.,.F.,.F.,(6,6),(0.,1.),
  .PIECEWISE_BEZIER_KNOTS.);
#3605 = CARTESIAN_POINT('',(63.131618759455,50.063699339119,26.6));
#3606 = CARTESIAN_POINT('',(63.09810168685,49.879355439789,26.6));
#3607 = CARTESIAN_POINT('',(63.075364319937,49.680815697412,26.6));
#3608 = CARTESIAN_POINT('',(63.061548059285,49.471847350509,26.6));
#3609 = CARTESIAN_POINT('',(63.055179552512,49.255035323489,26.6));
#3610 = CARTESIAN_POINT('',(63.055179552512,49.031770045386,26.6));
#3611 = ORIENTED_EDGE('',*,*,#3612,.F.);
#3612 = EDGE_CURVE('',#3613,#3602,#3615,.T.);
#3613 = VERTEX_POINT('',#3614);
#3614 = CARTESIAN_POINT('',(63.972450035831,51.61159327972,26.6));
#3615 = B_SPLINE_CURVE_WITH_KNOTS('',5,(#3616,#3617,#3618,#3619,#3620,
    #3621,#3622,#3623,#3624,#3625,#3626,#3627,#3628,#3629),
  .UNSPECIFIED.,.F.,.F.,(6,4,4,6),(0.,0.355361456117,0.778487976243,1.),
  .UNSPECIFIED.);
#3616 = CARTESIAN_POINT('',(63.972450035831,51.61159327972,26.6));
#3617 = CARTESIAN_POINT('',(63.873459081121,51.529700762642,26.6));
#3618 = CARTESIAN_POINT('',(63.780087884123,51.441825502542,26.6));
#3619 = CARTESIAN_POINT('',(63.693101860004,51.348011085363,26.6));
#3620 = CARTESIAN_POINT('',(63.613142920584,51.248506156863,26.6));
#3621 = CARTESIAN_POINT('',(63.454221638859,51.019295891495,26.6));
#3622 = CARTESIAN_POINT('',(63.378329588908,50.887410195895,26.6));
#3623 = CARTESIAN_POINT('',(63.313604257036,50.749186154229,26.6));
#3624 = CARTESIAN_POINT('',(63.259920117197,50.605822167179,26.6));
#3625 = CARTESIAN_POINT('',(63.194149237896,50.381430536042,26.6));
#3626 = CARTESIAN_POINT('',(63.174427331755,50.303239696271,26.6));
#3627 = CARTESIAN_POINT('',(63.157505568857,50.224125619517,26.6));
#3628 = CARTESIAN_POINT('',(63.143275420829,50.144236272248,26.6));
#3629 = CARTESIAN_POINT('',(63.131618759455,50.063699339119,26.6));
#3630 = ORIENTED_EDGE('',*,*,#3631,.F.);
#3631 = EDGE_CURVE('',#3632,#3613,#3634,.T.);
#3632 = VERTEX_POINT('',#3633);
#3633 = CARTESIAN_POINT('',(65.743291663349,52.191257265706,26.6));
#3634 = B_SPLINE_CURVE_WITH_KNOTS('',5,(#3635,#3636,#3637,#3638,#3639,
    #3640,#3641,#3642,#3643,#3644,#3645,#3646,#3647,#3648,#3649,#3650,
    #3651,#3652),.UNSPECIFIED.,.F.,.F.,(6,4,4,4,6),(0.,0.313968449554,
    0.582697165906,0.84323839791,1.),.UNSPECIFIED.);
#3635 = CARTESIAN_POINT('',(65.743291663349,52.191257265706,26.6));
#3636 = CARTESIAN_POINT('',(65.620994405638,52.191257265706,26.6));
#3637 = CARTESIAN_POINT('',(65.499238289612,52.186525523128,26.6));
#3638 = CARTESIAN_POINT('',(65.378277842444,52.176680434276,26.6));
#3639 = CARTESIAN_POINT('',(65.258461370246,52.161322377721,26.6));
#3640 = CARTESIAN_POINT('',(65.03900226045,52.121983225344,26.6));
#3641 = CARTESIAN_POINT('',(64.938939847576,52.099563478515,26.6));
#3642 = CARTESIAN_POINT('',(64.840297952252,52.072664888137,26.6));
#3643 = CARTESIAN_POINT('',(64.743384226487,52.041128603778,26.6));
#3644 = CARTESIAN_POINT('',(64.55654389497,51.969778480288,26.6));
#3645 = CARTESIAN_POINT('',(64.466489520568,51.930244355559,26.6));
#3646 = CARTESIAN_POINT('',(64.378653818642,51.886252754573,26.6));
#3647 = CARTESIAN_POINT('',(64.293309961141,51.837842057171,26.6));
#3648 = CARTESIAN_POINT('',(64.160982608338,51.753466670152,26.6));
#3649 = CARTESIAN_POINT('',(64.11225876018,51.720224427123,26.6));
#3650 = CARTESIAN_POINT('',(64.064570050797,51.685467924108,26.6));
#3651 = CARTESIAN_POINT('',(64.017956807375,51.649239790725,26.6));
#3652 = CARTESIAN_POINT('',(63.972450035831,51.61159327972,26.6));
#3653 = ORIENTED_EDGE('',*,*,#3654,.F.);
#3654 = EDGE_CURVE('',#3655,#3632,#3657,.T.);
#3655 = VERTEX_POINT('',#3656);
#3656 = CARTESIAN_POINT('',(67.628792101282,51.535154072776,26.6));
#3657 = B_SPLINE_CURVE_WITH_KNOTS('',5,(#3658,#3659,#3660,#3661,#3662,
    #3663,#3664,#3665,#3666,#3667,#3668,#3669,#3670,#3671,#3672,#3673,
    #3674,#3675),.UNSPECIFIED.,.F.,.F.,(6,4,4,4,6),(0.,0.180450164949,
    0.429738120513,0.687490980009,1.),.UNSPECIFIED.);
#3658 = CARTESIAN_POINT('',(67.628792101282,51.535154072776,26.6));
#3659 = CARTESIAN_POINT('',(67.574513375644,51.58419537752,26.6));
#3660 = CARTESIAN_POINT('',(67.518478134712,51.631166469559,26.6));
#3661 = CARTESIAN_POINT('',(67.460735581986,51.675955554596,26.6));
#3662 = CARTESIAN_POINT('',(67.401358211111,51.718474645451,26.6));
#3663 = CARTESIAN_POINT('',(67.256287124578,51.814174145335,26.6));
#3664 = CARTESIAN_POINT('',(67.169190618011,51.865237684062,26.6));
#3665 = CARTESIAN_POINT('',(67.079410936813,51.911678725971,26.6));
#3666 = CARTESIAN_POINT('',(66.987252100102,51.953453926586,26.6));
#3667 = CARTESIAN_POINT('',(66.795640087617,52.02903793597,26.6));
#3668 = CARTESIAN_POINT('',(66.696039519568,52.062530288643,26.6));
#3669 = CARTESIAN_POINT('',(66.59460162296,52.091151858947,26.6));
#3670 = CARTESIAN_POINT('',(66.49166786178,52.115082399251,26.6));
#3671 = CARTESIAN_POINT('',(66.261283334634,52.158145113753,26.6));
#3672 = CARTESIAN_POINT('',(66.13326964144,52.17517777351,26.6));
#3673 = CARTESIAN_POINT('',(66.004010871437,52.186050704637,26.6));
#3674 = CARTESIAN_POINT('',(65.873921595683,52.191257265706,26.6));
#3675 = CARTESIAN_POINT('',(65.743291663349,52.191257265706,26.6));
#3676 = ORIENTED_EDGE('',*,*,#3677,.F.);
#3677 = EDGE_CURVE('',#3678,#3655,#3680,.T.);
#3678 = VERTEX_POINT('',#3679);
#3679 = CARTESIAN_POINT('',(68.431403774186,49.808901982642,26.6));
#3680 = B_SPLINE_CURVE_WITH_KNOTS('',5,(#3681,#3682,#3683,#3684,#3685,
    #3686,#3687,#3688,#3689,#3690,#3691,#3692,#3693,#3694),
  .UNSPECIFIED.,.F.,.F.,(6,4,4,6),(0.,0.236776024302,0.668895446612,1.),
  .UNSPECIFIED.);
#3681 = CARTESIAN_POINT('',(68.431403774186,49.808901982642,26.6));
#3682 = CARTESIAN_POINT('',(68.42469170308,49.902870978117,26.6));
#3683 = CARTESIAN_POINT('',(68.414745025776,49.996292948327,26.6));
#3684 = CARTESIAN_POINT('',(68.401374020826,50.089004337691,26.6));
#3685 = CARTESIAN_POINT('',(68.384394966091,50.180803851501,26.6));
#3686 = CARTESIAN_POINT('',(68.325839530389,50.436912885148,26.6));
#3687 = CARTESIAN_POINT('',(68.275513616012,50.598617320602,26.6));
#3688 = CARTESIAN_POINT('',(68.211856729993,50.755035648489,26.6));
#3689 = CARTESIAN_POINT('',(68.134545645273,50.90457828293,26.6));
#3690 = CARTESIAN_POINT('',(67.975402921572,51.15421686711,26.6));
#3691 = CARTESIAN_POINT('',(67.898832509719,51.257732073682,26.6));
#3692 = CARTESIAN_POINT('',(67.815099509409,51.355879421627,26.6));
#3693 = CARTESIAN_POINT('',(67.724833263222,51.448380040498,26.6));
#3694 = CARTESIAN_POINT('',(67.628792101282,51.535154072776,26.6));
#3695 = ORIENTED_EDGE('',*,*,#3696,.F.);
#3696 = EDGE_CURVE('',#3339,#3678,#3697,.T.);
#3697 = B_SPLINE_CURVE_WITH_KNOTS('',5,(#3698,#3699,#3700,#3701,#3702,
    #3703),.UNSPECIFIED.,.F.,.F.,(6,6),(0.,1.),
  .PIECEWISE_BEZIER_KNOTS.);
#3698 = CARTESIAN_POINT('',(68.469623377657,48.878891631499,26.6));
#3699 = CARTESIAN_POINT('',(68.469623377657,49.074025333541,26.6));
#3700 = CARTESIAN_POINT('',(68.466120828962,49.265146772227,26.6));
#3701 = CARTESIAN_POINT('',(68.458817194603,49.451767855718,26.6));
#3702 = CARTESIAN_POINT('',(68.447370541834,49.633267538513,26.6));
#3703 = CARTESIAN_POINT('',(68.431403774186,49.808901982642,26.6));
#3704 = FACE_BOUND('',#3705,.T.);
#3705 = EDGE_LOOP('',(#3706,#3720,#3732,#3751,#3774,#3797,#3816,#3837,
    #3858,#3877,#3900,#3923));
#3706 = ORIENTED_EDGE('',*,*,#3707,.F.);
#3707 = EDGE_CURVE('',#3708,#3710,#3712,.T.);
#3708 = VERTEX_POINT('',#3709);
#3709 = CARTESIAN_POINT('',(77.043554423123,48.776972688908,26.6));
#3710 = VERTEX_POINT('',#3711);
#3711 = CARTESIAN_POINT('',(77.119993630066,47.299148021339,26.6));
#3712 = B_SPLINE_CURVE_WITH_KNOTS('',6,(#3713,#3714,#3715,#3716,#3717,
    #3718,#3719),.UNSPECIFIED.,.F.,.F.,(7,7),(0.,1.),
  .PIECEWISE_BEZIER_KNOTS.);
#3713 = CARTESIAN_POINT('',(77.043554423123,48.776972688908,26.6));
#3714 = CARTESIAN_POINT('',(77.043554423123,48.520840209741,26.6));
#3715 = CARTESIAN_POINT('',(77.047810391691,48.267716773265,26.6));
#3716 = CARTESIAN_POINT('',(77.056840731643,48.01806614946,26.6));
#3717 = CARTESIAN_POINT('',(77.071299252825,47.772645414788,26.6));
#3718 = CARTESIAN_POINT('',(77.091989523497,47.53251557608,26.6));
#3719 = CARTESIAN_POINT('',(77.119993630066,47.299148021339,26.6));
#3720 = ORIENTED_EDGE('',*,*,#3721,.F.);
#3721 = EDGE_CURVE('',#3722,#3708,#3724,.T.);
#3722 = VERTEX_POINT('',#3723);
#3723 = CARTESIAN_POINT('',(77.119993630066,50.22931762083,26.6));
#3724 = B_SPLINE_CURVE_WITH_KNOTS('',6,(#3725,#3726,#3727,#3728,#3729,
    #3730,#3731),.UNSPECIFIED.,.F.,.F.,(7,7),(0.,1.),
  .PIECEWISE_BEZIER_KNOTS.);
#3725 = CARTESIAN_POINT('',(77.119993630066,50.22931762083,26.6));
#3726 = CARTESIAN_POINT('',(77.091621376646,50.00233959347,26.6));
#3727 = CARTESIAN_POINT('',(77.070923025851,49.767251717069,26.6));
#3728 = CARTESIAN_POINT('',(77.056591886062,49.526026547645,26.6));
#3729 = CARTESIAN_POINT('',(77.04771327358,49.280018124027,26.6));
#3730 = CARTESIAN_POINT('',(77.043554423123,49.030160180769,26.6));
#3731 = CARTESIAN_POINT('',(77.043554423123,48.776972688908,26.6));
#3732 = ORIENTED_EDGE('',*,*,#3733,.F.);
#3733 = EDGE_CURVE('',#3734,#3722,#3736,.T.);
#3734 = VERTEX_POINT('',#3735);
#3735 = CARTESIAN_POINT('',(77.839796162115,51.57974361016,26.6));
#3736 = B_SPLINE_CURVE_WITH_KNOTS('',5,(#3737,#3738,#3739,#3740,#3741,
    #3742,#3743,#3744,#3745,#3746,#3747,#3748,#3749,#3750),
  .UNSPECIFIED.,.F.,.F.,(6,4,4,6),(0.,0.36084119537,0.783341774044,1.),
  .UNSPECIFIED.);
#3737 = CARTESIAN_POINT('',(77.839796162115,51.57974361016,26.6));
#3738 = CARTESIAN_POINT('',(77.753037013518,51.506683274499,26.6));
#3739 = CARTESIAN_POINT('',(77.671432415971,51.428402071359,26.6));
#3740 = CARTESIAN_POINT('',(77.595633658924,51.3449430506,26.6));
#3741 = CARTESIAN_POINT('',(77.5261789202,51.256520764497,26.6));
#3742 = CARTESIAN_POINT('',(77.389863439405,51.054823981643,26.6));
#3743 = CARTESIAN_POINT('',(77.325453315106,50.93985397247,26.6));
#3744 = CARTESIAN_POINT('',(77.270685368927,50.819469922955,26.6));
#3745 = CARTESIAN_POINT('',(77.225459676065,50.694628198001,26.6));
#3746 = CARTESIAN_POINT('',(77.170826737823,50.500518055886,26.6));
#3747 = CARTESIAN_POINT('',(77.154701631617,50.43379996805,26.6));
#3748 = CARTESIAN_POINT('',(77.140910884108,50.366286081932,26.6));
#3749 = CARTESIAN_POINT('',(77.129371885473,50.29809149381,26.6));
#3750 = CARTESIAN_POINT('',(77.119993630066,50.22931762083,26.6));
#3751 = ORIENTED_EDGE('',*,*,#3752,.F.);
#3752 = EDGE_CURVE('',#3753,#3734,#3755,.T.);
#3753 = VERTEX_POINT('',#3754);
#3754 = CARTESIAN_POINT('',(79.374950234891,52.089338323115,26.6));
#3755 = B_SPLINE_CURVE_WITH_KNOTS('',5,(#3756,#3757,#3758,#3759,#3760,
    #3761,#3762,#3763,#3764,#3765,#3766,#3767,#3768,#3769,#3770,#3771,
    #3772,#3773),.UNSPECIFIED.,.F.,.F.,(6,4,4,4,6),(0.,0.306758799167,
    0.573754145188,0.833086140212,1.),.UNSPECIFIED.);
#3756 = CARTESIAN_POINT('',(79.374950234891,52.089338323115,26.6));
#3757 = CARTESIAN_POINT('',(79.270554072859,52.089338323115,26.6));
#3758 = CARTESIAN_POINT('',(79.166731960691,52.085324900952,26.6));
#3759 = CARTESIAN_POINT('',(79.063699211828,52.076993862128,26.6));
#3760 = CARTESIAN_POINT('',(78.961740485325,52.064031737625,26.6));
#3761 = CARTESIAN_POINT('',(78.773681253483,52.030652259912,26.6));
#3762 = CARTESIAN_POINT('',(78.687237605054,52.011419026404,26.6));
#3763 = CARTESIAN_POINT('',(78.60209158442,51.988320571688,26.6));
#3764 = CARTESIAN_POINT('',(78.51849665741,51.961228435361,26.6));
#3765 = CARTESIAN_POINT('',(78.357277326813,51.899864343947,26.6));
#3766 = CARTESIAN_POINT('',(78.279546640231,51.865819415578,26.6));
#3767 = CARTESIAN_POINT('',(78.203764460976,51.827926687129,26.6));
#3768 = CARTESIAN_POINT('',(78.130152284803,51.786217160924,26.6));
#3769 = CARTESIAN_POINT('',(78.013037955483,51.711587415802,26.6));
#3770 = CARTESIAN_POINT('',(77.96815303244,51.680831186724,26.6));
#3771 = CARTESIAN_POINT('',(77.924293206723,51.648574667471,26.6));
#3772 = CARTESIAN_POINT('',(77.881497771842,51.614860755193,26.6));
#3773 = CARTESIAN_POINT('',(77.839796162115,51.57974361016,26.6));
#3774 = ORIENTED_EDGE('',*,*,#3775,.F.);
#3775 = EDGE_CURVE('',#3776,#3753,#3778,.T.);
#3776 = VERTEX_POINT('',#3777);
#3777 = CARTESIAN_POINT('',(80.910104307668,51.57974361016,26.6));
#3778 = B_SPLINE_CURVE_WITH_KNOTS('',5,(#3779,#3780,#3781,#3782,#3783,
    #3784,#3785,#3786,#3787,#3788,#3789,#3790,#3791,#3792,#3793,#3794,
    #3795,#3796),.UNSPECIFIED.,.F.,.F.,(6,4,4,4,6),(0.,0.166913859788,
    0.426245854812,0.693241200833,1.),.UNSPECIFIED.);
#3779 = CARTESIAN_POINT('',(80.910104307668,51.57974361016,26.6));
#3780 = CARTESIAN_POINT('',(80.868402697941,51.614860755193,26.6));
#3781 = CARTESIAN_POINT('',(80.825607263059,51.648574667471,26.6));
#3782 = CARTESIAN_POINT('',(80.781747437343,51.680831186724,26.6));
#3783 = CARTESIAN_POINT('',(80.7368625143,51.711587415802,26.6));
#3784 = CARTESIAN_POINT('',(80.61974818498,51.786217160924,26.6));
#3785 = CARTESIAN_POINT('',(80.546136008806,51.827926687129,26.6));
#3786 = CARTESIAN_POINT('',(80.470353829552,51.865819415578,26.6));
#3787 = CARTESIAN_POINT('',(80.39262314297,51.899864343947,26.6));
#3788 = CARTESIAN_POINT('',(80.231403812373,51.961228435361,26.6));
#3789 = CARTESIAN_POINT('',(80.147808885362,51.988320571688,26.6));
#3790 = CARTESIAN_POINT('',(80.062662864728,52.011419026404,26.6));
#3791 = CARTESIAN_POINT('',(79.976219216299,52.030652259912,26.6));
#3792 = CARTESIAN_POINT('',(79.788159984457,52.064031737625,26.6));
#3793 = CARTESIAN_POINT('',(79.686201257954,52.076993862128,26.6));
#3794 = CARTESIAN_POINT('',(79.583168509092,52.085324900952,26.6));
#3795 = CARTESIAN_POINT('',(79.479346396924,52.089338323115,26.6));
#3796 = CARTESIAN_POINT('',(79.374950234891,52.089338323115,26.6));
#3797 = ORIENTED_EDGE('',*,*,#3798,.F.);
#3798 = EDGE_CURVE('',#3799,#3776,#3801,.T.);
#3799 = VERTEX_POINT('',#3800);
#3800 = CARTESIAN_POINT('',(81.629906839717,50.22931762083,26.6));
#3801 = B_SPLINE_CURVE_WITH_KNOTS('',5,(#3802,#3803,#3804,#3805,#3806,
    #3807,#3808,#3809,#3810,#3811,#3812,#3813,#3814,#3815),
  .UNSPECIFIED.,.F.,.F.,(6,4,4,6),(0.,0.216658225956,0.63915880463,1.),
  .UNSPECIFIED.);
#3802 = CARTESIAN_POINT('',(81.629906839717,50.22931762083,26.6));
#3803 = CARTESIAN_POINT('',(81.62052858431,50.298091493811,26.6));
#3804 = CARTESIAN_POINT('',(81.608989585675,50.366286081932,26.6));
#3805 = CARTESIAN_POINT('',(81.595198838165,50.43379996805,26.6));
#3806 = CARTESIAN_POINT('',(81.57907373196,50.500518055886,26.6));
#3807 = CARTESIAN_POINT('',(81.524440793718,50.694628198001,26.6));
#3808 = CARTESIAN_POINT('',(81.479215100855,50.819469922955,26.6));
#3809 = CARTESIAN_POINT('',(81.424447154677,50.93985397247,26.6));
#3810 = CARTESIAN_POINT('',(81.360037030378,51.054823981643,26.6));
#3811 = CARTESIAN_POINT('',(81.223721549583,51.256520764497,26.6));
#3812 = CARTESIAN_POINT('',(81.154266810858,51.3449430506,26.6));
#3813 = CARTESIAN_POINT('',(81.078468053811,51.428402071359,26.6));
#3814 = CARTESIAN_POINT('',(80.996863456265,51.506683274499,26.6));
#3815 = CARTESIAN_POINT('',(80.910104307668,51.57974361016,26.6));
#3816 = ORIENTED_EDGE('',*,*,#3817,.F.);
#3817 = EDGE_CURVE('',#3818,#3799,#3820,.T.);
#3818 = VERTEX_POINT('',#3819);
#3819 = CARTESIAN_POINT('',(81.70634604666,48.776972688908,26.6));
#3820 = B_SPLINE_CURVE_WITH_KNOTS('',8,(#3821,#3822,#3823,#3824,#3825,
    #3826,#3827,#3828,#3829,#3830,#3831,#3832,#3833,#3834,#3835,#3836),
  .UNSPECIFIED.,.F.,.F.,(9,7,9),(0.,0.944943507203,1.),.UNSPECIFIED.);
#3821 = CARTESIAN_POINT('',(81.70634604666,48.776972688908,26.6));
#3822 = CARTESIAN_POINT('',(81.70634604666,48.961983406984,26.6));
#3823 = CARTESIAN_POINT('',(81.704663658087,49.144605370712,26.6));
#3824 = CARTESIAN_POINT('',(81.701072906438,49.324774488017,26.6));
#3825 = CARTESIAN_POINT('',(81.695267019371,49.502058716467,26.6));
#3826 = CARTESIAN_POINT('',(81.686865433075,49.67567464013,26.6));
#3827 = CARTESIAN_POINT('',(81.675336049376,49.844352713337,26.6));
#3828 = CARTESIAN_POINT('',(81.660024977529,50.006391112073,26.6));
#3829 = CARTESIAN_POINT('',(81.638628545332,50.167984245409,26.6));
#3830 = CARTESIAN_POINT('',(81.637433968481,50.176848558936,26.6));
#3831 = CARTESIAN_POINT('',(81.636222620653,50.185679821781,26.6));
#3832 = CARTESIAN_POINT('',(81.634994291712,50.194477402358,26.6));
#3833 = CARTESIAN_POINT('',(81.633748768023,50.203240650525,26.6));
#3834 = CARTESIAN_POINT('',(81.63248583246,50.211968897588,26.6));
#3835 = CARTESIAN_POINT('',(81.631205264397,50.220661456292,26.6));
#3836 = CARTESIAN_POINT('',(81.629906839717,50.22931762083,26.6));
#3837 = ORIENTED_EDGE('',*,*,#3838,.F.);
#3838 = EDGE_CURVE('',#3839,#3818,#3841,.T.);
#3839 = VERTEX_POINT('',#3840);
#3840 = CARTESIAN_POINT('',(81.629906839717,47.299148021339,26.6));
#3841 = B_SPLINE_CURVE_WITH_KNOTS('',8,(#3842,#3843,#3844,#3845,#3846,
    #3847,#3848,#3849,#3850,#3851,#3852,#3853,#3854,#3855,#3856,#3857),
  .UNSPECIFIED.,.F.,.F.,(9,7,9),(0.,0.849389114356,1.),.UNSPECIFIED.);
#3842 = CARTESIAN_POINT('',(81.629906839717,47.299148021339,26.6));
#3843 = CARTESIAN_POINT('',(81.650181027019,47.434309270025,26.6));
#3844 = CARTESIAN_POINT('',(81.665992530721,47.578639517934,26.6));
#3845 = CARTESIAN_POINT('',(81.678346468452,47.729514400673,26.6));
#3846 = CARTESIAN_POINT('',(81.687834500593,47.885263530721,26.6));
#3847 = CARTESIAN_POINT('',(81.694939570458,48.044636797457,26.6));
#3848 = CARTESIAN_POINT('',(81.70001110898,48.206854054408,26.6));
#3849 = CARTESIAN_POINT('',(81.703332019732,48.371480036673,26.6));
#3850 = CARTESIAN_POINT('',(81.705428984396,48.568044330651,26.6));
#3851 = CARTESIAN_POINT('',(81.705696313834,48.597713763371,26.6));
#3852 = CARTESIAN_POINT('',(81.705916352824,48.627445688373,26.6));
#3853 = CARTESIAN_POINT('',(81.706090259357,48.657237996515,26.6));
#3854 = CARTESIAN_POINT('',(81.706219143593,48.687088687549,26.6));
#3855 = CARTESIAN_POINT('',(81.706304067861,48.716995870119,26.6));
#3856 = CARTESIAN_POINT('',(81.70634604666,48.746957761761,26.6));
#3857 = CARTESIAN_POINT('',(81.70634604666,48.776972688908,26.6));
#3858 = ORIENTED_EDGE('',*,*,#3859,.F.);
#3859 = EDGE_CURVE('',#3860,#3839,#3862,.T.);
#3860 = VERTEX_POINT('',#3861);
#3861 = CARTESIAN_POINT('',(80.910104307668,45.942352098097,26.6));
#3862 = B_SPLINE_CURVE_WITH_KNOTS('',5,(#3863,#3864,#3865,#3866,#3867,
    #3868,#3869,#3870,#3871,#3872,#3873,#3874,#3875,#3876),
  .UNSPECIFIED.,.F.,.F.,(6,4,4,6),(0.,0.326852950237,0.76769904913,1.),
  .UNSPECIFIED.);
#3863 = CARTESIAN_POINT('',(80.910104307668,45.942352098097,26.6));
#3864 = CARTESIAN_POINT('',(80.989221963157,46.008144674767,26.6));
#3865 = CARTESIAN_POINT('',(81.064002707702,46.078431161029,26.6));
#3866 = CARTESIAN_POINT('',(81.133948928095,46.153167692894,26.6));
#3867 = CARTESIAN_POINT('',(81.198651616955,46.232180759242,26.6));
#3868 = CARTESIAN_POINT('',(81.337709732841,46.42696145443,26.6));
#3869 = CARTESIAN_POINT('',(81.40758569432,46.545970993244,26.6));
#3870 = CARTESIAN_POINT('',(81.466827994725,46.671233380484,26.6));
#3871 = CARTESIAN_POINT('',(81.515581358559,46.801594564689,26.6));
#3872 = CARTESIAN_POINT('',(81.574821155635,47.006637261713,26.6));
#3873 = CARTESIAN_POINT('',(81.592502782941,47.078495852415,26.6));
#3874 = CARTESIAN_POINT('',(81.607502907614,47.151294354857,26.6));
#3875 = CARTESIAN_POINT('',(81.619931465825,47.224886904588,26.6));
#3876 = CARTESIAN_POINT('',(81.629906839717,47.299148021339,26.6));
#3877 = ORIENTED_EDGE('',*,*,#3878,.F.);
#3878 = EDGE_CURVE('',#3879,#3860,#3881,.T.);
#3879 = VERTEX_POINT('',#3880);
#3880 = CARTESIAN_POINT('',(79.374950234891,45.439127319054,26.6));
#3881 = B_SPLINE_CURVE_WITH_KNOTS('',5,(#3882,#3883,#3884,#3885,#3886,
    #3887,#3888,#3889,#3890,#3891,#3892,#3893,#3894,#3895,#3896,#3897,
    #3898,#3899),.UNSPECIFIED.,.F.,.F.,(6,4,4,4,6),(0.,0.313215625342,
    0.584979010614,0.847829653694,1.),.UNSPECIFIED.);
#3882 = CARTESIAN_POINT('',(79.374950234891,45.439127319054,26.6));
#3883 = CARTESIAN_POINT('',(79.481417146709,45.439127319054,26.6));
#3884 = CARTESIAN_POINT('',(79.587286927391,45.443249368326,26.6));
#3885 = CARTESIAN_POINT('',(79.692335636065,45.45181204002,26.6));
#3886 = CARTESIAN_POINT('',(79.796265208449,45.465145261803,26.6));
#3887 = CARTESIAN_POINT('',(79.987615920753,45.499455990352,26.6));
#3888 = CARTESIAN_POINT('',(80.075402187876,45.519188336917,26.6));
#3889 = CARTESIAN_POINT('',(80.161841367198,45.542885812089,26.6));
#3890 = CARTESIAN_POINT('',(80.246668881799,45.570683138659,26.6));
#3891 = CARTESIAN_POINT('',(80.409836624774,45.633519395105,26.6));
#3892 = CARTESIAN_POINT('',(80.488302302488,45.668292368454,26.6));
#3893 = CARTESIAN_POINT('',(80.564759163812,45.706983165348,26.6));
#3894 = CARTESIAN_POINT('',(80.638979201035,45.749559444086,26.6));
#3895 = CARTESIAN_POINT('',(80.75232965853,45.822720632268,26.6));
#3896 = CARTESIAN_POINT('',(80.793076815088,45.850806486844,26.6));
#3897 = CARTESIAN_POINT('',(80.832973805045,45.880129336759,26.6));
#3898 = CARTESIAN_POINT('',(80.871990715759,45.910657637457,26.6));
#3899 = CARTESIAN_POINT('',(80.910104307668,45.942352098097,26.6));
#3900 = ORIENTED_EDGE('',*,*,#3901,.F.);
#3901 = EDGE_CURVE('',#3902,#3879,#3904,.T.);
#3902 = VERTEX_POINT('',#3903);
#3903 = CARTESIAN_POINT('',(77.846166096027,45.942352098097,26.6));
#3904 = B_SPLINE_CURVE_WITH_KNOTS('',5,(#3905,#3906,#3907,#3908,#3909,
    #3910,#3911,#3912,#3913,#3914,#3915,#3916,#3917,#3918,#3919,#3920,
    #3921,#3922),.UNSPECIFIED.,.F.,.F.,(6,4,4,4,6),(0.,0.145179092547,
    0.40957730294,0.682175465043,1.),.UNSPECIFIED.);
#3905 = CARTESIAN_POINT('',(77.846166096027,45.942352098097,26.6));
#3906 = CARTESIAN_POINT('',(77.882215710115,45.912055082002,26.6));
#3907 = CARTESIAN_POINT('',(77.919102259902,45.882825322334,26.6));
#3908 = CARTESIAN_POINT('',(77.95680509679,45.854697389543,26.6));
#3909 = CARTESIAN_POINT('',(77.995297825646,45.827699245403,26.6));
#3910 = CARTESIAN_POINT('',(78.10603074944,45.754780029955,26.6));
#3911 = CARTESIAN_POINT('',(78.180029374785,45.711523729852,26.6));
#3912 = CARTESIAN_POINT('',(78.256344593158,45.6722158305,26.6));
#3913 = CARTESIAN_POINT('',(78.334739606429,45.636890270669,26.6));
#3914 = CARTESIAN_POINT('',(78.497654955862,45.573148412375,26.6));
#3915 = CARTESIAN_POINT('',(78.582294263344,45.54497873856,26.6));
#3916 = CARTESIAN_POINT('',(78.668591028889,45.520950407198,26.6));
#3917 = CARTESIAN_POINT('',(78.756272447229,45.500923507371,26.6));
#3918 = CARTESIAN_POINT('',(78.948652605821,45.465828164204,26.6));
#3919 = CARTESIAN_POINT('',(79.053761899307,45.452133600639,26.6));
#3920 = CARTESIAN_POINT('',(79.16004460073,45.443350495685,26.6));
#3921 = CARTESIAN_POINT('',(79.267185459483,45.439127319054,26.6));
#3922 = CARTESIAN_POINT('',(79.374950234891,45.439127319054,26.6));
#3923 = ORIENTED_EDGE('',*,*,#3924,.F.);
#3924 = EDGE_CURVE('',#3710,#3902,#3925,.T.);
#3925 = B_SPLINE_CURVE_WITH_KNOTS('',5,(#3926,#3927,#3928,#3929,#3930,
    #3931,#3932,#3933,#3934,#3935,#3936,#3937,#3938,#3939,#3940,#3941,
    #3942,#3943),.UNSPECIFIED.,.F.,.F.,(6,4,4,4,6),(0.,0.241813639048,
    0.473029737842,0.698368188227,1.),.UNSPECIFIED.);
#3926 = CARTESIAN_POINT('',(77.119993630066,47.299148021339,26.6));
#3927 = CARTESIAN_POINT('',(77.131518658948,47.221930327829,26.6));
#3928 = CARTESIAN_POINT('',(77.145611318394,47.145455562817,26.6));
#3929 = CARTESIAN_POINT('',(77.162396691444,47.069859357984,26.6));
#3930 = CARTESIAN_POINT('',(77.181990867035,46.995299569799,26.6));
#3931 = CARTESIAN_POINT('',(77.225979454253,46.851811184243,26.6));
#3932 = CARTESIAN_POINT('',(77.250126096037,46.782778175556,26.6));
#3933 = CARTESIAN_POINT('',(77.276990538165,46.715001193922,26.6));
#3934 = CARTESIAN_POINT('',(77.306619332947,46.64863847664,26.6));
#3935 = CARTESIAN_POINT('',(77.370583234586,46.520697706591,26.6));
#3936 = CARTESIAN_POINT('',(77.404780430599,46.459039115889,26.6));
#3937 = CARTESIAN_POINT('',(77.441604642545,46.399013334512,26.6));
#3938 = CARTESIAN_POINT('',(77.48101968603,46.340748591605,26.6));
#3939 = CARTESIAN_POINT('',(77.579066521756,46.208860866182,26.6));
#3940 = CARTESIAN_POINT('',(77.639690633427,46.136711230062,26.6));
#3941 = CARTESIAN_POINT('',(77.704624039143,46.068165853444,26.6));
#3942 = CARTESIAN_POINT('',(77.773570075544,46.003363647226,26.6));
#3943 = CARTESIAN_POINT('',(77.846166096027,45.942352098097,26.6));
#3944 = FACE_BOUND('',#3945,.T.);
#3945 = EDGE_LOOP('',(#3946,#3958,#3968,#3983,#3993,#4008,#4018,#4028,
    #4038,#4048,#4063,#4073,#4088,#4098,#4108,#4118,#4128,#4143,#4153,
    #4166,#4179,#4189,#4204,#4214,#4229,#4239,#4252,#4262,#4272,#4287,
    #4297));
#3946 = ORIENTED_EDGE('',*,*,#3947,.F.);
#3947 = EDGE_CURVE('',#3948,#3950,#3952,.T.);
#3948 = VERTEX_POINT('',#3949);
#3949 = CARTESIAN_POINT('',(82.585396926507,51.847280834461,26.6));
#3950 = VERTEX_POINT('',#3951);
#3951 = CARTESIAN_POINT('',(84.152400668843,45.65570507206,26.6));
#3952 = B_SPLINE_CURVE_WITH_KNOTS('',4,(#3953,#3954,#3955,#3956,#3957),
  .UNSPECIFIED.,.F.,.F.,(5,5),(0.,1.),.PIECEWISE_BEZIER_KNOTS.);
#3953 = CARTESIAN_POINT('',(82.585396926507,51.847280834461,26.6));
#3954 = CARTESIAN_POINT('',(82.977147862091,50.299386893861,26.6));
#3955 = CARTESIAN_POINT('',(83.368898797675,48.751492953261,26.6));
#3956 = CARTESIAN_POINT('',(83.760649733259,47.20359901266,26.6));
#3957 = CARTESIAN_POINT('',(84.152400668843,45.65570507206,26.6));
#3958 = ORIENTED_EDGE('',*,*,#3959,.F.);
#3959 = EDGE_CURVE('',#3960,#3948,#3962,.T.);
#3960 = VERTEX_POINT('',#3961);
#3961 = CARTESIAN_POINT('',(82.572657058683,51.898240305757,26.6));
#3962 = B_SPLINE_CURVE_WITH_KNOTS('',4,(#3963,#3964,#3965,#3966,#3967),
  .UNSPECIFIED.,.F.,.F.,(5,5),(0.,1.),.PIECEWISE_BEZIER_KNOTS.);
#3963 = CARTESIAN_POINT('',(82.572657058683,51.898240305757,26.6));
#3964 = CARTESIAN_POINT('',(82.575842025639,51.885500437933,26.6));
#3965 = CARTESIAN_POINT('',(82.579026992595,51.872760570109,26.6));
#3966 = CARTESIAN_POINT('',(82.582211959551,51.860020702285,26.6));
#3967 = CARTESIAN_POINT('',(82.585396926507,51.847280834461,26.6));
#3968 = ORIENTED_EDGE('',*,*,#3969,.F.);
#3969 = EDGE_CURVE('',#3970,#3960,#3972,.T.);
#3970 = VERTEX_POINT('',#3971);
#3971 = CARTESIAN_POINT('',(82.687315869098,51.987419380524,26.6));
#3972 = B_SPLINE_CURVE_WITH_KNOTS('',5,(#3973,#3974,#3975,#3976,#3977,
    #3978,#3979,#3980,#3981,#3982),.UNSPECIFIED.,.F.,.F.,(6,4,6),(0.,
    0.624783743665,1.),.UNSPECIFIED.);
#3973 = CARTESIAN_POINT('',(82.687315869098,51.987419380524,26.6));
#3974 = CARTESIAN_POINT('',(82.658996352328,51.987419380524,26.6));
#3975 = CARTESIAN_POINT('',(82.634828912419,51.984019225887,26.6));
#3976 = CARTESIAN_POINT('',(82.615015412461,51.977113421961,26.6));
#3977 = CARTESIAN_POINT('',(82.599684926365,51.966658672749,26.6));
#3978 = CARTESIAN_POINT('',(82.582370353426,51.944309365836,26.6));
#3979 = CARTESIAN_POINT('',(82.577501085194,51.934657784827,26.6));
#3980 = CARTESIAN_POINT('',(82.57426543822,51.923748994474,26.6));
#3981 = CARTESIAN_POINT('',(82.572657058683,51.911600808459,26.6));
#3982 = CARTESIAN_POINT('',(82.572657058683,51.898240305757,26.6));
#3983 = ORIENTED_EDGE('',*,*,#3984,.F.);
#3984 = EDGE_CURVE('',#3985,#3970,#3987,.T.);
#3985 = VERTEX_POINT('',#3986);
#3986 = CARTESIAN_POINT('',(83.324309260291,51.987419380524,26.6));
#3987 = B_SPLINE_CURVE_WITH_KNOTS('',4,(#3988,#3989,#3990,#3991,#3992),
  .UNSPECIFIED.,.F.,.F.,(5,5),(0.,1.),.PIECEWISE_BEZIER_KNOTS.);
#3988 = CARTESIAN_POINT('',(83.324309260291,51.987419380524,26.6));
#3989 = CARTESIAN_POINT('',(83.165060912493,51.987419380524,26.6));
#3990 = CARTESIAN_POINT('',(83.005812564695,51.987419380524,26.6));
#3991 = CARTESIAN_POINT('',(82.846564216896,51.987419380524,26.6));
#3992 = CARTESIAN_POINT('',(82.687315869098,51.987419380524,26.6));
#3993 = ORIENTED_EDGE('',*,*,#3994,.F.);
#3994 = EDGE_CURVE('',#3995,#3985,#3997,.T.);
#3995 = VERTEX_POINT('',#3996);
#3996 = CARTESIAN_POINT('',(83.464447806354,51.872760570109,26.6));
#3997 = B_SPLINE_CURVE_WITH_KNOTS('',5,(#3998,#3999,#4000,#4001,#4002,
    #4003,#4004,#4005,#4006,#4007),.UNSPECIFIED.,.F.,.F.,(6,4,6),(0.,
    0.516101312495,1.),.UNSPECIFIED.);
#3998 = CARTESIAN_POINT('',(83.464447806354,51.872760570109,26.6));
#3999 = CARTESIAN_POINT('',(83.459226237329,51.89625763072,26.6));
#4000 = CARTESIAN_POINT('',(83.451636254629,51.916869660758,26.6));
#4001 = CARTESIAN_POINT('',(83.441636848726,51.934494022784,26.6));
#4002 = CARTESIAN_POINT('',(83.429218154613,51.949064513269,26.6));
#4003 = CARTESIAN_POINT('',(83.400522433792,51.971337955874,26.6));
#4004 = CARTESIAN_POINT('',(83.384533873783,51.979412705491,26.6));
#4005 = CARTESIAN_POINT('',(83.36646623093,51.984767466387,26.6));
#4006 = CARTESIAN_POINT('',(83.346367349056,51.987419380524,26.6));
#4007 = CARTESIAN_POINT('',(83.324309260291,51.987419380524,26.6));
#4008 = ORIENTED_EDGE('',*,*,#4009,.F.);
#4009 = EDGE_CURVE('',#4010,#3995,#4012,.T.);
#4010 = VERTEX_POINT('',#4011);
#4011 = CARTESIAN_POINT('',(84.611035910502,46.980651325742,26.6));
#4012 = B_SPLINE_CURVE_WITH_KNOTS('',4,(#4013,#4014,#4015,#4016,#4017),
  .UNSPECIFIED.,.F.,.F.,(5,5),(0.,1.),.PIECEWISE_BEZIER_KNOTS.);
#4013 = CARTESIAN_POINT('',(84.611035910502,46.980651325742,26.6));
#4014 = CARTESIAN_POINT('',(84.324388884465,48.203678636834,26.6));
#4015 = CARTESIAN_POINT('',(84.037741858428,49.426705947926,26.6));
#4016 = CARTESIAN_POINT('',(83.751094832391,50.649733259017,26.6));
#4017 = CARTESIAN_POINT('',(83.464447806354,51.872760570109,26.6));
#4018 = ORIENTED_EDGE('',*,*,#4019,.F.);
#4019 = EDGE_CURVE('',#4020,#4010,#4022,.T.);
#4020 = VERTEX_POINT('',#4021);
#4021 = CARTESIAN_POINT('',(84.63651564615,46.942431722271,26.6));
#4022 = B_SPLINE_CURVE_WITH_KNOTS('',4,(#4023,#4024,#4025,#4026,#4027),
  .UNSPECIFIED.,.F.,.F.,(5,5),(0.,1.),.PIECEWISE_BEZIER_KNOTS.);
#4023 = CARTESIAN_POINT('',(84.63651564615,46.942431722271,26.6));
#4024 = CARTESIAN_POINT('',(84.630139520164,46.942431722271,26.6));
#4025 = CARTESIAN_POINT('',(84.623763383676,46.948814108944,26.6));
#4026 = CARTESIAN_POINT('',(84.617393501514,46.961578552708,26.6));
#4027 = CARTESIAN_POINT('',(84.611035910502,46.980651325742,26.6));
#4028 = ORIENTED_EDGE('',*,*,#4029,.F.);
#4029 = EDGE_CURVE('',#4030,#4020,#4032,.T.);
#4030 = VERTEX_POINT('',#4031);
#4031 = CARTESIAN_POINT('',(84.661995381798,46.980651325742,26.6));
#4032 = B_SPLINE_CURVE_WITH_KNOTS('',4,(#4033,#4034,#4035,#4036,#4037),
  .UNSPECIFIED.,.F.,.F.,(5,5),(0.,1.),.PIECEWISE_BEZIER_KNOTS.);
#4033 = CARTESIAN_POINT('',(84.661995381798,46.980651325742,26.6));
#4034 = CARTESIAN_POINT('',(84.655637790785,46.961578552703,26.6));
#4035 = CARTESIAN_POINT('',(84.649267908624,46.948814108966,26.6));
#4036 = CARTESIAN_POINT('',(84.642891772135,46.942431722271,26.6));
#4037 = CARTESIAN_POINT('',(84.63651564615,46.942431722271,26.6));
#4038 = ORIENTED_EDGE('',*,*,#4039,.F.);
#4039 = EDGE_CURVE('',#4040,#4030,#4042,.T.);
#4040 = VERTEX_POINT('',#4041);
#4041 = CARTESIAN_POINT('',(85.82132335377,51.872760570109,26.6));
#4042 = B_SPLINE_CURVE_WITH_KNOTS('',4,(#4043,#4044,#4045,#4046,#4047),
  .UNSPECIFIED.,.F.,.F.,(5,5),(0.,1.),.PIECEWISE_BEZIER_KNOTS.);
#4043 = CARTESIAN_POINT('',(85.82132335377,51.872760570109,26.6));
#4044 = CARTESIAN_POINT('',(85.531491360777,50.649733259017,26.6));
#4045 = CARTESIAN_POINT('',(85.241659367784,49.426705947926,26.6));
#4046 = CARTESIAN_POINT('',(84.951827374791,48.203678636834,26.6));
#4047 = CARTESIAN_POINT('',(84.661995381798,46.980651325742,26.6));
#4048 = ORIENTED_EDGE('',*,*,#4049,.F.);
#4049 = EDGE_CURVE('',#4050,#4040,#4052,.T.);
#4050 = VERTEX_POINT('',#4051);
#4051 = CARTESIAN_POINT('',(85.961461899833,51.987419380524,26.6));
#4052 = B_SPLINE_CURVE_WITH_KNOTS('',5,(#4053,#4054,#4055,#4056,#4057,
    #4058,#4059,#4060,#4061,#4062),.UNSPECIFIED.,.F.,.F.,(6,4,6),(0.,
    0.485891788105,1.),.UNSPECIFIED.);
#4053 = CARTESIAN_POINT('',(85.961461899833,51.987419380524,26.6));
#4054 = CARTESIAN_POINT('',(85.939312945849,51.987419380524,26.6));
#4055 = CARTESIAN_POINT('',(85.919139615039,51.984745275963,26.6));
#4056 = CARTESIAN_POINT('',(85.901013897414,51.97934670311,26.6));
#4057 = CARTESIAN_POINT('',(85.884985505837,51.971204629564,26.6));
#4058 = CARTESIAN_POINT('',(85.856361377329,51.948839152948,26.6));
#4059 = CARTESIAN_POINT('',(85.844018562798,51.934289690644,26.6));
#4060 = CARTESIAN_POINT('',(85.834076314858,51.916710405473,26.6));
#4061 = CARTESIAN_POINT('',(85.826524757144,51.896166885292,26.6));
#4062 = CARTESIAN_POINT('',(85.82132335377,51.872760570109,26.6));
#4063 = ORIENTED_EDGE('',*,*,#4064,.F.);
#4064 = EDGE_CURVE('',#4065,#4050,#4067,.T.);
#4065 = VERTEX_POINT('',#4066);
#4066 = CARTESIAN_POINT('',(86.547495819731,51.987419380524,26.6));
#4067 = B_SPLINE_CURVE_WITH_KNOTS('',4,(#4068,#4069,#4070,#4071,#4072),
  .UNSPECIFIED.,.F.,.F.,(5,5),(0.,1.),.PIECEWISE_BEZIER_KNOTS.);
#4068 = CARTESIAN_POINT('',(86.547495819731,51.987419380524,26.6));
#4069 = CARTESIAN_POINT('',(86.400987339756,51.987419380524,26.6));
#4070 = CARTESIAN_POINT('',(86.254478859782,51.987419380524,26.6));
#4071 = CARTESIAN_POINT('',(86.107970379807,51.987419380524,26.6));
#4072 = CARTESIAN_POINT('',(85.961461899833,51.987419380524,26.6));
#4073 = ORIENTED_EDGE('',*,*,#4074,.F.);
#4074 = EDGE_CURVE('',#4075,#4065,#4077,.T.);
#4075 = VERTEX_POINT('',#4076);
#4076 = CARTESIAN_POINT('',(86.687634365793,51.872760570109,26.6));
#4077 = B_SPLINE_CURVE_WITH_KNOTS('',5,(#4078,#4079,#4080,#4081,#4082,
    #4083,#4084,#4085,#4086,#4087),.UNSPECIFIED.,.F.,.F.,(6,4,6),(0.,
    0.443542720379,1.),.UNSPECIFIED.);
#4078 = CARTESIAN_POINT('',(86.687634365793,51.872760570109,26.6));
#4079 = CARTESIAN_POINT('',(86.68538670179,51.89298954614,26.6));
#4080 = CARTESIAN_POINT('',(86.680897412552,51.911087251303,26.6));
#4081 = CARTESIAN_POINT('',(86.674126120151,51.92697880466,26.6));
#4082 = CARTESIAN_POINT('',(86.665059733539,51.940614303556,26.6));
#4083 = CARTESIAN_POINT('',(86.63948891679,51.966226066369,26.6));
#4084 = CARTESIAN_POINT('',(86.621677768407,51.976897010707,26.6));
#4085 = CARTESIAN_POINT('',(86.600323134803,51.983947068857,26.6));
#4086 = CARTESIAN_POINT('',(86.575539247704,51.987419380524,26.6));
#4087 = CARTESIAN_POINT('',(86.547495819731,51.987419380524,26.6));
#4088 = ORIENTED_EDGE('',*,*,#4089,.F.);
#4089 = EDGE_CURVE('',#4090,#4075,#4092,.T.);
#4090 = VERTEX_POINT('',#4091);
#4091 = CARTESIAN_POINT('',(87.872442073413,46.993391193566,26.6));
#4092 = B_SPLINE_CURVE_WITH_KNOTS('',4,(#4093,#4094,#4095,#4096,#4097),
  .UNSPECIFIED.,.F.,.F.,(5,5),(0.,1.),.PIECEWISE_BEZIER_KNOTS.);
#4093 = CARTESIAN_POINT('',(87.872442073413,46.993391193566,26.6));
#4094 = CARTESIAN_POINT('',(87.576240146508,48.213233537702,26.6));
#4095 = CARTESIAN_POINT('',(87.280038219603,49.433075881838,26.6));
#4096 = CARTESIAN_POINT('',(86.983836292698,50.652918225973,26.6));
#4097 = CARTESIAN_POINT('',(86.687634365793,51.872760570109,26.6));
#4098 = ORIENTED_EDGE('',*,*,#4099,.F.);
#4099 = EDGE_CURVE('',#4100,#4090,#4102,.T.);
#4100 = VERTEX_POINT('',#4101);
#4101 = CARTESIAN_POINT('',(87.897921809061,46.955171590095,26.6));
#4102 = B_SPLINE_CURVE_WITH_KNOTS('',4,(#4103,#4104,#4105,#4106,#4107),
  .UNSPECIFIED.,.F.,.F.,(5,5),(0.,1.),.PIECEWISE_BEZIER_KNOTS.);
#4103 = CARTESIAN_POINT('',(87.897921809061,46.955171590095,26.6));
#4104 = CARTESIAN_POINT('',(87.891545683075,46.955171590095,26.6));
#4105 = CARTESIAN_POINT('',(87.885169546587,46.961553976768,26.6));
#4106 = CARTESIAN_POINT('',(87.878799664425,46.974318420532,26.6));
#4107 = CARTESIAN_POINT('',(87.872442073413,46.993391193566,26.6));
#4108 = ORIENTED_EDGE('',*,*,#4109,.F.);
#4109 = EDGE_CURVE('',#4110,#4100,#4112,.T.);
#4110 = VERTEX_POINT('',#4111);
#4111 = CARTESIAN_POINT('',(87.923401544709,46.993391193566,26.6));
#4112 = B_SPLINE_CURVE_WITH_KNOTS('',4,(#4113,#4114,#4115,#4116,#4117),
  .UNSPECIFIED.,.F.,.F.,(5,5),(0.,1.),.PIECEWISE_BEZIER_KNOTS.);
#4113 = CARTESIAN_POINT('',(87.923401544709,46.993391193566,26.6));
#4114 = CARTESIAN_POINT('',(87.917043953696,46.974318420527,26.6));
#4115 = CARTESIAN_POINT('',(87.910674071535,46.96155397679,26.6));
#4116 = CARTESIAN_POINT('',(87.904297935046,46.955171590095,26.6));
#4117 = CARTESIAN_POINT('',(87.897921809061,46.955171590095,26.6));
#4118 = ORIENTED_EDGE('',*,*,#4119,.F.);
#4119 = EDGE_CURVE('',#4120,#4110,#4122,.T.);
#4120 = VERTEX_POINT('',#4121);
#4121 = CARTESIAN_POINT('',(89.082729516681,51.872760570109,26.6));
#4122 = B_SPLINE_CURVE_WITH_KNOTS('',4,(#4123,#4124,#4125,#4126,#4127),
  .UNSPECIFIED.,.F.,.F.,(5,5),(0.,1.),.PIECEWISE_BEZIER_KNOTS.);
#4123 = CARTESIAN_POINT('',(89.082729516681,51.872760570109,26.6));
#4124 = CARTESIAN_POINT('',(88.792897523688,50.652918225973,26.6));
#4125 = CARTESIAN_POINT('',(88.503065530695,49.433075881838,26.6));
#4126 = CARTESIAN_POINT('',(88.213233537702,48.213233537702,26.6));
#4127 = CARTESIAN_POINT('',(87.923401544709,46.993391193566,26.6));
#4128 = ORIENTED_EDGE('',*,*,#4129,.F.);
#4129 = EDGE_CURVE('',#4130,#4120,#4132,.T.);
#4130 = VERTEX_POINT('',#4131);
#4131 = CARTESIAN_POINT('',(89.222868062744,51.987419380524,26.6));
#4132 = B_SPLINE_CURVE_WITH_KNOTS('',5,(#4133,#4134,#4135,#4136,#4137,
    #4138,#4139,#4140,#4141,#4142),.UNSPECIFIED.,.F.,.F.,(6,4,6),(0.,
    0.485891788105,1.),.UNSPECIFIED.);
#4133 = CARTESIAN_POINT('',(89.222868062744,51.987419380524,26.6));
#4134 = CARTESIAN_POINT('',(89.20071910876,51.987419380524,26.6));
#4135 = CARTESIAN_POINT('',(89.18054577795,51.984745275963,26.6));
#4136 = CARTESIAN_POINT('',(89.162420060325,51.97934670311,26.6));
#4137 = CARTESIAN_POINT('',(89.146391668748,51.971204629564,26.6));
#4138 = CARTESIAN_POINT('',(89.11776754024,51.948839152948,26.6));
#4139 = CARTESIAN_POINT('',(89.105424725709,51.934289690644,26.6));
#4140 = CARTESIAN_POINT('',(89.095482477769,51.916710405473,26.6));
#4141 = CARTESIAN_POINT('',(89.087930920055,51.896166885292,26.6));
#4142 = CARTESIAN_POINT('',(89.082729516681,51.872760570109,26.6));
#4143 = ORIENTED_EDGE('',*,*,#4144,.F.);
#4144 = EDGE_CURVE('',#4145,#4130,#4147,.T.);
#4145 = VERTEX_POINT('',#4146);
#4146 = CARTESIAN_POINT('',(89.872601321761,51.9746795127,26.6));
#4147 = B_SPLINE_CURVE_WITH_KNOTS('',4,(#4148,#4149,#4150,#4151,#4152),
  .UNSPECIFIED.,.F.,.F.,(5,5),(0.,1.),.PIECEWISE_BEZIER_KNOTS.);
#4148 = CARTESIAN_POINT('',(89.872601321761,51.9746795127,26.6));
#4149 = CARTESIAN_POINT('',(89.710168007007,51.977864479656,26.6));
#4150 = CARTESIAN_POINT('',(89.547734692253,51.981049446612,26.6));
#4151 = CARTESIAN_POINT('',(89.385301377498,51.984234413568,26.6));
#4152 = CARTESIAN_POINT('',(89.222868062744,51.987419380524,26.6));
#4153 = ORIENTED_EDGE('',*,*,#4154,.F.);
#4154 = EDGE_CURVE('',#4155,#4145,#4157,.T.);
#4155 = VERTEX_POINT('',#4156);
#4156 = CARTESIAN_POINT('',(89.96815033044,51.936459909228,26.6));
#4157 = B_SPLINE_CURVE_WITH_KNOTS('',4,(#4158,#4159,#4160,#4161,#4162,
    #4163,#4164,#4165),.UNSPECIFIED.,.F.,.F.,(5,3,5),(0.,0.179846194063,
    1.),.UNSPECIFIED.);
#4158 = CARTESIAN_POINT('',(89.96815033044,51.936459909228,26.6));
#4159 = CARTESIAN_POINT('',(89.965284164527,51.939899308325,26.6));
#4160 = CARTESIAN_POINT('',(89.962245742923,51.943132730192,26.6));
#4161 = CARTESIAN_POINT('',(89.959035135099,51.946159894416,26.6));
#4162 = CARTESIAN_POINT('',(89.940226758244,51.961844167996,26.6));
#4163 = CARTESIAN_POINT('',(89.92122378582,51.970415129147,26.6));
#4164 = CARTESIAN_POINT('',(89.898660970896,51.9746795127,26.6));
#4165 = CARTESIAN_POINT('',(89.872601321761,51.9746795127,26.6));
#4166 = ORIENTED_EDGE('',*,*,#4167,.F.);
#4167 = EDGE_CURVE('',#4168,#4155,#4170,.T.);
#4168 = VERTEX_POINT('',#4169);
#4169 = CARTESIAN_POINT('',(89.974520264352,51.834540966637,26.6));
#4170 = B_SPLINE_CURVE_WITH_KNOTS('',4,(#4171,#4172,#4173,#4174,#4175,
    #4176,#4177,#4178),.UNSPECIFIED.,.F.,.F.,(5,3,5),(0.,0.785247347249,
    1.),.UNSPECIFIED.);
#4171 = CARTESIAN_POINT('',(89.974520264352,51.834540966637,26.6));
#4172 = CARTESIAN_POINT('',(89.98448933827,51.859463651431,26.6));
#4173 = CARTESIAN_POINT('',(89.988639439957,51.881864946501,26.6));
#4174 = CARTESIAN_POINT('',(89.986870931756,51.901669041173,26.6));
#4175 = CARTESIAN_POINT('',(89.977096565516,51.923545763002,26.6));
#4176 = CARTESIAN_POINT('',(89.974555714151,51.928047490995,26.6));
#4177 = CARTESIAN_POINT('',(89.971573338784,51.932352299216,26.6));
#4178 = CARTESIAN_POINT('',(89.96815033044,51.936459909228,26.6));
#4179 = ORIENTED_EDGE('',*,*,#4180,.F.);
#4180 = EDGE_CURVE('',#4181,#4168,#4183,.T.);
#4181 = VERTEX_POINT('',#4182);
#4182 = CARTESIAN_POINT('',(88.382036786368,45.65570507206,26.6));
#4183 = B_SPLINE_CURVE_WITH_KNOTS('',4,(#4184,#4185,#4186,#4187,#4188),
  .UNSPECIFIED.,.F.,.F.,(5,5),(0.,1.),.PIECEWISE_BEZIER_KNOTS.);
#4184 = CARTESIAN_POINT('',(88.382036786368,45.65570507206,26.6));
#4185 = CARTESIAN_POINT('',(88.780157655864,47.200414045704,26.6));
#4186 = CARTESIAN_POINT('',(89.17827852536,48.745123019349,26.6));
#4187 = CARTESIAN_POINT('',(89.576399394856,50.289831992993,26.6));
#4188 = CARTESIAN_POINT('',(89.974520264352,51.834540966637,26.6));
#4189 = ORIENTED_EDGE('',*,*,#4190,.F.);
#4190 = EDGE_CURVE('',#4191,#4181,#4193,.T.);
#4191 = VERTEX_POINT('',#4192);
#4192 = CARTESIAN_POINT('',(88.241898240306,45.541046261645,26.6));
#4193 = B_SPLINE_CURVE_WITH_KNOTS('',5,(#4194,#4195,#4196,#4197,#4198,
    #4199,#4200,#4201,#4202,#4203),.UNSPECIFIED.,.F.,.F.,(6,4,6),(0.,
    0.55546166413,1.),.UNSPECIFIED.);
#4194 = CARTESIAN_POINT('',(88.241898240306,45.541046261645,26.6));
#4195 = CARTESIAN_POINT('',(88.269891493878,45.541046261645,26.6));
#4196 = CARTESIAN_POINT('',(88.294636853608,45.544506159434,26.6));
#4197 = CARTESIAN_POINT('',(88.315965530989,45.551530821323,26.6));
#4198 = CARTESIAN_POINT('',(88.333763797467,45.562163276078,26.6));
#4199 = CARTESIAN_POINT('',(88.359380678928,45.587728974959,26.6));
#4200 = CARTESIAN_POINT('',(88.368482906192,45.601379853815,26.6));
#4201 = CARTESIAN_POINT('',(88.375279667364,45.617297151276,26.6));
#4202 = CARTESIAN_POINT('',(88.379784077024,45.635430687963,26.6));
#4203 = CARTESIAN_POINT('',(88.382036786368,45.65570507206,26.6));
#4204 = ORIENTED_EDGE('',*,*,#4205,.F.);
#4205 = EDGE_CURVE('',#4206,#4191,#4208,.T.);
#4206 = VERTEX_POINT('',#4207);
#4207 = CARTESIAN_POINT('',(87.579425113464,45.541046261645,26.6));
#4208 = B_SPLINE_CURVE_WITH_KNOTS('',4,(#4209,#4210,#4211,#4212,#4213),
  .UNSPECIFIED.,.F.,.F.,(5,5),(0.,1.),.PIECEWISE_BEZIER_KNOTS.);
#4209 = CARTESIAN_POINT('',(87.579425113464,45.541046261645,26.6));
#4210 = CARTESIAN_POINT('',(87.745043395175,45.541046261645,26.6));
#4211 = CARTESIAN_POINT('',(87.910661676885,45.541046261645,26.6));
#4212 = CARTESIAN_POINT('',(88.076279958595,45.541046261645,26.6));
#4213 = CARTESIAN_POINT('',(88.241898240306,45.541046261645,26.6));
#4214 = ORIENTED_EDGE('',*,*,#4215,.F.);
#4215 = EDGE_CURVE('',#4216,#4206,#4218,.T.);
#4216 = VERTEX_POINT('',#4217);
#4217 = CARTESIAN_POINT('',(87.439286567402,45.65570507206,26.6));
#4218 = B_SPLINE_CURVE_WITH_KNOTS('',5,(#4219,#4220,#4221,#4222,#4223,
    #4224,#4225,#4226,#4227,#4228),.UNSPECIFIED.,.F.,.F.,(6,4,6),(0.,
    0.516101312494,1.),.UNSPECIFIED.);
#4219 = CARTESIAN_POINT('',(87.439286567402,45.65570507206,26.6));
#4220 = CARTESIAN_POINT('',(87.444508136427,45.632208011449,26.6));
#4221 = CARTESIAN_POINT('',(87.452098119127,45.611595981411,26.6));
#4222 = CARTESIAN_POINT('',(87.46209752503,45.593971619385,26.6));
#4223 = CARTESIAN_POINT('',(87.474516219142,45.5794011289,26.6));
#4224 = CARTESIAN_POINT('',(87.503211939964,45.557127686295,26.6));
#4225 = CARTESIAN_POINT('',(87.519200499973,45.549052936678,26.6));
#4226 = CARTESIAN_POINT('',(87.537268142826,45.543698175782,26.6));
#4227 = CARTESIAN_POINT('',(87.5573670247,45.541046261645,26.6));
#4228 = CARTESIAN_POINT('',(87.579425113464,45.541046261645,26.6));
#4229 = ORIENTED_EDGE('',*,*,#4230,.F.);
#4230 = EDGE_CURVE('',#4231,#4216,#4233,.T.);
#4231 = VERTEX_POINT('',#4232);
#4232 = CARTESIAN_POINT('',(86.27995859543,50.369456166892,26.6));
#4233 = B_SPLINE_CURVE_WITH_KNOTS('',4,(#4234,#4235,#4236,#4237,#4238),
  .UNSPECIFIED.,.F.,.F.,(5,5),(0.,1.),.PIECEWISE_BEZIER_KNOTS.);
#4234 = CARTESIAN_POINT('',(86.27995859543,50.369456166892,26.6));
#4235 = CARTESIAN_POINT('',(86.569790588423,49.191018393184,26.6));
#4236 = CARTESIAN_POINT('',(86.859622581416,48.012580619476,26.6));
#4237 = CARTESIAN_POINT('',(87.149454574409,46.834142845768,26.6));
#4238 = CARTESIAN_POINT('',(87.439286567402,45.65570507206,26.6));
#4239 = ORIENTED_EDGE('',*,*,#4240,.F.);
#4240 = EDGE_CURVE('',#4241,#4231,#4243,.T.);
#4241 = VERTEX_POINT('',#4242);
#4242 = CARTESIAN_POINT('',(86.24810892587,50.407675770364,26.6));
#4243 = B_SPLINE_CURVE_WITH_KNOTS('',4,(#4244,#4245,#4246,#4247,#4248,
    #4249,#4250,#4251),.UNSPECIFIED.,.F.,.F.,(5,3,5),(0.,
    7.9938558381E-02,1.),.UNSPECIFIED.);
#4244 = CARTESIAN_POINT('',(86.24810892587,50.407675770364,26.6));
#4245 = CARTESIAN_POINT('',(86.248873307963,50.407675770364,26.6));
#4246 = CARTESIAN_POINT('',(86.249630905547,50.407635003851,26.6));
#4247 = CARTESIAN_POINT('',(86.250381713338,50.407553468447,26.6));
#4248 = CARTESIAN_POINT('',(86.259689026954,50.406023499085,26.6));
#4249 = CARTESIAN_POINT('',(86.267352249249,50.399215191613,26.6));
#4250 = CARTESIAN_POINT('',(86.274108115279,50.387007607344,26.6));
#4251 = CARTESIAN_POINT('',(86.27995859543,50.369456166892,26.6));
#4252 = ORIENTED_EDGE('',*,*,#4253,.F.);
#4253 = EDGE_CURVE('',#4254,#4241,#4256,.T.);
#4254 = VERTEX_POINT('',#4255);
#4255 = CARTESIAN_POINT('',(86.21625925631,50.369456166892,26.6));
#4256 = B_SPLINE_CURVE_WITH_KNOTS('',4,(#4257,#4258,#4259,#4260,#4261),
  .UNSPECIFIED.,.F.,.F.,(5,5),(0.,1.),.PIECEWISE_BEZIER_KNOTS.);
#4257 = CARTESIAN_POINT('',(86.21625925631,50.369456166892,26.6));
#4258 = CARTESIAN_POINT('',(86.222618048435,50.388532543266,26.6));
#4259 = CARTESIAN_POINT('',(86.230046389146,50.40129615268,26.6));
#4260 = CARTESIAN_POINT('',(86.238546806763,50.407675770364,26.6));
#4261 = CARTESIAN_POINT('',(86.24810892587,50.407675770364,26.6));
#4262 = ORIENTED_EDGE('',*,*,#4263,.F.);
#4263 = EDGE_CURVE('',#4264,#4254,#4266,.T.);
#4264 = VERTEX_POINT('',#4265);
#4265 = CARTESIAN_POINT('',(85.09515088781,45.65570507206,26.6));
#4266 = B_SPLINE_CURVE_WITH_KNOTS('',4,(#4267,#4268,#4269,#4270,#4271),
  .UNSPECIFIED.,.F.,.F.,(5,5),(0.,1.),.PIECEWISE_BEZIER_KNOTS.);
#4267 = CARTESIAN_POINT('',(85.09515088781,45.65570507206,26.6));
#4268 = CARTESIAN_POINT('',(85.375427979935,46.834142845768,26.6));
#4269 = CARTESIAN_POINT('',(85.65570507206,48.012580619476,26.6));
#4270 = CARTESIAN_POINT('',(85.935982164185,49.191018393184,26.6));
#4271 = CARTESIAN_POINT('',(86.21625925631,50.369456166892,26.6));
#4272 = ORIENTED_EDGE('',*,*,#4273,.F.);
#4273 = EDGE_CURVE('',#4274,#4264,#4276,.T.);
#4274 = VERTEX_POINT('',#4275);
#4275 = CARTESIAN_POINT('',(84.955012341747,45.541046261645,26.6));
#4276 = B_SPLINE_CURVE_WITH_KNOTS('',5,(#4277,#4278,#4279,#4280,#4281,
    #4282,#4283,#4284,#4285,#4286),.UNSPECIFIED.,.F.,.F.,(6,4,6),(0.,
    0.485891788105,1.),.UNSPECIFIED.);
#4277 = CARTESIAN_POINT('',(84.955012341747,45.541046261645,26.6));
#4278 = CARTESIAN_POINT('',(84.977161295731,45.541046261645,26.6));
#4279 = CARTESIAN_POINT('',(84.99733462654,45.543720366206,26.6));
#4280 = CARTESIAN_POINT('',(85.015460344166,45.549118939059,26.6));
#4281 = CARTESIAN_POINT('',(85.031488735742,45.557261012605,26.6));
#4282 = CARTESIAN_POINT('',(85.060112864251,45.579626489221,26.6));
#4283 = CARTESIAN_POINT('',(85.072455678782,45.594175951525,26.6));
#4284 = CARTESIAN_POINT('',(85.082397926721,45.611755236696,26.6));
#4285 = CARTESIAN_POINT('',(85.089949484436,45.632298756877,26.6));
#4286 = CARTESIAN_POINT('',(85.09515088781,45.65570507206,26.6));
#4287 = ORIENTED_EDGE('',*,*,#4288,.F.);
#4288 = EDGE_CURVE('',#4289,#4274,#4291,.T.);
#4289 = VERTEX_POINT('',#4290);
#4290 = CARTESIAN_POINT('',(84.292539214906,45.541046261645,26.6));
#4291 = B_SPLINE_CURVE_WITH_KNOTS('',4,(#4292,#4293,#4294,#4295,#4296),
  .UNSPECIFIED.,.F.,.F.,(5,5),(0.,1.),.PIECEWISE_BEZIER_KNOTS.);
#4292 = CARTESIAN_POINT('',(84.292539214906,45.541046261645,26.6));
#4293 = CARTESIAN_POINT('',(84.458157496616,45.541046261645,26.6));
#4294 = CARTESIAN_POINT('',(84.623775778326,45.541046261645,26.6));
#4295 = CARTESIAN_POINT('',(84.789394060037,45.541046261645,26.6));
#4296 = CARTESIAN_POINT('',(84.955012341747,45.541046261645,26.6));
#4297 = ORIENTED_EDGE('',*,*,#4298,.F.);
#4298 = EDGE_CURVE('',#3950,#4289,#4299,.T.);
#4299 = B_SPLINE_CURVE_WITH_KNOTS('',5,(#4300,#4301,#4302,#4303,#4304,
    #4305,#4306,#4307,#4308,#4309),.UNSPECIFIED.,.F.,.F.,(6,4,6),(0.,
    0.516101312494,1.),.UNSPECIFIED.);
#4300 = CARTESIAN_POINT('',(84.152400668843,45.65570507206,26.6));
#4301 = CARTESIAN_POINT('',(84.157622237868,45.632208011449,26.6));
#4302 = CARTESIAN_POINT('',(84.165212220568,45.611595981411,26.6));
#4303 = CARTESIAN_POINT('',(84.175211626471,45.593971619385,26.6));
#4304 = CARTESIAN_POINT('',(84.187630320584,45.5794011289,26.6));
#4305 = CARTESIAN_POINT('',(84.216326041405,45.557127686295,26.6));
#4306 = CARTESIAN_POINT('',(84.232314601414,45.549052936678,26.6));
#4307 = CARTESIAN_POINT('',(84.250382244267,45.543698175782,26.6));
#4308 = CARTESIAN_POINT('',(84.270481126141,45.541046261645,26.6));
#4309 = CARTESIAN_POINT('',(84.292539214906,45.541046261645,26.6));
#4310 = FACE_BOUND('',#4311,.T.);
#4311 = EDGE_LOOP('',(#4312,#4324,#4356,#4366,#4398,#4408,#4440,#4450));
#4312 = ORIENTED_EDGE('',*,*,#4313,.F.);
#4313 = EDGE_CURVE('',#4314,#4316,#4318,.T.);
#4314 = VERTEX_POINT('',#4315);
#4315 = CARTESIAN_POINT('',(14.538577912254,56.210685564137,26.6));
#4316 = VERTEX_POINT('',#4317);
#4317 = CARTESIAN_POINT('',(10.716617565093,56.210685564137,26.6));
#4318 = B_SPLINE_CURVE_WITH_KNOTS('',4,(#4319,#4320,#4321,#4322,#4323),
  .UNSPECIFIED.,.F.,.F.,(5,5),(0.,1.),.PIECEWISE_BEZIER_KNOTS.);
#4319 = CARTESIAN_POINT('',(14.538577912254,56.210685564137,26.6));
#4320 = CARTESIAN_POINT('',(13.583087825464,56.210685564137,26.6));
#4321 = CARTESIAN_POINT('',(12.627597738673,56.210685564137,26.6));
#4322 = CARTESIAN_POINT('',(11.672107651883,56.210685564137,26.6));
#4323 = CARTESIAN_POINT('',(10.716617565093,56.210685564137,26.6));
#4324 = ORIENTED_EDGE('',*,*,#4325,.T.);
#4325 = EDGE_CURVE('',#4314,#4326,#4328,.T.);
#4326 = VERTEX_POINT('',#4327);
#4327 = CARTESIAN_POINT('',(15.255195477347,55.494067999045,26.6));
#4328 = B_SPLINE_CURVE_WITH_KNOTS('',6,(#4329,#4330,#4331,#4332,#4333,
    #4334,#4335,#4336,#4337,#4338,#4339,#4340,#4341,#4342,#4343,#4344,
    #4345,#4346,#4347,#4348,#4349,#4350,#4351,#4352,#4353,#4354,#4355),
  .UNSPECIFIED.,.F.,.F.,(7,5,5,5,5,7),(0.,0.155800031362,0.259677451651,
    0.500006609399,0.844195097055,1.),.UNSPECIFIED.);
#4329 = CARTESIAN_POINT('',(14.538577912254,56.210685564137,26.6));
#4330 = CARTESIAN_POINT('',(14.565788713078,56.210685564137,26.6));
#4331 = CARTESIAN_POINT('',(14.593362390974,56.209445700428,26.6));
#4332 = CARTESIAN_POINT('',(14.62120574781,56.206903930664,26.6));
#4333 = CARTESIAN_POINT('',(14.649214456029,56.203009184804,26.6));
#4334 = CARTESIAN_POINT('',(14.677275455191,56.19772431493,26.6));
#4335 = CARTESIAN_POINT('',(14.723933872505,56.186565070607,26.6));
#4336 = CARTESIAN_POINT('',(14.742568792706,56.181474126804,26.6));
#4337 = CARTESIAN_POINT('',(14.761138539849,56.17575004491,26.6));
#4338 = CARTESIAN_POINT('',(14.779607065726,56.169390094745,26.6));
#4339 = CARTESIAN_POINT('',(14.797937843194,56.162394984692,26.6));
#4340 = CARTESIAN_POINT('',(14.858099353969,56.137125184098,26.6));
#4341 = CARTESIAN_POINT('',(14.899173464711,56.116102718892,26.6));
#4342 = CARTESIAN_POINT('',(14.938854697137,56.091755192094,26.6));
#4343 = CARTESIAN_POINT('',(14.97669582267,56.064238876365,26.6));
#4344 = CARTESIAN_POINT('',(15.012291027063,56.033805163824,26.6));
#4345 = CARTESIAN_POINT('',(15.092581372584,55.953514818303,26.6));
#4346 = CARTESIAN_POINT('',(15.134579137454,55.900930147658,26.6));
#4347 = CARTESIAN_POINT('',(15.170283350848,55.844042303927,26.6));
#4348 = CARTESIAN_POINT('',(15.199069782445,55.784136704671,26.6));
#4349 = CARTESIAN_POINT('',(15.220748442935,55.722600722878,26.6));
#4350 = CARTESIAN_POINT('',(15.242234228139,55.632765541981,26.6));
#4351 = CARTESIAN_POINT('',(15.247519098013,55.604704542819,26.6));
#4352 = CARTESIAN_POINT('',(15.251413843874,55.5766958346,26.6));
#4353 = CARTESIAN_POINT('',(15.253955613638,55.548852477764,26.6));
#4354 = CARTESIAN_POINT('',(15.255195477347,55.521278799868,26.6));
#4355 = CARTESIAN_POINT('',(15.255195477347,55.494067999045,26.6));
#4356 = ORIENTED_EDGE('',*,*,#4357,.F.);
#4357 = EDGE_CURVE('',#4358,#4326,#4360,.T.);
#4358 = VERTEX_POINT('',#4359);
#4359 = CARTESIAN_POINT('',(15.255195477347,44.505932000955,26.6));
#4360 = B_SPLINE_CURVE_WITH_KNOTS('',4,(#4361,#4362,#4363,#4364,#4365),
  .UNSPECIFIED.,.F.,.F.,(5,5),(0.,1.),.PIECEWISE_BEZIER_KNOTS.);
#4361 = CARTESIAN_POINT('',(15.255195477347,44.505932000955,26.6));
#4362 = CARTESIAN_POINT('',(15.255195477347,47.252966000478,26.6));
#4363 = CARTESIAN_POINT('',(15.255195477347,50.,26.6));
#4364 = CARTESIAN_POINT('',(15.255195477347,52.747033999522,26.6));
#4365 = CARTESIAN_POINT('',(15.255195477347,55.494067999045,26.6));
#4366 = ORIENTED_EDGE('',*,*,#4367,.T.);
#4367 = EDGE_CURVE('',#4358,#4368,#4370,.T.);
#4368 = VERTEX_POINT('',#4369);
#4369 = CARTESIAN_POINT('',(14.538577912254,43.789314435863,26.6));
#4370 = B_SPLINE_CURVE_WITH_KNOTS('',6,(#4371,#4372,#4373,#4374,#4375,
    #4376,#4377,#4378,#4379,#4380,#4381,#4382,#4383,#4384,#4385,#4386,
    #4387,#4388,#4389,#4390,#4391,#4392,#4393,#4394,#4395,#4396,#4397),
  .UNSPECIFIED.,.F.,.F.,(7,5,5,5,5,7),(0.,0.155804902944,0.499993390601,
    0.740322548349,0.844199968638,1.),.UNSPECIFIED.);
#4371 = CARTESIAN_POINT('',(15.255195477347,44.505932000955,26.6));
#4372 = CARTESIAN_POINT('',(15.255195477347,44.478721200132,26.6));
#4373 = CARTESIAN_POINT('',(15.253955613638,44.451147522236,26.6));
#4374 = CARTESIAN_POINT('',(15.251413843874,44.4233041654,26.6));
#4375 = CARTESIAN_POINT('',(15.247519098013,44.395295457181,26.6));
#4376 = CARTESIAN_POINT('',(15.242234228139,44.367234458019,26.6));
#4377 = CARTESIAN_POINT('',(15.220748442935,44.277399277122,26.6));
#4378 = CARTESIAN_POINT('',(15.199069782445,44.21586329533,26.6));
#4379 = CARTESIAN_POINT('',(15.170283350848,44.155957696073,26.6));
#4380 = CARTESIAN_POINT('',(15.134579137454,44.099069852342,26.6));
#4381 = CARTESIAN_POINT('',(15.092581372584,44.046485181697,26.6));
#4382 = CARTESIAN_POINT('',(15.012291027064,43.966194836176,26.6));
#4383 = CARTESIAN_POINT('',(14.97669582267,43.935761123635,26.6));
#4384 = CARTESIAN_POINT('',(14.938854697137,43.908244807907,26.6));
#4385 = CARTESIAN_POINT('',(14.899173464711,43.883897281108,26.6));
#4386 = CARTESIAN_POINT('',(14.858099353969,43.862874815902,26.6));
#4387 = CARTESIAN_POINT('',(14.797937843194,43.837605015308,26.6));
#4388 = CARTESIAN_POINT('',(14.779607065726,43.830609905255,26.6));
#4389 = CARTESIAN_POINT('',(14.761138539849,43.82424995509,26.6));
#4390 = CARTESIAN_POINT('',(14.742568792706,43.818525873196,26.6));
#4391 = CARTESIAN_POINT('',(14.723933872505,43.813434929393,26.6));
#4392 = CARTESIAN_POINT('',(14.677275455191,43.80227568507,26.6));
#4393 = CARTESIAN_POINT('',(14.649214456029,43.796990815196,26.6));
#4394 = CARTESIAN_POINT('',(14.62120574781,43.793096069336,26.6));
#4395 = CARTESIAN_POINT('',(14.593362390974,43.790554299572,26.6));
#4396 = CARTESIAN_POINT('',(14.565788713078,43.789314435863,26.6));
#4397 = CARTESIAN_POINT('',(14.538577912254,43.789314435863,26.6));
#4398 = ORIENTED_EDGE('',*,*,#4399,.F.);
#4399 = EDGE_CURVE('',#4400,#4368,#4402,.T.);
#4400 = VERTEX_POINT('',#4401);
#4401 = CARTESIAN_POINT('',(10.716617565093,43.789314435863,26.6));
#4402 = B_SPLINE_CURVE_WITH_KNOTS('',4,(#4403,#4404,#4405,#4406,#4407),
  .UNSPECIFIED.,.F.,.F.,(5,5),(0.,1.),.PIECEWISE_BEZIER_KNOTS.);
#4403 = CARTESIAN_POINT('',(10.716617565093,43.789314435863,26.6));
#4404 = CARTESIAN_POINT('',(11.672107651883,43.789314435863,26.6));
#4405 = CARTESIAN_POINT('',(12.627597738673,43.789314435863,26.6));
#4406 = CARTESIAN_POINT('',(13.583087825464,43.789314435863,26.6));
#4407 = CARTESIAN_POINT('',(14.538577912254,43.789314435863,26.6));
#4408 = ORIENTED_EDGE('',*,*,#4409,.T.);
#4409 = EDGE_CURVE('',#4400,#4410,#4412,.T.);
#4410 = VERTEX_POINT('',#4411);
#4411 = CARTESIAN_POINT('',(10.,44.505932000955,26.6));
#4412 = B_SPLINE_CURVE_WITH_KNOTS('',6,(#4413,#4414,#4415,#4416,#4417,
    #4418,#4419,#4420,#4421,#4422,#4423,#4424,#4425,#4426,#4427,#4428,
    #4429,#4430,#4431,#4432,#4433,#4434,#4435,#4436,#4437,#4438,#4439),
  .UNSPECIFIED.,.F.,.F.,(7,5,5,5,5,7),(0.,0.155804902945,0.499993390601,
    0.740322548349,0.844199968638,1.),.UNSPECIFIED.);
#4413 = CARTESIAN_POINT('',(10.716617565093,43.789314435863,26.6));
#4414 = CARTESIAN_POINT('',(10.689406764269,43.789314435863,26.6));
#4415 = CARTESIAN_POINT('',(10.661833086373,43.790554299572,26.6));
#4416 = CARTESIAN_POINT('',(10.633989729537,43.793096069336,26.6));
#4417 = CARTESIAN_POINT('',(10.605981021318,43.796990815196,26.6));
#4418 = CARTESIAN_POINT('',(10.577920022156,43.80227568507,26.6));
#4419 = CARTESIAN_POINT('',(10.488084841259,43.823761470275,26.6));
#4420 = CARTESIAN_POINT('',(10.426548859467,43.845440130765,26.6));
#4421 = CARTESIAN_POINT('',(10.366643260211,43.874226562362,26.6));
#4422 = CARTESIAN_POINT('',(10.309755416479,43.909930775756,26.6));
#4423 = CARTESIAN_POINT('',(10.257170745834,43.951928540625,26.6));
#4424 = CARTESIAN_POINT('',(10.176880400313,44.032218886146,26.6));
#4425 = CARTESIAN_POINT('',(10.146446687773,44.06781409054,26.6));
#4426 = CARTESIAN_POINT('',(10.118930372044,44.105655216072,26.6));
#4427 = CARTESIAN_POINT('',(10.094582845245,44.145336448498,26.6));
#4428 = CARTESIAN_POINT('',(10.07356038004,44.18641055924,26.6));
#4429 = CARTESIAN_POINT('',(10.048290579445,44.246572070015,26.6));
#4430 = CARTESIAN_POINT('',(10.041295469393,44.264902847483,26.6));
#4431 = CARTESIAN_POINT('',(10.034935519227,44.283371373361,26.6));
#4432 = CARTESIAN_POINT('',(10.029211437333,44.301941120504,26.6));
#4433 = CARTESIAN_POINT('',(10.02412049353,44.320576040704,26.6));
#4434 = CARTESIAN_POINT('',(10.012961249208,44.367234458019,26.6));
#4435 = CARTESIAN_POINT('',(10.007676379334,44.395295457181,26.6));
#4436 = CARTESIAN_POINT('',(10.003781633473,44.4233041654,26.6));
#4437 = CARTESIAN_POINT('',(10.001239863709,44.451147522236,26.6));
#4438 = CARTESIAN_POINT('',(10.,44.478721200132,26.6));
#4439 = CARTESIAN_POINT('',(10.,44.505932000955,26.6));
#4440 = ORIENTED_EDGE('',*,*,#4441,.F.);
#4441 = EDGE_CURVE('',#4442,#4410,#4444,.T.);
#4442 = VERTEX_POINT('',#4443);
#4443 = CARTESIAN_POINT('',(10.,55.494067999045,26.6));
#4444 = B_SPLINE_CURVE_WITH_KNOTS('',4,(#4445,#4446,#4447,#4448,#4449),
  .UNSPECIFIED.,.F.,.F.,(5,5),(0.,1.),.PIECEWISE_BEZIER_KNOTS.);
#4445 = CARTESIAN_POINT('',(10.,55.494067999045,26.6));
#4446 = CARTESIAN_POINT('',(10.,52.747033999522,26.6));
#4447 = CARTESIAN_POINT('',(10.,50.,26.6));
#4448 = CARTESIAN_POINT('',(10.,47.252966000478,26.6));
#4449 = CARTESIAN_POINT('',(10.,44.505932000955,26.6));
#4450 = ORIENTED_EDGE('',*,*,#4451,.T.);
#4451 = EDGE_CURVE('',#4442,#4316,#4452,.T.);
#4452 = B_SPLINE_CURVE_WITH_KNOTS('',6,(#4453,#4454,#4455,#4456,#4457,
    #4458,#4459,#4460,#4461,#4462,#4463,#4464,#4465,#4466,#4467,#4468,
    #4469,#4470,#4471,#4472,#4473,#4474,#4475,#4476,#4477,#4478,#4479),
  .UNSPECIFIED.,.F.,.F.,(7,5,5,5,5,7),(0.,0.155800031362,0.259677451651,
    0.500006609399,0.844195097056,1.),.UNSPECIFIED.);
#4453 = CARTESIAN_POINT('',(10.,55.494067999045,26.6));
#4454 = CARTESIAN_POINT('',(10.,55.521278799868,26.6));
#4455 = CARTESIAN_POINT('',(10.001239863709,55.548852477764,26.6));
#4456 = CARTESIAN_POINT('',(10.003781633473,55.5766958346,26.6));
#4457 = CARTESIAN_POINT('',(10.007676379334,55.604704542819,26.6));
#4458 = CARTESIAN_POINT('',(10.012961249208,55.632765541981,26.6));
#4459 = CARTESIAN_POINT('',(10.02412049353,55.679423959296,26.6));
#4460 = CARTESIAN_POINT('',(10.029211437333,55.698058879496,26.6));
#4461 = CARTESIAN_POINT('',(10.034935519227,55.716628626639,26.6));
#4462 = CARTESIAN_POINT('',(10.041295469393,55.735097152517,26.6));
#4463 = CARTESIAN_POINT('',(10.048290579445,55.753427929985,26.6));
#4464 = CARTESIAN_POINT('',(10.07356038004,55.813589440759,26.6));
#4465 = CARTESIAN_POINT('',(10.094582845245,55.854663551501,26.6));
#4466 = CARTESIAN_POINT('',(10.118930372044,55.894344783927,26.6));
#4467 = CARTESIAN_POINT('',(10.146446687772,55.93218590946,26.6));
#4468 = CARTESIAN_POINT('',(10.176880400313,55.967781113854,26.6));
#4469 = CARTESIAN_POINT('',(10.257170745834,56.048071459375,26.6));
#4470 = CARTESIAN_POINT('',(10.30975541648,56.090069224244,26.6));
#4471 = CARTESIAN_POINT('',(10.36664326021,56.125773437638,26.6));
#4472 = CARTESIAN_POINT('',(10.426548859467,56.154559869235,26.6));
#4473 = CARTESIAN_POINT('',(10.488084841259,56.176238529725,26.6));
#4474 = CARTESIAN_POINT('',(10.577920022156,56.19772431493,26.6));
#4475 = CARTESIAN_POINT('',(10.605981021318,56.203009184804,26.6));
#4476 = CARTESIAN_POINT('',(10.633989729537,56.206903930664,26.6));
#4477 = CARTESIAN_POINT('',(10.661833086373,56.209445700428,26.6));
#4478 = CARTESIAN_POINT('',(10.689406764269,56.210685564137,26.6));
#4479 = CARTESIAN_POINT('',(10.716617565093,56.210685564137,26.6));
#4480 = FACE_BOUND('',#4481,.T.);
#4481 = EDGE_LOOP('',(#4482,#4494,#4521,#4531,#4558,#4568,#4610,#4620));
#4482 = ORIENTED_EDGE('',*,*,#4483,.F.);
#4483 = EDGE_CURVE('',#4484,#4486,#4488,.T.);
#4484 = VERTEX_POINT('',#4485);
#4485 = CARTESIAN_POINT('',(20.175969424317,55.001990604347,26.6));
#4486 = VERTEX_POINT('',#4487);
#4487 = CARTESIAN_POINT('',(17.022852137909,56.225017915439,26.6));
#4488 = B_SPLINE_CURVE_WITH_KNOTS('',4,(#4489,#4490,#4491,#4492,#4493),
  .UNSPECIFIED.,.F.,.F.,(5,5),(0.,1.),.PIECEWISE_BEZIER_KNOTS.);
#4489 = CARTESIAN_POINT('',(20.175969424317,55.001990604347,26.6));
#4490 = CARTESIAN_POINT('',(19.387690102715,55.30774743212,26.6));
#4491 = CARTESIAN_POINT('',(18.599410781113,55.613504259893,26.6));
#4492 = CARTESIAN_POINT('',(17.811131459511,55.919261087666,26.6));
#4493 = CARTESIAN_POINT('',(17.022852137909,56.225017915439,26.6));
#4494 = ORIENTED_EDGE('',*,*,#4495,.F.);
#4495 = EDGE_CURVE('',#4496,#4484,#4498,.T.);
#4496 = VERTEX_POINT('',#4497);
#4497 = CARTESIAN_POINT('',(20.749263476391,54.060832868859,26.6));
#4498 = B_SPLINE_CURVE_WITH_KNOTS('',5,(#4499,#4500,#4501,#4502,#4503,
    #4504,#4505,#4506,#4507,#4508,#4509,#4510,#4511,#4512,#4513,#4514,
    #4515,#4516,#4517,#4518,#4519,#4520),.UNSPECIFIED.,.F.,.F.,(6,4,4,4,
    4,6),(0.,0.246010874918,0.373743286217,0.626577777248,0.874493466265
    ,1.),.UNSPECIFIED.);
#4499 = CARTESIAN_POINT('',(20.749263476391,54.060832868859,26.6));
#4500 = CARTESIAN_POINT('',(20.749263476391,54.123335487512,26.6));
#4501 = CARTESIAN_POINT('',(20.746537534981,54.185070409838,26.6));
#4502 = CARTESIAN_POINT('',(20.740812915502,54.245834908024,26.6));
#4503 = CARTESIAN_POINT('',(20.731785608406,54.305339664106,26.6));
#4504 = CARTESIAN_POINT('',(20.712664402003,54.393300692672,26.6));
#4505 = CARTESIAN_POINT('',(20.705170485545,54.422929360093,26.6));
#4506 = CARTESIAN_POINT('',(20.696681244847,54.452074673453,26.6));
#4507 = CARTESIAN_POINT('',(20.687167344287,54.48068371369,26.6));
#4508 = CARTESIAN_POINT('',(20.655702230373,54.564157596885,26.6));
#4509 = CARTESIAN_POINT('',(20.630693065718,54.617305650494,26.6));
#4510 = CARTESIAN_POINT('',(20.601421747313,54.667689149924,26.6));
#4511 = CARTESIAN_POINT('',(20.567876455284,54.714895130943,26.6));
#4512 = CARTESIAN_POINT('',(20.493471848902,54.801525931141,26.6));
#4513 = CARTESIAN_POINT('',(20.452756995422,54.841096528025,26.6));
#4514 = CARTESIAN_POINT('',(20.408396366376,54.877073570057,26.6));
#4515 = CARTESIAN_POINT('',(20.360773807088,54.909404847359,26.6));
#4516 = CARTESIAN_POINT('',(20.284800841402,54.952727526601,26.6));
#4517 = CARTESIAN_POINT('',(20.258542321714,54.966374507064,26.6));
#4518 = CARTESIAN_POINT('',(20.231615163928,54.979119981945,26.6));
#4519 = CARTESIAN_POINT('',(20.204073367139,54.990983226742,26.6));
#4520 = CARTESIAN_POINT('',(20.175969424317,55.001990604347,26.6));
#4521 = ORIENTED_EDGE('',*,*,#4522,.F.);
#4522 = EDGE_CURVE('',#4523,#4496,#4525,.T.);
#4523 = VERTEX_POINT('',#4524);
#4524 = CARTESIAN_POINT('',(20.749263476391,45.939167131141,26.6));
#4525 = B_SPLINE_CURVE_WITH_KNOTS('',4,(#4526,#4527,#4528,#4529,#4530),
  .UNSPECIFIED.,.F.,.F.,(5,5),(0.,1.),.PIECEWISE_BEZIER_KNOTS.);
#4526 = CARTESIAN_POINT('',(20.749263476391,45.939167131141,26.6));
#4527 = CARTESIAN_POINT('',(20.749263476391,47.969583565571,26.6));
#4528 = CARTESIAN_POINT('',(20.749263476391,50.,26.6));
#4529 = CARTESIAN_POINT('',(20.749263476391,52.03041643443,26.6));
#4530 = CARTESIAN_POINT('',(20.749263476391,54.060832868859,26.6));
#4531 = ORIENTED_EDGE('',*,*,#4532,.F.);
#4532 = EDGE_CURVE('',#4533,#4523,#4535,.T.);
#4533 = VERTEX_POINT('',#4534);
#4534 = CARTESIAN_POINT('',(20.175969424317,44.998009395653,26.6));
#4535 = B_SPLINE_CURVE_WITH_KNOTS('',5,(#4536,#4537,#4538,#4539,#4540,
    #4541,#4542,#4543,#4544,#4545,#4546,#4547,#4548,#4549,#4550,#4551,
    #4552,#4553,#4554,#4555,#4556,#4557),.UNSPECIFIED.,.F.,.F.,(6,4,4,4,
    4,6),(0.,0.125506533735,0.373422222752,0.626256713783,0.753989125082
    ,1.),.UNSPECIFIED.);
#4536 = CARTESIAN_POINT('',(20.175969424317,44.998009395653,26.6));
#4537 = CARTESIAN_POINT('',(20.204073367139,45.009016773258,26.6));
#4538 = CARTESIAN_POINT('',(20.231615163928,45.020880018055,26.6));
#4539 = CARTESIAN_POINT('',(20.258542321714,45.033625492936,26.6));
#4540 = CARTESIAN_POINT('',(20.284800841402,45.047272473399,26.6));
#4541 = CARTESIAN_POINT('',(20.360773807088,45.090595152641,26.6));
#4542 = CARTESIAN_POINT('',(20.408396366376,45.122926429943,26.6));
#4543 = CARTESIAN_POINT('',(20.452756995422,45.158903471975,26.6));
#4544 = CARTESIAN_POINT('',(20.493471848902,45.198474068859,26.6));
#4545 = CARTESIAN_POINT('',(20.567876455284,45.285104869057,26.6));
#4546 = CARTESIAN_POINT('',(20.601421747313,45.332310850076,26.6));
#4547 = CARTESIAN_POINT('',(20.630693065718,45.382694349506,26.6));
#4548 = CARTESIAN_POINT('',(20.655702230373,45.435842403115,26.6));
#4549 = CARTESIAN_POINT('',(20.687167344287,45.51931628631,26.6));
#4550 = CARTESIAN_POINT('',(20.696681244847,45.547925326547,26.6));
#4551 = CARTESIAN_POINT('',(20.705170485545,45.577070639907,26.6));
#4552 = CARTESIAN_POINT('',(20.712664402003,45.606699307328,26.6));
#4553 = CARTESIAN_POINT('',(20.731785608406,45.694660335894,26.6));
#4554 = CARTESIAN_POINT('',(20.740812915502,45.754165091976,26.6));
#4555 = CARTESIAN_POINT('',(20.746537534981,45.814929590162,26.6));
#4556 = CARTESIAN_POINT('',(20.749263476391,45.876664512488,26.6));
#4557 = CARTESIAN_POINT('',(20.749263476391,45.939167131141,26.6));
#4558 = ORIENTED_EDGE('',*,*,#4559,.F.);
#4559 = EDGE_CURVE('',#4560,#4533,#4562,.T.);
#4560 = VERTEX_POINT('',#4561);
#4561 = CARTESIAN_POINT('',(17.022852137909,43.774982084561,26.6));
#4562 = B_SPLINE_CURVE_WITH_KNOTS('',4,(#4563,#4564,#4565,#4566,#4567),
  .UNSPECIFIED.,.F.,.F.,(5,5),(0.,1.),.PIECEWISE_BEZIER_KNOTS.);
#4563 = CARTESIAN_POINT('',(17.022852137909,43.774982084561,26.6));
#4564 = CARTESIAN_POINT('',(17.811131459511,44.080738912334,26.6));
#4565 = CARTESIAN_POINT('',(18.599410781113,44.386495740107,26.6));
#4566 = CARTESIAN_POINT('',(19.387690102715,44.69225256788,26.6));
#4567 = CARTESIAN_POINT('',(20.175969424317,44.998009395653,26.6));
#4568 = ORIENTED_EDGE('',*,*,#4569,.F.);
#4569 = EDGE_CURVE('',#4570,#4560,#4572,.T.);
#4570 = VERTEX_POINT('',#4571);
#4571 = CARTESIAN_POINT('',(16.449558085835,44.267059479258,26.6));
#4572 = B_SPLINE_CURVE_WITH_KNOTS('',6,(#4573,#4574,#4575,#4576,#4577,
    #4578,#4579,#4580,#4581,#4582,#4583,#4584,#4585,#4586,#4587,#4588,
    #4589,#4590,#4591,#4592,#4593,#4594,#4595,#4596,#4597,#4598,#4599,
    #4600,#4601,#4602,#4603,#4604,#4605,#4606,#4607,#4608,#4609),
  .UNSPECIFIED.,.F.,.F.,(7,5,5,5,5,5,5,7),(0.,0.280981936767,
    0.385507567124,0.444091727104,0.565589423541,0.724974621639,
    0.810184489547,1.),.UNSPECIFIED.);
#4573 = CARTESIAN_POINT('',(16.449558085835,44.267059479258,26.6));
#4574 = CARTESIAN_POINT('',(16.449558085835,44.213329386851,26.6));
#4575 = CARTESIAN_POINT('',(16.451491687979,44.160664289909,26.6));
#4576 = CARTESIAN_POINT('',(16.455644223055,44.109272980867,26.6));
#4577 = CARTESIAN_POINT('',(16.462379060132,44.059549298504,26.6));
#4578 = CARTESIAN_POINT('',(16.472138251505,44.012073364944,26.6));
#4579 = CARTESIAN_POINT('',(16.490318245671,43.951018884535,26.6));
#4580 = CARTESIAN_POINT('',(16.495729515934,43.934880487347,26.6));
#4581 = CARTESIAN_POINT('',(16.501645377474,43.919197817188,26.6));
#4582 = CARTESIAN_POINT('',(16.50808773116,43.904015645852,26.6));
#4583 = CARTESIAN_POINT('',(16.515075747747,43.889381592036,26.6));
#4584 = CARTESIAN_POINT('',(16.52685436755,43.867476493568,26.6));
#4585 = CARTESIAN_POINT('',(16.53126078354,43.859796239943,26.6));
#4586 = CARTESIAN_POINT('',(16.535845659953,43.852312079123,26.6));
#4587 = CARTESIAN_POINT('',(16.540610927951,43.845032560813,26.6));
#4588 = CARTESIAN_POINT('',(16.545557877349,43.837966094433,26.6));
#4589 = CARTESIAN_POINT('',(16.561324769519,43.816924801431,26.6));
#4590 = CARTESIAN_POINT('',(16.572747506654,43.803679020603,26.6));
#4591 = CARTESIAN_POINT('',(16.58495870813,43.791459263327,26.6));
#4592 = CARTESIAN_POINT('',(16.597949149463,43.780329913424,26.6));
#4593 = CARTESIAN_POINT('',(16.611693534145,43.770339162981,26.6));
#4594 = CARTESIAN_POINT('',(16.645107562355,43.749937038999,26.6));
#4595 = CARTESIAN_POINT('',(16.665294024808,43.740362643677,26.6));
#4596 = CARTESIAN_POINT('',(16.686603072513,43.732856112923,26.6));
#4597 = CARTESIAN_POINT('',(16.70890469132,43.727398679128,26.6));
#4598 = CARTESIAN_POINT('',(16.732054162094,43.723912005146,26.6));
#4599 = CARTESIAN_POINT('',(16.768654609146,43.721411475288,26.6));
#4600 = CARTESIAN_POINT('',(16.781607116702,43.721071061381,26.6));
#4601 = CARTESIAN_POINT('',(16.79474086671,43.721244073784,26.6));
#4602 = CARTESIAN_POINT('',(16.808036220848,43.721910777963,26.6));
#4603 = CARTESIAN_POINT('',(16.821475024903,43.723050164061,26.6));
#4604 = CARTESIAN_POINT('',(16.865260906742,43.728185215651,26.6));
#4605 = CARTESIAN_POINT('',(16.896106848066,43.733969932634,26.6));
#4606 = CARTESIAN_POINT('',(16.927408200746,43.741759538709,26.6));
#4607 = CARTESIAN_POINT('',(16.959026977597,43.751323012048,26.6));
#4608 = CARTESIAN_POINT('',(16.990861845655,43.762452553428,26.6));
#4609 = CARTESIAN_POINT('',(17.022852137909,43.774982084561,26.6));
#4610 = ORIENTED_EDGE('',*,*,#4611,.F.);
#4611 = EDGE_CURVE('',#4612,#4570,#4614,.T.);
#4612 = VERTEX_POINT('',#4613);
#4613 = CARTESIAN_POINT('',(16.449558085835,55.732940520742,26.6));
#4614 = B_SPLINE_CURVE_WITH_KNOTS('',4,(#4615,#4616,#4617,#4618,#4619),
  .UNSPECIFIED.,.F.,.F.,(5,5),(0.,1.),.PIECEWISE_BEZIER_KNOTS.);
#4615 = CARTESIAN_POINT('',(16.449558085835,55.732940520742,26.6));
#4616 = CARTESIAN_POINT('',(16.449558085835,52.866470260371,26.6));
#4617 = CARTESIAN_POINT('',(16.449558085835,50.,26.6));
#4618 = CARTESIAN_POINT('',(16.449558085835,47.133529739629,26.6));
#4619 = CARTESIAN_POINT('',(16.449558085835,44.267059479258,26.6));
#4620 = ORIENTED_EDGE('',*,*,#4621,.F.);
#4621 = EDGE_CURVE('',#4486,#4612,#4622,.T.);
#4622 = B_SPLINE_CURVE_WITH_KNOTS('',6,(#4623,#4624,#4625,#4626,#4627,
    #4628,#4629,#4630,#4631,#4632,#4633,#4634,#4635,#4636,#4637,#4638,
    #4639,#4640,#4641,#4642,#4643,#4644,#4645,#4646,#4647,#4648,#4649,
    #4650,#4651,#4652,#4653,#4654,#4655,#4656,#4657,#4658,#4659),
  .UNSPECIFIED.,.F.,.F.,(7,5,5,5,5,5,5,7),(0.,0.189815510453,
    0.275025378361,0.434410576459,0.555908272896,0.614492432876,
    0.719018063233,1.),.UNSPECIFIED.);
#4623 = CARTESIAN_POINT('',(17.022852137909,56.225017915439,26.6));
#4624 = CARTESIAN_POINT('',(16.990861845655,56.237547446572,26.6));
#4625 = CARTESIAN_POINT('',(16.959026977597,56.248676987952,26.6));
#4626 = CARTESIAN_POINT('',(16.927408200746,56.258240461291,26.6));
#4627 = CARTESIAN_POINT('',(16.896106848066,56.266030067366,26.6));
#4628 = CARTESIAN_POINT('',(16.865260906742,56.271814784349,26.6));
#4629 = CARTESIAN_POINT('',(16.821475024903,56.276949835939,26.6));
#4630 = CARTESIAN_POINT('',(16.808036220848,56.278089222037,26.6));
#4631 = CARTESIAN_POINT('',(16.79474086671,56.278755926216,26.6));
#4632 = CARTESIAN_POINT('',(16.781607116702,56.278928938619,26.6));
#4633 = CARTESIAN_POINT('',(16.768654609146,56.278588524712,26.6));
#4634 = CARTESIAN_POINT('',(16.732054162094,56.276087994854,26.6));
#4635 = CARTESIAN_POINT('',(16.70890469132,56.272601320872,26.6));
#4636 = CARTESIAN_POINT('',(16.686603072513,56.267143887077,26.6));
#4637 = CARTESIAN_POINT('',(16.665294024808,56.259637356323,26.6));
#4638 = CARTESIAN_POINT('',(16.645107562355,56.250062961001,26.6));
#4639 = CARTESIAN_POINT('',(16.611693534145,56.229660837019,26.6));
#4640 = CARTESIAN_POINT('',(16.597949149463,56.219670086576,26.6));
#4641 = CARTESIAN_POINT('',(16.58495870813,56.208540736673,26.6));
#4642 = CARTESIAN_POINT('',(16.572747506654,56.196320979397,26.6));
#4643 = CARTESIAN_POINT('',(16.561324769519,56.183075198569,26.6));
#4644 = CARTESIAN_POINT('',(16.545557877349,56.162033905567,26.6));
#4645 = CARTESIAN_POINT('',(16.540610927951,56.154967439187,26.6));
#4646 = CARTESIAN_POINT('',(16.535845659953,56.147687920877,26.6));
#4647 = CARTESIAN_POINT('',(16.53126078354,56.140203760057,26.6));
#4648 = CARTESIAN_POINT('',(16.52685436755,56.132523506432,26.6));
#4649 = CARTESIAN_POINT('',(16.515075747747,56.110618407964,26.6));
#4650 = CARTESIAN_POINT('',(16.50808773116,56.095984354148,26.6));
#4651 = CARTESIAN_POINT('',(16.501645377474,56.080802182812,26.6));
#4652 = CARTESIAN_POINT('',(16.495729515934,56.065119512653,26.6));
#4653 = CARTESIAN_POINT('',(16.490318245671,56.048981115465,26.6));
#4654 = CARTESIAN_POINT('',(16.472138251505,55.987926635056,26.6));
#4655 = CARTESIAN_POINT('',(16.462379060132,55.940450701496,26.6));
#4656 = CARTESIAN_POINT('',(16.455644223055,55.890727019133,26.6));
#4657 = CARTESIAN_POINT('',(16.451491687979,55.839335710091,26.6));
#4658 = CARTESIAN_POINT('',(16.449558085835,55.786670613149,26.6));
#4659 = CARTESIAN_POINT('',(16.449558085835,55.732940520742,26.6));
#4660 = FACE_BOUND('',#4661,.T.);
#4661 = EDGE_LOOP('',(#4662,#4691,#4701,#4728,#4738,#4765,#4775,#4802));
#4662 = ORIENTED_EDGE('',*,*,#4663,.T.);
#4663 = EDGE_CURVE('',#4664,#4666,#4668,.T.);
#4664 = VERTEX_POINT('',#4665);
#4665 = CARTESIAN_POINT('',(22.660243649972,43.789314435863,26.6));
#4666 = VERTEX_POINT('',#4667);
#4667 = CARTESIAN_POINT('',(22.182498606577,44.267059479258,26.6));
#4668 = B_SPLINE_CURVE_WITH_KNOTS('',6,(#4669,#4670,#4671,#4672,#4673,
    #4674,#4675,#4676,#4677,#4678,#4679,#4680,#4681,#4682,#4683,#4684,
    #4685,#4686,#4687,#4688,#4689,#4690),.UNSPECIFIED.,.F.,.F.,(7,5,5,5,
    7),(0.,0.258172641125,0.500002115956,0.839756943835,1.),
  .UNSPECIFIED.);
#4669 = CARTESIAN_POINT('',(22.660243649972,43.789314435863,26.6));
#4670 = CARTESIAN_POINT('',(22.630642361878,43.789314435863,26.6));
#4671 = CARTESIAN_POINT('',(22.60027043773,43.791515144146,26.6));
#4672 = CARTESIAN_POINT('',(22.569393368122,43.796132570348,26.6));
#4673 = CARTESIAN_POINT('',(22.53835151975,43.80333267252,26.6));
#4674 = CARTESIAN_POINT('',(22.507532285591,43.81320098144,26.6));
#4675 = CARTESIAN_POINT('',(22.449063312749,43.837431466066,26.6));
#4676 = CARTESIAN_POINT('',(22.421333740891,43.851470438524,26.6));
#4677 = CARTESIAN_POINT('',(22.39448762976,43.867811249567,26.6));
#4678 = CARTESIAN_POINT('',(22.368860074844,43.886351735539,26.6));
#4679 = CARTESIAN_POINT('',(22.344757314919,43.906912294585,26.6));
#4680 = CARTESIAN_POINT('',(22.291054082295,43.960615527209,26.6));
#4681 = CARTESIAN_POINT('',(22.263172488898,43.995489518185,26.6));
#4682 = CARTESIAN_POINT('',(22.239478406789,44.033173811337,26.6));
#4683 = CARTESIAN_POINT('',(22.220401792027,44.07274995864,26.6));
#4684 = CARTESIAN_POINT('',(22.206015054017,44.113245630582,26.6));
#4685 = CARTESIAN_POINT('',(22.191452706089,44.172916616403,26.6));
#4686 = CARTESIAN_POINT('',(22.187784243367,44.192053951793,26.6));
#4687 = CARTESIAN_POINT('',(22.185093566255,44.211115187343,26.6));
#4688 = CARTESIAN_POINT('',(22.183346479194,44.230017477618,26.6));
#4689 = CARTESIAN_POINT('',(22.182498606577,44.248686714728,26.6));
#4690 = CARTESIAN_POINT('',(22.182498606577,44.267059479258,26.6));
#4691 = ORIENTED_EDGE('',*,*,#4692,.T.);
#4692 = EDGE_CURVE('',#4666,#4693,#4695,.T.);
#4693 = VERTEX_POINT('',#4694);
#4694 = CARTESIAN_POINT('',(22.182498606577,55.732940520742,26.6));
#4695 = B_SPLINE_CURVE_WITH_KNOTS('',4,(#4696,#4697,#4698,#4699,#4700),
  .UNSPECIFIED.,.F.,.F.,(5,5),(0.,1.),.PIECEWISE_BEZIER_KNOTS.);
#4696 = CARTESIAN_POINT('',(22.182498606577,44.267059479258,26.6));
#4697 = CARTESIAN_POINT('',(22.182498606577,47.133529739629,26.6));
#4698 = CARTESIAN_POINT('',(22.182498606577,50.,26.6));
#4699 = CARTESIAN_POINT('',(22.182498606577,52.866470260371,26.6));
#4700 = CARTESIAN_POINT('',(22.182498606577,55.732940520742,26.6));
#4701 = ORIENTED_EDGE('',*,*,#4702,.T.);
#4702 = EDGE_CURVE('',#4693,#4703,#4705,.T.);
#4703 = VERTEX_POINT('',#4704);
#4704 = CARTESIAN_POINT('',(22.660243649972,56.210685564137,26.6));
#4705 = B_SPLINE_CURVE_WITH_KNOTS('',6,(#4706,#4707,#4708,#4709,#4710,
    #4711,#4712,#4713,#4714,#4715,#4716,#4717,#4718,#4719,#4720,#4721,
    #4722,#4723,#4724,#4725,#4726,#4727),.UNSPECIFIED.,.F.,.F.,(7,5,5,5,
    7),(0.,0.258172641125,0.500002115956,0.839756943835,1.),
  .UNSPECIFIED.);
#4706 = CARTESIAN_POINT('',(22.182498606577,55.732940520742,26.6));
#4707 = CARTESIAN_POINT('',(22.182498606577,55.762541808836,26.6));
#4708 = CARTESIAN_POINT('',(22.184699314861,55.792913732984,26.6));
#4709 = CARTESIAN_POINT('',(22.189316741062,55.823790802593,26.6));
#4710 = CARTESIAN_POINT('',(22.196516843234,55.854832650964,26.6));
#4711 = CARTESIAN_POINT('',(22.206385152154,55.885651885124,26.6));
#4712 = CARTESIAN_POINT('',(22.23061563678,55.944120857965,26.6));
#4713 = CARTESIAN_POINT('',(22.244654609238,55.971850429823,26.6));
#4714 = CARTESIAN_POINT('',(22.260995420281,55.998696540954,26.6));
#4715 = CARTESIAN_POINT('',(22.279535906253,56.02432409587,26.6));
#4716 = CARTESIAN_POINT('',(22.3000964653,56.048426855796,26.6));
#4717 = CARTESIAN_POINT('',(22.353799697923,56.102130088419,26.6));
#4718 = CARTESIAN_POINT('',(22.388673688899,56.130011681816,26.6));
#4719 = CARTESIAN_POINT('',(22.426357982051,56.153705763925,26.6));
#4720 = CARTESIAN_POINT('',(22.465934129354,56.172782378687,26.6));
#4721 = CARTESIAN_POINT('',(22.506429801296,56.187169116698,26.6));
#4722 = CARTESIAN_POINT('',(22.566100787117,56.201731464625,26.6));
#4723 = CARTESIAN_POINT('',(22.585238122508,56.205399927348,26.6));
#4724 = CARTESIAN_POINT('',(22.604299358057,56.208090604459,26.6));
#4725 = CARTESIAN_POINT('',(22.623201648333,56.20983769152,26.6));
#4726 = CARTESIAN_POINT('',(22.641870885442,56.210685564137,26.6));
#4727 = CARTESIAN_POINT('',(22.660243649972,56.210685564137,26.6));
#4728 = ORIENTED_EDGE('',*,*,#4729,.T.);
#4729 = EDGE_CURVE('',#4703,#4730,#4732,.T.);
#4730 = VERTEX_POINT('',#4731);
#4731 = CARTESIAN_POINT('',(23.376861215065,56.210685564137,26.6));
#4732 = B_SPLINE_CURVE_WITH_KNOTS('',4,(#4733,#4734,#4735,#4736,#4737),
  .UNSPECIFIED.,.F.,.F.,(5,5),(0.,1.),.PIECEWISE_BEZIER_KNOTS.);
#4733 = CARTESIAN_POINT('',(22.660243649972,56.210685564137,26.6));
#4734 = CARTESIAN_POINT('',(22.839398041245,56.210685564137,26.6));
#4735 = CARTESIAN_POINT('',(23.018552432519,56.210685564137,26.6));
#4736 = CARTESIAN_POINT('',(23.197706823792,56.210685564137,26.6));
#4737 = CARTESIAN_POINT('',(23.376861215065,56.210685564137,26.6));
#4738 = ORIENTED_EDGE('',*,*,#4739,.T.);
#4739 = EDGE_CURVE('',#4730,#4740,#4742,.T.);
#4740 = VERTEX_POINT('',#4741);
#4741 = CARTESIAN_POINT('',(23.85460625846,55.732940520742,26.6));
#4742 = B_SPLINE_CURVE_WITH_KNOTS('',6,(#4743,#4744,#4745,#4746,#4747,
    #4748,#4749,#4750,#4751,#4752,#4753,#4754,#4755,#4756,#4757,#4758,
    #4759,#4760,#4761,#4762,#4763,#4764),.UNSPECIFIED.,.F.,.F.,(7,5,5,5,
    7),(0.,0.258172641125,0.500002115956,0.839756943835,1.),
  .UNSPECIFIED.);
#4743 = CARTESIAN_POINT('',(23.376861215065,56.210685564137,26.6));
#4744 = CARTESIAN_POINT('',(23.406462503159,56.210685564137,26.6));
#4745 = CARTESIAN_POINT('',(23.436834427307,56.208484855854,26.6));
#4746 = CARTESIAN_POINT('',(23.467711496915,56.203867429652,26.6));
#4747 = CARTESIAN_POINT('',(23.498753345287,56.19666732748,26.6));
#4748 = CARTESIAN_POINT('',(23.529572579446,56.18679901856,26.6));
#4749 = CARTESIAN_POINT('',(23.588041552288,56.162568533934,26.6));
#4750 = CARTESIAN_POINT('',(23.615771124146,56.148529561476,26.6));
#4751 = CARTESIAN_POINT('',(23.642617235277,56.132188750433,26.6));
#4752 = CARTESIAN_POINT('',(23.668244790193,56.113648264461,26.6));
#4753 = CARTESIAN_POINT('',(23.692347550118,56.093087705415,26.6));
#4754 = CARTESIAN_POINT('',(23.746050782742,56.039384472791,26.6));
#4755 = CARTESIAN_POINT('',(23.773932376139,56.004510481815,26.6));
#4756 = CARTESIAN_POINT('',(23.797626458248,55.966826188663,26.6));
#4757 = CARTESIAN_POINT('',(23.81670307301,55.92725004136,26.6));
#4758 = CARTESIAN_POINT('',(23.83108981102,55.886754369418,26.6));
#4759 = CARTESIAN_POINT('',(23.845652158948,55.827083383597,26.6));
#4760 = CARTESIAN_POINT('',(23.84932062167,55.807946048207,26.6));
#4761 = CARTESIAN_POINT('',(23.852011298782,55.788884812657,26.6));
#4762 = CARTESIAN_POINT('',(23.853758385843,55.769982522382,26.6));
#4763 = CARTESIAN_POINT('',(23.85460625846,55.751313285272,26.6));
#4764 = CARTESIAN_POINT('',(23.85460625846,55.732940520742,26.6));
#4765 = ORIENTED_EDGE('',*,*,#4766,.T.);
#4766 = EDGE_CURVE('',#4740,#4767,#4769,.T.);
#4767 = VERTEX_POINT('',#4768);
#4768 = CARTESIAN_POINT('',(23.85460625846,44.267059479258,26.6));
#4769 = B_SPLINE_CURVE_WITH_KNOTS('',4,(#4770,#4771,#4772,#4773,#4774),
  .UNSPECIFIED.,.F.,.F.,(5,5),(0.,1.),.PIECEWISE_BEZIER_KNOTS.);
#4770 = CARTESIAN_POINT('',(23.85460625846,55.732940520742,26.6));
#4771 = CARTESIAN_POINT('',(23.85460625846,52.866470260371,26.6));
#4772 = CARTESIAN_POINT('',(23.85460625846,50.,26.6));
#4773 = CARTESIAN_POINT('',(23.85460625846,47.133529739629,26.6));
#4774 = CARTESIAN_POINT('',(23.85460625846,44.267059479258,26.6));
#4775 = ORIENTED_EDGE('',*,*,#4776,.T.);
#4776 = EDGE_CURVE('',#4767,#4777,#4779,.T.);
#4777 = VERTEX_POINT('',#4778);
#4778 = CARTESIAN_POINT('',(23.376861215065,43.789314435863,26.6));
#4779 = B_SPLINE_CURVE_WITH_KNOTS('',6,(#4780,#4781,#4782,#4783,#4784,
    #4785,#4786,#4787,#4788,#4789,#4790,#4791,#4792,#4793,#4794,#4795,
    #4796,#4797,#4798,#4799,#4800,#4801),.UNSPECIFIED.,.F.,.F.,(7,5,5,5,
    7),(0.,0.258172641125,0.500002115956,0.839756943835,1.),
  .UNSPECIFIED.);
#4780 = CARTESIAN_POINT('',(23.85460625846,44.267059479258,26.6));
#4781 = CARTESIAN_POINT('',(23.85460625846,44.237458191164,26.6));
#4782 = CARTESIAN_POINT('',(23.852405550176,44.207086267016,26.6));
#4783 = CARTESIAN_POINT('',(23.847788123975,44.176209197407,26.6));
#4784 = CARTESIAN_POINT('',(23.840588021803,44.145167349036,26.6));
#4785 = CARTESIAN_POINT('',(23.830719712883,44.114348114876,26.6));
#4786 = CARTESIAN_POINT('',(23.806489228257,44.055879142035,26.6));
#4787 = CARTESIAN_POINT('',(23.792450255799,44.028149570177,26.6));
#4788 = CARTESIAN_POINT('',(23.776109444756,44.001303459046,26.6));
#4789 = CARTESIAN_POINT('',(23.757568958784,43.97567590413,26.6));
#4790 = CARTESIAN_POINT('',(23.737008399737,43.951573144204,26.6));
#4791 = CARTESIAN_POINT('',(23.683305167114,43.897869911581,26.6));
#4792 = CARTESIAN_POINT('',(23.648431176138,43.869988318184,26.6));
#4793 = CARTESIAN_POINT('',(23.610746882986,43.846294236075,26.6));
#4794 = CARTESIAN_POINT('',(23.571170735683,43.827217621313,26.6));
#4795 = CARTESIAN_POINT('',(23.530675063741,43.812830883302,26.6));
#4796 = CARTESIAN_POINT('',(23.47100407792,43.798268535375,26.6));
#4797 = CARTESIAN_POINT('',(23.451866742529,43.794600072652,26.6));
#4798 = CARTESIAN_POINT('',(23.43280550698,43.791909395541,26.6));
#4799 = CARTESIAN_POINT('',(23.413903216704,43.79016230848,26.6));
#4800 = CARTESIAN_POINT('',(23.395233979595,43.789314435863,26.6));
#4801 = CARTESIAN_POINT('',(23.376861215065,43.789314435863,26.6));
#4802 = ORIENTED_EDGE('',*,*,#4803,.T.);
#4803 = EDGE_CURVE('',#4777,#4664,#4804,.T.);
#4804 = B_SPLINE_CURVE_WITH_KNOTS('',4,(#4805,#4806,#4807,#4808,#4809),
  .UNSPECIFIED.,.F.,.F.,(5,5),(0.,1.),.PIECEWISE_BEZIER_KNOTS.);
#4805 = CARTESIAN_POINT('',(23.376861215065,43.789314435863,26.6));
#4806 = CARTESIAN_POINT('',(23.197706823792,43.789314435863,26.6));
#4807 = CARTESIAN_POINT('',(23.018552432519,43.789314435863,26.6));
#4808 = CARTESIAN_POINT('',(22.839398041245,43.789314435863,26.6));
#4809 = CARTESIAN_POINT('',(22.660243649972,43.789314435863,26.6));
#4810 = FACE_BOUND('',#4811,.T.);
#4811 = EDGE_LOOP('',(#4812,#4824,#4837,#4847,#4860,#4870,#4883,#4896,
    #4906,#4919,#4932,#4942,#4955,#4968,#4978,#4995,#5010,#5025,#5040,
    #5055,#5068,#5078,#5088,#5103,#5113));
#4812 = ORIENTED_EDGE('',*,*,#4813,.F.);
#4813 = EDGE_CURVE('',#4814,#4816,#4818,.T.);
#4814 = VERTEX_POINT('',#4815);
#4815 = CARTESIAN_POINT('',(32.288398757863,49.184648459272,26.6));
#4816 = VERTEX_POINT('',#4817);
#4817 = CARTESIAN_POINT('',(33.575125408074,45.668444939884,26.6));
#4818 = B_SPLINE_CURVE_WITH_KNOTS('',4,(#4819,#4820,#4821,#4822,#4823),
  .UNSPECIFIED.,.F.,.F.,(5,5),(0.,1.),.PIECEWISE_BEZIER_KNOTS.);
#4819 = CARTESIAN_POINT('',(32.288398757863,49.184648459272,26.6));
#4820 = CARTESIAN_POINT('',(32.610080420416,48.305597579425,26.6));
#4821 = CARTESIAN_POINT('',(32.931762082968,47.426546699578,26.6));
#4822 = CARTESIAN_POINT('',(33.253443745521,46.547495819731,26.6));
#4823 = CARTESIAN_POINT('',(33.575125408074,45.668444939884,26.6));
#4824 = ORIENTED_EDGE('',*,*,#4825,.F.);
#4825 = EDGE_CURVE('',#4826,#4814,#4828,.T.);
#4826 = VERTEX_POINT('',#4827);
#4827 = CARTESIAN_POINT('',(32.224699418744,49.235607930568,26.6));
#4828 = B_SPLINE_CURVE_WITH_KNOTS('',4,(#4829,#4830,#4831,#4832,#4833,
    #4834,#4835,#4836),.UNSPECIFIED.,.F.,.F.,(5,3,5),(0.,0.175828896766,
    1.),.UNSPECIFIED.);
#4829 = CARTESIAN_POINT('',(32.224699418744,49.235607930568,26.6));
#4830 = CARTESIAN_POINT('',(32.228062361242,49.235607930568,26.6));
#4831 = CARTESIAN_POINT('',(32.231359929017,49.235344903667,26.6));
#4832 = CARTESIAN_POINT('',(32.234591898152,49.234818715357,26.6));
#4833 = CARTESIAN_POINT('',(32.252599125212,49.230329661586,26.6));
#4834 = CARTESIAN_POINT('',(32.265994949935,49.220848804369,26.6));
#4835 = CARTESIAN_POINT('',(32.277927014371,49.205591946256,26.6));
#4836 = CARTESIAN_POINT('',(32.288398757863,49.184648459272,26.6));
#4837 = ORIENTED_EDGE('',*,*,#4838,.F.);
#4838 = EDGE_CURVE('',#4839,#4826,#4841,.T.);
#4839 = VERTEX_POINT('',#4840);
#4840 = CARTESIAN_POINT('',(31.42208774584,49.235607930568,26.6));
#4841 = B_SPLINE_CURVE_WITH_KNOTS('',4,(#4842,#4843,#4844,#4845,#4846),
  .UNSPECIFIED.,.F.,.F.,(5,5),(0.,1.),.PIECEWISE_BEZIER_KNOTS.);
#4842 = CARTESIAN_POINT('',(31.42208774584,49.235607930568,26.6));
#4843 = CARTESIAN_POINT('',(31.622740664066,49.235607930568,26.6));
#4844 = CARTESIAN_POINT('',(31.823393582292,49.235607930568,26.6));
#4845 = CARTESIAN_POINT('',(32.024046500518,49.235607930568,26.6));
#4846 = CARTESIAN_POINT('',(32.224699418744,49.235607930568,26.6));
#4847 = ORIENTED_EDGE('',*,*,#4848,.F.);
#4848 = EDGE_CURVE('',#4849,#4839,#4851,.T.);
#4849 = VERTEX_POINT('',#4850);
#4850 = CARTESIAN_POINT('',(31.35838840672,49.171908591448,26.6));
#4851 = B_SPLINE_CURVE_WITH_KNOTS('',4,(#4852,#4853,#4854,#4855,#4856,
    #4857,#4858,#4859),.UNSPECIFIED.,.F.,.F.,(5,3,5),(0.,0.49999999985,
    1.),.UNSPECIFIED.);
#4852 = CARTESIAN_POINT('',(31.35838840672,49.171908591448,26.6));
#4853 = CARTESIAN_POINT('',(31.35838840672,49.187790958232,26.6));
#4854 = CARTESIAN_POINT('',(31.361028353898,49.201075600302,26.6));
#4855 = CARTESIAN_POINT('',(31.366340158244,49.211710012532,26.6));
#4856 = CARTESIAN_POINT('',(31.382286324761,49.227656179049,26.6));
#4857 = CARTESIAN_POINT('',(31.392920736938,49.232967983416,26.6));
#4858 = CARTESIAN_POINT('',(31.406205379069,49.235607930568,26.6));
#4859 = CARTESIAN_POINT('',(31.42208774584,49.235607930568,26.6));
#4860 = ORIENTED_EDGE('',*,*,#4861,.F.);
#4861 = EDGE_CURVE('',#4862,#4849,#4864,.T.);
#4862 = VERTEX_POINT('',#4863);
#4863 = CARTESIAN_POINT('',(31.35838840672,45.693924675531,26.6));
#4864 = B_SPLINE_CURVE_WITH_KNOTS('',4,(#4865,#4866,#4867,#4868,#4869),
  .UNSPECIFIED.,.F.,.F.,(5,5),(0.,1.),.PIECEWISE_BEZIER_KNOTS.);
#4865 = CARTESIAN_POINT('',(31.35838840672,45.693924675531,26.6));
#4866 = CARTESIAN_POINT('',(31.35838840672,46.563420654511,26.6));
#4867 = CARTESIAN_POINT('',(31.35838840672,47.43291663349,26.6));
#4868 = CARTESIAN_POINT('',(31.35838840672,48.302412612469,26.6));
#4869 = CARTESIAN_POINT('',(31.35838840672,49.171908591448,26.6));
#4870 = ORIENTED_EDGE('',*,*,#4871,.F.);
#4871 = EDGE_CURVE('',#4872,#4862,#4874,.T.);
#4872 = VERTEX_POINT('',#4873);
#4873 = CARTESIAN_POINT('',(31.313798869337,45.585635799029,26.6));
#4874 = B_SPLINE_CURVE_WITH_KNOTS('',4,(#4875,#4876,#4877,#4878,#4879,
    #4880,#4881,#4882),.UNSPECIFIED.,.F.,.F.,(5,3,5),(0.,0.484985821006,
    1.),.UNSPECIFIED.);
#4875 = CARTESIAN_POINT('',(31.313798869337,45.585635799029,26.6));
#4876 = CARTESIAN_POINT('',(31.324604026583,45.596440956275,26.6));
#4877 = CARTESIAN_POINT('',(31.333671425069,45.608002026398,26.6));
#4878 = CARTESIAN_POINT('',(31.340991472463,45.620317552184,26.6));
#4879 = CARTESIAN_POINT('',(31.352477734459,45.647256898974,26.6));
#4880 = CARTESIAN_POINT('',(31.356420617143,45.661976436203,26.6));
#4881 = CARTESIAN_POINT('',(31.35838840672,45.677535623951,26.6));
#4882 = CARTESIAN_POINT('',(31.35838840672,45.693924675531,26.6));
#4883 = ORIENTED_EDGE('',*,*,#4884,.F.);
#4884 = EDGE_CURVE('',#4885,#4872,#4887,.T.);
#4885 = VERTEX_POINT('',#4886);
#4886 = CARTESIAN_POINT('',(31.205509992834,45.541046261645,26.6));
#4887 = B_SPLINE_CURVE_WITH_KNOTS('',4,(#4888,#4889,#4890,#4891,#4892,
    #4893,#4894,#4895),.UNSPECIFIED.,.F.,.F.,(5,3,5),(0.,0.515014178994,
    1.),.UNSPECIFIED.);
#4888 = CARTESIAN_POINT('',(31.205509992834,45.541046261645,26.6));
#4889 = CARTESIAN_POINT('',(31.221899044414,45.541046261645,26.6));
#4890 = CARTESIAN_POINT('',(31.237458232162,45.543014051222,26.6));
#4891 = CARTESIAN_POINT('',(31.252177769392,45.546956933906,26.6));
#4892 = CARTESIAN_POINT('',(31.279117116182,45.558443195902,26.6));
#4893 = CARTESIAN_POINT('',(31.291432641967,45.565763243296,26.6));
#4894 = CARTESIAN_POINT('',(31.302993712091,45.574830641783,26.6));
#4895 = CARTESIAN_POINT('',(31.313798869337,45.585635799029,26.6));
#4896 = ORIENTED_EDGE('',*,*,#4897,.F.);
#4897 = EDGE_CURVE('',#4898,#4885,#4900,.T.);
#4898 = VERTEX_POINT('',#4899);
#4899 = CARTESIAN_POINT('',(29.714945457441,45.541046261645,26.6));
#4900 = B_SPLINE_CURVE_WITH_KNOTS('',4,(#4901,#4902,#4903,#4904,#4905),
  .UNSPECIFIED.,.F.,.F.,(5,5),(0.,1.),.PIECEWISE_BEZIER_KNOTS.);
#4901 = CARTESIAN_POINT('',(29.714945457441,45.541046261645,26.6));
#4902 = CARTESIAN_POINT('',(30.087586591289,45.541046261645,26.6));
#4903 = CARTESIAN_POINT('',(30.460227725137,45.541046261645,26.6));
#4904 = CARTESIAN_POINT('',(30.832868858986,45.541046261645,26.6));
#4905 = CARTESIAN_POINT('',(31.205509992834,45.541046261645,26.6));
#4906 = ORIENTED_EDGE('',*,*,#4907,.F.);
#4907 = EDGE_CURVE('',#4908,#4898,#4910,.T.);
#4908 = VERTEX_POINT('',#4909);
#4909 = CARTESIAN_POINT('',(29.606656580938,45.585635799029,26.6));
#4910 = B_SPLINE_CURVE_WITH_KNOTS('',4,(#4911,#4912,#4913,#4914,#4915,
    #4916,#4917,#4918),.UNSPECIFIED.,.F.,.F.,(5,3,5),(0.,0.484985821006,
    1.),.UNSPECIFIED.);
#4911 = CARTESIAN_POINT('',(29.606656580938,45.585635799029,26.6));
#4912 = CARTESIAN_POINT('',(29.617461738184,45.574830641782,26.6));
#4913 = CARTESIAN_POINT('',(29.629022808308,45.565763243296,26.6));
#4914 = CARTESIAN_POINT('',(29.641338334093,45.558443195902,26.6));
#4915 = CARTESIAN_POINT('',(29.668277680883,45.546956933906,26.6));
#4916 = CARTESIAN_POINT('',(29.682997218113,45.543014051222,26.6));
#4917 = CARTESIAN_POINT('',(29.69855640586,45.541046261645,26.6));
#4918 = CARTESIAN_POINT('',(29.714945457441,45.541046261645,26.6));
#4919 = ORIENTED_EDGE('',*,*,#4920,.F.);
#4920 = EDGE_CURVE('',#4921,#4908,#4923,.T.);
#4921 = VERTEX_POINT('',#4922);
#4922 = CARTESIAN_POINT('',(29.562067043554,45.693924675531,26.6));
#4923 = B_SPLINE_CURVE_WITH_KNOTS('',4,(#4924,#4925,#4926,#4927,#4928,
    #4929,#4930,#4931),.UNSPECIFIED.,.F.,.F.,(5,3,5),(0.,0.515014178994,
    1.),.UNSPECIFIED.);
#4924 = CARTESIAN_POINT('',(29.562067043554,45.693924675531,26.6));
#4925 = CARTESIAN_POINT('',(29.562067043554,45.677535623951,26.6));
#4926 = CARTESIAN_POINT('',(29.564034833131,45.661976436203,26.6));
#4927 = CARTESIAN_POINT('',(29.567977715815,45.647256898974,26.6));
#4928 = CARTESIAN_POINT('',(29.579463977811,45.620317552184,26.6));
#4929 = CARTESIAN_POINT('',(29.586784025205,45.608002026398,26.6));
#4930 = CARTESIAN_POINT('',(29.595851423692,45.596440956275,26.6));
#4931 = CARTESIAN_POINT('',(29.606656580938,45.585635799029,26.6));
#4932 = ORIENTED_EDGE('',*,*,#4933,.F.);
#4933 = EDGE_CURVE('',#4934,#4921,#4936,.T.);
#4934 = VERTEX_POINT('',#4935);
#4935 = CARTESIAN_POINT('',(29.562067043554,54.306075324469,26.6));
#4936 = B_SPLINE_CURVE_WITH_KNOTS('',4,(#4937,#4938,#4939,#4940,#4941),
  .UNSPECIFIED.,.F.,.F.,(5,5),(0.,1.),.PIECEWISE_BEZIER_KNOTS.);
#4937 = CARTESIAN_POINT('',(29.562067043554,54.306075324469,26.6));
#4938 = CARTESIAN_POINT('',(29.562067043554,52.153037662234,26.6));
#4939 = CARTESIAN_POINT('',(29.562067043554,50.,26.6));
#4940 = CARTESIAN_POINT('',(29.562067043554,47.846962337766,26.6));
#4941 = CARTESIAN_POINT('',(29.562067043554,45.693924675531,26.6));
#4942 = ORIENTED_EDGE('',*,*,#4943,.F.);
#4943 = EDGE_CURVE('',#4944,#4934,#4946,.T.);
#4944 = VERTEX_POINT('',#4945);
#4945 = CARTESIAN_POINT('',(29.606656580938,54.414364200971,26.6));
#4946 = B_SPLINE_CURVE_WITH_KNOTS('',4,(#4947,#4948,#4949,#4950,#4951,
    #4952,#4953,#4954),.UNSPECIFIED.,.F.,.F.,(5,3,5),(0.,0.484985821006,
    1.),.UNSPECIFIED.);
#4947 = CARTESIAN_POINT('',(29.606656580938,54.414364200971,26.6));
#4948 = CARTESIAN_POINT('',(29.595851423692,54.403559043725,26.6));
#4949 = CARTESIAN_POINT('',(29.586784025205,54.391997973602,26.6));
#4950 = CARTESIAN_POINT('',(29.579463977811,54.379682447816,26.6));
#4951 = CARTESIAN_POINT('',(29.567977715815,54.352743101026,26.6));
#4952 = CARTESIAN_POINT('',(29.564034833131,54.338023563797,26.6));
#4953 = CARTESIAN_POINT('',(29.562067043554,54.322464376049,26.6));
#4954 = CARTESIAN_POINT('',(29.562067043554,54.306075324469,26.6));
#4955 = ORIENTED_EDGE('',*,*,#4956,.F.);
#4956 = EDGE_CURVE('',#4957,#4944,#4959,.T.);
#4957 = VERTEX_POINT('',#4958);
#4958 = CARTESIAN_POINT('',(29.714945457441,54.458953738355,26.6));
#4959 = B_SPLINE_CURVE_WITH_KNOTS('',4,(#4960,#4961,#4962,#4963,#4964,
    #4965,#4966,#4967),.UNSPECIFIED.,.F.,.F.,(5,3,5),(0.,0.515014178994,
    1.),.UNSPECIFIED.);
#4960 = CARTESIAN_POINT('',(29.714945457441,54.458953738355,26.6));
#4961 = CARTESIAN_POINT('',(29.69855640586,54.458953738355,26.6));
#4962 = CARTESIAN_POINT('',(29.682997218113,54.456985948778,26.6));
#4963 = CARTESIAN_POINT('',(29.668277680883,54.453043066094,26.6));
#4964 = CARTESIAN_POINT('',(29.641338334093,54.441556804098,26.6));
#4965 = CARTESIAN_POINT('',(29.629022808308,54.434236756704,26.6));
#4966 = CARTESIAN_POINT('',(29.617461738184,54.425169358218,26.6));
#4967 = CARTESIAN_POINT('',(29.606656580938,54.414364200971,26.6));
#4968 = ORIENTED_EDGE('',*,*,#4969,.F.);
#4969 = EDGE_CURVE('',#4970,#4957,#4972,.T.);
#4970 = VERTEX_POINT('',#4971);
#4971 = CARTESIAN_POINT('',(32.823473206465,54.458953738355,26.6));
#4972 = B_SPLINE_CURVE_WITH_KNOTS('',4,(#4973,#4974,#4975,#4976,#4977),
  .UNSPECIFIED.,.F.,.F.,(5,5),(0.,1.),.PIECEWISE_BEZIER_KNOTS.);
#4973 = CARTESIAN_POINT('',(32.823473206465,54.458953738355,26.6));
#4974 = CARTESIAN_POINT('',(32.046341269209,54.458953738355,26.6));
#4975 = CARTESIAN_POINT('',(31.269209331953,54.458953738355,26.6));
#4976 = CARTESIAN_POINT('',(30.492077394697,54.458953738355,26.6));
#4977 = CARTESIAN_POINT('',(29.714945457441,54.458953738355,26.6));
#4978 = ORIENTED_EDGE('',*,*,#4979,.F.);
#4979 = EDGE_CURVE('',#4980,#4970,#4982,.T.);
#4980 = VERTEX_POINT('',#4981);
#4981 = CARTESIAN_POINT('',(34.161159327972,54.121347241022,26.6));
#4982 = B_SPLINE_CURVE_WITH_KNOTS('',6,(#4983,#4984,#4985,#4986,#4987,
    #4988,#4989,#4990,#4991,#4992,#4993,#4994),.UNSPECIFIED.,.F.,.F.,(7,
    5,7),(0.,0.117437820723,1.),.UNSPECIFIED.);
#4983 = CARTESIAN_POINT('',(34.161159327972,54.121347241022,26.6));
#4984 = CARTESIAN_POINT('',(34.137740380753,54.134838591051,26.6));
#4985 = CARTESIAN_POINT('',(34.114149307275,54.148014199932,26.6));
#4986 = CARTESIAN_POINT('',(34.090389104036,54.160871445405,26.6));
#4987 = CARTESIAN_POINT('',(34.066462941082,54.173408004414,26.6));
#4988 = CARTESIAN_POINT('',(34.042374162003,54.185621853102,26.6));
#4989 = CARTESIAN_POINT('',(33.835899979207,54.286861927594,26.6));
#4990 = CARTESIAN_POINT('',(33.644622690146,54.357921772716,26.6));
#4991 = CARTESIAN_POINT('',(33.445975424065,54.409835220031,26.6));
#4992 = CARTESIAN_POINT('',(33.241767620799,54.443100892747,26.6));
#4993 = CARTESIAN_POINT('',(33.033748051795,54.458953738355,26.6));
#4994 = CARTESIAN_POINT('',(32.823473206465,54.458953738355,26.6));
#4995 = ORIENTED_EDGE('',*,*,#4996,.F.);
#4996 = EDGE_CURVE('',#4997,#4980,#4999,.T.);
#4997 = VERTEX_POINT('',#4998);
#4998 = CARTESIAN_POINT('',(35.065689943467,53.172227088144,26.6));
#4999 = B_SPLINE_CURVE_WITH_KNOTS('',5,(#5000,#5001,#5002,#5003,#5004,
    #5005,#5006,#5007,#5008,#5009),.UNSPECIFIED.,.F.,.F.,(6,4,6),(0.,
    0.563049158893,1.),.UNSPECIFIED.);
#5000 = CARTESIAN_POINT('',(35.065689943467,53.172227088144,26.6));
#5001 = CARTESIAN_POINT('',(34.995635451029,53.306731713625,26.6));
#5002 = CARTESIAN_POINT('',(34.916386799571,53.435074789653,26.6));
#5003 = CARTESIAN_POINT('',(34.827729667672,53.556166900039,26.6));
#5004 = CARTESIAN_POINT('',(34.72977623852,53.669042808812,26.6));
#5005 = CARTESIAN_POINT('',(34.540491508594,53.85377569411,26.6));
#5006 = CARTESIAN_POINT('',(34.452576608191,53.92917091004,26.6));
#5007 = CARTESIAN_POINT('',(34.359758223336,53.998944205118,26.6));
#5008 = CARTESIAN_POINT('',(34.262455907405,54.06299160287,26.6));
#5009 = CARTESIAN_POINT('',(34.161159327972,54.121347241022,26.6));
#5010 = ORIENTED_EDGE('',*,*,#5011,.F.);
#5011 = EDGE_CURVE('',#5012,#4997,#5014,.T.);
#5012 = VERTEX_POINT('',#5013);
#5013 = CARTESIAN_POINT('',(35.384186639064,51.770841627518,26.6));
#5014 = B_SPLINE_CURVE_WITH_KNOTS('',5,(#5015,#5016,#5017,#5018,#5019,
    #5020,#5021,#5022,#5023,#5024),.UNSPECIFIED.,.F.,.F.,(6,4,6),(0.,
    0.511914008075,1.),.UNSPECIFIED.);
#5015 = CARTESIAN_POINT('',(35.384186639064,51.770841627518,26.6));
#5016 = CARTESIAN_POINT('',(35.384186639064,51.92332976656,26.6));
#5017 = CARTESIAN_POINT('',(35.376767270903,52.074632454578,26.6));
#5018 = CARTESIAN_POINT('',(35.361353173881,52.224278706684,26.6));
#5019 = CARTESIAN_POINT('',(35.337393229698,52.371668531267,26.6));
#5020 = CARTESIAN_POINT('',(35.27325987133,52.653855308087,26.6));
#5021 = CARTESIAN_POINT('',(35.233890994019,52.788929764821,26.6));
#5022 = CARTESIAN_POINT('',(35.186179366373,52.920736284816,26.6));
#5023 = CARTESIAN_POINT('',(35.130038064911,53.048678694972,26.6));
#5024 = CARTESIAN_POINT('',(35.065689943467,53.172227088144,26.6));
#5025 = ORIENTED_EDGE('',*,*,#5026,.F.);
#5026 = EDGE_CURVE('',#5027,#5012,#5029,.T.);
#5027 = VERTEX_POINT('',#5028);
#5028 = CARTESIAN_POINT('',(35.027470339995,50.356716299068,26.6));
#5029 = B_SPLINE_CURVE_WITH_KNOTS('',5,(#5030,#5031,#5032,#5033,#5034,
    #5035,#5036,#5037,#5038,#5039),.UNSPECIFIED.,.F.,.F.,(6,4,6),(0.,
    0.487965049994,1.),.UNSPECIFIED.);
#5030 = CARTESIAN_POINT('',(35.027470339995,50.356716299068,26.6));
#5031 = CARTESIAN_POINT('',(35.099861963799,50.478230810453,26.6));
#5032 = CARTESIAN_POINT('',(35.163048973287,50.605281987555,26.6));
#5033 = CARTESIAN_POINT('',(35.216650032789,50.737203432644,26.6));
#5034 = CARTESIAN_POINT('',(35.260753114497,50.873204667428,26.6));
#5035 = CARTESIAN_POINT('',(35.332410819353,51.158591857727,26.6));
#5036 = CARTESIAN_POINT('',(35.359045671885,51.30832555419,26.6));
#5037 = CARTESIAN_POINT('',(35.376054783434,51.460766075978,26.6));
#5038 = CARTESIAN_POINT('',(35.384186639064,51.615131048535,26.6));
#5039 = CARTESIAN_POINT('',(35.384186639064,51.770841627518,26.6));
#5040 = ORIENTED_EDGE('',*,*,#5041,.F.);
#5041 = EDGE_CURVE('',#5042,#5027,#5044,.T.);
#5042 = VERTEX_POINT('',#5043);
#5043 = CARTESIAN_POINT('',(34.021020781909,49.464925551397,26.6));
#5044 = B_SPLINE_CURVE_WITH_KNOTS('',5,(#5045,#5046,#5047,#5048,#5049,
    #5050,#5051,#5052,#5053,#5054),.UNSPECIFIED.,.F.,.F.,(6,4,6),(0.,
    0.563258142931,1.),.UNSPECIFIED.);
#5045 = CARTESIAN_POINT('',(34.021020781909,49.464925551397,26.6));
#5046 = CARTESIAN_POINT('',(34.163377735827,49.529125746302,26.6));
#5047 = CARTESIAN_POINT('',(34.299568858497,49.60368391792,26.6));
#5048 = CARTESIAN_POINT('',(34.428275534897,49.688973322146,26.6));
#5049 = CARTESIAN_POINT('',(34.548285428057,49.784962638478,26.6));
#5050 = CARTESIAN_POINT('',(34.744443956214,49.97295004131,26.6));
#5051 = CARTESIAN_POINT('',(34.824408447395,50.061019553615,26.6));
#5052 = CARTESIAN_POINT('',(34.898287692935,50.154697113672,26.6));
#5053 = CARTESIAN_POINT('',(34.965958512194,50.253464302402,26.6));
#5054 = CARTESIAN_POINT('',(35.027470339995,50.356716299068,26.6));
#5055 = ORIENTED_EDGE('',*,*,#5056,.F.);
#5056 = EDGE_CURVE('',#5057,#5042,#5059,.T.);
#5057 = VERTEX_POINT('',#5058);
#5058 = CARTESIAN_POINT('',(33.982801178438,49.37574647663,26.6));
#5059 = B_SPLINE_CURVE_WITH_KNOTS('',4,(#5060,#5061,#5062,#5063,#5064,
    #5065,#5066,#5067),.UNSPECIFIED.,.F.,.F.,(5,3,5),(0.,0.500998447571,
    1.),.UNSPECIFIED.);
#5060 = CARTESIAN_POINT('',(33.982801178438,49.37574647663,26.6));
#5061 = CARTESIAN_POINT('',(33.976438224341,49.391653861872,26.6));
#5062 = CARTESIAN_POINT('',(33.973763215803,49.406021314115,26.6));
#5063 = CARTESIAN_POINT('',(33.974837729015,49.418802670867,26.6));
#5064 = CARTESIAN_POINT('',(33.984452112598,49.441112889439,26.6));
#5065 = CARTESIAN_POINT('',(33.992962249596,49.45065460531,26.6));
#5066 = CARTESIAN_POINT('',(34.005176800774,49.458587958943,26.6));
#5067 = CARTESIAN_POINT('',(34.021020781909,49.464925551397,26.6));
#5068 = ORIENTED_EDGE('',*,*,#5069,.F.);
#5069 = EDGE_CURVE('',#5070,#5057,#5072,.T.);
#5070 = VERTEX_POINT('',#5071);
#5071 = CARTESIAN_POINT('',(35.435146110359,45.719404411179,26.6));
#5072 = B_SPLINE_CURVE_WITH_KNOTS('',4,(#5073,#5074,#5075,#5076,#5077),
  .UNSPECIFIED.,.F.,.F.,(5,5),(0.,1.),.PIECEWISE_BEZIER_KNOTS.);
#5073 = CARTESIAN_POINT('',(35.435146110359,45.719404411179,26.6));
#5074 = CARTESIAN_POINT('',(35.072059877379,46.633489927542,26.6));
#5075 = CARTESIAN_POINT('',(34.708973644398,47.547575443905,26.6));
#5076 = CARTESIAN_POINT('',(34.345887411418,48.461660960268,26.6));
#5077 = CARTESIAN_POINT('',(33.982801178438,49.37574647663,26.6));
#5078 = ORIENTED_EDGE('',*,*,#5079,.F.);
#5079 = EDGE_CURVE('',#5080,#5070,#5082,.T.);
#5080 = VERTEX_POINT('',#5081);
#5081 = CARTESIAN_POINT('',(35.447885978183,45.65570507206,26.6));
#5082 = B_SPLINE_CURVE_WITH_KNOTS('',4,(#5083,#5084,#5085,#5086,#5087),
  .UNSPECIFIED.,.F.,.F.,(5,5),(0.,1.),.PIECEWISE_BEZIER_KNOTS.);
#5083 = CARTESIAN_POINT('',(35.447885978183,45.65570507206,26.6));
#5084 = CARTESIAN_POINT('',(35.447885978183,45.674800476683,26.6));
#5085 = CARTESIAN_POINT('',(35.445765867268,45.691788087864,26.6));
#5086 = CARTESIAN_POINT('',(35.441519477875,45.706657676148,26.6));
#5087 = CARTESIAN_POINT('',(35.435146110359,45.719404411179,26.6));
#5088 = ORIENTED_EDGE('',*,*,#5089,.F.);
#5089 = EDGE_CURVE('',#5090,#5080,#5092,.T.);
#5090 = VERTEX_POINT('',#5091);
#5091 = CARTESIAN_POINT('',(35.30774743212,45.541046261645,26.6));
#5092 = B_SPLINE_CURVE_WITH_KNOTS('',5,(#5093,#5094,#5095,#5096,#5097,
    #5098,#5099,#5100,#5101,#5102),.UNSPECIFIED.,.F.,.F.,(6,4,6),(0.,
    0.599989961636,1.),.UNSPECIFIED.);
#5093 = CARTESIAN_POINT('',(35.30774743212,45.541046261645,26.6));
#5094 = CARTESIAN_POINT('',(35.340831307051,45.541046261645,26.6));
#5095 = CARTESIAN_POINT('',(35.36939195319,45.545040223037,26.6));
#5096 = CARTESIAN_POINT('',(35.393114470442,45.553201212398,26.6));
#5097 = CARTESIAN_POINT('',(35.411785592443,45.565606014106,26.6));
#5098 = CARTESIAN_POINT('',(35.434395916385,45.593239715392,26.6));
#5099 = CARTESIAN_POINT('',(35.441171648165,45.606149894077,26.6));
#5100 = CARTESIAN_POINT('',(35.445662674927,45.620897164926,26.6));
#5101 = CARTESIAN_POINT('',(35.447885978183,45.637437184087,26.6));
#5102 = CARTESIAN_POINT('',(35.447885978183,45.65570507206,26.6));
#5103 = ORIENTED_EDGE('',*,*,#5104,.F.);
#5104 = EDGE_CURVE('',#5105,#5090,#5107,.T.);
#5105 = VERTEX_POINT('',#5106);
#5106 = CARTESIAN_POINT('',(33.753483557608,45.541046261645,26.6));
#5107 = B_SPLINE_CURVE_WITH_KNOTS('',4,(#5108,#5109,#5110,#5111,#5112),
  .UNSPECIFIED.,.F.,.F.,(5,5),(0.,1.),.PIECEWISE_BEZIER_KNOTS.);
#5108 = CARTESIAN_POINT('',(33.753483557608,45.541046261645,26.6));
#5109 = CARTESIAN_POINT('',(34.142049526236,45.541046261645,26.6));
#5110 = CARTESIAN_POINT('',(34.530615494864,45.541046261645,26.6));
#5111 = CARTESIAN_POINT('',(34.919181463492,45.541046261645,26.6));
#5112 = CARTESIAN_POINT('',(35.30774743212,45.541046261645,26.6));
#5113 = ORIENTED_EDGE('',*,*,#5114,.F.);
#5114 = EDGE_CURVE('',#4816,#5105,#5115,.T.);
#5115 = B_SPLINE_CURVE_WITH_KNOTS('',5,(#5116,#5117,#5118,#5119,#5120,
    #5121,#5122,#5123,#5124,#5125),.UNSPECIFIED.,.F.,.F.,(6,4,6),(0.,
    0.461702232689,1.),.UNSPECIFIED.);
#5116 = CARTESIAN_POINT('',(33.575125408074,45.668444939884,26.6));
#5117 = CARTESIAN_POINT('',(33.582137947014,45.645069810083,26.6));
#5118 = CARTESIAN_POINT('',(33.59133210444,45.624251268089,26.6));
#5119 = CARTESIAN_POINT('',(33.602741850371,45.60608466252,26.6));
#5120 = CARTESIAN_POINT('',(33.616372471323,45.590633333172,26.6));
#5121 = CARTESIAN_POINT('',(33.650640958718,45.563099811341,26.6));
#5122 = CARTESIAN_POINT('',(33.672067105988,45.552001048744,26.6));
#5123 = CARTESIAN_POINT('',(33.696426019974,45.544663641436,26.6));
#5124 = CARTESIAN_POINT('',(33.723613729645,45.541046261645,26.6));
#5125 = CARTESIAN_POINT('',(33.753483557608,45.541046261645,26.6));
#5126 = FACE_BOUND('',#5127,.T.);
#5127 = EDGE_LOOP('',(#5128,#5140,#5153,#5166,#5176,#5189,#5202,#5212,
    #5225,#5238,#5248,#5261));
#5128 = ORIENTED_EDGE('',*,*,#5129,.F.);
#5129 = EDGE_CURVE('',#5130,#5132,#5134,.T.);
#5130 = VERTEX_POINT('',#5131);
#5131 = CARTESIAN_POINT('',(54.481248507047,54.306075324469,26.6));
#5132 = VERTEX_POINT('',#5133);
#5133 = CARTESIAN_POINT('',(54.481248507047,45.693924675531,26.6));
#5134 = B_SPLINE_CURVE_WITH_KNOTS('',4,(#5135,#5136,#5137,#5138,#5139),
  .UNSPECIFIED.,.F.,.F.,(5,5),(0.,1.),.PIECEWISE_BEZIER_KNOTS.);
#5135 = CARTESIAN_POINT('',(54.481248507047,54.306075324469,26.6));
#5136 = CARTESIAN_POINT('',(54.481248507047,52.153037662234,26.6));
#5137 = CARTESIAN_POINT('',(54.481248507047,50.,26.6));
#5138 = CARTESIAN_POINT('',(54.481248507047,47.846962337766,26.6));
#5139 = CARTESIAN_POINT('',(54.481248507047,45.693924675531,26.6));
#5140 = ORIENTED_EDGE('',*,*,#5141,.F.);
#5141 = EDGE_CURVE('',#5142,#5130,#5144,.T.);
#5142 = VERTEX_POINT('',#5143);
#5143 = CARTESIAN_POINT('',(54.52583804443,54.414364200971,26.6));
#5144 = B_SPLINE_CURVE_WITH_KNOTS('',4,(#5145,#5146,#5147,#5148,#5149,
    #5150,#5151,#5152),.UNSPECIFIED.,.F.,.F.,(5,3,5),(0.,0.484985821006,
    1.),.UNSPECIFIED.);
#5145 = CARTESIAN_POINT('',(54.52583804443,54.414364200971,26.6));
#5146 = CARTESIAN_POINT('',(54.515032887184,54.403559043725,26.6));
#5147 = CARTESIAN_POINT('',(54.505965488698,54.391997973602,26.6));
#5148 = CARTESIAN_POINT('',(54.498645441304,54.379682447816,26.6));
#5149 = CARTESIAN_POINT('',(54.487159179308,54.352743101026,26.6));
#5150 = CARTESIAN_POINT('',(54.483216296624,54.338023563797,26.6));
#5151 = CARTESIAN_POINT('',(54.481248507047,54.322464376049,26.6));
#5152 = CARTESIAN_POINT('',(54.481248507047,54.306075324469,26.6));
#5153 = ORIENTED_EDGE('',*,*,#5154,.F.);
#5154 = EDGE_CURVE('',#5155,#5142,#5157,.T.);
#5155 = VERTEX_POINT('',#5156);
#5156 = CARTESIAN_POINT('',(54.634126920933,54.458953738355,26.6));
#5157 = B_SPLINE_CURVE_WITH_KNOTS('',4,(#5158,#5159,#5160,#5161,#5162,
    #5163,#5164,#5165),.UNSPECIFIED.,.F.,.F.,(5,3,5),(0.,0.515014178994,
    1.),.UNSPECIFIED.);
#5158 = CARTESIAN_POINT('',(54.634126920933,54.458953738355,26.6));
#5159 = CARTESIAN_POINT('',(54.617737869353,54.458953738355,26.6));
#5160 = CARTESIAN_POINT('',(54.602178681605,54.456985948778,26.6));
#5161 = CARTESIAN_POINT('',(54.587459144375,54.453043066094,26.6));
#5162 = CARTESIAN_POINT('',(54.560519797585,54.441556804098,26.6));
#5163 = CARTESIAN_POINT('',(54.5482042718,54.434236756704,26.6));
#5164 = CARTESIAN_POINT('',(54.536643201676,54.425169358218,26.6));
#5165 = CARTESIAN_POINT('',(54.52583804443,54.414364200971,26.6));
#5166 = ORIENTED_EDGE('',*,*,#5167,.F.);
#5167 = EDGE_CURVE('',#5168,#5155,#5170,.T.);
#5168 = VERTEX_POINT('',#5169);
#5169 = CARTESIAN_POINT('',(56.124691456326,54.458953738355,26.6));
#5170 = B_SPLINE_CURVE_WITH_KNOTS('',4,(#5171,#5172,#5173,#5174,#5175),
  .UNSPECIFIED.,.F.,.F.,(5,5),(0.,1.),.PIECEWISE_BEZIER_KNOTS.);
#5171 = CARTESIAN_POINT('',(56.124691456326,54.458953738355,26.6));
#5172 = CARTESIAN_POINT('',(55.752050322478,54.458953738355,26.6));
#5173 = CARTESIAN_POINT('',(55.37940918863,54.458953738355,26.6));
#5174 = CARTESIAN_POINT('',(55.006768054781,54.458953738355,26.6));
#5175 = CARTESIAN_POINT('',(54.634126920933,54.458953738355,26.6));
#5176 = ORIENTED_EDGE('',*,*,#5177,.F.);
#5177 = EDGE_CURVE('',#5178,#5168,#5180,.T.);
#5178 = VERTEX_POINT('',#5179);
#5179 = CARTESIAN_POINT('',(56.232980332829,54.414364200971,26.6));
#5180 = B_SPLINE_CURVE_WITH_KNOTS('',4,(#5181,#5182,#5183,#5184,#5185,
    #5186,#5187,#5188),.UNSPECIFIED.,.F.,.F.,(5,3,5),(0.,0.484985821006,
    1.),.UNSPECIFIED.);
#5181 = CARTESIAN_POINT('',(56.232980332829,54.414364200971,26.6));
#5182 = CARTESIAN_POINT('',(56.222175175583,54.425169358218,26.6));
#5183 = CARTESIAN_POINT('',(56.210614105459,54.434236756704,26.6));
#5184 = CARTESIAN_POINT('',(56.198298579674,54.441556804098,26.6));
#5185 = CARTESIAN_POINT('',(56.171359232884,54.453043066094,26.6));
#5186 = CARTESIAN_POINT('',(56.156639695654,54.456985948778,26.6));
#5187 = CARTESIAN_POINT('',(56.141080507907,54.458953738355,26.6));
#5188 = CARTESIAN_POINT('',(56.124691456326,54.458953738355,26.6));
#5189 = ORIENTED_EDGE('',*,*,#5190,.F.);
#5190 = EDGE_CURVE('',#5191,#5178,#5193,.T.);
#5191 = VERTEX_POINT('',#5192);
#5192 = CARTESIAN_POINT('',(56.277569870213,54.306075324469,26.6));
#5193 = B_SPLINE_CURVE_WITH_KNOTS('',4,(#5194,#5195,#5196,#5197,#5198,
    #5199,#5200,#5201),.UNSPECIFIED.,.F.,.F.,(5,3,5),(0.,0.515014178994,
    1.),.UNSPECIFIED.);
#5194 = CARTESIAN_POINT('',(56.277569870213,54.306075324469,26.6));
#5195 = CARTESIAN_POINT('',(56.277569870213,54.322464376049,26.6));
#5196 = CARTESIAN_POINT('',(56.275602080636,54.338023563797,26.6));
#5197 = CARTESIAN_POINT('',(56.271659197952,54.352743101026,26.6));
#5198 = CARTESIAN_POINT('',(56.260172935956,54.379682447816,26.6));
#5199 = CARTESIAN_POINT('',(56.252852888562,54.391997973602,26.6));
#5200 = CARTESIAN_POINT('',(56.243785490075,54.403559043725,26.6));
#5201 = CARTESIAN_POINT('',(56.232980332829,54.414364200971,26.6));
#5202 = ORIENTED_EDGE('',*,*,#5203,.F.);
#5203 = EDGE_CURVE('',#5204,#5191,#5206,.T.);
#5204 = VERTEX_POINT('',#5205);
#5205 = CARTESIAN_POINT('',(56.277569870213,45.693924675531,26.6));
#5206 = B_SPLINE_CURVE_WITH_KNOTS('',4,(#5207,#5208,#5209,#5210,#5211),
  .UNSPECIFIED.,.F.,.F.,(5,5),(0.,1.),.PIECEWISE_BEZIER_KNOTS.);
#5207 = CARTESIAN_POINT('',(56.277569870213,45.693924675531,26.6));
#5208 = CARTESIAN_POINT('',(56.277569870213,47.846962337766,26.6));
#5209 = CARTESIAN_POINT('',(56.277569870213,50.,26.6));
#5210 = CARTESIAN_POINT('',(56.277569870213,52.153037662234,26.6));
#5211 = CARTESIAN_POINT('',(56.277569870213,54.306075324469,26.6));
#5212 = ORIENTED_EDGE('',*,*,#5213,.F.);
#5213 = EDGE_CURVE('',#5214,#5204,#5216,.T.);
#5214 = VERTEX_POINT('',#5215);
#5215 = CARTESIAN_POINT('',(56.232980332829,45.585635799029,26.6));
#5216 = B_SPLINE_CURVE_WITH_KNOTS('',4,(#5217,#5218,#5219,#5220,#5221,
    #5222,#5223,#5224),.UNSPECIFIED.,.F.,.F.,(5,3,5),(0.,0.484985821006,
    1.),.UNSPECIFIED.);
#5217 = CARTESIAN_POINT('',(56.232980332829,45.585635799029,26.6));
#5218 = CARTESIAN_POINT('',(56.243785490075,45.596440956275,26.6));
#5219 = CARTESIAN_POINT('',(56.252852888562,45.608002026398,26.6));
#5220 = CARTESIAN_POINT('',(56.260172935956,45.620317552184,26.6));
#5221 = CARTESIAN_POINT('',(56.271659197952,45.647256898974,26.6));
#5222 = CARTESIAN_POINT('',(56.275602080636,45.661976436203,26.6));
#5223 = CARTESIAN_POINT('',(56.277569870213,45.677535623951,26.6));
#5224 = CARTESIAN_POINT('',(56.277569870213,45.693924675531,26.6));
#5225 = ORIENTED_EDGE('',*,*,#5226,.F.);
#5226 = EDGE_CURVE('',#5227,#5214,#5229,.T.);
#5227 = VERTEX_POINT('',#5228);
#5228 = CARTESIAN_POINT('',(56.124691456326,45.541046261645,26.6));
#5229 = B_SPLINE_CURVE_WITH_KNOTS('',4,(#5230,#5231,#5232,#5233,#5234,
    #5235,#5236,#5237),.UNSPECIFIED.,.F.,.F.,(5,3,5),(0.,0.515014178994,
    1.),.UNSPECIFIED.);
#5230 = CARTESIAN_POINT('',(56.124691456326,45.541046261645,26.6));
#5231 = CARTESIAN_POINT('',(56.141080507907,45.541046261645,26.6));
#5232 = CARTESIAN_POINT('',(56.156639695654,45.543014051222,26.6));
#5233 = CARTESIAN_POINT('',(56.171359232884,45.546956933906,26.6));
#5234 = CARTESIAN_POINT('',(56.198298579674,45.558443195902,26.6));
#5235 = CARTESIAN_POINT('',(56.210614105459,45.565763243296,26.6));
#5236 = CARTESIAN_POINT('',(56.222175175583,45.574830641783,26.6));
#5237 = CARTESIAN_POINT('',(56.232980332829,45.585635799029,26.6));
#5238 = ORIENTED_EDGE('',*,*,#5239,.F.);
#5239 = EDGE_CURVE('',#5240,#5227,#5242,.T.);
#5240 = VERTEX_POINT('',#5241);
#5241 = CARTESIAN_POINT('',(54.634126920933,45.541046261645,26.6));
#5242 = B_SPLINE_CURVE_WITH_KNOTS('',4,(#5243,#5244,#5245,#5246,#5247),
  .UNSPECIFIED.,.F.,.F.,(5,5),(0.,1.),.PIECEWISE_BEZIER_KNOTS.);
#5243 = CARTESIAN_POINT('',(54.634126920933,45.541046261645,26.6));
#5244 = CARTESIAN_POINT('',(55.006768054781,45.541046261645,26.6));
#5245 = CARTESIAN_POINT('',(55.37940918863,45.541046261645,26.6));
#5246 = CARTESIAN_POINT('',(55.752050322478,45.541046261645,26.6));
#5247 = CARTESIAN_POINT('',(56.124691456326,45.541046261645,26.6));
#5248 = ORIENTED_EDGE('',*,*,#5249,.F.);
#5249 = EDGE_CURVE('',#5250,#5240,#5252,.T.);
#5250 = VERTEX_POINT('',#5251);
#5251 = CARTESIAN_POINT('',(54.52583804443,45.585635799029,26.6));
#5252 = B_SPLINE_CURVE_WITH_KNOTS('',4,(#5253,#5254,#5255,#5256,#5257,
    #5258,#5259,#5260),.UNSPECIFIED.,.F.,.F.,(5,3,5),(0.,0.484985821006,
    1.),.UNSPECIFIED.);
#5253 = CARTESIAN_POINT('',(54.52583804443,45.585635799029,26.6));
#5254 = CARTESIAN_POINT('',(54.536643201676,45.574830641782,26.6));
#5255 = CARTESIAN_POINT('',(54.5482042718,45.565763243296,26.6));
#5256 = CARTESIAN_POINT('',(54.560519797585,45.558443195902,26.6));
#5257 = CARTESIAN_POINT('',(54.587459144375,45.546956933906,26.6));
#5258 = CARTESIAN_POINT('',(54.602178681605,45.543014051222,26.6));
#5259 = CARTESIAN_POINT('',(54.617737869353,45.541046261645,26.6));
#5260 = CARTESIAN_POINT('',(54.634126920933,45.541046261645,26.6));
#5261 = ORIENTED_EDGE('',*,*,#5262,.F.);
#5262 = EDGE_CURVE('',#5132,#5250,#5263,.T.);
#5263 = B_SPLINE_CURVE_WITH_KNOTS('',4,(#5264,#5265,#5266,#5267,#5268,
    #5269,#5270,#5271),.UNSPECIFIED.,.F.,.F.,(5,3,5),(0.,0.515014178994,
    1.),.UNSPECIFIED.);
#5264 = CARTESIAN_POINT('',(54.481248507047,45.693924675531,26.6));
#5265 = CARTESIAN_POINT('',(54.481248507047,45.677535623951,26.6));
#5266 = CARTESIAN_POINT('',(54.483216296624,45.661976436203,26.6));
#5267 = CARTESIAN_POINT('',(54.487159179308,45.647256898974,26.6));
#5268 = CARTESIAN_POINT('',(54.498645441304,45.620317552184,26.6));
#5269 = CARTESIAN_POINT('',(54.505965488698,45.608002026398,26.6));
#5270 = CARTESIAN_POINT('',(54.515032887184,45.596440956275,26.6));
#5271 = CARTESIAN_POINT('',(54.52583804443,45.585635799029,26.6));
#5272 = FACE_BOUND('',#5273,.T.);
#5273 = EDGE_LOOP('',(#5274,#5286,#5301,#5311,#5326,#5336,#5351,#5361,
    #5371,#5384,#5394,#5409,#5419,#5434,#5444,#5459,#5469,#5484,#5494,
    #5504,#5517,#5527));
#5274 = ORIENTED_EDGE('',*,*,#5275,.F.);
#5275 = EDGE_CURVE('',#5276,#5278,#5280,.T.);
#5276 = VERTEX_POINT('',#5277);
#5277 = CARTESIAN_POINT('',(75.132574249542,54.458953738355,26.6));
#5278 = VERTEX_POINT('',#5279);
#5279 = CARTESIAN_POINT('',(74.482840990525,54.458953738355,26.6));
#5280 = B_SPLINE_CURVE_WITH_KNOTS('',4,(#5281,#5282,#5283,#5284,#5285),
  .UNSPECIFIED.,.F.,.F.,(5,5),(0.,1.),.PIECEWISE_BEZIER_KNOTS.);
#5281 = CARTESIAN_POINT('',(75.132574249542,54.458953738355,26.6));
#5282 = CARTESIAN_POINT('',(74.970140934788,54.458953738355,26.6));
#5283 = CARTESIAN_POINT('',(74.807707620033,54.458953738355,26.6));
#5284 = CARTESIAN_POINT('',(74.645274305279,54.458953738355,26.6));
#5285 = CARTESIAN_POINT('',(74.482840990525,54.458953738355,26.6));
#5286 = ORIENTED_EDGE('',*,*,#5287,.F.);
#5287 = EDGE_CURVE('',#5288,#5276,#5290,.T.);
#5288 = VERTEX_POINT('',#5289);
#5289 = CARTESIAN_POINT('',(75.259972927781,54.331555060116,26.6));
#5290 = B_SPLINE_CURVE_WITH_KNOTS('',5,(#5291,#5292,#5293,#5294,#5295,
    #5296,#5297,#5298,#5299,#5300),.UNSPECIFIED.,.F.,.F.,(6,4,6),(0.,
    0.499005215087,1.),.UNSPECIFIED.);
#5291 = CARTESIAN_POINT('',(75.259972927781,54.331555060116,26.6));
#5292 = CARTESIAN_POINT('',(75.259972927781,54.356723884537,26.6));
#5293 = CARTESIAN_POINT('',(75.256865222771,54.37897547315,26.6));
#5294 = CARTESIAN_POINT('',(75.250555689526,54.398158272876,26.6));
#5295 = CARTESIAN_POINT('',(75.241005717113,54.41417023211,26.6));
#5296 = CARTESIAN_POINT('',(75.215444486035,54.439833913012,26.6));
#5297 = CARTESIAN_POINT('',(75.199406771112,54.449460871716,26.6));
#5298 = CARTESIAN_POINT('',(75.180172064538,54.455821203281,26.6));
#5299 = CARTESIAN_POINT('',(75.157843422209,54.458953738355,26.6));
#5300 = CARTESIAN_POINT('',(75.132574249542,54.458953738355,26.6));
#5301 = ORIENTED_EDGE('',*,*,#5302,.F.);
#5302 = EDGE_CURVE('',#5303,#5288,#5305,.T.);
#5303 = VERTEX_POINT('',#5304);
#5304 = CARTESIAN_POINT('',(75.259972927781,45.668444939884,26.6));
#5305 = B_SPLINE_CURVE_WITH_KNOTS('',4,(#5306,#5307,#5308,#5309,#5310),
  .UNSPECIFIED.,.F.,.F.,(5,5),(0.,1.),.PIECEWISE_BEZIER_KNOTS.);
#5306 = CARTESIAN_POINT('',(75.259972927781,45.668444939884,26.6));
#5307 = CARTESIAN_POINT('',(75.259972927781,47.834222469942,26.6));
#5308 = CARTESIAN_POINT('',(75.259972927781,50.,26.6));
#5309 = CARTESIAN_POINT('',(75.259972927781,52.165777530058,26.6));
#5310 = CARTESIAN_POINT('',(75.259972927781,54.331555060116,26.6));
#5311 = ORIENTED_EDGE('',*,*,#5312,.F.);
#5312 = EDGE_CURVE('',#5313,#5303,#5315,.T.);
#5313 = VERTEX_POINT('',#5314);
#5314 = CARTESIAN_POINT('',(75.132574249542,45.541046261645,26.6));
#5315 = B_SPLINE_CURVE_WITH_KNOTS('',5,(#5316,#5317,#5318,#5319,#5320,
    #5321,#5322,#5323,#5324,#5325),.UNSPECIFIED.,.F.,.F.,(6,4,6),(0.,
    0.500994783306,1.),.UNSPECIFIED.);
#5316 = CARTESIAN_POINT('',(75.132574249542,45.541046261645,26.6));
#5317 = CARTESIAN_POINT('',(75.157843422369,45.541046261645,26.6));
#5318 = CARTESIAN_POINT('',(75.180172064344,45.544178796752,26.6));
#5319 = CARTESIAN_POINT('',(75.199406771056,45.550539128189,26.6));
#5320 = CARTESIAN_POINT('',(75.215444486076,45.560166087029,26.6));
#5321 = CARTESIAN_POINT('',(75.241005717154,45.585829767931,26.6));
#5322 = CARTESIAN_POINT('',(75.250555689429,45.601841727065,26.6));
#5323 = CARTESIAN_POINT('',(75.256865222805,45.621024526652,26.6));
#5324 = CARTESIAN_POINT('',(75.259972927781,45.643276115628,26.6));
#5325 = CARTESIAN_POINT('',(75.259972927781,45.668444939884,26.6));
#5326 = ORIENTED_EDGE('',*,*,#5327,.F.);
#5327 = EDGE_CURVE('',#5328,#5313,#5330,.T.);
#5328 = VERTEX_POINT('',#5329);
#5329 = CARTESIAN_POINT('',(74.444621387053,45.541046261645,26.6));
#5330 = B_SPLINE_CURVE_WITH_KNOTS('',4,(#5331,#5332,#5333,#5334,#5335),
  .UNSPECIFIED.,.F.,.F.,(5,5),(0.,1.),.PIECEWISE_BEZIER_KNOTS.);
#5331 = CARTESIAN_POINT('',(74.444621387053,45.541046261645,26.6));
#5332 = CARTESIAN_POINT('',(74.616609602675,45.541046261645,26.6));
#5333 = CARTESIAN_POINT('',(74.788597818298,45.541046261645,26.6));
#5334 = CARTESIAN_POINT('',(74.96058603392,45.541046261645,26.6));
#5335 = CARTESIAN_POINT('',(75.132574249542,45.541046261645,26.6));
#5336 = ORIENTED_EDGE('',*,*,#5337,.F.);
#5337 = EDGE_CURVE('',#5338,#5328,#5340,.T.);
#5338 = VERTEX_POINT('',#5339);
#5339 = CARTESIAN_POINT('',(74.291742973167,45.630225336412,26.6));
#5340 = B_SPLINE_CURVE_WITH_KNOTS('',5,(#5341,#5342,#5343,#5344,#5345,
    #5346,#5347,#5348,#5349,#5350),.UNSPECIFIED.,.F.,.F.,(6,4,6),(0.,
    0.365441489403,1.),.UNSPECIFIED.);
#5341 = CARTESIAN_POINT('',(74.291742973167,45.630225336412,26.6));
#5342 = CARTESIAN_POINT('',(74.297325085176,45.61720040839,26.6));
#5343 = CARTESIAN_POINT('',(74.303936185303,45.605341334726,26.6));
#5344 = CARTESIAN_POINT('',(74.311580327712,45.594664177824,26.6));
#5345 = CARTESIAN_POINT('',(74.320256618024,45.585179492468,26.6));
#5346 = CARTESIAN_POINT('',(74.346806956643,45.562502355672,26.6));
#5347 = CARTESIAN_POINT('',(74.366749446041,45.551722717081,26.6));
#5348 = CARTESIAN_POINT('',(74.389755483053,45.54458028236,26.6));
#5349 = CARTESIAN_POINT('',(74.415749786774,45.541046261645,26.6));
#5350 = CARTESIAN_POINT('',(74.444621387053,45.541046261645,26.6));
#5351 = ORIENTED_EDGE('',*,*,#5352,.F.);
#5352 = EDGE_CURVE('',#5353,#5338,#5355,.T.);
#5353 = VERTEX_POINT('',#5354);
#5354 = CARTESIAN_POINT('',(70.877458396369,52.446054622183,26.6));
#5355 = B_SPLINE_CURVE_WITH_KNOTS('',4,(#5356,#5357,#5358,#5359,#5360),
  .UNSPECIFIED.,.F.,.F.,(5,5),(0.,1.),.PIECEWISE_BEZIER_KNOTS.);
#5356 = CARTESIAN_POINT('',(70.877458396369,52.446054622183,26.6));
#5357 = CARTESIAN_POINT('',(71.731029540569,50.74209730074,26.6));
#5358 = CARTESIAN_POINT('',(72.584600684768,49.038139979298,26.6));
#5359 = CARTESIAN_POINT('',(73.438171828967,47.334182657855,26.6));
#5360 = CARTESIAN_POINT('',(74.291742973167,45.630225336412,26.6));
#5361 = ORIENTED_EDGE('',*,*,#5362,.F.);
#5362 = EDGE_CURVE('',#5363,#5353,#5365,.T.);
#5363 = VERTEX_POINT('',#5364);
#5364 = CARTESIAN_POINT('',(70.832868858986,52.471534357831,26.6));
#5365 = B_SPLINE_CURVE_WITH_KNOTS('',4,(#5366,#5367,#5368,#5369,#5370),
  .UNSPECIFIED.,.F.,.F.,(5,5),(0.,1.),.PIECEWISE_BEZIER_KNOTS.);
#5366 = CARTESIAN_POINT('',(70.832868858986,52.471534357831,26.6));
#5367 = CARTESIAN_POINT('',(70.842430465794,52.471534357831,26.6));
#5368 = CARTESIAN_POINT('',(70.853053675214,52.467281759252,26.6));
#5369 = CARTESIAN_POINT('',(70.864733282086,52.458779736467,26.6));
#5370 = CARTESIAN_POINT('',(70.877458396369,52.446054622183,26.6));
#5371 = ORIENTED_EDGE('',*,*,#5372,.F.);
#5372 = EDGE_CURVE('',#5373,#5363,#5375,.T.);
#5373 = VERTEX_POINT('',#5374);
#5374 = CARTESIAN_POINT('',(70.81375905725,52.433314754359,26.6));
#5375 = B_SPLINE_CURVE_WITH_KNOTS('',4,(#5376,#5377,#5378,#5379,#5380,
    #5381,#5382,#5383),.UNSPECIFIED.,.F.,.F.,(5,3,5),(0.,0.800116533796,
    1.),.UNSPECIFIED.);
#5376 = CARTESIAN_POINT('',(70.81375905725,52.433314754359,26.6));
#5377 = CARTESIAN_POINT('',(70.81375905725,52.448578888532,26.6));
#5378 = CARTESIAN_POINT('',(70.815791104888,52.459802554798,26.6));
#5379 = CARTESIAN_POINT('',(70.819869439728,52.466945628376,26.6));
#5380 = CARTESIAN_POINT('',(70.827518188847,52.470770002935,26.6));
#5381 = CARTESIAN_POINT('',(70.829174458413,52.471279610036,26.6));
#5382 = CARTESIAN_POINT('',(70.830958064649,52.471534357831,26.6));
#5383 = CARTESIAN_POINT('',(70.832868858986,52.471534357831,26.6));
#5384 = ORIENTED_EDGE('',*,*,#5385,.F.);
#5385 = EDGE_CURVE('',#5386,#5373,#5388,.T.);
#5386 = VERTEX_POINT('',#5387);
#5387 = CARTESIAN_POINT('',(70.826498925074,45.668444939884,26.6));
#5388 = B_SPLINE_CURVE_WITH_KNOTS('',4,(#5389,#5390,#5391,#5392,#5393),
  .UNSPECIFIED.,.F.,.F.,(5,5),(0.,1.),.PIECEWISE_BEZIER_KNOTS.);
#5389 = CARTESIAN_POINT('',(70.826498925074,45.668444939884,26.6));
#5390 = CARTESIAN_POINT('',(70.823313958118,47.359662393503,26.6));
#5391 = CARTESIAN_POINT('',(70.820128991162,49.050879847122,26.6));
#5392 = CARTESIAN_POINT('',(70.816944024206,50.742097300741,26.6));
#5393 = CARTESIAN_POINT('',(70.81375905725,52.433314754359,26.6));
#5394 = ORIENTED_EDGE('',*,*,#5395,.F.);
#5395 = EDGE_CURVE('',#5396,#5386,#5398,.T.);
#5396 = VERTEX_POINT('',#5397);
#5397 = CARTESIAN_POINT('',(70.699100246835,45.541046261645,26.6));
#5398 = B_SPLINE_CURVE_WITH_KNOTS('',5,(#5399,#5400,#5401,#5402,#5403,
    #5404,#5405,#5406,#5407,#5408),.UNSPECIFIED.,.F.,.F.,(6,4,6),(0.,
    0.500994783306,1.),.UNSPECIFIED.);
#5399 = CARTESIAN_POINT('',(70.699100246835,45.541046261645,26.6));
#5400 = CARTESIAN_POINT('',(70.724369419661,45.541046261645,26.6));
#5401 = CARTESIAN_POINT('',(70.746698061637,45.544178796752,26.6));
#5402 = CARTESIAN_POINT('',(70.765932768349,45.550539128189,26.6));
#5403 = CARTESIAN_POINT('',(70.781970483369,45.560166087029,26.6));
#5404 = CARTESIAN_POINT('',(70.807531714447,45.585829767931,26.6));
#5405 = CARTESIAN_POINT('',(70.817081686721,45.601841727065,26.6));
#5406 = CARTESIAN_POINT('',(70.823391220098,45.621024526652,26.6));
#5407 = CARTESIAN_POINT('',(70.826498925074,45.643276115628,26.6));
#5408 = CARTESIAN_POINT('',(70.826498925074,45.668444939884,26.6));
#5409 = ORIENTED_EDGE('',*,*,#5410,.F.);
#5410 = EDGE_CURVE('',#5411,#5396,#5413,.T.);
#5411 = VERTEX_POINT('',#5412);
#5412 = CARTESIAN_POINT('',(70.049366987818,45.541046261645,26.6));
#5413 = B_SPLINE_CURVE_WITH_KNOTS('',4,(#5414,#5415,#5416,#5417,#5418),
  .UNSPECIFIED.,.F.,.F.,(5,5),(0.,1.),.PIECEWISE_BEZIER_KNOTS.);
#5414 = CARTESIAN_POINT('',(70.049366987818,45.541046261645,26.6));
#5415 = CARTESIAN_POINT('',(70.211800302572,45.541046261645,26.6));
#5416 = CARTESIAN_POINT('',(70.374233617326,45.541046261645,26.6));
#5417 = CARTESIAN_POINT('',(70.536666932081,45.541046261645,26.6));
#5418 = CARTESIAN_POINT('',(70.699100246835,45.541046261645,26.6));
#5419 = ORIENTED_EDGE('',*,*,#5420,.F.);
#5420 = EDGE_CURVE('',#5421,#5411,#5423,.T.);
#5421 = VERTEX_POINT('',#5422);
#5422 = CARTESIAN_POINT('',(69.921968309579,45.668444939884,26.6));
#5423 = B_SPLINE_CURVE_WITH_KNOTS('',5,(#5424,#5425,#5426,#5427,#5428,
    #5429,#5430,#5431,#5432,#5433),.UNSPECIFIED.,.F.,.F.,(6,4,6),(0.,
    0.499005215087,1.),.UNSPECIFIED.);
#5424 = CARTESIAN_POINT('',(69.921968309579,45.668444939884,26.6));
#5425 = CARTESIAN_POINT('',(69.921968309579,45.643276115463,26.6));
#5426 = CARTESIAN_POINT('',(69.925076014588,45.62102452685,26.6));
#5427 = CARTESIAN_POINT('',(69.931385547833,45.601841727124,26.6));
#5428 = CARTESIAN_POINT('',(69.940935520247,45.58582976789,26.6));
#5429 = CARTESIAN_POINT('',(69.966496751325,45.560166086988,26.6));
#5430 = CARTESIAN_POINT('',(69.982534466247,45.550539128284,26.6));
#5431 = CARTESIAN_POINT('',(70.001769172821,45.544178796719,26.6));
#5432 = CARTESIAN_POINT('',(70.024097815151,45.541046261645,26.6));
#5433 = CARTESIAN_POINT('',(70.049366987818,45.541046261645,26.6));
#5434 = ORIENTED_EDGE('',*,*,#5435,.F.);
#5435 = EDGE_CURVE('',#5436,#5421,#5438,.T.);
#5436 = VERTEX_POINT('',#5437);
#5437 = CARTESIAN_POINT('',(69.921968309579,54.331555060116,26.6));
#5438 = B_SPLINE_CURVE_WITH_KNOTS('',4,(#5439,#5440,#5441,#5442,#5443),
  .UNSPECIFIED.,.F.,.F.,(5,5),(0.,1.),.PIECEWISE_BEZIER_KNOTS.);
#5439 = CARTESIAN_POINT('',(69.921968309579,54.331555060116,26.6));
#5440 = CARTESIAN_POINT('',(69.921968309579,52.165777530058,26.6));
#5441 = CARTESIAN_POINT('',(69.921968309579,50.,26.6));
#5442 = CARTESIAN_POINT('',(69.921968309579,47.834222469942,26.6));
#5443 = CARTESIAN_POINT('',(69.921968309579,45.668444939884,26.6));
#5444 = ORIENTED_EDGE('',*,*,#5445,.F.);
#5445 = EDGE_CURVE('',#5446,#5436,#5448,.T.);
#5446 = VERTEX_POINT('',#5447);
#5447 = CARTESIAN_POINT('',(70.049366987818,54.458953738355,26.6));
#5448 = B_SPLINE_CURVE_WITH_KNOTS('',5,(#5449,#5450,#5451,#5452,#5453,
    #5454,#5455,#5456,#5457,#5458),.UNSPECIFIED.,.F.,.F.,(6,4,6),(0.,
    0.500994783306,1.),.UNSPECIFIED.);
#5449 = CARTESIAN_POINT('',(70.049366987818,54.458953738355,26.6));
#5450 = CARTESIAN_POINT('',(70.024097814991,54.458953738355,26.6));
#5451 = CARTESIAN_POINT('',(70.001769173016,54.455821203248,26.6));
#5452 = CARTESIAN_POINT('',(69.982534466304,54.449460871811,26.6));
#5453 = CARTESIAN_POINT('',(69.966496751284,54.439833912971,26.6));
#5454 = CARTESIAN_POINT('',(69.940935520206,54.414170232069,26.6));
#5455 = CARTESIAN_POINT('',(69.931385547931,54.398158272935,26.6));
#5456 = CARTESIAN_POINT('',(69.925076014554,54.378975473348,26.6));
#5457 = CARTESIAN_POINT('',(69.921968309579,54.356723884372,26.6));
#5458 = CARTESIAN_POINT('',(69.921968309579,54.331555060116,26.6));
#5459 = ORIENTED_EDGE('',*,*,#5460,.F.);
#5460 = EDGE_CURVE('',#5461,#5446,#5463,.T.);
#5461 = VERTEX_POINT('',#5462);
#5462 = CARTESIAN_POINT('',(70.737319850307,54.458953738355,26.6));
#5463 = B_SPLINE_CURVE_WITH_KNOTS('',4,(#5464,#5465,#5466,#5467,#5468),
  .UNSPECIFIED.,.F.,.F.,(5,5),(0.,1.),.PIECEWISE_BEZIER_KNOTS.);
#5464 = CARTESIAN_POINT('',(70.737319850307,54.458953738355,26.6));
#5465 = CARTESIAN_POINT('',(70.565331634684,54.458953738355,26.6));
#5466 = CARTESIAN_POINT('',(70.393343419062,54.458953738355,26.6));
#5467 = CARTESIAN_POINT('',(70.22135520344,54.458953738355,26.6));
#5468 = CARTESIAN_POINT('',(70.049366987818,54.458953738355,26.6));
#5469 = ORIENTED_EDGE('',*,*,#5470,.F.);
#5470 = EDGE_CURVE('',#5471,#5461,#5473,.T.);
#5471 = VERTEX_POINT('',#5472);
#5472 = CARTESIAN_POINT('',(70.890198264193,54.369774663588,26.6));
#5473 = B_SPLINE_CURVE_WITH_KNOTS('',5,(#5474,#5475,#5476,#5477,#5478,
    #5479,#5480,#5481,#5482,#5483),.UNSPECIFIED.,.F.,.F.,(6,4,6),(0.,
    0.365441489403,1.),.UNSPECIFIED.);
#5474 = CARTESIAN_POINT('',(70.890198264193,54.369774663588,26.6));
#5475 = CARTESIAN_POINT('',(70.884616152184,54.38279959161,26.6));
#5476 = CARTESIAN_POINT('',(70.878005052057,54.394658665274,26.6));
#5477 = CARTESIAN_POINT('',(70.870360909648,54.405335822176,26.6));
#5478 = CARTESIAN_POINT('',(70.861684619336,54.414820507532,26.6));
#5479 = CARTESIAN_POINT('',(70.835134280716,54.437497644328,26.6));
#5480 = CARTESIAN_POINT('',(70.815191791319,54.448277282919,26.6));
#5481 = CARTESIAN_POINT('',(70.792185754306,54.45541971764,26.6));
#5482 = CARTESIAN_POINT('',(70.766191450586,54.458953738355,26.6));
#5483 = CARTESIAN_POINT('',(70.737319850307,54.458953738355,26.6));
#5484 = ORIENTED_EDGE('',*,*,#5485,.F.);
#5485 = EDGE_CURVE('',#5486,#5471,#5488,.T.);
#5486 = VERTEX_POINT('',#5487);
#5487 = CARTESIAN_POINT('',(74.304482840991,47.528465642169,26.6));
#5488 = B_SPLINE_CURVE_WITH_KNOTS('',4,(#5489,#5490,#5491,#5492,#5493),
  .UNSPECIFIED.,.F.,.F.,(5,5),(0.,1.),.PIECEWISE_BEZIER_KNOTS.);
#5489 = CARTESIAN_POINT('',(74.304482840991,47.528465642169,26.6));
#5490 = CARTESIAN_POINT('',(73.450911696791,49.238792897524,26.6));
#5491 = CARTESIAN_POINT('',(72.597340552592,50.949120152878,26.6));
#5492 = CARTESIAN_POINT('',(71.743769408392,52.659447408233,26.6));
#5493 = CARTESIAN_POINT('',(70.890198264193,54.369774663588,26.6));
#5494 = ORIENTED_EDGE('',*,*,#5495,.F.);
#5495 = EDGE_CURVE('',#5496,#5486,#5498,.T.);
#5496 = VERTEX_POINT('',#5497);
#5497 = CARTESIAN_POINT('',(74.349072378374,47.502985906521,26.6));
#5498 = B_SPLINE_CURVE_WITH_KNOTS('',4,(#5499,#5500,#5501,#5502,#5503),
  .UNSPECIFIED.,.F.,.F.,(5,5),(0.,1.),.PIECEWISE_BEZIER_KNOTS.);
#5499 = CARTESIAN_POINT('',(74.349072378374,47.502985906521,26.6));
#5500 = CARTESIAN_POINT('',(74.339510771565,47.502985906521,26.6));
#5501 = CARTESIAN_POINT('',(74.328887562146,47.507238505101,26.6));
#5502 = CARTESIAN_POINT('',(74.317207955274,47.515740527886,26.6));
#5503 = CARTESIAN_POINT('',(74.304482840991,47.528465642169,26.6));
#5504 = ORIENTED_EDGE('',*,*,#5505,.F.);
#5505 = EDGE_CURVE('',#5506,#5496,#5508,.T.);
#5506 = VERTEX_POINT('',#5507);
#5507 = CARTESIAN_POINT('',(74.36818218011,47.541205509993,26.6));
#5508 = B_SPLINE_CURVE_WITH_KNOTS('',4,(#5509,#5510,#5511,#5512,#5513,
    #5514,#5515,#5516),.UNSPECIFIED.,.F.,.F.,(5,3,5),(0.,0.800116533796,
    1.),.UNSPECIFIED.);
#5509 = CARTESIAN_POINT('',(74.36818218011,47.541205509993,26.6));
#5510 = CARTESIAN_POINT('',(74.36818218011,47.52594137582,26.6));
#5511 = CARTESIAN_POINT('',(74.366150132471,47.514717709555,26.6));
#5512 = CARTESIAN_POINT('',(74.362071797632,47.507574635976,26.6));
#5513 = CARTESIAN_POINT('',(74.354423048513,47.503750261417,26.6));
#5514 = CARTESIAN_POINT('',(74.352766778947,47.503240654317,26.6));
#5515 = CARTESIAN_POINT('',(74.350983172711,47.502985906521,26.6));
#5516 = CARTESIAN_POINT('',(74.349072378374,47.502985906521,26.6));
#5517 = ORIENTED_EDGE('',*,*,#5518,.F.);
#5518 = EDGE_CURVE('',#5519,#5506,#5521,.T.);
#5519 = VERTEX_POINT('',#5520);
#5520 = CARTESIAN_POINT('',(74.355442312286,54.331555060116,26.6));
#5521 = B_SPLINE_CURVE_WITH_KNOTS('',4,(#5522,#5523,#5524,#5525,#5526),
  .UNSPECIFIED.,.F.,.F.,(5,5),(0.,1.),.PIECEWISE_BEZIER_KNOTS.);
#5522 = CARTESIAN_POINT('',(74.355442312286,54.331555060116,26.6));
#5523 = CARTESIAN_POINT('',(74.358627279242,52.633967672585,26.6));
#5524 = CARTESIAN_POINT('',(74.361812246198,50.936380285055,26.6));
#5525 = CARTESIAN_POINT('',(74.364997213154,49.238792897524,26.6));
#5526 = CARTESIAN_POINT('',(74.36818218011,47.541205509993,26.6));
#5527 = ORIENTED_EDGE('',*,*,#5528,.F.);
#5528 = EDGE_CURVE('',#5278,#5519,#5529,.T.);
#5529 = B_SPLINE_CURVE_WITH_KNOTS('',5,(#5530,#5531,#5532,#5533,#5534,
    #5535,#5536,#5537,#5538,#5539),.UNSPECIFIED.,.F.,.F.,(6,4,6),(0.,
    0.500994783306,1.),.UNSPECIFIED.);
#5530 = CARTESIAN_POINT('',(74.482840990525,54.458953738355,26.6));
#5531 = CARTESIAN_POINT('',(74.457571817698,54.458953738355,26.6));
#5532 = CARTESIAN_POINT('',(74.435243175723,54.455821203248,26.6));
#5533 = CARTESIAN_POINT('',(74.416008469011,54.449460871811,26.6));
#5534 = CARTESIAN_POINT('',(74.399970753991,54.439833912971,26.6));
#5535 = CARTESIAN_POINT('',(74.374409522913,54.414170232069,26.6));
#5536 = CARTESIAN_POINT('',(74.364859550638,54.398158272935,26.6));
#5537 = CARTESIAN_POINT('',(74.358550017262,54.378975473348,26.6));
#5538 = CARTESIAN_POINT('',(74.355442312286,54.356723884372,26.6));
#5539 = CARTESIAN_POINT('',(74.355442312286,54.331555060116,26.6));
#5540 = PLANE('',#5541);
#5541 = AXIS2_PLACEMENT_3D('',#5542,#5543,#5544);
#5542 = CARTESIAN_POINT('',(-2.5,-2.5,26.6));
#5543 = DIRECTION('',(0.,0.,1.));
#5544 = DIRECTION('',(1.,0.,-0.));
#5545 = ADVANCED_FACE('',(#5546,#5549),#5560,.F.);
#5546 = FACE_BOUND('',#5547,.F.);
#5547 = EDGE_LOOP('',(#5548));
#5548 = ORIENTED_EDGE('',*,*,#2113,.T.);
#5549 = FACE_BOUND('',#5550,.F.);
#5550 = EDGE_LOOP('',(#5551));
#5551 = ORIENTED_EDGE('',*,*,#5552,.F.);
#5552 = EDGE_CURVE('',#5553,#5553,#5555,.T.);
#5553 = VERTEX_POINT('',#5554);
#5554 = CARTESIAN_POINT('',(9.5,5.5,13.1));
#5555 = CIRCLE('',#5556,4.);
#5556 = AXIS2_PLACEMENT_3D('',#5557,#5558,#5559);
#5557 = CARTESIAN_POINT('',(5.5,5.5,13.1));
#5558 = DIRECTION('',(0.,0.,1.));
#5559 = DIRECTION('',(1.,0.,-0.));
#5560 = PLANE('',#5561);
#5561 = AXIS2_PLACEMENT_3D('',#5562,#5563,#5564);
#5562 = CARTESIAN_POINT('',(5.5,5.5,13.1));
#5563 = DIRECTION('',(0.,0.,1.));
#5564 = DIRECTION('',(1.,0.,-0.));
#5565 = ADVANCED_FACE('',(#5566),#5591,.F.);
#5566 = FACE_BOUND('',#5567,.F.);
#5567 = EDGE_LOOP('',(#5568,#5578,#5584,#5585));
#5568 = ORIENTED_EDGE('',*,*,#5569,.F.);
#5569 = EDGE_CURVE('',#5570,#5572,#5574,.T.);
#5570 = VERTEX_POINT('',#5571);
#5571 = CARTESIAN_POINT('',(6.366689623096,2.265470292214,13.6));
#5572 = VERTEX_POINT('',#5573);
#5573 = CARTESIAN_POINT('',(6.366689623096,2.265470292214,16.3));
#5574 = LINE('',#5575,#5576);
#5575 = CARTESIAN_POINT('',(6.366689623096,2.265470292214,13.6));
#5576 = VECTOR('',#5577,1.);
#5577 = DIRECTION('',(0.,0.,1.));
#5578 = ORIENTED_EDGE('',*,*,#5579,.T.);
#5579 = EDGE_CURVE('',#5570,#2123,#5580,.T.);
#5580 = LINE('',#5581,#5582);
#5581 = CARTESIAN_POINT('',(7.550609665441,3.449390334559,13.6));
#5582 = VECTOR('',#5583,1.);
#5583 = DIRECTION('',(0.707106781187,0.707106781187,0.));
#5584 = ORIENTED_EDGE('',*,*,#2122,.T.);
#5585 = ORIENTED_EDGE('',*,*,#5586,.F.);
#5586 = EDGE_CURVE('',#5572,#2125,#5587,.T.);
#5587 = LINE('',#5588,#5589);
#5588 = CARTESIAN_POINT('',(6.366689623096,2.265470292214,16.3));
#5589 = VECTOR('',#5590,1.);
#5590 = DIRECTION('',(0.707106781187,0.707106781187,0.));
#5591 = PLANE('',#5592);
#5592 = AXIS2_PLACEMENT_3D('',#5593,#5594,#5595);
#5593 = CARTESIAN_POINT('',(9.009259309709,4.908039978827,14.95));
#5594 = DIRECTION('',(0.707106781187,-0.707106781187,-0.));
#5595 = DIRECTION('',(-0.707106781187,-0.707106781187,0.));
#5596 = ADVANCED_FACE('',(#5597,#5623),#5634,.F.);
#5597 = FACE_BOUND('',#5598,.F.);
#5598 = EDGE_LOOP('',(#5599,#5607,#5615,#5621,#5622));
#5599 = ORIENTED_EDGE('',*,*,#5600,.F.);
#5600 = EDGE_CURVE('',#5601,#5570,#5603,.T.);
#5601 = VERTEX_POINT('',#5602);
#5602 = CARTESIAN_POINT('',(3.13215991531,3.13215991531,13.6));
#5603 = LINE('',#5604,#5605);
#5604 = CARTESIAN_POINT('',(3.13215991531,3.13215991531,13.6));
#5605 = VECTOR('',#5606,1.);
#5606 = DIRECTION('',(0.965925826289,-0.258819045103,0.));
#5607 = ORIENTED_EDGE('',*,*,#5608,.F.);
#5608 = EDGE_CURVE('',#5609,#5601,#5611,.T.);
#5609 = VERTEX_POINT('',#5610);
#5610 = CARTESIAN_POINT('',(2.265470292214,6.366689623096,13.6));
#5611 = LINE('',#5612,#5613);
#5612 = CARTESIAN_POINT('',(2.265470292214,6.366689623096,13.6));
#5613 = VECTOR('',#5614,1.);
#5614 = DIRECTION('',(0.258819045103,-0.965925826289,0.));
#5615 = ORIENTED_EDGE('',*,*,#5616,.T.);
#5616 = EDGE_CURVE('',#5609,#2142,#5617,.T.);
#5617 = LINE('',#5618,#5619);
#5618 = CARTESIAN_POINT('',(3.449390334559,7.550609665441,13.6));
#5619 = VECTOR('',#5620,1.);
#5620 = DIRECTION('',(0.707106781187,0.707106781187,0.));
#5621 = ORIENTED_EDGE('',*,*,#2149,.F.);
#5622 = ORIENTED_EDGE('',*,*,#5579,.F.);
#5623 = FACE_BOUND('',#5624,.F.);
#5624 = EDGE_LOOP('',(#5625));
#5625 = ORIENTED_EDGE('',*,*,#5626,.T.);
#5626 = EDGE_CURVE('',#5627,#5627,#5629,.T.);
#5627 = VERTEX_POINT('',#5628);
#5628 = CARTESIAN_POINT('',(7.2,5.5,13.6));
#5629 = CIRCLE('',#5630,1.7);
#5630 = AXIS2_PLACEMENT_3D('',#5631,#5632,#5633);
#5631 = CARTESIAN_POINT('',(5.5,5.5,13.6));
#5632 = DIRECTION('',(0.,0.,1.));
#5633 = DIRECTION('',(1.,0.,-0.));
#5634 = PLANE('',#5635);
#5635 = AXIS2_PLACEMENT_3D('',#5636,#5637,#5638);
#5636 = CARTESIAN_POINT('',(6.727810299386,6.727810299386,13.6));
#5637 = DIRECTION('',(-0.,-0.,-1.));
#5638 = DIRECTION('',(-1.,0.,0.));
#5639 = ADVANCED_FACE('',(#5640),#5658,.F.);
#5640 = FACE_BOUND('',#5641,.F.);
#5641 = EDGE_LOOP('',(#5642,#5643,#5651,#5657));
#5642 = ORIENTED_EDGE('',*,*,#5616,.F.);
#5643 = ORIENTED_EDGE('',*,*,#5644,.T.);
#5644 = EDGE_CURVE('',#5609,#5645,#5647,.T.);
#5645 = VERTEX_POINT('',#5646);
#5646 = CARTESIAN_POINT('',(2.265470292214,6.366689623096,16.3));
#5647 = LINE('',#5648,#5649);
#5648 = CARTESIAN_POINT('',(2.265470292214,6.366689623096,13.6));
#5649 = VECTOR('',#5650,1.);
#5650 = DIRECTION('',(0.,0.,1.));
#5651 = ORIENTED_EDGE('',*,*,#5652,.F.);
#5652 = EDGE_CURVE('',#2133,#5645,#5653,.T.);
#5653 = LINE('',#5654,#5655);
#5654 = CARTESIAN_POINT('',(4.633310376904,8.734529707786,16.3));
#5655 = VECTOR('',#5656,1.);
#5656 = DIRECTION('',(-0.707106781187,-0.707106781187,0.));
#5657 = ORIENTED_EDGE('',*,*,#2141,.F.);
#5658 = PLANE('',#5659);
#5659 = AXIS2_PLACEMENT_3D('',#5660,#5661,#5662);
#5660 = CARTESIAN_POINT('',(4.908039978827,9.009259309709,14.95));
#5661 = DIRECTION('',(-0.707106781187,0.707106781187,-0.));
#5662 = DIRECTION('',(-0.707106781187,-0.707106781187,0.));
#5663 = ADVANCED_FACE('',(#5664,#5683),#5694,.F.);
#5664 = FACE_BOUND('',#5665,.F.);
#5665 = EDGE_LOOP('',(#5666,#5667,#5668,#5676,#5682));
#5666 = ORIENTED_EDGE('',*,*,#2132,.T.);
#5667 = ORIENTED_EDGE('',*,*,#5652,.T.);
#5668 = ORIENTED_EDGE('',*,*,#5669,.T.);
#5669 = EDGE_CURVE('',#5645,#5670,#5672,.T.);
#5670 = VERTEX_POINT('',#5671);
#5671 = CARTESIAN_POINT('',(3.13215991531,3.13215991531,16.3));
#5672 = LINE('',#5673,#5674);
#5673 = CARTESIAN_POINT('',(2.265470292214,6.366689623096,16.3));
#5674 = VECTOR('',#5675,1.);
#5675 = DIRECTION('',(0.258819045103,-0.965925826289,0.));
#5676 = ORIENTED_EDGE('',*,*,#5677,.T.);
#5677 = EDGE_CURVE('',#5670,#5572,#5678,.T.);
#5678 = LINE('',#5679,#5680);
#5679 = CARTESIAN_POINT('',(3.13215991531,3.13215991531,16.3));
#5680 = VECTOR('',#5681,1.);
#5681 = DIRECTION('',(0.965925826289,-0.258819045103,0.));
#5682 = ORIENTED_EDGE('',*,*,#5586,.T.);
#5683 = FACE_BOUND('',#5684,.F.);
#5684 = EDGE_LOOP('',(#5685));
#5685 = ORIENTED_EDGE('',*,*,#5686,.F.);
#5686 = EDGE_CURVE('',#5687,#5687,#5689,.T.);
#5687 = VERTEX_POINT('',#5688);
#5688 = CARTESIAN_POINT('',(7.2,5.5,16.3));
#5689 = CIRCLE('',#5690,1.7);
#5690 = AXIS2_PLACEMENT_3D('',#5691,#5692,#5693);
#5691 = CARTESIAN_POINT('',(5.5,5.5,16.3));
#5692 = DIRECTION('',(0.,0.,1.));
#5693 = DIRECTION('',(1.,0.,-0.));
#5694 = PLANE('',#5695);
#5695 = AXIS2_PLACEMENT_3D('',#5696,#5697,#5698);
#5696 = CARTESIAN_POINT('',(6.727810299386,6.727810299386,16.3));
#5697 = DIRECTION('',(0.,0.,1.));
#5698 = DIRECTION('',(1.,0.,-0.));
#5699 = ADVANCED_FACE('',(#5700,#5703),#5714,.F.);
#5700 = FACE_BOUND('',#5701,.F.);
#5701 = EDGE_LOOP('',(#5702));
#5702 = ORIENTED_EDGE('',*,*,#2174,.T.);
#5703 = FACE_BOUND('',#5704,.F.);
#5704 = EDGE_LOOP('',(#5705));
#5705 = ORIENTED_EDGE('',*,*,#5706,.F.);
#5706 = EDGE_CURVE('',#5707,#5707,#5709,.T.);
#5707 = VERTEX_POINT('',#5708);
#5708 = CARTESIAN_POINT('',(98.5,5.5,13.1));
#5709 = CIRCLE('',#5710,4.);
#5710 = AXIS2_PLACEMENT_3D('',#5711,#5712,#5713);
#5711 = CARTESIAN_POINT('',(94.5,5.5,13.1));
#5712 = DIRECTION('',(0.,0.,1.));
#5713 = DIRECTION('',(1.,0.,-0.));
#5714 = PLANE('',#5715);
#5715 = AXIS2_PLACEMENT_3D('',#5716,#5717,#5718);
#5716 = CARTESIAN_POINT('',(94.5,5.5,13.1));
#5717 = DIRECTION('',(0.,0.,1.));
#5718 = DIRECTION('',(1.,0.,-0.));
#5719 = ADVANCED_FACE('',(#5720),#5745,.F.);
#5720 = FACE_BOUND('',#5721,.F.);
#5721 = EDGE_LOOP('',(#5722,#5732,#5738,#5739));
#5722 = ORIENTED_EDGE('',*,*,#5723,.F.);
#5723 = EDGE_CURVE('',#5724,#5726,#5728,.T.);
#5724 = VERTEX_POINT('',#5725);
#5725 = CARTESIAN_POINT('',(97.734529707786,6.366689623096,13.6));
#5726 = VERTEX_POINT('',#5727);
#5727 = CARTESIAN_POINT('',(97.734529707786,6.366689623096,16.3));
#5728 = LINE('',#5729,#5730);
#5729 = CARTESIAN_POINT('',(97.734529707786,6.366689623096,13.6));
#5730 = VECTOR('',#5731,1.);
#5731 = DIRECTION('',(0.,0.,1.));
#5732 = ORIENTED_EDGE('',*,*,#5733,.T.);
#5733 = EDGE_CURVE('',#5724,#2184,#5734,.T.);
#5734 = LINE('',#5735,#5736);
#5735 = CARTESIAN_POINT('',(96.550609665441,7.550609665441,13.6));
#5736 = VECTOR('',#5737,1.);
#5737 = DIRECTION('',(-0.707106781187,0.707106781187,0.));
#5738 = ORIENTED_EDGE('',*,*,#2183,.T.);
#5739 = ORIENTED_EDGE('',*,*,#5740,.F.);
#5740 = EDGE_CURVE('',#5726,#2186,#5741,.T.);
#5741 = LINE('',#5742,#5743);
#5742 = CARTESIAN_POINT('',(97.734529707786,6.366689623096,16.3));
#5743 = VECTOR('',#5744,1.);
#5744 = DIRECTION('',(-0.707106781187,0.707106781187,0.));
#5745 = PLANE('',#5746);
#5746 = AXIS2_PLACEMENT_3D('',#5747,#5748,#5749);
#5747 = CARTESIAN_POINT('',(95.091960021173,9.009259309709,14.95));
#5748 = DIRECTION('',(0.707106781187,0.707106781187,0.));
#5749 = DIRECTION('',(0.707106781187,-0.707106781187,0.));
#5750 = ADVANCED_FACE('',(#5751,#5777),#5788,.F.);
#5751 = FACE_BOUND('',#5752,.F.);
#5752 = EDGE_LOOP('',(#5753,#5761,#5769,#5775,#5776));
#5753 = ORIENTED_EDGE('',*,*,#5754,.F.);
#5754 = EDGE_CURVE('',#5755,#5724,#5757,.T.);
#5755 = VERTEX_POINT('',#5756);
#5756 = CARTESIAN_POINT('',(96.86784008469,3.13215991531,13.6));
#5757 = LINE('',#5758,#5759);
#5758 = CARTESIAN_POINT('',(96.86784008469,3.13215991531,13.6));
#5759 = VECTOR('',#5760,1.);
#5760 = DIRECTION('',(0.258819045103,0.965925826289,0.));
#5761 = ORIENTED_EDGE('',*,*,#5762,.F.);
#5762 = EDGE_CURVE('',#5763,#5755,#5765,.T.);
#5763 = VERTEX_POINT('',#5764);
#5764 = CARTESIAN_POINT('',(93.633310376904,2.265470292214,13.6));
#5765 = LINE('',#5766,#5767);
#5766 = CARTESIAN_POINT('',(93.633310376904,2.265470292214,13.6));
#5767 = VECTOR('',#5768,1.);
#5768 = DIRECTION('',(0.965925826289,0.258819045103,0.));
#5769 = ORIENTED_EDGE('',*,*,#5770,.T.);
#5770 = EDGE_CURVE('',#5763,#2203,#5771,.T.);
#5771 = LINE('',#5772,#5773);
#5772 = CARTESIAN_POINT('',(92.449390334559,3.449390334559,13.6));
#5773 = VECTOR('',#5774,1.);
#5774 = DIRECTION('',(-0.707106781187,0.707106781187,0.));
#5775 = ORIENTED_EDGE('',*,*,#2210,.F.);
#5776 = ORIENTED_EDGE('',*,*,#5733,.F.);
#5777 = FACE_BOUND('',#5778,.F.);
#5778 = EDGE_LOOP('',(#5779));
#5779 = ORIENTED_EDGE('',*,*,#5780,.T.);
#5780 = EDGE_CURVE('',#5781,#5781,#5783,.T.);
#5781 = VERTEX_POINT('',#5782);
#5782 = CARTESIAN_POINT('',(96.2,5.5,13.6));
#5783 = CIRCLE('',#5784,1.7);
#5784 = AXIS2_PLACEMENT_3D('',#5785,#5786,#5787);
#5785 = CARTESIAN_POINT('',(94.5,5.5,13.6));
#5786 = DIRECTION('',(0.,0.,1.));
#5787 = DIRECTION('',(1.,0.,-0.));
#5788 = PLANE('',#5789);
#5789 = AXIS2_PLACEMENT_3D('',#5790,#5791,#5792);
#5790 = CARTESIAN_POINT('',(93.272189700614,6.727810299386,13.6));
#5791 = DIRECTION('',(-0.,-0.,-1.));
#5792 = DIRECTION('',(-1.,0.,0.));
#5793 = ADVANCED_FACE('',(#5794),#5812,.F.);
#5794 = FACE_BOUND('',#5795,.F.);
#5795 = EDGE_LOOP('',(#5796,#5797,#5805,#5811));
#5796 = ORIENTED_EDGE('',*,*,#5770,.F.);
#5797 = ORIENTED_EDGE('',*,*,#5798,.T.);
#5798 = EDGE_CURVE('',#5763,#5799,#5801,.T.);
#5799 = VERTEX_POINT('',#5800);
#5800 = CARTESIAN_POINT('',(93.633310376904,2.265470292214,16.3));
#5801 = LINE('',#5802,#5803);
#5802 = CARTESIAN_POINT('',(93.633310376904,2.265470292214,13.6));
#5803 = VECTOR('',#5804,1.);
#5804 = DIRECTION('',(0.,0.,1.));
#5805 = ORIENTED_EDGE('',*,*,#5806,.F.);
#5806 = EDGE_CURVE('',#2194,#5799,#5807,.T.);
#5807 = LINE('',#5808,#5809);
#5808 = CARTESIAN_POINT('',(91.265470292214,4.633310376904,16.3));
#5809 = VECTOR('',#5810,1.);
#5810 = DIRECTION('',(0.707106781187,-0.707106781187,0.));
#5811 = ORIENTED_EDGE('',*,*,#2202,.F.);
#5812 = PLANE('',#5813);
#5813 = AXIS2_PLACEMENT_3D('',#5814,#5815,#5816);
#5814 = CARTESIAN_POINT('',(90.990740690291,4.908039978827,14.95));
#5815 = DIRECTION('',(-0.707106781187,-0.707106781187,-0.));
#5816 = DIRECTION('',(-0.707106781187,0.707106781187,0.));
#5817 = ADVANCED_FACE('',(#5818,#5837),#5848,.F.);
#5818 = FACE_BOUND('',#5819,.F.);
#5819 = EDGE_LOOP('',(#5820,#5821,#5822,#5830,#5836));
#5820 = ORIENTED_EDGE('',*,*,#2193,.T.);
#5821 = ORIENTED_EDGE('',*,*,#5806,.T.);
#5822 = ORIENTED_EDGE('',*,*,#5823,.T.);
#5823 = EDGE_CURVE('',#5799,#5824,#5826,.T.);
#5824 = VERTEX_POINT('',#5825);
#5825 = CARTESIAN_POINT('',(96.86784008469,3.13215991531,16.3));
#5826 = LINE('',#5827,#5828);
#5827 = CARTESIAN_POINT('',(93.633310376904,2.265470292214,16.3));
#5828 = VECTOR('',#5829,1.);
#5829 = DIRECTION('',(0.965925826289,0.258819045103,0.));
#5830 = ORIENTED_EDGE('',*,*,#5831,.T.);
#5831 = EDGE_CURVE('',#5824,#5726,#5832,.T.);
#5832 = LINE('',#5833,#5834);
#5833 = CARTESIAN_POINT('',(96.86784008469,3.13215991531,16.3));
#5834 = VECTOR('',#5835,1.);
#5835 = DIRECTION('',(0.258819045103,0.965925826289,0.));
#5836 = ORIENTED_EDGE('',*,*,#5740,.T.);
#5837 = FACE_BOUND('',#5838,.F.);
#5838 = EDGE_LOOP('',(#5839));
#5839 = ORIENTED_EDGE('',*,*,#5840,.F.);
#5840 = EDGE_CURVE('',#5841,#5841,#5843,.T.);
#5841 = VERTEX_POINT('',#5842);
#5842 = CARTESIAN_POINT('',(96.2,5.5,16.3));
#5843 = CIRCLE('',#5844,1.7);
#5844 = AXIS2_PLACEMENT_3D('',#5845,#5846,#5847);
#5845 = CARTESIAN_POINT('',(94.5,5.5,16.3));
#5846 = DIRECTION('',(0.,0.,1.));
#5847 = DIRECTION('',(1.,0.,-0.));
#5848 = PLANE('',#5849);
#5849 = AXIS2_PLACEMENT_3D('',#5850,#5851,#5852);
#5850 = CARTESIAN_POINT('',(93.272189700614,6.727810299386,16.3));
#5851 = DIRECTION('',(0.,0.,1.));
#5852 = DIRECTION('',(1.,0.,-0.));
#5853 = ADVANCED_FACE('',(#5854,#5857),#5868,.F.);
#5854 = FACE_BOUND('',#5855,.F.);
#5855 = EDGE_LOOP('',(#5856));
#5856 = ORIENTED_EDGE('',*,*,#2235,.T.);
#5857 = FACE_BOUND('',#5858,.F.);
#5858 = EDGE_LOOP('',(#5859));
#5859 = ORIENTED_EDGE('',*,*,#5860,.F.);
#5860 = EDGE_CURVE('',#5861,#5861,#5863,.T.);
#5861 = VERTEX_POINT('',#5862);
#5862 = CARTESIAN_POINT('',(9.5,94.5,13.1));
#5863 = CIRCLE('',#5864,4.);
#5864 = AXIS2_PLACEMENT_3D('',#5865,#5866,#5867);
#5865 = CARTESIAN_POINT('',(5.5,94.5,13.1));
#5866 = DIRECTION('',(0.,0.,1.));
#5867 = DIRECTION('',(1.,0.,-0.));
#5868 = PLANE('',#5869);
#5869 = AXIS2_PLACEMENT_3D('',#5870,#5871,#5872);
#5870 = CARTESIAN_POINT('',(5.5,94.5,13.1));
#5871 = DIRECTION('',(0.,0.,1.));
#5872 = DIRECTION('',(1.,0.,-0.));
#5873 = ADVANCED_FACE('',(#5874),#5899,.F.);
#5874 = FACE_BOUND('',#5875,.F.);
#5875 = EDGE_LOOP('',(#5876,#5886,#5892,#5893));
#5876 = ORIENTED_EDGE('',*,*,#5877,.F.);
#5877 = EDGE_CURVE('',#5878,#5880,#5882,.T.);
#5878 = VERTEX_POINT('',#5879);
#5879 = CARTESIAN_POINT('',(2.265470292214,93.633310376904,13.6));
#5880 = VERTEX_POINT('',#5881);
#5881 = CARTESIAN_POINT('',(2.265470292214,93.633310376904,16.3));
#5882 = LINE('',#5883,#5884);
#5883 = CARTESIAN_POINT('',(2.265470292214,93.633310376904,13.6));
#5884 = VECTOR('',#5885,1.);
#5885 = DIRECTION('',(0.,0.,1.));
#5886 = ORIENTED_EDGE('',*,*,#5887,.T.);
#5887 = EDGE_CURVE('',#5878,#2245,#5888,.T.);
#5888 = LINE('',#5889,#5890);
#5889 = CARTESIAN_POINT('',(3.449390334559,92.449390334559,13.6));
#5890 = VECTOR('',#5891,1.);
#5891 = DIRECTION('',(0.707106781187,-0.707106781187,0.));
#5892 = ORIENTED_EDGE('',*,*,#2244,.T.);
#5893 = ORIENTED_EDGE('',*,*,#5894,.F.);
#5894 = EDGE_CURVE('',#5880,#2247,#5895,.T.);
#5895 = LINE('',#5896,#5897);
#5896 = CARTESIAN_POINT('',(2.265470292214,93.633310376904,16.3));
#5897 = VECTOR('',#5898,1.);
#5898 = DIRECTION('',(0.707106781187,-0.707106781187,0.));
#5899 = PLANE('',#5900);
#5900 = AXIS2_PLACEMENT_3D('',#5901,#5902,#5903);
#5901 = CARTESIAN_POINT('',(4.908039978827,90.990740690291,14.95));
#5902 = DIRECTION('',(-0.707106781187,-0.707106781187,-0.));
#5903 = DIRECTION('',(0.707106781187,-0.707106781187,0.));
#5904 = ADVANCED_FACE('',(#5905,#5931),#5942,.F.);
#5905 = FACE_BOUND('',#5906,.F.);
#5906 = EDGE_LOOP('',(#5907,#5915,#5923,#5929,#5930));
#5907 = ORIENTED_EDGE('',*,*,#5908,.F.);
#5908 = EDGE_CURVE('',#5909,#5878,#5911,.T.);
#5909 = VERTEX_POINT('',#5910);
#5910 = CARTESIAN_POINT('',(3.13215991531,96.86784008469,13.6));
#5911 = LINE('',#5912,#5913);
#5912 = CARTESIAN_POINT('',(3.13215991531,96.86784008469,13.6));
#5913 = VECTOR('',#5914,1.);
#5914 = DIRECTION('',(-0.258819045103,-0.965925826289,0.));
#5915 = ORIENTED_EDGE('',*,*,#5916,.F.);
#5916 = EDGE_CURVE('',#5917,#5909,#5919,.T.);
#5917 = VERTEX_POINT('',#5918);
#5918 = CARTESIAN_POINT('',(6.366689623096,97.734529707786,13.6));
#5919 = LINE('',#5920,#5921);
#5920 = CARTESIAN_POINT('',(6.366689623096,97.734529707786,13.6));
#5921 = VECTOR('',#5922,1.);
#5922 = DIRECTION('',(-0.965925826289,-0.258819045103,0.));
#5923 = ORIENTED_EDGE('',*,*,#5924,.T.);
#5924 = EDGE_CURVE('',#5917,#2264,#5925,.T.);
#5925 = LINE('',#5926,#5927);
#5926 = CARTESIAN_POINT('',(7.550609665441,96.550609665441,13.6));
#5927 = VECTOR('',#5928,1.);
#5928 = DIRECTION('',(0.707106781187,-0.707106781187,0.));
#5929 = ORIENTED_EDGE('',*,*,#2271,.F.);
#5930 = ORIENTED_EDGE('',*,*,#5887,.F.);
#5931 = FACE_BOUND('',#5932,.F.);
#5932 = EDGE_LOOP('',(#5933));
#5933 = ORIENTED_EDGE('',*,*,#5934,.T.);
#5934 = EDGE_CURVE('',#5935,#5935,#5937,.T.);
#5935 = VERTEX_POINT('',#5936);
#5936 = CARTESIAN_POINT('',(7.2,94.5,13.6));
#5937 = CIRCLE('',#5938,1.7);
#5938 = AXIS2_PLACEMENT_3D('',#5939,#5940,#5941);
#5939 = CARTESIAN_POINT('',(5.5,94.5,13.6));
#5940 = DIRECTION('',(0.,0.,1.));
#5941 = DIRECTION('',(1.,0.,-0.));
#5942 = PLANE('',#5943);
#5943 = AXIS2_PLACEMENT_3D('',#5944,#5945,#5946);
#5944 = CARTESIAN_POINT('',(6.727810299386,93.272189700614,13.6));
#5945 = DIRECTION('',(-0.,-0.,-1.));
#5946 = DIRECTION('',(-1.,0.,0.));
#5947 = ADVANCED_FACE('',(#5948),#5966,.F.);
#5948 = FACE_BOUND('',#5949,.F.);
#5949 = EDGE_LOOP('',(#5950,#5951,#5959,#5965));
#5950 = ORIENTED_EDGE('',*,*,#5924,.F.);
#5951 = ORIENTED_EDGE('',*,*,#5952,.T.);
#5952 = EDGE_CURVE('',#5917,#5953,#5955,.T.);
#5953 = VERTEX_POINT('',#5954);
#5954 = CARTESIAN_POINT('',(6.366689623096,97.734529707786,16.3));
#5955 = LINE('',#5956,#5957);
#5956 = CARTESIAN_POINT('',(6.366689623096,97.734529707786,13.6));
#5957 = VECTOR('',#5958,1.);
#5958 = DIRECTION('',(0.,0.,1.));
#5959 = ORIENTED_EDGE('',*,*,#5960,.F.);
#5960 = EDGE_CURVE('',#2255,#5953,#5961,.T.);
#5961 = LINE('',#5962,#5963);
#5962 = CARTESIAN_POINT('',(8.734529707786,95.366689623096,16.3));
#5963 = VECTOR('',#5964,1.);
#5964 = DIRECTION('',(-0.707106781187,0.707106781187,0.));
#5965 = ORIENTED_EDGE('',*,*,#2263,.F.);
#5966 = PLANE('',#5967);
#5967 = AXIS2_PLACEMENT_3D('',#5968,#5969,#5970);
#5968 = CARTESIAN_POINT('',(9.009259309709,95.091960021173,14.95));
#5969 = DIRECTION('',(0.707106781187,0.707106781187,0.));
#5970 = DIRECTION('',(-0.707106781187,0.707106781187,0.));
#5971 = ADVANCED_FACE('',(#5972,#5991),#6002,.F.);
#5972 = FACE_BOUND('',#5973,.F.);
#5973 = EDGE_LOOP('',(#5974,#5975,#5976,#5984,#5990));
#5974 = ORIENTED_EDGE('',*,*,#2254,.T.);
#5975 = ORIENTED_EDGE('',*,*,#5960,.T.);
#5976 = ORIENTED_EDGE('',*,*,#5977,.T.);
#5977 = EDGE_CURVE('',#5953,#5978,#5980,.T.);
#5978 = VERTEX_POINT('',#5979);
#5979 = CARTESIAN_POINT('',(3.13215991531,96.86784008469,16.3));
#5980 = LINE('',#5981,#5982);
#5981 = CARTESIAN_POINT('',(6.366689623096,97.734529707786,16.3));
#5982 = VECTOR('',#5983,1.);
#5983 = DIRECTION('',(-0.965925826289,-0.258819045103,0.));
#5984 = ORIENTED_EDGE('',*,*,#5985,.T.);
#5985 = EDGE_CURVE('',#5978,#5880,#5986,.T.);
#5986 = LINE('',#5987,#5988);
#5987 = CARTESIAN_POINT('',(3.13215991531,96.86784008469,16.3));
#5988 = VECTOR('',#5989,1.);
#5989 = DIRECTION('',(-0.258819045103,-0.965925826289,0.));
#5990 = ORIENTED_EDGE('',*,*,#5894,.T.);
#5991 = FACE_BOUND('',#5992,.F.);
#5992 = EDGE_LOOP('',(#5993));
#5993 = ORIENTED_EDGE('',*,*,#5994,.F.);
#5994 = EDGE_CURVE('',#5995,#5995,#5997,.T.);
#5995 = VERTEX_POINT('',#5996);
#5996 = CARTESIAN_POINT('',(7.2,94.5,16.3));
#5997 = CIRCLE('',#5998,1.7);
#5998 = AXIS2_PLACEMENT_3D('',#5999,#6000,#6001);
#5999 = CARTESIAN_POINT('',(5.5,94.5,16.3));
#6000 = DIRECTION('',(0.,0.,1.));
#6001 = DIRECTION('',(1.,0.,-0.));
#6002 = PLANE('',#6003);
#6003 = AXIS2_PLACEMENT_3D('',#6004,#6005,#6006);
#6004 = CARTESIAN_POINT('',(6.727810299386,93.272189700614,16.3));
#6005 = DIRECTION('',(0.,0.,1.));
#6006 = DIRECTION('',(1.,0.,-0.));
#6007 = ADVANCED_FACE('',(#6008,#6011),#6022,.F.);
#6008 = FACE_BOUND('',#6009,.F.);
#6009 = EDGE_LOOP('',(#6010));
#6010 = ORIENTED_EDGE('',*,*,#2296,.T.);
#6011 = FACE_BOUND('',#6012,.F.);
#6012 = EDGE_LOOP('',(#6013));
#6013 = ORIENTED_EDGE('',*,*,#6014,.F.);
#6014 = EDGE_CURVE('',#6015,#6015,#6017,.T.);
#6015 = VERTEX_POINT('',#6016);
#6016 = CARTESIAN_POINT('',(98.5,94.5,13.1));
#6017 = CIRCLE('',#6018,4.);
#6018 = AXIS2_PLACEMENT_3D('',#6019,#6020,#6021);
#6019 = CARTESIAN_POINT('',(94.5,94.5,13.1));
#6020 = DIRECTION('',(0.,0.,1.));
#6021 = DIRECTION('',(1.,0.,-0.));
#6022 = PLANE('',#6023);
#6023 = AXIS2_PLACEMENT_3D('',#6024,#6025,#6026);
#6024 = CARTESIAN_POINT('',(94.5,94.5,13.1));
#6025 = DIRECTION('',(0.,0.,1.));
#6026 = DIRECTION('',(1.,0.,-0.));
#6027 = ADVANCED_FACE('',(#6028),#6053,.F.);
#6028 = FACE_BOUND('',#6029,.F.);
#6029 = EDGE_LOOP('',(#6030,#6040,#6046,#6047));
#6030 = ORIENTED_EDGE('',*,*,#6031,.F.);
#6031 = EDGE_CURVE('',#6032,#6034,#6036,.T.);
#6032 = VERTEX_POINT('',#6033);
#6033 = CARTESIAN_POINT('',(93.633310376904,97.734529707786,13.6));
#6034 = VERTEX_POINT('',#6035);
#6035 = CARTESIAN_POINT('',(93.633310376904,97.734529707786,16.3));
#6036 = LINE('',#6037,#6038);
#6037 = CARTESIAN_POINT('',(93.633310376904,97.734529707786,13.6));
#6038 = VECTOR('',#6039,1.);
#6039 = DIRECTION('',(0.,0.,1.));
#6040 = ORIENTED_EDGE('',*,*,#6041,.T.);
#6041 = EDGE_CURVE('',#6032,#2306,#6042,.T.);
#6042 = LINE('',#6043,#6044);
#6043 = CARTESIAN_POINT('',(92.449390334559,96.550609665441,13.6));
#6044 = VECTOR('',#6045,1.);
#6045 = DIRECTION('',(-0.707106781187,-0.707106781187,0.));
#6046 = ORIENTED_EDGE('',*,*,#2305,.T.);
#6047 = ORIENTED_EDGE('',*,*,#6048,.F.);
#6048 = EDGE_CURVE('',#6034,#2308,#6049,.T.);
#6049 = LINE('',#6050,#6051);
#6050 = CARTESIAN_POINT('',(93.633310376904,97.734529707786,16.3));
#6051 = VECTOR('',#6052,1.);
#6052 = DIRECTION('',(-0.707106781187,-0.707106781187,0.));
#6053 = PLANE('',#6054);
#6054 = AXIS2_PLACEMENT_3D('',#6055,#6056,#6057);
#6055 = CARTESIAN_POINT('',(90.990740690291,95.091960021173,14.95));
#6056 = DIRECTION('',(-0.707106781187,0.707106781187,0.));
#6057 = DIRECTION('',(0.707106781187,0.707106781187,0.));
#6058 = ADVANCED_FACE('',(#6059,#6085),#6096,.F.);
#6059 = FACE_BOUND('',#6060,.F.);
#6060 = EDGE_LOOP('',(#6061,#6069,#6077,#6083,#6084));
#6061 = ORIENTED_EDGE('',*,*,#6062,.F.);
#6062 = EDGE_CURVE('',#6063,#6032,#6065,.T.);
#6063 = VERTEX_POINT('',#6064);
#6064 = CARTESIAN_POINT('',(96.86784008469,96.86784008469,13.6));
#6065 = LINE('',#6066,#6067);
#6066 = CARTESIAN_POINT('',(96.86784008469,96.86784008469,13.6));
#6067 = VECTOR('',#6068,1.);
#6068 = DIRECTION('',(-0.965925826289,0.258819045103,0.));
#6069 = ORIENTED_EDGE('',*,*,#6070,.F.);
#6070 = EDGE_CURVE('',#6071,#6063,#6073,.T.);
#6071 = VERTEX_POINT('',#6072);
#6072 = CARTESIAN_POINT('',(97.734529707786,93.633310376904,13.6));
#6073 = LINE('',#6074,#6075);
#6074 = CARTESIAN_POINT('',(97.734529707786,93.633310376904,13.6));
#6075 = VECTOR('',#6076,1.);
#6076 = DIRECTION('',(-0.258819045103,0.965925826289,0.));
#6077 = ORIENTED_EDGE('',*,*,#6078,.T.);
#6078 = EDGE_CURVE('',#6071,#2325,#6079,.T.);
#6079 = LINE('',#6080,#6081);
#6080 = CARTESIAN_POINT('',(96.550609665441,92.449390334559,13.6));
#6081 = VECTOR('',#6082,1.);
#6082 = DIRECTION('',(-0.707106781187,-0.707106781187,0.));
#6083 = ORIENTED_EDGE('',*,*,#2332,.F.);
#6084 = ORIENTED_EDGE('',*,*,#6041,.F.);
#6085 = FACE_BOUND('',#6086,.F.);
#6086 = EDGE_LOOP('',(#6087));
#6087 = ORIENTED_EDGE('',*,*,#6088,.T.);
#6088 = EDGE_CURVE('',#6089,#6089,#6091,.T.);
#6089 = VERTEX_POINT('',#6090);
#6090 = CARTESIAN_POINT('',(96.2,94.5,13.6));
#6091 = CIRCLE('',#6092,1.7);
#6092 = AXIS2_PLACEMENT_3D('',#6093,#6094,#6095);
#6093 = CARTESIAN_POINT('',(94.5,94.5,13.6));
#6094 = DIRECTION('',(0.,0.,1.));
#6095 = DIRECTION('',(1.,0.,-0.));
#6096 = PLANE('',#6097);
#6097 = AXIS2_PLACEMENT_3D('',#6098,#6099,#6100);
#6098 = CARTESIAN_POINT('',(93.272189700614,93.272189700614,13.6));
#6099 = DIRECTION('',(-0.,-0.,-1.));
#6100 = DIRECTION('',(-1.,0.,0.));
#6101 = ADVANCED_FACE('',(#6102),#6120,.F.);
#6102 = FACE_BOUND('',#6103,.F.);
#6103 = EDGE_LOOP('',(#6104,#6105,#6113,#6119));
#6104 = ORIENTED_EDGE('',*,*,#6078,.F.);
#6105 = ORIENTED_EDGE('',*,*,#6106,.T.);
#6106 = EDGE_CURVE('',#6071,#6107,#6109,.T.);
#6107 = VERTEX_POINT('',#6108);
#6108 = CARTESIAN_POINT('',(97.734529707786,93.633310376904,16.3));
#6109 = LINE('',#6110,#6111);
#6110 = CARTESIAN_POINT('',(97.734529707786,93.633310376904,13.6));
#6111 = VECTOR('',#6112,1.);
#6112 = DIRECTION('',(0.,0.,1.));
#6113 = ORIENTED_EDGE('',*,*,#6114,.F.);
#6114 = EDGE_CURVE('',#2316,#6107,#6115,.T.);
#6115 = LINE('',#6116,#6117);
#6116 = CARTESIAN_POINT('',(95.366689623096,91.265470292214,16.3));
#6117 = VECTOR('',#6118,1.);
#6118 = DIRECTION('',(0.707106781187,0.707106781187,0.));
#6119 = ORIENTED_EDGE('',*,*,#2324,.F.);
#6120 = PLANE('',#6121);
#6121 = AXIS2_PLACEMENT_3D('',#6122,#6123,#6124);
#6122 = CARTESIAN_POINT('',(95.091960021173,90.990740690291,14.95));
#6123 = DIRECTION('',(0.707106781187,-0.707106781187,-0.));
#6124 = DIRECTION('',(-0.707106781187,-0.707106781187,0.));
#6125 = ADVANCED_FACE('',(#6126,#6145),#6156,.F.);
#6126 = FACE_BOUND('',#6127,.F.);
#6127 = EDGE_LOOP('',(#6128,#6129,#6130,#6138,#6144));
#6128 = ORIENTED_EDGE('',*,*,#2315,.T.);
#6129 = ORIENTED_EDGE('',*,*,#6114,.T.);
#6130 = ORIENTED_EDGE('',*,*,#6131,.T.);
#6131 = EDGE_CURVE('',#6107,#6132,#6134,.T.);
#6132 = VERTEX_POINT('',#6133);
#6133 = CARTESIAN_POINT('',(96.86784008469,96.86784008469,16.3));
#6134 = LINE('',#6135,#6136);
#6135 = CARTESIAN_POINT('',(97.734529707786,93.633310376904,16.3));
#6136 = VECTOR('',#6137,1.);
#6137 = DIRECTION('',(-0.258819045103,0.965925826289,0.));
#6138 = ORIENTED_EDGE('',*,*,#6139,.T.);
#6139 = EDGE_CURVE('',#6132,#6034,#6140,.T.);
#6140 = LINE('',#6141,#6142);
#6141 = CARTESIAN_POINT('',(96.86784008469,96.86784008469,16.3));
#6142 = VECTOR('',#6143,1.);
#6143 = DIRECTION('',(-0.965925826289,0.258819045103,0.));
#6144 = ORIENTED_EDGE('',*,*,#6048,.T.);
#6145 = FACE_BOUND('',#6146,.F.);
#6146 = EDGE_LOOP('',(#6147));
#6147 = ORIENTED_EDGE('',*,*,#6148,.F.);
#6148 = EDGE_CURVE('',#6149,#6149,#6151,.T.);
#6149 = VERTEX_POINT('',#6150);
#6150 = CARTESIAN_POINT('',(96.2,94.5,16.3));
#6151 = CIRCLE('',#6152,1.7);
#6152 = AXIS2_PLACEMENT_3D('',#6153,#6154,#6155);
#6153 = CARTESIAN_POINT('',(94.5,94.5,16.3));
#6154 = DIRECTION('',(0.,0.,1.));
#6155 = DIRECTION('',(1.,0.,-0.));
#6156 = PLANE('',#6157);
#6157 = AXIS2_PLACEMENT_3D('',#6158,#6159,#6160);
#6158 = CARTESIAN_POINT('',(93.272189700614,93.272189700614,16.3));
#6159 = DIRECTION('',(0.,0.,1.));
#6160 = DIRECTION('',(1.,0.,-0.));
#6161 = ADVANCED_FACE('',(#6162),#6186,.F.);
#6162 = FACE_BOUND('',#6163,.F.);
#6163 = EDGE_LOOP('',(#6164,#6173,#6179,#6180));
#6164 = ORIENTED_EDGE('',*,*,#6165,.F.);
#6165 = EDGE_CURVE('',#6166,#6168,#6170,.T.);
#6166 = VERTEX_POINT('',#6167);
#6167 = CARTESIAN_POINT('',(41.626721872761,48.878891631499,26.));
#6168 = VERTEX_POINT('',#6169);
#6169 = CARTESIAN_POINT('',(41.613982004937,48.382036786368,26.));
#6170 = B_SPLINE_CURVE_WITH_KNOTS('',1,(#6171,#6172),.UNSPECIFIED.,.F.,
  .F.,(2,2),(0.,3.901281840626),.PIECEWISE_BEZIER_KNOTS.);
#6171 = CARTESIAN_POINT('',(41.626721872761,48.878891631499,26.));
#6172 = CARTESIAN_POINT('',(41.613982004937,48.382036786368,26.));
#6173 = ORIENTED_EDGE('',*,*,#6174,.T.);
#6174 = EDGE_CURVE('',#6166,#2360,#6175,.T.);
#6175 = LINE('',#6176,#6177);
#6176 = CARTESIAN_POINT('',(41.626721872761,48.878891631499,26.));
#6177 = VECTOR('',#6178,1.);
#6178 = DIRECTION('',(0.,0.,1.));
#6179 = ORIENTED_EDGE('',*,*,#2357,.F.);
#6180 = ORIENTED_EDGE('',*,*,#6181,.F.);
#6181 = EDGE_CURVE('',#6168,#2358,#6182,.T.);
#6182 = LINE('',#6183,#6184);
#6183 = CARTESIAN_POINT('',(41.613982004937,48.382036786368,26.));
#6184 = VECTOR('',#6185,1.);
#6185 = DIRECTION('',(0.,0.,1.));
#6186 = SURFACE_OF_LINEAR_EXTRUSION('',#6187,#6190);
#6187 = B_SPLINE_CURVE_WITH_KNOTS('',1,(#6188,#6189),.UNSPECIFIED.,.F.,
  .F.,(2,2),(0.,3.901281840626),.PIECEWISE_BEZIER_KNOTS.);
#6188 = CARTESIAN_POINT('',(41.626721872761,48.878891631499,26.));
#6189 = CARTESIAN_POINT('',(41.613982004937,48.382036786368,26.));
#6190 = VECTOR('',#6191,1.);
#6191 = DIRECTION('',(-0.,-0.,-1.));
#6192 = ADVANCED_FACE('',(#6193),#6211,.F.);
#6193 = FACE_BOUND('',#6194,.F.);
#6194 = EDGE_LOOP('',(#6195,#6203,#6209,#6210));
#6195 = ORIENTED_EDGE('',*,*,#6196,.F.);
#6196 = EDGE_CURVE('',#6197,#6166,#6199,.T.);
#6197 = VERTEX_POINT('',#6198);
#6198 = CARTESIAN_POINT('',(41.588502269289,49.808901982642,26.));
#6199 = B_SPLINE_CURVE_WITH_KNOTS('',2,(#6200,#6201,#6202),
  .UNSPECIFIED.,.F.,.F.,(3,3),(0.,1.),.PIECEWISE_BEZIER_KNOTS.);
#6200 = CARTESIAN_POINT('',(41.588502269289,49.808901982642,26.));
#6201 = CARTESIAN_POINT('',(41.626721872761,49.388486344454,26.));
#6202 = CARTESIAN_POINT('',(41.626721872761,48.878891631499,26.));
#6203 = ORIENTED_EDGE('',*,*,#6204,.T.);
#6204 = EDGE_CURVE('',#6197,#2699,#6205,.T.);
#6205 = LINE('',#6206,#6207);
#6206 = CARTESIAN_POINT('',(41.588502269289,49.808901982642,26.));
#6207 = VECTOR('',#6208,1.);
#6208 = DIRECTION('',(0.,0.,1.));
#6209 = ORIENTED_EDGE('',*,*,#2717,.F.);
#6210 = ORIENTED_EDGE('',*,*,#6174,.F.);
#6211 = SURFACE_OF_LINEAR_EXTRUSION('',#6212,#6216);
#6212 = B_SPLINE_CURVE_WITH_KNOTS('',2,(#6213,#6214,#6215),
  .UNSPECIFIED.,.F.,.F.,(3,3),(0.,1.),.PIECEWISE_BEZIER_KNOTS.);
#6213 = CARTESIAN_POINT('',(41.588502269289,49.808901982642,26.));
#6214 = CARTESIAN_POINT('',(41.626721872761,49.388486344454,26.));
#6215 = CARTESIAN_POINT('',(41.626721872761,48.878891631499,26.));
#6216 = VECTOR('',#6217,1.);
#6217 = DIRECTION('',(-0.,-0.,-1.));
#6218 = ADVANCED_FACE('',(#6219),#6237,.F.);
#6219 = FACE_BOUND('',#6220,.F.);
#6220 = EDGE_LOOP('',(#6221,#6229,#6235,#6236));
#6221 = ORIENTED_EDGE('',*,*,#6222,.F.);
#6222 = EDGE_CURVE('',#6223,#6197,#6225,.T.);
#6223 = VERTEX_POINT('',#6224);
#6224 = CARTESIAN_POINT('',(40.785890596385,51.535154072776,26.));
#6225 = B_SPLINE_CURVE_WITH_KNOTS('',2,(#6226,#6227,#6228),
  .UNSPECIFIED.,.F.,.F.,(3,3),(0.,1.),.PIECEWISE_BEZIER_KNOTS.);
#6226 = CARTESIAN_POINT('',(40.785890596385,51.535154072776,26.));
#6227 = CARTESIAN_POINT('',(41.512063062346,50.879050879847,26.));
#6228 = CARTESIAN_POINT('',(41.588502269289,49.808901982642,26.));
#6229 = ORIENTED_EDGE('',*,*,#6230,.T.);
#6230 = EDGE_CURVE('',#6223,#2676,#6231,.T.);
#6231 = LINE('',#6232,#6233);
#6232 = CARTESIAN_POINT('',(40.785890596385,51.535154072776,26.));
#6233 = VECTOR('',#6234,1.);
#6234 = DIRECTION('',(0.,0.,1.));
#6235 = ORIENTED_EDGE('',*,*,#2698,.F.);
#6236 = ORIENTED_EDGE('',*,*,#6204,.F.);
#6237 = SURFACE_OF_LINEAR_EXTRUSION('',#6238,#6242);
#6238 = B_SPLINE_CURVE_WITH_KNOTS('',2,(#6239,#6240,#6241),
  .UNSPECIFIED.,.F.,.F.,(3,3),(0.,1.),.PIECEWISE_BEZIER_KNOTS.);
#6239 = CARTESIAN_POINT('',(40.785890596385,51.535154072776,26.));
#6240 = CARTESIAN_POINT('',(41.512063062346,50.879050879847,26.));
#6241 = CARTESIAN_POINT('',(41.588502269289,49.808901982642,26.));
#6242 = VECTOR('',#6243,1.);
#6243 = DIRECTION('',(-0.,-0.,-1.));
#6244 = ADVANCED_FACE('',(#6245),#6263,.F.);
#6245 = FACE_BOUND('',#6246,.F.);
#6246 = EDGE_LOOP('',(#6247,#6255,#6261,#6262));
#6247 = ORIENTED_EDGE('',*,*,#6248,.F.);
#6248 = EDGE_CURVE('',#6249,#6223,#6251,.T.);
#6249 = VERTEX_POINT('',#6250);
#6250 = CARTESIAN_POINT('',(38.900390158452,52.191257265706,26.));
#6251 = B_SPLINE_CURVE_WITH_KNOTS('',2,(#6252,#6253,#6254),
  .UNSPECIFIED.,.F.,.F.,(3,3),(0.,1.),.PIECEWISE_BEZIER_KNOTS.);
#6252 = CARTESIAN_POINT('',(38.900390158452,52.191257265706,26.));
#6253 = CARTESIAN_POINT('',(40.059718130424,52.191257265706,26.));
#6254 = CARTESIAN_POINT('',(40.785890596385,51.535154072776,26.));
#6255 = ORIENTED_EDGE('',*,*,#6256,.T.);
#6256 = EDGE_CURVE('',#6249,#2653,#6257,.T.);
#6257 = LINE('',#6258,#6259);
#6258 = CARTESIAN_POINT('',(38.900390158452,52.191257265706,26.));
#6259 = VECTOR('',#6260,1.);
#6260 = DIRECTION('',(0.,0.,1.));
#6261 = ORIENTED_EDGE('',*,*,#2675,.F.);
#6262 = ORIENTED_EDGE('',*,*,#6230,.F.);
#6263 = SURFACE_OF_LINEAR_EXTRUSION('',#6264,#6268);
#6264 = B_SPLINE_CURVE_WITH_KNOTS('',2,(#6265,#6266,#6267),
  .UNSPECIFIED.,.F.,.F.,(3,3),(0.,1.),.PIECEWISE_BEZIER_KNOTS.);
#6265 = CARTESIAN_POINT('',(38.900390158452,52.191257265706,26.));
#6266 = CARTESIAN_POINT('',(40.059718130424,52.191257265706,26.));
#6267 = CARTESIAN_POINT('',(40.785890596385,51.535154072776,26.));
#6268 = VECTOR('',#6269,1.);
#6269 = DIRECTION('',(-0.,-0.,-1.));
#6270 = ADVANCED_FACE('',(#6271),#6289,.F.);
#6271 = FACE_BOUND('',#6272,.F.);
#6272 = EDGE_LOOP('',(#6273,#6281,#6287,#6288));
#6273 = ORIENTED_EDGE('',*,*,#6274,.F.);
#6274 = EDGE_CURVE('',#6275,#6249,#6277,.T.);
#6275 = VERTEX_POINT('',#6276);
#6276 = CARTESIAN_POINT('',(37.129548530934,51.61159327972,26.));
#6277 = B_SPLINE_CURVE_WITH_KNOTS('',2,(#6278,#6279,#6280),
  .UNSPECIFIED.,.F.,.F.,(3,3),(0.,1.),.PIECEWISE_BEZIER_KNOTS.);
#6278 = CARTESIAN_POINT('',(37.129548530934,51.61159327972,26.));
#6279 = CARTESIAN_POINT('',(37.830241261247,52.191257265706,26.));
#6280 = CARTESIAN_POINT('',(38.900390158452,52.191257265706,26.));
#6281 = ORIENTED_EDGE('',*,*,#6282,.T.);
#6282 = EDGE_CURVE('',#6275,#2634,#6283,.T.);
#6283 = LINE('',#6284,#6285);
#6284 = CARTESIAN_POINT('',(37.129548530934,51.61159327972,26.));
#6285 = VECTOR('',#6286,1.);
#6286 = DIRECTION('',(0.,0.,1.));
#6287 = ORIENTED_EDGE('',*,*,#2652,.F.);
#6288 = ORIENTED_EDGE('',*,*,#6256,.F.);
#6289 = SURFACE_OF_LINEAR_EXTRUSION('',#6290,#6294);
#6290 = B_SPLINE_CURVE_WITH_KNOTS('',2,(#6291,#6292,#6293),
  .UNSPECIFIED.,.F.,.F.,(3,3),(0.,1.),.PIECEWISE_BEZIER_KNOTS.);
#6291 = CARTESIAN_POINT('',(37.129548530934,51.61159327972,26.));
#6292 = CARTESIAN_POINT('',(37.830241261247,52.191257265706,26.));
#6293 = CARTESIAN_POINT('',(38.900390158452,52.191257265706,26.));
#6294 = VECTOR('',#6295,1.);
#6295 = DIRECTION('',(-0.,-0.,-1.));
#6296 = ADVANCED_FACE('',(#6297),#6315,.F.);
#6297 = FACE_BOUND('',#6298,.F.);
#6298 = EDGE_LOOP('',(#6299,#6307,#6313,#6314));
#6299 = ORIENTED_EDGE('',*,*,#6300,.F.);
#6300 = EDGE_CURVE('',#6301,#6275,#6303,.T.);
#6301 = VERTEX_POINT('',#6302);
#6302 = CARTESIAN_POINT('',(36.288717254558,50.063699339119,26.));
#6303 = B_SPLINE_CURVE_WITH_KNOTS('',2,(#6304,#6305,#6306),
  .UNSPECIFIED.,.F.,.F.,(3,3),(0.,1.),.PIECEWISE_BEZIER_KNOTS.);
#6304 = CARTESIAN_POINT('',(36.288717254558,50.063699339119,26.));
#6305 = CARTESIAN_POINT('',(36.428855800621,51.031929293734,26.));
#6306 = CARTESIAN_POINT('',(37.129548530934,51.61159327972,26.));
#6307 = ORIENTED_EDGE('',*,*,#6308,.T.);
#6308 = EDGE_CURVE('',#6301,#2623,#6309,.T.);
#6309 = LINE('',#6310,#6311);
#6310 = CARTESIAN_POINT('',(36.288717254558,50.063699339119,26.));
#6311 = VECTOR('',#6312,1.);
#6312 = DIRECTION('',(0.,0.,1.));
#6313 = ORIENTED_EDGE('',*,*,#2633,.F.);
#6314 = ORIENTED_EDGE('',*,*,#6282,.F.);
#6315 = SURFACE_OF_LINEAR_EXTRUSION('',#6316,#6320);
#6316 = B_SPLINE_CURVE_WITH_KNOTS('',2,(#6317,#6318,#6319),
  .UNSPECIFIED.,.F.,.F.,(3,3),(0.,1.),.PIECEWISE_BEZIER_KNOTS.);
#6317 = CARTESIAN_POINT('',(36.288717254558,50.063699339119,26.));
#6318 = CARTESIAN_POINT('',(36.428855800621,51.031929293734,26.));
#6319 = CARTESIAN_POINT('',(37.129548530934,51.61159327972,26.));
#6320 = VECTOR('',#6321,1.);
#6321 = DIRECTION('',(-0.,-0.,-1.));
#6322 = ADVANCED_FACE('',(#6323),#6341,.F.);
#6323 = FACE_BOUND('',#6324,.F.);
#6324 = EDGE_LOOP('',(#6325,#6333,#6339,#6340));
#6325 = ORIENTED_EDGE('',*,*,#6326,.F.);
#6326 = EDGE_CURVE('',#6327,#6301,#6329,.T.);
#6327 = VERTEX_POINT('',#6328);
#6328 = CARTESIAN_POINT('',(36.212278047615,49.031770045386,26.));
#6329 = B_SPLINE_CURVE_WITH_KNOTS('',2,(#6330,#6331,#6332),
  .UNSPECIFIED.,.F.,.F.,(3,3),(0.,1.),.PIECEWISE_BEZIER_KNOTS.);
#6330 = CARTESIAN_POINT('',(36.212278047615,49.031770045386,26.));
#6331 = CARTESIAN_POINT('',(36.212278047615,49.643283700932,26.));
#6332 = CARTESIAN_POINT('',(36.288717254558,50.063699339119,26.));
#6333 = ORIENTED_EDGE('',*,*,#6334,.T.);
#6334 = EDGE_CURVE('',#6327,#2602,#6335,.T.);
#6335 = LINE('',#6336,#6337);
#6336 = CARTESIAN_POINT('',(36.212278047615,49.031770045386,26.));
#6337 = VECTOR('',#6338,1.);
#6338 = DIRECTION('',(0.,0.,1.));
#6339 = ORIENTED_EDGE('',*,*,#2622,.F.);
#6340 = ORIENTED_EDGE('',*,*,#6308,.F.);
#6341 = SURFACE_OF_LINEAR_EXTRUSION('',#6342,#6346);
#6342 = B_SPLINE_CURVE_WITH_KNOTS('',2,(#6343,#6344,#6345),
  .UNSPECIFIED.,.F.,.F.,(3,3),(0.,1.),.PIECEWISE_BEZIER_KNOTS.);
#6343 = CARTESIAN_POINT('',(36.212278047615,49.031770045386,26.));
#6344 = CARTESIAN_POINT('',(36.212278047615,49.643283700932,26.));
#6345 = CARTESIAN_POINT('',(36.288717254558,50.063699339119,26.));
#6346 = VECTOR('',#6347,1.);
#6347 = DIRECTION('',(-0.,-0.,-1.));
#6348 = ADVANCED_FACE('',(#6349),#6367,.F.);
#6349 = FACE_BOUND('',#6350,.F.);
#6350 = EDGE_LOOP('',(#6351,#6359,#6365,#6366));
#6351 = ORIENTED_EDGE('',*,*,#6352,.F.);
#6352 = EDGE_CURVE('',#6353,#6327,#6355,.T.);
#6353 = VERTEX_POINT('',#6354);
#6354 = CARTESIAN_POINT('',(36.32693685803,47.439286567402,26.));
#6355 = B_SPLINE_CURVE_WITH_KNOTS('',2,(#6356,#6357,#6358),
  .UNSPECIFIED.,.F.,.F.,(3,3),(0.,1.),.PIECEWISE_BEZIER_KNOTS.);
#6356 = CARTESIAN_POINT('',(36.32693685803,47.439286567402,26.));
#6357 = CARTESIAN_POINT('',(36.212278047615,47.961621148181,26.));
#6358 = CARTESIAN_POINT('',(36.212278047615,49.031770045386,26.));
#6359 = ORIENTED_EDGE('',*,*,#6360,.T.);
#6360 = EDGE_CURVE('',#6353,#2579,#6361,.T.);
#6361 = LINE('',#6362,#6363);
#6362 = CARTESIAN_POINT('',(36.32693685803,47.439286567402,26.));
#6363 = VECTOR('',#6364,1.);
#6364 = DIRECTION('',(0.,0.,1.));
#6365 = ORIENTED_EDGE('',*,*,#2601,.F.);
#6366 = ORIENTED_EDGE('',*,*,#6334,.F.);
#6367 = SURFACE_OF_LINEAR_EXTRUSION('',#6368,#6372);
#6368 = B_SPLINE_CURVE_WITH_KNOTS('',2,(#6369,#6370,#6371),
  .UNSPECIFIED.,.F.,.F.,(3,3),(0.,1.),.PIECEWISE_BEZIER_KNOTS.);
#6369 = CARTESIAN_POINT('',(36.32693685803,47.439286567402,26.));
#6370 = CARTESIAN_POINT('',(36.212278047615,47.961621148181,26.));
#6371 = CARTESIAN_POINT('',(36.212278047615,49.031770045386,26.));
#6372 = VECTOR('',#6373,1.);
#6373 = DIRECTION('',(-0.,-0.,-1.));
#6374 = ADVANCED_FACE('',(#6375),#6393,.F.);
#6375 = FACE_BOUND('',#6376,.F.);
#6376 = EDGE_LOOP('',(#6377,#6385,#6391,#6392));
#6377 = ORIENTED_EDGE('',*,*,#6378,.F.);
#6378 = EDGE_CURVE('',#6379,#6353,#6381,.T.);
#6379 = VERTEX_POINT('',#6380);
#6380 = CARTESIAN_POINT('',(37.199617803965,45.955091965921,26.));
#6381 = B_SPLINE_CURVE_WITH_KNOTS('',2,(#6382,#6383,#6384),
  .UNSPECIFIED.,.F.,.F.,(3,3),(0.,1.),.PIECEWISE_BEZIER_KNOTS.);
#6382 = CARTESIAN_POINT('',(37.199617803965,45.955091965921,26.));
#6383 = CARTESIAN_POINT('',(36.530774743212,46.471056612788,26.));
#6384 = CARTESIAN_POINT('',(36.32693685803,47.439286567402,26.));
#6385 = ORIENTED_EDGE('',*,*,#6386,.T.);
#6386 = EDGE_CURVE('',#6379,#2557,#6387,.T.);
#6387 = LINE('',#6388,#6389);
#6388 = CARTESIAN_POINT('',(37.199617803965,45.955091965921,26.));
#6389 = VECTOR('',#6390,1.);
#6390 = DIRECTION('',(0.,0.,1.));
#6391 = ORIENTED_EDGE('',*,*,#2578,.F.);
#6392 = ORIENTED_EDGE('',*,*,#6360,.F.);
#6393 = SURFACE_OF_LINEAR_EXTRUSION('',#6394,#6398);
#6394 = B_SPLINE_CURVE_WITH_KNOTS('',2,(#6395,#6396,#6397),
  .UNSPECIFIED.,.F.,.F.,(3,3),(0.,1.),.PIECEWISE_BEZIER_KNOTS.);
#6395 = CARTESIAN_POINT('',(37.199617803965,45.955091965921,26.));
#6396 = CARTESIAN_POINT('',(36.530774743212,46.471056612788,26.));
#6397 = CARTESIAN_POINT('',(36.32693685803,47.439286567402,26.));
#6398 = VECTOR('',#6399,1.);
#6399 = DIRECTION('',(-0.,-0.,-1.));
#6400 = ADVANCED_FACE('',(#6401),#6419,.F.);
#6401 = FACE_BOUND('',#6402,.F.);
#6402 = EDGE_LOOP('',(#6403,#6411,#6417,#6418));
#6403 = ORIENTED_EDGE('',*,*,#6404,.F.);
#6404 = EDGE_CURVE('',#6405,#6379,#6407,.T.);
#6405 = VERTEX_POINT('',#6406);
#6406 = CARTESIAN_POINT('',(39.002309101043,45.439127319054,26.));
#6407 = B_SPLINE_CURVE_WITH_KNOTS('',2,(#6408,#6409,#6410),
  .UNSPECIFIED.,.F.,.F.,(3,3),(0.,1.),.PIECEWISE_BEZIER_KNOTS.);
#6408 = CARTESIAN_POINT('',(39.002309101043,45.439127319054,26.));
#6409 = CARTESIAN_POINT('',(37.868460864719,45.439127319054,26.));
#6410 = CARTESIAN_POINT('',(37.199617803965,45.955091965921,26.));
#6411 = ORIENTED_EDGE('',*,*,#6412,.T.);
#6412 = EDGE_CURVE('',#6405,#2535,#6413,.T.);
#6413 = LINE('',#6414,#6415);
#6414 = CARTESIAN_POINT('',(39.002309101043,45.439127319054,26.));
#6415 = VECTOR('',#6416,1.);
#6416 = DIRECTION('',(0.,0.,1.));
#6417 = ORIENTED_EDGE('',*,*,#2556,.F.);
#6418 = ORIENTED_EDGE('',*,*,#6386,.F.);
#6419 = SURFACE_OF_LINEAR_EXTRUSION('',#6420,#6424);
#6420 = B_SPLINE_CURVE_WITH_KNOTS('',2,(#6421,#6422,#6423),
  .UNSPECIFIED.,.F.,.F.,(3,3),(0.,1.),.PIECEWISE_BEZIER_KNOTS.);
#6421 = CARTESIAN_POINT('',(39.002309101043,45.439127319054,26.));
#6422 = CARTESIAN_POINT('',(37.868460864719,45.439127319054,26.));
#6423 = CARTESIAN_POINT('',(37.199617803965,45.955091965921,26.));
#6424 = VECTOR('',#6425,1.);
#6425 = DIRECTION('',(-0.,-0.,-1.));
#6426 = ADVANCED_FACE('',(#6427),#6445,.F.);
#6427 = FACE_BOUND('',#6428,.F.);
#6428 = EDGE_LOOP('',(#6429,#6437,#6443,#6444));
#6429 = ORIENTED_EDGE('',*,*,#6430,.F.);
#6430 = EDGE_CURVE('',#6431,#6405,#6433,.T.);
#6431 = VERTEX_POINT('',#6432);
#6432 = CARTESIAN_POINT('',(40.588422645115,45.891392626801,26.));
#6433 = B_SPLINE_CURVE_WITH_KNOTS('',2,(#6434,#6435,#6436),
  .UNSPECIFIED.,.F.,.F.,(3,3),(0.,1.),.PIECEWISE_BEZIER_KNOTS.);
#6434 = CARTESIAN_POINT('',(40.588422645115,45.891392626801,26.));
#6435 = CARTESIAN_POINT('',(39.94505932001,45.439127319054,26.));
#6436 = CARTESIAN_POINT('',(39.002309101043,45.439127319054,26.));
#6437 = ORIENTED_EDGE('',*,*,#6438,.T.);
#6438 = EDGE_CURVE('',#6431,#2513,#6439,.T.);
#6439 = LINE('',#6440,#6441);
#6440 = CARTESIAN_POINT('',(40.588422645115,45.891392626801,26.));
#6441 = VECTOR('',#6442,1.);
#6442 = DIRECTION('',(0.,0.,1.));
#6443 = ORIENTED_EDGE('',*,*,#2534,.F.);
#6444 = ORIENTED_EDGE('',*,*,#6412,.F.);
#6445 = SURFACE_OF_LINEAR_EXTRUSION('',#6446,#6450);
#6446 = B_SPLINE_CURVE_WITH_KNOTS('',2,(#6447,#6448,#6449),
  .UNSPECIFIED.,.F.,.F.,(3,3),(0.,1.),.PIECEWISE_BEZIER_KNOTS.);
#6447 = CARTESIAN_POINT('',(40.588422645115,45.891392626801,26.));
#6448 = CARTESIAN_POINT('',(39.94505932001,45.439127319054,26.));
#6449 = CARTESIAN_POINT('',(39.002309101043,45.439127319054,26.));
#6450 = VECTOR('',#6451,1.);
#6451 = DIRECTION('',(-0.,-0.,-1.));
#6452 = ADVANCED_FACE('',(#6453),#6471,.F.);
#6453 = FACE_BOUND('',#6454,.F.);
#6454 = EDGE_LOOP('',(#6455,#6463,#6469,#6470));
#6455 = ORIENTED_EDGE('',*,*,#6456,.F.);
#6456 = EDGE_CURVE('',#6457,#6431,#6459,.T.);
#6457 = VERTEX_POINT('',#6458);
#6458 = CARTESIAN_POINT('',(41.512063062346,47.184489210924,26.));
#6459 = B_SPLINE_CURVE_WITH_KNOTS('',2,(#6460,#6461,#6462),
  .UNSPECIFIED.,.F.,.F.,(3,3),(0.,1.),.PIECEWISE_BEZIER_KNOTS.);
#6460 = CARTESIAN_POINT('',(41.512063062346,47.184489210924,26.));
#6461 = CARTESIAN_POINT('',(41.231785970221,46.343657934549,26.));
#6462 = CARTESIAN_POINT('',(40.588422645115,45.891392626801,26.));
#6463 = ORIENTED_EDGE('',*,*,#6464,.T.);
#6464 = EDGE_CURVE('',#6457,#2498,#6465,.T.);
#6465 = LINE('',#6466,#6467);
#6466 = CARTESIAN_POINT('',(41.512063062346,47.184489210924,26.));
#6467 = VECTOR('',#6468,1.);
#6468 = DIRECTION('',(0.,0.,1.));
#6469 = ORIENTED_EDGE('',*,*,#2512,.F.);
#6470 = ORIENTED_EDGE('',*,*,#6438,.F.);
#6471 = SURFACE_OF_LINEAR_EXTRUSION('',#6472,#6476);
#6472 = B_SPLINE_CURVE_WITH_KNOTS('',2,(#6473,#6474,#6475),
  .UNSPECIFIED.,.F.,.F.,(3,3),(0.,1.),.PIECEWISE_BEZIER_KNOTS.);
#6473 = CARTESIAN_POINT('',(41.512063062346,47.184489210924,26.));
#6474 = CARTESIAN_POINT('',(41.231785970221,46.343657934549,26.));
#6475 = CARTESIAN_POINT('',(40.588422645115,45.891392626801,26.));
#6476 = VECTOR('',#6477,1.);
#6477 = DIRECTION('',(-0.,-0.,-1.));
#6478 = ADVANCED_FACE('',(#6479),#6497,.F.);
#6479 = FACE_BOUND('',#6480,.F.);
#6480 = EDGE_LOOP('',(#6481,#6489,#6495,#6496));
#6481 = ORIENTED_EDGE('',*,*,#6482,.F.);
#6482 = EDGE_CURVE('',#6483,#6457,#6485,.T.);
#6483 = VERTEX_POINT('',#6484);
#6484 = CARTESIAN_POINT('',(41.410144119755,47.375587228283,26.));
#6485 = B_SPLINE_CURVE_WITH_KNOTS('',2,(#6486,#6487,#6488),
  .UNSPECIFIED.,.F.,.F.,(3,3),(0.,1.),.PIECEWISE_BEZIER_KNOTS.);
#6486 = CARTESIAN_POINT('',(41.410144119755,47.375587228283,26.));
#6487 = CARTESIAN_POINT('',(41.563022533641,47.337367624811,26.));
#6488 = CARTESIAN_POINT('',(41.512063062346,47.184489210924,26.));
#6489 = ORIENTED_EDGE('',*,*,#6490,.T.);
#6490 = EDGE_CURVE('',#6483,#2488,#6491,.T.);
#6491 = LINE('',#6492,#6493);
#6492 = CARTESIAN_POINT('',(41.410144119755,47.375587228283,26.));
#6493 = VECTOR('',#6494,1.);
#6494 = DIRECTION('',(0.,0.,1.));
#6495 = ORIENTED_EDGE('',*,*,#2497,.F.);
#6496 = ORIENTED_EDGE('',*,*,#6464,.F.);
#6497 = SURFACE_OF_LINEAR_EXTRUSION('',#6498,#6502);
#6498 = B_SPLINE_CURVE_WITH_KNOTS('',2,(#6499,#6500,#6501),
  .UNSPECIFIED.,.F.,.F.,(3,3),(0.,1.),.PIECEWISE_BEZIER_KNOTS.);
#6499 = CARTESIAN_POINT('',(41.410144119755,47.375587228283,26.));
#6500 = CARTESIAN_POINT('',(41.563022533641,47.337367624811,26.));
#6501 = CARTESIAN_POINT('',(41.512063062346,47.184489210924,26.));
#6502 = VECTOR('',#6503,1.);
#6503 = DIRECTION('',(-0.,-0.,-1.));
#6504 = ADVANCED_FACE('',(#6505),#6522,.F.);
#6505 = FACE_BOUND('',#6506,.F.);
#6506 = EDGE_LOOP('',(#6507,#6514,#6520,#6521));
#6507 = ORIENTED_EDGE('',*,*,#6508,.F.);
#6508 = EDGE_CURVE('',#6509,#6483,#6511,.T.);
#6509 = VERTEX_POINT('',#6510);
#6510 = CARTESIAN_POINT('',(40.059718130424,47.643124452584,26.));
#6511 = B_SPLINE_CURVE_WITH_KNOTS('',1,(#6512,#6513),.UNSPECIFIED.,.F.,
  .F.,(2,2),(0.,10.806016842482),.PIECEWISE_BEZIER_KNOTS.);
#6512 = CARTESIAN_POINT('',(40.059718130424,47.643124452584,26.));
#6513 = CARTESIAN_POINT('',(41.410144119755,47.375587228283,26.));
#6514 = ORIENTED_EDGE('',*,*,#6515,.T.);
#6515 = EDGE_CURVE('',#6509,#2473,#6516,.T.);
#6516 = LINE('',#6517,#6518);
#6517 = CARTESIAN_POINT('',(40.059718130424,47.643124452584,26.));
#6518 = VECTOR('',#6519,1.);
#6519 = DIRECTION('',(0.,0.,1.));
#6520 = ORIENTED_EDGE('',*,*,#2487,.F.);
#6521 = ORIENTED_EDGE('',*,*,#6490,.F.);
#6522 = SURFACE_OF_LINEAR_EXTRUSION('',#6523,#6526);
#6523 = B_SPLINE_CURVE_WITH_KNOTS('',1,(#6524,#6525),.UNSPECIFIED.,.F.,
  .F.,(2,2),(0.,10.806016842482),.PIECEWISE_BEZIER_KNOTS.);
#6524 = CARTESIAN_POINT('',(40.059718130424,47.643124452584,26.));
#6525 = CARTESIAN_POINT('',(41.410144119755,47.375587228283,26.));
#6526 = VECTOR('',#6527,1.);
#6527 = DIRECTION('',(-0.,-0.,-1.));
#6528 = ADVANCED_FACE('',(#6529),#6547,.F.);
#6529 = FACE_BOUND('',#6530,.F.);
#6530 = EDGE_LOOP('',(#6531,#6539,#6545,#6546));
#6531 = ORIENTED_EDGE('',*,*,#6532,.F.);
#6532 = EDGE_CURVE('',#6533,#6509,#6535,.T.);
#6533 = VERTEX_POINT('',#6534);
#6534 = CARTESIAN_POINT('',(39.868620113066,47.541205509993,26.));
#6535 = B_SPLINE_CURVE_WITH_KNOTS('',2,(#6536,#6537,#6538),
  .UNSPECIFIED.,.F.,.F.,(3,3),(0.,1.),.PIECEWISE_BEZIER_KNOTS.);
#6536 = CARTESIAN_POINT('',(39.868620113066,47.541205509993,26.));
#6537 = CARTESIAN_POINT('',(39.932319452186,47.668604188232,26.));
#6538 = CARTESIAN_POINT('',(40.059718130424,47.643124452584,26.));
#6539 = ORIENTED_EDGE('',*,*,#6540,.T.);
#6540 = EDGE_CURVE('',#6533,#2450,#6541,.T.);
#6541 = LINE('',#6542,#6543);
#6542 = CARTESIAN_POINT('',(39.868620113066,47.541205509993,26.));
#6543 = VECTOR('',#6544,1.);
#6544 = DIRECTION('',(0.,0.,1.));
#6545 = ORIENTED_EDGE('',*,*,#2472,.F.);
#6546 = ORIENTED_EDGE('',*,*,#6515,.F.);
#6547 = SURFACE_OF_LINEAR_EXTRUSION('',#6548,#6552);
#6548 = B_SPLINE_CURVE_WITH_KNOTS('',2,(#6549,#6550,#6551),
  .UNSPECIFIED.,.F.,.F.,(3,3),(0.,1.),.PIECEWISE_BEZIER_KNOTS.);
#6549 = CARTESIAN_POINT('',(39.868620113066,47.541205509993,26.));
#6550 = CARTESIAN_POINT('',(39.932319452186,47.668604188232,26.));
#6551 = CARTESIAN_POINT('',(40.059718130424,47.643124452584,26.));
#6552 = VECTOR('',#6553,1.);
#6553 = DIRECTION('',(-0.,-0.,-1.));
#6554 = ADVANCED_FACE('',(#6555),#6573,.F.);
#6555 = FACE_BOUND('',#6556,.F.);
#6556 = EDGE_LOOP('',(#6557,#6565,#6571,#6572));
#6557 = ORIENTED_EDGE('',*,*,#6558,.F.);
#6558 = EDGE_CURVE('',#6559,#6533,#6561,.T.);
#6559 = VERTEX_POINT('',#6560);
#6560 = CARTESIAN_POINT('',(39.002309101043,46.967911457919,26.));
#6561 = B_SPLINE_CURVE_WITH_KNOTS('',2,(#6562,#6563,#6564),
  .UNSPECIFIED.,.F.,.F.,(3,3),(0.,1.),.PIECEWISE_BEZIER_KNOTS.);
#6562 = CARTESIAN_POINT('',(39.002309101043,46.967911457919,26.));
#6563 = CARTESIAN_POINT('',(39.626562624413,46.980651325742,26.));
#6564 = CARTESIAN_POINT('',(39.868620113066,47.541205509993,26.));
#6565 = ORIENTED_EDGE('',*,*,#6566,.T.);
#6566 = EDGE_CURVE('',#6559,#2435,#6567,.T.);
#6567 = LINE('',#6568,#6569);
#6568 = CARTESIAN_POINT('',(39.002309101043,46.967911457919,26.));
#6569 = VECTOR('',#6570,1.);
#6570 = DIRECTION('',(0.,0.,1.));
#6571 = ORIENTED_EDGE('',*,*,#2449,.F.);
#6572 = ORIENTED_EDGE('',*,*,#6540,.F.);
#6573 = SURFACE_OF_LINEAR_EXTRUSION('',#6574,#6578);
#6574 = B_SPLINE_CURVE_WITH_KNOTS('',2,(#6575,#6576,#6577),
  .UNSPECIFIED.,.F.,.F.,(3,3),(0.,1.),.PIECEWISE_BEZIER_KNOTS.);
#6575 = CARTESIAN_POINT('',(39.002309101043,46.967911457919,26.));
#6576 = CARTESIAN_POINT('',(39.626562624413,46.980651325742,26.));
#6577 = CARTESIAN_POINT('',(39.868620113066,47.541205509993,26.));
#6578 = VECTOR('',#6579,1.);
#6579 = DIRECTION('',(-0.,-0.,-1.));
#6580 = ADVANCED_FACE('',(#6581),#6599,.F.);
#6581 = FACE_BOUND('',#6582,.F.);
#6582 = EDGE_LOOP('',(#6583,#6591,#6597,#6598));
#6583 = ORIENTED_EDGE('',*,*,#6584,.F.);
#6584 = EDGE_CURVE('',#6585,#6559,#6587,.T.);
#6585 = VERTEX_POINT('',#6586);
#6586 = CARTESIAN_POINT('',(38.384425511585,47.171749343101,26.));
#6587 = B_SPLINE_CURVE_WITH_KNOTS('',2,(#6588,#6589,#6590),
  .UNSPECIFIED.,.F.,.F.,(3,3),(0.,1.),.PIECEWISE_BEZIER_KNOTS.);
#6588 = CARTESIAN_POINT('',(38.384425511585,47.171749343101,26.));
#6589 = CARTESIAN_POINT('',(38.632852934151,46.967911457919,26.));
#6590 = CARTESIAN_POINT('',(39.002309101043,46.967911457919,26.));
#6591 = ORIENTED_EDGE('',*,*,#6592,.T.);
#6592 = EDGE_CURVE('',#6585,#2420,#6593,.T.);
#6593 = LINE('',#6594,#6595);
#6594 = CARTESIAN_POINT('',(38.384425511585,47.171749343101,26.));
#6595 = VECTOR('',#6596,1.);
#6596 = DIRECTION('',(0.,0.,1.));
#6597 = ORIENTED_EDGE('',*,*,#2434,.F.);
#6598 = ORIENTED_EDGE('',*,*,#6566,.F.);
#6599 = SURFACE_OF_LINEAR_EXTRUSION('',#6600,#6604);
#6600 = B_SPLINE_CURVE_WITH_KNOTS('',2,(#6601,#6602,#6603),
  .UNSPECIFIED.,.F.,.F.,(3,3),(0.,1.),.PIECEWISE_BEZIER_KNOTS.);
#6601 = CARTESIAN_POINT('',(38.384425511585,47.171749343101,26.));
#6602 = CARTESIAN_POINT('',(38.632852934151,46.967911457919,26.));
#6603 = CARTESIAN_POINT('',(39.002309101043,46.967911457919,26.));
#6604 = VECTOR('',#6605,1.);
#6605 = DIRECTION('',(-0.,-0.,-1.));
#6606 = ADVANCED_FACE('',(#6607),#6625,.F.);
#6607 = FACE_BOUND('',#6608,.F.);
#6608 = EDGE_LOOP('',(#6609,#6617,#6623,#6624));
#6609 = ORIENTED_EDGE('',*,*,#6610,.F.);
#6610 = EDGE_CURVE('',#6611,#6585,#6613,.T.);
#6611 = VERTEX_POINT('',#6612);
#6612 = CARTESIAN_POINT('',(38.0722987499,47.732303527351,26.));
#6613 = B_SPLINE_CURVE_WITH_KNOTS('',2,(#6614,#6615,#6616),
  .UNSPECIFIED.,.F.,.F.,(3,3),(0.,1.),.PIECEWISE_BEZIER_KNOTS.);
#6614 = CARTESIAN_POINT('',(38.0722987499,47.732303527351,26.));
#6615 = CARTESIAN_POINT('',(38.13599808902,47.375587228283,26.));
#6616 = CARTESIAN_POINT('',(38.384425511585,47.171749343101,26.));
#6617 = ORIENTED_EDGE('',*,*,#6618,.T.);
#6618 = EDGE_CURVE('',#6611,#2408,#6619,.T.);
#6619 = LINE('',#6620,#6621);
#6620 = CARTESIAN_POINT('',(38.0722987499,47.732303527351,26.));
#6621 = VECTOR('',#6622,1.);
#6622 = DIRECTION('',(0.,0.,1.));
#6623 = ORIENTED_EDGE('',*,*,#2419,.F.);
#6624 = ORIENTED_EDGE('',*,*,#6592,.F.);
#6625 = SURFACE_OF_LINEAR_EXTRUSION('',#6626,#6630);
#6626 = B_SPLINE_CURVE_WITH_KNOTS('',2,(#6627,#6628,#6629),
  .UNSPECIFIED.,.F.,.F.,(3,3),(0.,1.),.PIECEWISE_BEZIER_KNOTS.);
#6627 = CARTESIAN_POINT('',(38.0722987499,47.732303527351,26.));
#6628 = CARTESIAN_POINT('',(38.13599808902,47.375587228283,26.));
#6629 = CARTESIAN_POINT('',(38.384425511585,47.171749343101,26.));
#6630 = VECTOR('',#6631,1.);
#6631 = DIRECTION('',(-0.,-0.,-1.));
#6632 = ADVANCED_FACE('',(#6633),#6651,.F.);
#6633 = FACE_BOUND('',#6634,.F.);
#6634 = EDGE_LOOP('',(#6635,#6643,#6649,#6650));
#6635 = ORIENTED_EDGE('',*,*,#6636,.F.);
#6636 = EDGE_CURVE('',#6637,#6611,#6639,.T.);
#6637 = VERTEX_POINT('',#6638);
#6638 = CARTESIAN_POINT('',(38.021339278605,48.165459033363,26.));
#6639 = B_SPLINE_CURVE_WITH_KNOTS('',2,(#6640,#6641,#6642),
  .UNSPECIFIED.,.F.,.F.,(3,3),(0.,1.),.PIECEWISE_BEZIER_KNOTS.);
#6640 = CARTESIAN_POINT('',(38.021339278605,48.165459033363,26.));
#6641 = CARTESIAN_POINT('',(38.046819014253,47.872442073413,26.));
#6642 = CARTESIAN_POINT('',(38.0722987499,47.732303527351,26.));
#6643 = ORIENTED_EDGE('',*,*,#6644,.T.);
#6644 = EDGE_CURVE('',#6637,#2395,#6645,.T.);
#6645 = LINE('',#6646,#6647);
#6646 = CARTESIAN_POINT('',(38.021339278605,48.165459033363,26.));
#6647 = VECTOR('',#6648,1.);
#6648 = DIRECTION('',(0.,0.,1.));
#6649 = ORIENTED_EDGE('',*,*,#2407,.F.);
#6650 = ORIENTED_EDGE('',*,*,#6618,.F.);
#6651 = SURFACE_OF_LINEAR_EXTRUSION('',#6652,#6656);
#6652 = B_SPLINE_CURVE_WITH_KNOTS('',2,(#6653,#6654,#6655),
  .UNSPECIFIED.,.F.,.F.,(3,3),(0.,1.),.PIECEWISE_BEZIER_KNOTS.);
#6653 = CARTESIAN_POINT('',(38.021339278605,48.165459033363,26.));
#6654 = CARTESIAN_POINT('',(38.046819014253,47.872442073413,26.));
#6655 = CARTESIAN_POINT('',(38.0722987499,47.732303527351,26.));
#6656 = VECTOR('',#6657,1.);
#6657 = DIRECTION('',(-0.,-0.,-1.));
#6658 = ADVANCED_FACE('',(#6659),#6677,.F.);
#6659 = FACE_BOUND('',#6660,.F.);
#6660 = EDGE_LOOP('',(#6661,#6669,#6675,#6676));
#6661 = ORIENTED_EDGE('',*,*,#6662,.F.);
#6662 = EDGE_CURVE('',#6663,#6637,#6665,.T.);
#6663 = VERTEX_POINT('',#6664);
#6664 = CARTESIAN_POINT('',(38.085038617724,48.229158372482,26.));
#6665 = B_SPLINE_CURVE_WITH_KNOTS('',2,(#6666,#6667,#6668),
  .UNSPECIFIED.,.F.,.F.,(3,3),(0.,1.),.PIECEWISE_BEZIER_KNOTS.);
#6666 = CARTESIAN_POINT('',(38.085038617724,48.229158372482,26.));
#6667 = CARTESIAN_POINT('',(38.021339278605,48.229158372482,26.));
#6668 = CARTESIAN_POINT('',(38.021339278605,48.165459033363,26.));
#6669 = ORIENTED_EDGE('',*,*,#6670,.T.);
#6670 = EDGE_CURVE('',#6663,#2385,#6671,.T.);
#6671 = LINE('',#6672,#6673);
#6672 = CARTESIAN_POINT('',(38.085038617724,48.229158372482,26.));
#6673 = VECTOR('',#6674,1.);
#6674 = DIRECTION('',(0.,0.,1.));
#6675 = ORIENTED_EDGE('',*,*,#2394,.F.);
#6676 = ORIENTED_EDGE('',*,*,#6644,.F.);
#6677 = SURFACE_OF_LINEAR_EXTRUSION('',#6678,#6682);
#6678 = B_SPLINE_CURVE_WITH_KNOTS('',2,(#6679,#6680,#6681),
  .UNSPECIFIED.,.F.,.F.,(3,3),(0.,1.),.PIECEWISE_BEZIER_KNOTS.);
#6679 = CARTESIAN_POINT('',(38.085038617724,48.229158372482,26.));
#6680 = CARTESIAN_POINT('',(38.021339278605,48.229158372482,26.));
#6681 = CARTESIAN_POINT('',(38.021339278605,48.165459033363,26.));
#6682 = VECTOR('',#6683,1.);
#6683 = DIRECTION('',(-0.,-0.,-1.));
#6684 = ADVANCED_FACE('',(#6685),#6702,.F.);
#6685 = FACE_BOUND('',#6686,.F.);
#6686 = EDGE_LOOP('',(#6687,#6694,#6700,#6701));
#6687 = ORIENTED_EDGE('',*,*,#6688,.F.);
#6688 = EDGE_CURVE('',#6689,#6663,#6691,.T.);
#6689 = VERTEX_POINT('',#6690);
#6690 = CARTESIAN_POINT('',(41.46110359105,48.229158372482,26.));
#6691 = B_SPLINE_CURVE_WITH_KNOTS('',1,(#6692,#6693),.UNSPECIFIED.,.F.,
  .F.,(2,2),(0.,26.5),.PIECEWISE_BEZIER_KNOTS.);
#6692 = CARTESIAN_POINT('',(41.46110359105,48.229158372482,26.));
#6693 = CARTESIAN_POINT('',(38.085038617724,48.229158372482,26.));
#6694 = ORIENTED_EDGE('',*,*,#6695,.T.);
#6695 = EDGE_CURVE('',#6689,#2370,#6696,.T.);
#6696 = LINE('',#6697,#6698);
#6697 = CARTESIAN_POINT('',(41.46110359105,48.229158372482,26.));
#6698 = VECTOR('',#6699,1.);
#6699 = DIRECTION('',(0.,0.,1.));
#6700 = ORIENTED_EDGE('',*,*,#2384,.F.);
#6701 = ORIENTED_EDGE('',*,*,#6670,.F.);
#6702 = SURFACE_OF_LINEAR_EXTRUSION('',#6703,#6706);
#6703 = B_SPLINE_CURVE_WITH_KNOTS('',1,(#6704,#6705),.UNSPECIFIED.,.F.,
  .F.,(2,2),(0.,26.5),.PIECEWISE_BEZIER_KNOTS.);
#6704 = CARTESIAN_POINT('',(41.46110359105,48.229158372482,26.));
#6705 = CARTESIAN_POINT('',(38.085038617724,48.229158372482,26.));
#6706 = VECTOR('',#6707,1.);
#6707 = DIRECTION('',(-0.,-0.,-1.));
#6708 = ADVANCED_FACE('',(#6709),#6720,.F.);
#6709 = FACE_BOUND('',#6710,.F.);
#6710 = EDGE_LOOP('',(#6711,#6717,#6718,#6719));
#6711 = ORIENTED_EDGE('',*,*,#6712,.F.);
#6712 = EDGE_CURVE('',#6168,#6689,#6713,.T.);
#6713 = B_SPLINE_CURVE_WITH_KNOTS('',2,(#6714,#6715,#6716),
  .UNSPECIFIED.,.F.,.F.,(3,3),(0.,1.),.PIECEWISE_BEZIER_KNOTS.);
#6714 = CARTESIAN_POINT('',(41.613982004937,48.382036786368,26.));
#6715 = CARTESIAN_POINT('',(41.613982004937,48.229158372482,26.));
#6716 = CARTESIAN_POINT('',(41.46110359105,48.229158372482,26.));
#6717 = ORIENTED_EDGE('',*,*,#6181,.T.);
#6718 = ORIENTED_EDGE('',*,*,#2369,.F.);
#6719 = ORIENTED_EDGE('',*,*,#6695,.F.);
#6720 = SURFACE_OF_LINEAR_EXTRUSION('',#6721,#6725);
#6721 = B_SPLINE_CURVE_WITH_KNOTS('',2,(#6722,#6723,#6724),
  .UNSPECIFIED.,.F.,.F.,(3,3),(0.,1.),.PIECEWISE_BEZIER_KNOTS.);
#6722 = CARTESIAN_POINT('',(41.613982004937,48.382036786368,26.));
#6723 = CARTESIAN_POINT('',(41.613982004937,48.229158372482,26.));
#6724 = CARTESIAN_POINT('',(41.46110359105,48.229158372482,26.));
#6725 = VECTOR('',#6726,1.);
#6726 = DIRECTION('',(-0.,-0.,-1.));
#6727 = ADVANCED_FACE('',(#6728),#6752,.F.);
#6728 = FACE_BOUND('',#6729,.F.);
#6729 = EDGE_LOOP('',(#6730,#6739,#6745,#6746));
#6730 = ORIENTED_EDGE('',*,*,#6731,.F.);
#6731 = EDGE_CURVE('',#6732,#6734,#6736,.T.);
#6732 = VERTEX_POINT('',#6733);
#6733 = CARTESIAN_POINT('',(43.792499402819,45.668444939884,26.));
#6734 = VERTEX_POINT('',#6735);
#6735 = CARTESIAN_POINT('',(42.008917907477,51.936459909228,26.));
#6736 = B_SPLINE_CURVE_WITH_KNOTS('',1,(#6737,#6738),.UNSPECIFIED.,.F.,
  .F.,(2,2),(0.,51.15310352266),.PIECEWISE_BEZIER_KNOTS.);
#6737 = CARTESIAN_POINT('',(43.792499402819,45.668444939884,26.));
#6738 = CARTESIAN_POINT('',(42.008917907477,51.936459909228,26.));
#6739 = ORIENTED_EDGE('',*,*,#6740,.T.);
#6740 = EDGE_CURVE('',#6732,#2731,#6741,.T.);
#6741 = LINE('',#6742,#6743);
#6742 = CARTESIAN_POINT('',(43.792499402819,45.668444939884,26.));
#6743 = VECTOR('',#6744,1.);
#6744 = DIRECTION('',(0.,0.,1.));
#6745 = ORIENTED_EDGE('',*,*,#2728,.F.);
#6746 = ORIENTED_EDGE('',*,*,#6747,.F.);
#6747 = EDGE_CURVE('',#6734,#2729,#6748,.T.);
#6748 = LINE('',#6749,#6750);
#6749 = CARTESIAN_POINT('',(42.008917907477,51.936459909228,26.));
#6750 = VECTOR('',#6751,1.);
#6751 = DIRECTION('',(0.,0.,1.));
#6752 = SURFACE_OF_LINEAR_EXTRUSION('',#6753,#6756);
#6753 = B_SPLINE_CURVE_WITH_KNOTS('',1,(#6754,#6755),.UNSPECIFIED.,.F.,
  .F.,(2,2),(0.,51.15310352266),.PIECEWISE_BEZIER_KNOTS.);
#6754 = CARTESIAN_POINT('',(43.792499402819,45.668444939884,26.));
#6755 = CARTESIAN_POINT('',(42.008917907477,51.936459909228,26.));
#6756 = VECTOR('',#6757,1.);
#6757 = DIRECTION('',(-0.,-0.,-1.));
#6758 = ADVANCED_FACE('',(#6759),#6777,.F.);
#6759 = FACE_BOUND('',#6760,.F.);
#6760 = EDGE_LOOP('',(#6761,#6769,#6775,#6776));
#6761 = ORIENTED_EDGE('',*,*,#6762,.F.);
#6762 = EDGE_CURVE('',#6763,#6732,#6765,.T.);
#6763 = VERTEX_POINT('',#6764);
#6764 = CARTESIAN_POINT('',(43.970857552353,45.541046261645,26.));
#6765 = B_SPLINE_CURVE_WITH_KNOTS('',2,(#6766,#6767,#6768),
  .UNSPECIFIED.,.F.,.F.,(3,3),(0.,1.),.PIECEWISE_BEZIER_KNOTS.);
#6766 = CARTESIAN_POINT('',(43.970857552353,45.541046261645,26.));
#6767 = CARTESIAN_POINT('',(43.83071900629,45.541046261645,26.));
#6768 = CARTESIAN_POINT('',(43.792499402819,45.668444939884,26.));
#6769 = ORIENTED_EDGE('',*,*,#6770,.T.);
#6770 = EDGE_CURVE('',#6763,#2899,#6771,.T.);
#6771 = LINE('',#6772,#6773);
#6772 = CARTESIAN_POINT('',(43.970857552353,45.541046261645,26.));
#6773 = VECTOR('',#6774,1.);
#6774 = DIRECTION('',(0.,0.,1.));
#6775 = ORIENTED_EDGE('',*,*,#2908,.F.);
#6776 = ORIENTED_EDGE('',*,*,#6740,.F.);
#6777 = SURFACE_OF_LINEAR_EXTRUSION('',#6778,#6782);
#6778 = B_SPLINE_CURVE_WITH_KNOTS('',2,(#6779,#6780,#6781),
  .UNSPECIFIED.,.F.,.F.,(3,3),(0.,1.),.PIECEWISE_BEZIER_KNOTS.);
#6779 = CARTESIAN_POINT('',(43.970857552353,45.541046261645,26.));
#6780 = CARTESIAN_POINT('',(43.83071900629,45.541046261645,26.));
#6781 = CARTESIAN_POINT('',(43.792499402819,45.668444939884,26.));
#6782 = VECTOR('',#6783,1.);
#6783 = DIRECTION('',(-0.,-0.,-1.));
#6784 = ADVANCED_FACE('',(#6785),#6802,.F.);
#6785 = FACE_BOUND('',#6786,.F.);
#6786 = EDGE_LOOP('',(#6787,#6794,#6800,#6801));
#6787 = ORIENTED_EDGE('',*,*,#6788,.F.);
#6788 = EDGE_CURVE('',#6789,#6763,#6791,.T.);
#6789 = VERTEX_POINT('',#6790);
#6790 = CARTESIAN_POINT('',(45.63978023728,45.541046261645,26.));
#6791 = B_SPLINE_CURVE_WITH_KNOTS('',1,(#6792,#6793),.UNSPECIFIED.,.F.,
  .F.,(2,2),(0.,13.1),.PIECEWISE_BEZIER_KNOTS.);
#6792 = CARTESIAN_POINT('',(45.63978023728,45.541046261645,26.));
#6793 = CARTESIAN_POINT('',(43.970857552353,45.541046261645,26.));
#6794 = ORIENTED_EDGE('',*,*,#6795,.T.);
#6795 = EDGE_CURVE('',#6789,#2884,#6796,.T.);
#6796 = LINE('',#6797,#6798);
#6797 = CARTESIAN_POINT('',(45.63978023728,45.541046261645,26.));
#6798 = VECTOR('',#6799,1.);
#6799 = DIRECTION('',(0.,0.,1.));
#6800 = ORIENTED_EDGE('',*,*,#2898,.F.);
#6801 = ORIENTED_EDGE('',*,*,#6770,.F.);
#6802 = SURFACE_OF_LINEAR_EXTRUSION('',#6803,#6806);
#6803 = B_SPLINE_CURVE_WITH_KNOTS('',1,(#6804,#6805),.UNSPECIFIED.,.F.,
  .F.,(2,2),(0.,13.1),.PIECEWISE_BEZIER_KNOTS.);
#6804 = CARTESIAN_POINT('',(45.63978023728,45.541046261645,26.));
#6805 = CARTESIAN_POINT('',(43.970857552353,45.541046261645,26.));
#6806 = VECTOR('',#6807,1.);
#6807 = DIRECTION('',(-0.,-0.,-1.));
#6808 = ADVANCED_FACE('',(#6809),#6827,.F.);
#6809 = FACE_BOUND('',#6810,.F.);
#6810 = EDGE_LOOP('',(#6811,#6819,#6825,#6826));
#6811 = ORIENTED_EDGE('',*,*,#6812,.F.);
#6812 = EDGE_CURVE('',#6813,#6789,#6815,.T.);
#6813 = VERTEX_POINT('',#6814);
#6814 = CARTESIAN_POINT('',(45.818138386814,45.668444939884,26.));
#6815 = B_SPLINE_CURVE_WITH_KNOTS('',2,(#6816,#6817,#6818),
  .UNSPECIFIED.,.F.,.F.,(3,3),(0.,1.),.PIECEWISE_BEZIER_KNOTS.);
#6816 = CARTESIAN_POINT('',(45.818138386814,45.668444939884,26.));
#6817 = CARTESIAN_POINT('',(45.779918783343,45.541046261645,26.));
#6818 = CARTESIAN_POINT('',(45.63978023728,45.541046261645,26.));
#6819 = ORIENTED_EDGE('',*,*,#6820,.T.);
#6820 = EDGE_CURVE('',#6813,#2874,#6821,.T.);
#6821 = LINE('',#6822,#6823);
#6822 = CARTESIAN_POINT('',(45.818138386814,45.668444939884,26.));
#6823 = VECTOR('',#6824,1.);
#6824 = DIRECTION('',(0.,0.,1.));
#6825 = ORIENTED_EDGE('',*,*,#2883,.F.);
#6826 = ORIENTED_EDGE('',*,*,#6795,.F.);
#6827 = SURFACE_OF_LINEAR_EXTRUSION('',#6828,#6832);
#6828 = B_SPLINE_CURVE_WITH_KNOTS('',2,(#6829,#6830,#6831),
  .UNSPECIFIED.,.F.,.F.,(3,3),(0.,1.),.PIECEWISE_BEZIER_KNOTS.);
#6829 = CARTESIAN_POINT('',(45.818138386814,45.668444939884,26.));
#6830 = CARTESIAN_POINT('',(45.779918783343,45.541046261645,26.));
#6831 = CARTESIAN_POINT('',(45.63978023728,45.541046261645,26.));
#6832 = VECTOR('',#6833,1.);
#6833 = DIRECTION('',(-0.,-0.,-1.));
#6834 = ADVANCED_FACE('',(#6835),#6852,.F.);
#6835 = FACE_BOUND('',#6836,.F.);
#6836 = EDGE_LOOP('',(#6837,#6844,#6850,#6851));
#6837 = ORIENTED_EDGE('',*,*,#6838,.F.);
#6838 = EDGE_CURVE('',#6839,#6813,#6841,.T.);
#6839 = VERTEX_POINT('',#6840);
#6840 = CARTESIAN_POINT('',(47.576240146508,51.910980173581,26.));
#6841 = B_SPLINE_CURVE_WITH_KNOTS('',1,(#6842,#6843),.UNSPECIFIED.,.F.,
  .F.,(2,2),(0.,50.906188228937),.PIECEWISE_BEZIER_KNOTS.);
#6842 = CARTESIAN_POINT('',(47.576240146508,51.910980173581,26.));
#6843 = CARTESIAN_POINT('',(45.818138386814,45.668444939884,26.));
#6844 = ORIENTED_EDGE('',*,*,#6845,.T.);
#6845 = EDGE_CURVE('',#6839,#2859,#6846,.T.);
#6846 = LINE('',#6847,#6848);
#6847 = CARTESIAN_POINT('',(47.576240146508,51.910980173581,26.));
#6848 = VECTOR('',#6849,1.);
#6849 = DIRECTION('',(0.,0.,1.));
#6850 = ORIENTED_EDGE('',*,*,#2873,.F.);
#6851 = ORIENTED_EDGE('',*,*,#6820,.F.);
#6852 = SURFACE_OF_LINEAR_EXTRUSION('',#6853,#6856);
#6853 = B_SPLINE_CURVE_WITH_KNOTS('',1,(#6854,#6855),.UNSPECIFIED.,.F.,
  .F.,(2,2),(0.,50.906188228937),.PIECEWISE_BEZIER_KNOTS.);
#6854 = CARTESIAN_POINT('',(47.576240146508,51.910980173581,26.));
#6855 = CARTESIAN_POINT('',(45.818138386814,45.668444939884,26.));
#6856 = VECTOR('',#6857,1.);
#6857 = DIRECTION('',(-0.,-0.,-1.));
#6858 = ADVANCED_FACE('',(#6859),#6877,.F.);
#6859 = FACE_BOUND('',#6860,.F.);
#6860 = EDGE_LOOP('',(#6861,#6869,#6875,#6876));
#6861 = ORIENTED_EDGE('',*,*,#6862,.F.);
#6862 = EDGE_CURVE('',#6863,#6839,#6865,.T.);
#6863 = VERTEX_POINT('',#6864);
#6864 = CARTESIAN_POINT('',(47.44884146827,52.076598455291,26.));
#6865 = B_SPLINE_CURVE_WITH_KNOTS('',2,(#6866,#6867,#6868),
  .UNSPECIFIED.,.F.,.F.,(3,3),(0.,1.),.PIECEWISE_BEZIER_KNOTS.);
#6866 = CARTESIAN_POINT('',(47.44884146827,52.076598455291,26.));
#6867 = CARTESIAN_POINT('',(47.61445974998,52.076598455291,26.));
#6868 = CARTESIAN_POINT('',(47.576240146508,51.910980173581,26.));
#6869 = ORIENTED_EDGE('',*,*,#6870,.T.);
#6870 = EDGE_CURVE('',#6863,#2849,#6871,.T.);
#6871 = LINE('',#6872,#6873);
#6872 = CARTESIAN_POINT('',(47.44884146827,52.076598455291,26.));
#6873 = VECTOR('',#6874,1.);
#6874 = DIRECTION('',(0.,0.,1.));
#6875 = ORIENTED_EDGE('',*,*,#2858,.F.);
#6876 = ORIENTED_EDGE('',*,*,#6845,.F.);
#6877 = SURFACE_OF_LINEAR_EXTRUSION('',#6878,#6882);
#6878 = B_SPLINE_CURVE_WITH_KNOTS('',2,(#6879,#6880,#6881),
  .UNSPECIFIED.,.F.,.F.,(3,3),(0.,1.),.PIECEWISE_BEZIER_KNOTS.);
#6879 = CARTESIAN_POINT('',(47.44884146827,52.076598455291,26.));
#6880 = CARTESIAN_POINT('',(47.61445974998,52.076598455291,26.));
#6881 = CARTESIAN_POINT('',(47.576240146508,51.910980173581,26.));
#6882 = VECTOR('',#6883,1.);
#6883 = DIRECTION('',(-0.,-0.,-1.));
#6884 = ADVANCED_FACE('',(#6885),#6902,.F.);
#6885 = FACE_BOUND('',#6886,.F.);
#6886 = EDGE_LOOP('',(#6887,#6894,#6900,#6901));
#6887 = ORIENTED_EDGE('',*,*,#6888,.F.);
#6888 = EDGE_CURVE('',#6889,#6863,#6891,.T.);
#6889 = VERTEX_POINT('',#6890);
#6890 = CARTESIAN_POINT('',(45.818138386814,52.102078190939,26.));
#6891 = B_SPLINE_CURVE_WITH_KNOTS('',1,(#6892,#6893),.UNSPECIFIED.,.F.,
  .F.,(2,2),(0.,12.801562404644),.PIECEWISE_BEZIER_KNOTS.);
#6892 = CARTESIAN_POINT('',(45.818138386814,52.102078190939,26.));
#6893 = CARTESIAN_POINT('',(47.44884146827,52.076598455291,26.));
#6894 = ORIENTED_EDGE('',*,*,#6895,.T.);
#6895 = EDGE_CURVE('',#6889,#2834,#6896,.T.);
#6896 = LINE('',#6897,#6898);
#6897 = CARTESIAN_POINT('',(45.818138386814,52.102078190939,26.));
#6898 = VECTOR('',#6899,1.);
#6899 = DIRECTION('',(0.,0.,1.));
#6900 = ORIENTED_EDGE('',*,*,#2848,.F.);
#6901 = ORIENTED_EDGE('',*,*,#6870,.F.);
#6902 = SURFACE_OF_LINEAR_EXTRUSION('',#6903,#6906);
#6903 = B_SPLINE_CURVE_WITH_KNOTS('',1,(#6904,#6905),.UNSPECIFIED.,.F.,
  .F.,(2,2),(0.,12.801562404644),.PIECEWISE_BEZIER_KNOTS.);
#6904 = CARTESIAN_POINT('',(45.818138386814,52.102078190939,26.));
#6905 = CARTESIAN_POINT('',(47.44884146827,52.076598455291,26.));
#6906 = VECTOR('',#6907,1.);
#6907 = DIRECTION('',(-0.,-0.,-1.));
#6908 = ADVANCED_FACE('',(#6909),#6927,.F.);
#6909 = FACE_BOUND('',#6910,.F.);
#6910 = EDGE_LOOP('',(#6911,#6919,#6925,#6926));
#6911 = ORIENTED_EDGE('',*,*,#6912,.F.);
#6912 = EDGE_CURVE('',#6913,#6889,#6915,.T.);
#6913 = VERTEX_POINT('',#6914);
#6914 = CARTESIAN_POINT('',(45.652520105104,51.961939644876,26.));
#6915 = B_SPLINE_CURVE_WITH_KNOTS('',2,(#6916,#6917,#6918),
  .UNSPECIFIED.,.F.,.F.,(3,3),(0.,1.),.PIECEWISE_BEZIER_KNOTS.);
#6916 = CARTESIAN_POINT('',(45.652520105104,51.961939644876,26.));
#6917 = CARTESIAN_POINT('',(45.677999840752,52.102078190939,26.));
#6918 = CARTESIAN_POINT('',(45.818138386814,52.102078190939,26.));
#6919 = ORIENTED_EDGE('',*,*,#6920,.T.);
#6920 = EDGE_CURVE('',#6913,#2824,#6921,.T.);
#6921 = LINE('',#6922,#6923);
#6922 = CARTESIAN_POINT('',(45.652520105104,51.961939644876,26.));
#6923 = VECTOR('',#6924,1.);
#6924 = DIRECTION('',(0.,0.,1.));
#6925 = ORIENTED_EDGE('',*,*,#2833,.F.);
#6926 = ORIENTED_EDGE('',*,*,#6895,.F.);
#6927 = SURFACE_OF_LINEAR_EXTRUSION('',#6928,#6932);
#6928 = B_SPLINE_CURVE_WITH_KNOTS('',2,(#6929,#6930,#6931),
  .UNSPECIFIED.,.F.,.F.,(3,3),(0.,1.),.PIECEWISE_BEZIER_KNOTS.);
#6929 = CARTESIAN_POINT('',(45.652520105104,51.961939644876,26.));
#6930 = CARTESIAN_POINT('',(45.677999840752,52.102078190939,26.));
#6931 = CARTESIAN_POINT('',(45.818138386814,52.102078190939,26.));
#6932 = VECTOR('',#6933,1.);
#6933 = DIRECTION('',(-0.,-0.,-1.));
#6934 = ADVANCED_FACE('',(#6935),#6952,.F.);
#6935 = FACE_BOUND('',#6936,.F.);
#6936 = EDGE_LOOP('',(#6937,#6944,#6950,#6951));
#6937 = ORIENTED_EDGE('',*,*,#6938,.F.);
#6938 = EDGE_CURVE('',#6939,#6913,#6941,.T.);
#6939 = VERTEX_POINT('',#6940);
#6940 = CARTESIAN_POINT('',(44.837168564376,48.152719165539,26.));
#6941 = B_SPLINE_CURVE_WITH_KNOTS('',1,(#6942,#6943),.UNSPECIFIED.,.F.,
  .F.,(2,2),(0.,30.577279146451),.PIECEWISE_BEZIER_KNOTS.);
#6942 = CARTESIAN_POINT('',(44.837168564376,48.152719165539,26.));
#6943 = CARTESIAN_POINT('',(45.652520105104,51.961939644876,26.));
#6944 = ORIENTED_EDGE('',*,*,#6945,.T.);
#6945 = EDGE_CURVE('',#6939,#2814,#6946,.T.);
#6946 = LINE('',#6947,#6948);
#6947 = CARTESIAN_POINT('',(44.837168564376,48.152719165539,26.));
#6948 = VECTOR('',#6949,1.);
#6949 = DIRECTION('',(0.,0.,1.));
#6950 = ORIENTED_EDGE('',*,*,#2823,.F.);
#6951 = ORIENTED_EDGE('',*,*,#6920,.F.);
#6952 = SURFACE_OF_LINEAR_EXTRUSION('',#6953,#6956);
#6953 = B_SPLINE_CURVE_WITH_KNOTS('',1,(#6954,#6955),.UNSPECIFIED.,.F.,
  .F.,(2,2),(0.,30.577279146451),.PIECEWISE_BEZIER_KNOTS.);
#6954 = CARTESIAN_POINT('',(44.837168564376,48.152719165539,26.));
#6955 = CARTESIAN_POINT('',(45.652520105104,51.961939644876,26.));
#6956 = VECTOR('',#6957,1.);
#6957 = DIRECTION('',(-0.,-0.,-1.));
#6958 = ADVANCED_FACE('',(#6959),#6977,.F.);
#6959 = FACE_BOUND('',#6960,.F.);
#6960 = EDGE_LOOP('',(#6961,#6969,#6975,#6976));
#6961 = ORIENTED_EDGE('',*,*,#6962,.F.);
#6962 = EDGE_CURVE('',#6963,#6939,#6965,.T.);
#6963 = VERTEX_POINT('',#6964);
#6964 = CARTESIAN_POINT('',(44.798948960905,48.101759694243,26.));
#6965 = B_SPLINE_CURVE_WITH_KNOTS('',2,(#6966,#6967,#6968),
  .UNSPECIFIED.,.F.,.F.,(3,3),(0.,1.),.PIECEWISE_BEZIER_KNOTS.);
#6966 = CARTESIAN_POINT('',(44.798948960905,48.101759694243,26.));
#6967 = CARTESIAN_POINT('',(44.824428696552,48.101759694243,26.));
#6968 = CARTESIAN_POINT('',(44.837168564376,48.152719165539,26.));
#6969 = ORIENTED_EDGE('',*,*,#6970,.T.);
#6970 = EDGE_CURVE('',#6963,#2801,#6971,.T.);
#6971 = LINE('',#6972,#6973);
#6972 = CARTESIAN_POINT('',(44.798948960905,48.101759694243,26.));
#6973 = VECTOR('',#6974,1.);
#6974 = DIRECTION('',(0.,0.,1.));
#6975 = ORIENTED_EDGE('',*,*,#2813,.F.);
#6976 = ORIENTED_EDGE('',*,*,#6945,.F.);
#6977 = SURFACE_OF_LINEAR_EXTRUSION('',#6978,#6982);
#6978 = B_SPLINE_CURVE_WITH_KNOTS('',2,(#6979,#6980,#6981),
  .UNSPECIFIED.,.F.,.F.,(3,3),(0.,1.),.PIECEWISE_BEZIER_KNOTS.);
#6979 = CARTESIAN_POINT('',(44.798948960905,48.101759694243,26.));
#6980 = CARTESIAN_POINT('',(44.824428696552,48.101759694243,26.));
#6981 = CARTESIAN_POINT('',(44.837168564376,48.152719165539,26.));
#6982 = VECTOR('',#6983,1.);
#6983 = DIRECTION('',(-0.,-0.,-1.));
#6984 = ADVANCED_FACE('',(#6985),#7003,.F.);
#6985 = FACE_BOUND('',#6986,.F.);
#6986 = EDGE_LOOP('',(#6987,#6995,#7001,#7002));
#6987 = ORIENTED_EDGE('',*,*,#6988,.F.);
#6988 = EDGE_CURVE('',#6989,#6963,#6991,.T.);
#6989 = VERTEX_POINT('',#6990);
#6990 = CARTESIAN_POINT('',(44.760729357433,48.152719165539,26.));
#6991 = B_SPLINE_CURVE_WITH_KNOTS('',2,(#6992,#6993,#6994),
  .UNSPECIFIED.,.F.,.F.,(3,3),(0.,1.),.PIECEWISE_BEZIER_KNOTS.);
#6992 = CARTESIAN_POINT('',(44.760729357433,48.152719165539,26.));
#6993 = CARTESIAN_POINT('',(44.773469225257,48.101759694243,26.));
#6994 = CARTESIAN_POINT('',(44.798948960905,48.101759694243,26.));
#6995 = ORIENTED_EDGE('',*,*,#6996,.T.);
#6996 = EDGE_CURVE('',#6989,#2791,#6997,.T.);
#6997 = LINE('',#6998,#6999);
#6998 = CARTESIAN_POINT('',(44.760729357433,48.152719165539,26.));
#6999 = VECTOR('',#7000,1.);
#7000 = DIRECTION('',(0.,0.,1.));
#7001 = ORIENTED_EDGE('',*,*,#2800,.F.);
#7002 = ORIENTED_EDGE('',*,*,#6970,.F.);
#7003 = SURFACE_OF_LINEAR_EXTRUSION('',#7004,#7008);
#7004 = B_SPLINE_CURVE_WITH_KNOTS('',2,(#7005,#7006,#7007),
  .UNSPECIFIED.,.F.,.F.,(3,3),(0.,1.),.PIECEWISE_BEZIER_KNOTS.);
#7005 = CARTESIAN_POINT('',(44.760729357433,48.152719165539,26.));
#7006 = CARTESIAN_POINT('',(44.773469225257,48.101759694243,26.));
#7007 = CARTESIAN_POINT('',(44.798948960905,48.101759694243,26.));
#7008 = VECTOR('',#7009,1.);
#7009 = DIRECTION('',(-0.,-0.,-1.));
#7010 = ADVANCED_FACE('',(#7011),#7028,.F.);
#7011 = FACE_BOUND('',#7012,.F.);
#7012 = EDGE_LOOP('',(#7013,#7020,#7026,#7027));
#7013 = ORIENTED_EDGE('',*,*,#7014,.F.);
#7014 = EDGE_CURVE('',#7015,#6989,#7017,.T.);
#7015 = VERTEX_POINT('',#7016);
#7016 = CARTESIAN_POINT('',(43.932637948881,51.961939644876,26.));
#7017 = B_SPLINE_CURVE_WITH_KNOTS('',1,(#7018,#7019),.UNSPECIFIED.,.F.,
  .F.,(2,2),(0.,30.598365969444),.PIECEWISE_BEZIER_KNOTS.);
#7018 = CARTESIAN_POINT('',(43.932637948881,51.961939644876,26.));
#7019 = CARTESIAN_POINT('',(44.760729357433,48.152719165539,26.));
#7020 = ORIENTED_EDGE('',*,*,#7021,.T.);
#7021 = EDGE_CURVE('',#7015,#2776,#7022,.T.);
#7022 = LINE('',#7023,#7024);
#7023 = CARTESIAN_POINT('',(43.932637948881,51.961939644876,26.));
#7024 = VECTOR('',#7025,1.);
#7025 = DIRECTION('',(0.,0.,1.));
#7026 = ORIENTED_EDGE('',*,*,#2790,.F.);
#7027 = ORIENTED_EDGE('',*,*,#6996,.F.);
#7028 = SURFACE_OF_LINEAR_EXTRUSION('',#7029,#7032);
#7029 = B_SPLINE_CURVE_WITH_KNOTS('',1,(#7030,#7031),.UNSPECIFIED.,.F.,
  .F.,(2,2),(0.,30.598365969444),.PIECEWISE_BEZIER_KNOTS.);
#7030 = CARTESIAN_POINT('',(43.932637948881,51.961939644876,26.));
#7031 = CARTESIAN_POINT('',(44.760729357433,48.152719165539,26.));
#7032 = VECTOR('',#7033,1.);
#7033 = DIRECTION('',(-0.,-0.,-1.));
#7034 = ADVANCED_FACE('',(#7035),#7053,.F.);
#7035 = FACE_BOUND('',#7036,.F.);
#7036 = EDGE_LOOP('',(#7037,#7045,#7051,#7052));
#7037 = ORIENTED_EDGE('',*,*,#7038,.F.);
#7038 = EDGE_CURVE('',#7039,#7015,#7041,.T.);
#7039 = VERTEX_POINT('',#7040);
#7040 = CARTESIAN_POINT('',(43.767019667171,52.102078190939,26.));
#7041 = B_SPLINE_CURVE_WITH_KNOTS('',2,(#7042,#7043,#7044),
  .UNSPECIFIED.,.F.,.F.,(3,3),(0.,1.),.PIECEWISE_BEZIER_KNOTS.);
#7042 = CARTESIAN_POINT('',(43.767019667171,52.102078190939,26.));
#7043 = CARTESIAN_POINT('',(43.907158213234,52.102078190939,26.));
#7044 = CARTESIAN_POINT('',(43.932637948881,51.961939644876,26.));
#7045 = ORIENTED_EDGE('',*,*,#7046,.T.);
#7046 = EDGE_CURVE('',#7039,#2766,#7047,.T.);
#7047 = LINE('',#7048,#7049);
#7048 = CARTESIAN_POINT('',(43.767019667171,52.102078190939,26.));
#7049 = VECTOR('',#7050,1.);
#7050 = DIRECTION('',(0.,0.,1.));
#7051 = ORIENTED_EDGE('',*,*,#2775,.F.);
#7052 = ORIENTED_EDGE('',*,*,#7021,.F.);
#7053 = SURFACE_OF_LINEAR_EXTRUSION('',#7054,#7058);
#7054 = B_SPLINE_CURVE_WITH_KNOTS('',2,(#7055,#7056,#7057),
  .UNSPECIFIED.,.F.,.F.,(3,3),(0.,1.),.PIECEWISE_BEZIER_KNOTS.);
#7055 = CARTESIAN_POINT('',(43.767019667171,52.102078190939,26.));
#7056 = CARTESIAN_POINT('',(43.907158213234,52.102078190939,26.));
#7057 = CARTESIAN_POINT('',(43.932637948881,51.961939644876,26.));
#7058 = VECTOR('',#7059,1.);
#7059 = DIRECTION('',(-0.,-0.,-1.));
#7060 = ADVANCED_FACE('',(#7061),#7078,.F.);
#7061 = FACE_BOUND('',#7062,.F.);
#7062 = EDGE_LOOP('',(#7063,#7070,#7076,#7077));
#7063 = ORIENTED_EDGE('',*,*,#7064,.F.);
#7064 = EDGE_CURVE('',#7065,#7039,#7067,.T.);
#7065 = VERTEX_POINT('',#7066);
#7066 = CARTESIAN_POINT('',(42.136316585715,52.102078190939,26.));
#7067 = B_SPLINE_CURVE_WITH_KNOTS('',1,(#7068,#7069),.UNSPECIFIED.,.F.,
  .F.,(2,2),(0.,12.8),.PIECEWISE_BEZIER_KNOTS.);
#7068 = CARTESIAN_POINT('',(42.136316585715,52.102078190939,26.));
#7069 = CARTESIAN_POINT('',(43.767019667171,52.102078190939,26.));
#7070 = ORIENTED_EDGE('',*,*,#7071,.T.);
#7071 = EDGE_CURVE('',#7065,#2751,#7072,.T.);
#7072 = LINE('',#7073,#7074);
#7073 = CARTESIAN_POINT('',(42.136316585715,52.102078190939,26.));
#7074 = VECTOR('',#7075,1.);
#7075 = DIRECTION('',(0.,0.,1.));
#7076 = ORIENTED_EDGE('',*,*,#2765,.F.);
#7077 = ORIENTED_EDGE('',*,*,#7046,.F.);
#7078 = SURFACE_OF_LINEAR_EXTRUSION('',#7079,#7082);
#7079 = B_SPLINE_CURVE_WITH_KNOTS('',1,(#7080,#7081),.UNSPECIFIED.,.F.,
  .F.,(2,2),(0.,12.8),.PIECEWISE_BEZIER_KNOTS.);
#7080 = CARTESIAN_POINT('',(42.136316585715,52.102078190939,26.));
#7081 = CARTESIAN_POINT('',(43.767019667171,52.102078190939,26.));
#7082 = VECTOR('',#7083,1.);
#7083 = DIRECTION('',(-0.,-0.,-1.));
#7084 = ADVANCED_FACE('',(#7085),#7103,.F.);
#7085 = FACE_BOUND('',#7086,.F.);
#7086 = EDGE_LOOP('',(#7087,#7095,#7101,#7102));
#7087 = ORIENTED_EDGE('',*,*,#7088,.F.);
#7088 = EDGE_CURVE('',#7089,#7065,#7091,.T.);
#7089 = VERTEX_POINT('',#7090);
#7090 = CARTESIAN_POINT('',(41.996178039653,51.987419380524,26.));
#7091 = B_SPLINE_CURVE_WITH_KNOTS('',2,(#7092,#7093,#7094),
  .UNSPECIFIED.,.F.,.F.,(3,3),(0.,1.),.PIECEWISE_BEZIER_KNOTS.);
#7092 = CARTESIAN_POINT('',(41.996178039653,51.987419380524,26.));
#7093 = CARTESIAN_POINT('',(41.996178039653,52.102078190939,26.));
#7094 = CARTESIAN_POINT('',(42.136316585715,52.102078190939,26.));
#7095 = ORIENTED_EDGE('',*,*,#7096,.T.);
#7096 = EDGE_CURVE('',#7089,#2741,#7097,.T.);
#7097 = LINE('',#7098,#7099);
#7098 = CARTESIAN_POINT('',(41.996178039653,51.987419380524,26.));
#7099 = VECTOR('',#7100,1.);
#7100 = DIRECTION('',(0.,0.,1.));
#7101 = ORIENTED_EDGE('',*,*,#2750,.F.);
#7102 = ORIENTED_EDGE('',*,*,#7071,.F.);
#7103 = SURFACE_OF_LINEAR_EXTRUSION('',#7104,#7108);
#7104 = B_SPLINE_CURVE_WITH_KNOTS('',2,(#7105,#7106,#7107),
  .UNSPECIFIED.,.F.,.F.,(3,3),(0.,1.),.PIECEWISE_BEZIER_KNOTS.);
#7105 = CARTESIAN_POINT('',(41.996178039653,51.987419380524,26.));
#7106 = CARTESIAN_POINT('',(41.996178039653,52.102078190939,26.));
#7107 = CARTESIAN_POINT('',(42.136316585715,52.102078190939,26.));
#7108 = VECTOR('',#7109,1.);
#7109 = DIRECTION('',(-0.,-0.,-1.));
#7110 = ADVANCED_FACE('',(#7111),#7121,.F.);
#7111 = FACE_BOUND('',#7112,.F.);
#7112 = EDGE_LOOP('',(#7113,#7118,#7119,#7120));
#7113 = ORIENTED_EDGE('',*,*,#7114,.F.);
#7114 = EDGE_CURVE('',#6734,#7089,#7115,.T.);
#7115 = B_SPLINE_CURVE_WITH_KNOTS('',1,(#7116,#7117),.UNSPECIFIED.,.F.,
  .F.,(2,2),(0.,0.412310562562),.PIECEWISE_BEZIER_KNOTS.);
#7116 = CARTESIAN_POINT('',(42.008917907477,51.936459909228,26.));
#7117 = CARTESIAN_POINT('',(41.996178039653,51.987419380524,26.));
#7118 = ORIENTED_EDGE('',*,*,#6747,.T.);
#7119 = ORIENTED_EDGE('',*,*,#2740,.F.);
#7120 = ORIENTED_EDGE('',*,*,#7096,.F.);
#7121 = SURFACE_OF_LINEAR_EXTRUSION('',#7122,#7125);
#7122 = B_SPLINE_CURVE_WITH_KNOTS('',1,(#7123,#7124),.UNSPECIFIED.,.F.,
  .F.,(2,2),(0.,0.412310562562),.PIECEWISE_BEZIER_KNOTS.);
#7123 = CARTESIAN_POINT('',(42.008917907477,51.936459909228,26.));
#7124 = CARTESIAN_POINT('',(41.996178039653,51.987419380524,26.));
#7125 = VECTOR('',#7126,1.);
#7126 = DIRECTION('',(-0.,-0.,-1.));
#7127 = ADVANCED_FACE('',(#7128),#7153,.F.);
#7128 = FACE_BOUND('',#7129,.F.);
#7129 = EDGE_LOOP('',(#7130,#7140,#7146,#7147));
#7130 = ORIENTED_EDGE('',*,*,#7131,.F.);
#7131 = EDGE_CURVE('',#7132,#7134,#7136,.T.);
#7132 = VERTEX_POINT('',#7133);
#7133 = CARTESIAN_POINT('',(48.073094991639,47.515725774345,26.));
#7134 = VERTEX_POINT('',#7135);
#7135 = CARTESIAN_POINT('',(47.971176049048,48.827932160204,26.));
#7136 = B_SPLINE_CURVE_WITH_KNOTS('',2,(#7137,#7138,#7139),
  .UNSPECIFIED.,.F.,.F.,(3,3),(0.,1.),.PIECEWISE_BEZIER_KNOTS.);
#7137 = CARTESIAN_POINT('',(48.073094991639,47.515725774345,26.));
#7138 = CARTESIAN_POINT('',(47.971176049048,48.101759694243,26.));
#7139 = CARTESIAN_POINT('',(47.971176049048,48.827932160204,26.));
#7140 = ORIENTED_EDGE('',*,*,#7141,.T.);
#7141 = EDGE_CURVE('',#7132,#2926,#7142,.T.);
#7142 = LINE('',#7143,#7144);
#7143 = CARTESIAN_POINT('',(48.073094991639,47.515725774345,26.));
#7144 = VECTOR('',#7145,1.);
#7145 = DIRECTION('',(0.,0.,1.));
#7146 = ORIENTED_EDGE('',*,*,#2923,.F.);
#7147 = ORIENTED_EDGE('',*,*,#7148,.F.);
#7148 = EDGE_CURVE('',#7134,#2924,#7149,.T.);
#7149 = LINE('',#7150,#7151);
#7150 = CARTESIAN_POINT('',(47.971176049048,48.827932160204,26.));
#7151 = VECTOR('',#7152,1.);
#7152 = DIRECTION('',(0.,0.,1.));
#7153 = SURFACE_OF_LINEAR_EXTRUSION('',#7154,#7158);
#7154 = B_SPLINE_CURVE_WITH_KNOTS('',2,(#7155,#7156,#7157),
  .UNSPECIFIED.,.F.,.F.,(3,3),(0.,1.),.PIECEWISE_BEZIER_KNOTS.);
#7155 = CARTESIAN_POINT('',(48.073094991639,47.515725774345,26.));
#7156 = CARTESIAN_POINT('',(47.971176049048,48.101759694243,26.));
#7157 = CARTESIAN_POINT('',(47.971176049048,48.827932160204,26.));
#7158 = VECTOR('',#7159,1.);
#7159 = DIRECTION('',(-0.,-0.,-1.));
#7160 = ADVANCED_FACE('',(#7161),#7179,.F.);
#7161 = FACE_BOUND('',#7162,.F.);
#7162 = EDGE_LOOP('',(#7163,#7171,#7177,#7178));
#7163 = ORIENTED_EDGE('',*,*,#7164,.F.);
#7164 = EDGE_CURVE('',#7165,#7132,#7167,.T.);
#7165 = VERTEX_POINT('',#7166);
#7166 = CARTESIAN_POINT('',(48.920296201927,45.993311569392,26.));
#7167 = B_SPLINE_CURVE_WITH_KNOTS('',2,(#7168,#7169,#7170),
  .UNSPECIFIED.,.F.,.F.,(3,3),(0.,1.),.PIECEWISE_BEZIER_KNOTS.);
#7168 = CARTESIAN_POINT('',(48.920296201927,45.993311569392,26.));
#7169 = CARTESIAN_POINT('',(48.213233537702,46.547495819731,26.));
#7170 = CARTESIAN_POINT('',(48.073094991639,47.515725774345,26.));
#7171 = ORIENTED_EDGE('',*,*,#7172,.T.);
#7172 = EDGE_CURVE('',#7165,#3100,#7173,.T.);
#7173 = LINE('',#7174,#7175);
#7174 = CARTESIAN_POINT('',(48.920296201927,45.993311569392,26.));
#7175 = VECTOR('',#7176,1.);
#7176 = DIRECTION('',(0.,0.,1.));
#7177 = ORIENTED_EDGE('',*,*,#3122,.F.);
#7178 = ORIENTED_EDGE('',*,*,#7141,.F.);
#7179 = SURFACE_OF_LINEAR_EXTRUSION('',#7180,#7184);
#7180 = B_SPLINE_CURVE_WITH_KNOTS('',2,(#7181,#7182,#7183),
  .UNSPECIFIED.,.F.,.F.,(3,3),(0.,1.),.PIECEWISE_BEZIER_KNOTS.);
#7181 = CARTESIAN_POINT('',(48.920296201927,45.993311569392,26.));
#7182 = CARTESIAN_POINT('',(48.213233537702,46.547495819731,26.));
#7183 = CARTESIAN_POINT('',(48.073094991639,47.515725774345,26.));
#7184 = VECTOR('',#7185,1.);
#7185 = DIRECTION('',(-0.,-0.,-1.));
#7186 = ADVANCED_FACE('',(#7187),#7205,.F.);
#7187 = FACE_BOUND('',#7188,.F.);
#7188 = EDGE_LOOP('',(#7189,#7197,#7203,#7204));
#7189 = ORIENTED_EDGE('',*,*,#7190,.F.);
#7190 = EDGE_CURVE('',#7191,#7165,#7193,.T.);
#7191 = VERTEX_POINT('',#7192);
#7192 = CARTESIAN_POINT('',(50.735727366829,45.439127319054,26.));
#7193 = B_SPLINE_CURVE_WITH_KNOTS('',2,(#7194,#7195,#7196),
  .UNSPECIFIED.,.F.,.F.,(3,3),(0.,1.),.PIECEWISE_BEZIER_KNOTS.);
#7194 = CARTESIAN_POINT('',(50.735727366829,45.439127319054,26.));
#7195 = CARTESIAN_POINT('',(49.627358866152,45.439127319054,26.));
#7196 = CARTESIAN_POINT('',(48.920296201927,45.993311569392,26.));
#7197 = ORIENTED_EDGE('',*,*,#7198,.T.);
#7198 = EDGE_CURVE('',#7191,#3077,#7199,.T.);
#7199 = LINE('',#7200,#7201);
#7200 = CARTESIAN_POINT('',(50.735727366829,45.439127319054,26.));
#7201 = VECTOR('',#7202,1.);
#7202 = DIRECTION('',(0.,0.,1.));
#7203 = ORIENTED_EDGE('',*,*,#3099,.F.);
#7204 = ORIENTED_EDGE('',*,*,#7172,.F.);
#7205 = SURFACE_OF_LINEAR_EXTRUSION('',#7206,#7210);
#7206 = B_SPLINE_CURVE_WITH_KNOTS('',2,(#7207,#7208,#7209),
  .UNSPECIFIED.,.F.,.F.,(3,3),(0.,1.),.PIECEWISE_BEZIER_KNOTS.);
#7207 = CARTESIAN_POINT('',(50.735727366829,45.439127319054,26.));
#7208 = CARTESIAN_POINT('',(49.627358866152,45.439127319054,26.));
#7209 = CARTESIAN_POINT('',(48.920296201927,45.993311569392,26.));
#7210 = VECTOR('',#7211,1.);
#7211 = DIRECTION('',(-0.,-0.,-1.));
#7212 = ADVANCED_FACE('',(#7213),#7231,.F.);
#7213 = FACE_BOUND('',#7214,.F.);
#7214 = EDGE_LOOP('',(#7215,#7223,#7229,#7230));
#7215 = ORIENTED_EDGE('',*,*,#7216,.F.);
#7216 = EDGE_CURVE('',#7217,#7191,#7219,.T.);
#7217 = VERTEX_POINT('',#7218);
#7218 = CARTESIAN_POINT('',(52.538418663906,45.993311569392,26.));
#7219 = B_SPLINE_CURVE_WITH_KNOTS('',2,(#7220,#7221,#7222),
  .UNSPECIFIED.,.F.,.F.,(3,3),(0.,1.),.PIECEWISE_BEZIER_KNOTS.);
#7220 = CARTESIAN_POINT('',(52.538418663906,45.993311569392,26.));
#7221 = CARTESIAN_POINT('',(51.844095867505,45.439127319054,26.));
#7222 = CARTESIAN_POINT('',(50.735727366829,45.439127319054,26.));
#7223 = ORIENTED_EDGE('',*,*,#7224,.T.);
#7224 = EDGE_CURVE('',#7217,#3054,#7225,.T.);
#7225 = LINE('',#7226,#7227);
#7226 = CARTESIAN_POINT('',(52.538418663906,45.993311569392,26.));
#7227 = VECTOR('',#7228,1.);
#7228 = DIRECTION('',(0.,0.,1.));
#7229 = ORIENTED_EDGE('',*,*,#3076,.F.);
#7230 = ORIENTED_EDGE('',*,*,#7198,.F.);
#7231 = SURFACE_OF_LINEAR_EXTRUSION('',#7232,#7236);
#7232 = B_SPLINE_CURVE_WITH_KNOTS('',2,(#7233,#7234,#7235),
  .UNSPECIFIED.,.F.,.F.,(3,3),(0.,1.),.PIECEWISE_BEZIER_KNOTS.);
#7233 = CARTESIAN_POINT('',(52.538418663906,45.993311569392,26.));
#7234 = CARTESIAN_POINT('',(51.844095867505,45.439127319054,26.));
#7235 = CARTESIAN_POINT('',(50.735727366829,45.439127319054,26.));
#7236 = VECTOR('',#7237,1.);
#7237 = DIRECTION('',(-0.,-0.,-1.));
#7238 = ADVANCED_FACE('',(#7239),#7257,.F.);
#7239 = FACE_BOUND('',#7240,.F.);
#7240 = EDGE_LOOP('',(#7241,#7249,#7255,#7256));
#7241 = ORIENTED_EDGE('',*,*,#7242,.F.);
#7242 = EDGE_CURVE('',#7243,#7217,#7245,.T.);
#7243 = VERTEX_POINT('',#7244);
#7244 = CARTESIAN_POINT('',(53.37288000637,47.528465642169,26.));
#7245 = B_SPLINE_CURVE_WITH_KNOTS('',2,(#7246,#7247,#7248),
  .UNSPECIFIED.,.F.,.F.,(3,3),(0.,1.),.PIECEWISE_BEZIER_KNOTS.);
#7246 = CARTESIAN_POINT('',(53.37288000637,47.528465642169,26.));
#7247 = CARTESIAN_POINT('',(53.232741460307,46.547495819731,26.));
#7248 = CARTESIAN_POINT('',(52.538418663906,45.993311569392,26.));
#7249 = ORIENTED_EDGE('',*,*,#7250,.T.);
#7250 = EDGE_CURVE('',#7243,#3043,#7251,.T.);
#7251 = LINE('',#7252,#7253);
#7252 = CARTESIAN_POINT('',(53.37288000637,47.528465642169,26.));
#7253 = VECTOR('',#7254,1.);
#7254 = DIRECTION('',(0.,0.,1.));
#7255 = ORIENTED_EDGE('',*,*,#3053,.F.);
#7256 = ORIENTED_EDGE('',*,*,#7224,.F.);
#7257 = SURFACE_OF_LINEAR_EXTRUSION('',#7258,#7262);
#7258 = B_SPLINE_CURVE_WITH_KNOTS('',2,(#7259,#7260,#7261),
  .UNSPECIFIED.,.F.,.F.,(3,3),(0.,1.),.PIECEWISE_BEZIER_KNOTS.);
#7259 = CARTESIAN_POINT('',(53.37288000637,47.528465642169,26.));
#7260 = CARTESIAN_POINT('',(53.232741460307,46.547495819731,26.));
#7261 = CARTESIAN_POINT('',(52.538418663906,45.993311569392,26.));
#7262 = VECTOR('',#7263,1.);
#7263 = DIRECTION('',(-0.,-0.,-1.));
#7264 = ADVANCED_FACE('',(#7265),#7283,.F.);
#7265 = FACE_BOUND('',#7266,.F.);
#7266 = EDGE_LOOP('',(#7267,#7275,#7281,#7282));
#7267 = ORIENTED_EDGE('',*,*,#7268,.F.);
#7268 = EDGE_CURVE('',#7269,#7243,#7271,.T.);
#7269 = VERTEX_POINT('',#7270);
#7270 = CARTESIAN_POINT('',(53.474798948961,48.827932160204,26.));
#7271 = B_SPLINE_CURVE_WITH_KNOTS('',2,(#7272,#7273,#7274),
  .UNSPECIFIED.,.F.,.F.,(3,3),(0.,1.),.PIECEWISE_BEZIER_KNOTS.);
#7272 = CARTESIAN_POINT('',(53.474798948961,48.827932160204,26.));
#7273 = CARTESIAN_POINT('',(53.474798948961,48.114499562067,26.));
#7274 = CARTESIAN_POINT('',(53.37288000637,47.528465642169,26.));
#7275 = ORIENTED_EDGE('',*,*,#7276,.T.);
#7276 = EDGE_CURVE('',#7269,#3032,#7277,.T.);
#7277 = LINE('',#7278,#7279);
#7278 = CARTESIAN_POINT('',(53.474798948961,48.827932160204,26.));
#7279 = VECTOR('',#7280,1.);
#7280 = DIRECTION('',(0.,0.,1.));
#7281 = ORIENTED_EDGE('',*,*,#3042,.F.);
#7282 = ORIENTED_EDGE('',*,*,#7250,.F.);
#7283 = SURFACE_OF_LINEAR_EXTRUSION('',#7284,#7288);
#7284 = B_SPLINE_CURVE_WITH_KNOTS('',2,(#7285,#7286,#7287),
  .UNSPECIFIED.,.F.,.F.,(3,3),(0.,1.),.PIECEWISE_BEZIER_KNOTS.);
#7285 = CARTESIAN_POINT('',(53.474798948961,48.827932160204,26.));
#7286 = CARTESIAN_POINT('',(53.474798948961,48.114499562067,26.));
#7287 = CARTESIAN_POINT('',(53.37288000637,47.528465642169,26.));
#7288 = VECTOR('',#7289,1.);
#7289 = DIRECTION('',(-0.,-0.,-1.));
#7290 = ADVANCED_FACE('',(#7291),#7309,.F.);
#7291 = FACE_BOUND('',#7292,.F.);
#7292 = EDGE_LOOP('',(#7293,#7301,#7307,#7308));
#7293 = ORIENTED_EDGE('',*,*,#7294,.F.);
#7294 = EDGE_CURVE('',#7295,#7269,#7297,.T.);
#7295 = VERTEX_POINT('',#7296);
#7296 = CARTESIAN_POINT('',(53.37288000637,50.140138546063,26.));
#7297 = B_SPLINE_CURVE_WITH_KNOTS('',2,(#7298,#7299,#7300),
  .UNSPECIFIED.,.F.,.F.,(3,3),(0.,1.),.PIECEWISE_BEZIER_KNOTS.);
#7298 = CARTESIAN_POINT('',(53.37288000637,50.140138546063,26.));
#7299 = CARTESIAN_POINT('',(53.474798948961,49.566844493988,26.));
#7300 = CARTESIAN_POINT('',(53.474798948961,48.827932160204,26.));
#7301 = ORIENTED_EDGE('',*,*,#7302,.T.);
#7302 = EDGE_CURVE('',#7295,#3013,#7303,.T.);
#7303 = LINE('',#7304,#7305);
#7304 = CARTESIAN_POINT('',(53.37288000637,50.140138546063,26.));
#7305 = VECTOR('',#7306,1.);
#7306 = DIRECTION('',(0.,0.,1.));
#7307 = ORIENTED_EDGE('',*,*,#3031,.F.);
#7308 = ORIENTED_EDGE('',*,*,#7276,.F.);
#7309 = SURFACE_OF_LINEAR_EXTRUSION('',#7310,#7314);
#7310 = B_SPLINE_CURVE_WITH_KNOTS('',2,(#7311,#7312,#7313),
  .UNSPECIFIED.,.F.,.F.,(3,3),(0.,1.),.PIECEWISE_BEZIER_KNOTS.);
#7311 = CARTESIAN_POINT('',(53.37288000637,50.140138546063,26.));
#7312 = CARTESIAN_POINT('',(53.474798948961,49.566844493988,26.));
#7313 = CARTESIAN_POINT('',(53.474798948961,48.827932160204,26.));
#7314 = VECTOR('',#7315,1.);
#7315 = DIRECTION('',(-0.,-0.,-1.));
#7316 = ADVANCED_FACE('',(#7317),#7335,.F.);
#7317 = FACE_BOUND('',#7318,.F.);
#7318 = EDGE_LOOP('',(#7319,#7327,#7333,#7334));
#7319 = ORIENTED_EDGE('',*,*,#7320,.F.);
#7320 = EDGE_CURVE('',#7321,#7295,#7323,.T.);
#7321 = VERTEX_POINT('',#7322);
#7322 = CARTESIAN_POINT('',(52.525678796082,51.637073015367,26.));
#7323 = B_SPLINE_CURVE_WITH_KNOTS('',2,(#7324,#7325,#7326),
  .UNSPECIFIED.,.F.,.F.,(3,3),(0.,1.),.PIECEWISE_BEZIER_KNOTS.);
#7324 = CARTESIAN_POINT('',(52.525678796082,51.637073015367,26.));
#7325 = CARTESIAN_POINT('',(53.220001592483,51.082888765029,26.));
#7326 = CARTESIAN_POINT('',(53.37288000637,50.140138546063,26.));
#7327 = ORIENTED_EDGE('',*,*,#7328,.T.);
#7328 = EDGE_CURVE('',#7321,#2990,#7329,.T.);
#7329 = LINE('',#7330,#7331);
#7330 = CARTESIAN_POINT('',(52.525678796082,51.637073015367,26.));
#7331 = VECTOR('',#7332,1.);
#7332 = DIRECTION('',(0.,0.,1.));
#7333 = ORIENTED_EDGE('',*,*,#3012,.F.);
#7334 = ORIENTED_EDGE('',*,*,#7302,.F.);
#7335 = SURFACE_OF_LINEAR_EXTRUSION('',#7336,#7340);
#7336 = B_SPLINE_CURVE_WITH_KNOTS('',2,(#7337,#7338,#7339),
  .UNSPECIFIED.,.F.,.F.,(3,3),(0.,1.),.PIECEWISE_BEZIER_KNOTS.);
#7337 = CARTESIAN_POINT('',(52.525678796082,51.637073015367,26.));
#7338 = CARTESIAN_POINT('',(53.220001592483,51.082888765029,26.));
#7339 = CARTESIAN_POINT('',(53.37288000637,50.140138546063,26.));
#7340 = VECTOR('',#7341,1.);
#7341 = DIRECTION('',(-0.,-0.,-1.));
#7342 = ADVANCED_FACE('',(#7343),#7361,.F.);
#7343 = FACE_BOUND('',#7344,.F.);
#7344 = EDGE_LOOP('',(#7345,#7353,#7359,#7360));
#7345 = ORIENTED_EDGE('',*,*,#7346,.F.);
#7346 = EDGE_CURVE('',#7347,#7321,#7349,.T.);
#7347 = VERTEX_POINT('',#7348);
#7348 = CARTESIAN_POINT('',(50.735727366829,52.191257265706,26.));
#7349 = B_SPLINE_CURVE_WITH_KNOTS('',2,(#7350,#7351,#7352),
  .UNSPECIFIED.,.F.,.F.,(3,3),(0.,1.),.PIECEWISE_BEZIER_KNOTS.);
#7350 = CARTESIAN_POINT('',(50.735727366829,52.191257265706,26.));
#7351 = CARTESIAN_POINT('',(51.831355999682,52.191257265706,26.));
#7352 = CARTESIAN_POINT('',(52.525678796082,51.637073015367,26.));
#7353 = ORIENTED_EDGE('',*,*,#7354,.T.);
#7354 = EDGE_CURVE('',#7347,#2967,#7355,.T.);
#7355 = LINE('',#7356,#7357);
#7356 = CARTESIAN_POINT('',(50.735727366829,52.191257265706,26.));
#7357 = VECTOR('',#7358,1.);
#7358 = DIRECTION('',(0.,0.,1.));
#7359 = ORIENTED_EDGE('',*,*,#2989,.F.);
#7360 = ORIENTED_EDGE('',*,*,#7328,.F.);
#7361 = SURFACE_OF_LINEAR_EXTRUSION('',#7362,#7366);
#7362 = B_SPLINE_CURVE_WITH_KNOTS('',2,(#7363,#7364,#7365),
  .UNSPECIFIED.,.F.,.F.,(3,3),(0.,1.),.PIECEWISE_BEZIER_KNOTS.);
#7363 = CARTESIAN_POINT('',(50.735727366829,52.191257265706,26.));
#7364 = CARTESIAN_POINT('',(51.831355999682,52.191257265706,26.));
#7365 = CARTESIAN_POINT('',(52.525678796082,51.637073015367,26.));
#7366 = VECTOR('',#7367,1.);
#7367 = DIRECTION('',(-0.,-0.,-1.));
#7368 = ADVANCED_FACE('',(#7369),#7387,.F.);
#7369 = FACE_BOUND('',#7370,.F.);
#7370 = EDGE_LOOP('',(#7371,#7379,#7385,#7386));
#7371 = ORIENTED_EDGE('',*,*,#7372,.F.);
#7372 = EDGE_CURVE('',#7373,#7347,#7375,.T.);
#7373 = VERTEX_POINT('',#7374);
#7374 = CARTESIAN_POINT('',(48.920296201927,51.637073015367,26.));
#7375 = B_SPLINE_CURVE_WITH_KNOTS('',2,(#7376,#7377,#7378),
  .UNSPECIFIED.,.F.,.F.,(3,3),(0.,1.),.PIECEWISE_BEZIER_KNOTS.);
#7376 = CARTESIAN_POINT('',(48.920296201927,51.637073015367,26.));
#7377 = CARTESIAN_POINT('',(49.627358866152,52.191257265706,26.));
#7378 = CARTESIAN_POINT('',(50.735727366829,52.191257265706,26.));
#7379 = ORIENTED_EDGE('',*,*,#7380,.T.);
#7380 = EDGE_CURVE('',#7373,#2948,#7381,.T.);
#7381 = LINE('',#7382,#7383);
#7382 = CARTESIAN_POINT('',(48.920296201927,51.637073015367,26.));
#7383 = VECTOR('',#7384,1.);
#7384 = DIRECTION('',(0.,0.,1.));
#7385 = ORIENTED_EDGE('',*,*,#2966,.F.);
#7386 = ORIENTED_EDGE('',*,*,#7354,.F.);
#7387 = SURFACE_OF_LINEAR_EXTRUSION('',#7388,#7392);
#7388 = B_SPLINE_CURVE_WITH_KNOTS('',2,(#7389,#7390,#7391),
  .UNSPECIFIED.,.F.,.F.,(3,3),(0.,1.),.PIECEWISE_BEZIER_KNOTS.);
#7389 = CARTESIAN_POINT('',(48.920296201927,51.637073015367,26.));
#7390 = CARTESIAN_POINT('',(49.627358866152,52.191257265706,26.));
#7391 = CARTESIAN_POINT('',(50.735727366829,52.191257265706,26.));
#7392 = VECTOR('',#7393,1.);
#7393 = DIRECTION('',(-0.,-0.,-1.));
#7394 = ADVANCED_FACE('',(#7395),#7413,.F.);
#7395 = FACE_BOUND('',#7396,.F.);
#7396 = EDGE_LOOP('',(#7397,#7405,#7411,#7412));
#7397 = ORIENTED_EDGE('',*,*,#7398,.F.);
#7398 = EDGE_CURVE('',#7399,#7373,#7401,.T.);
#7399 = VERTEX_POINT('',#7400);
#7400 = CARTESIAN_POINT('',(48.073094991639,50.140138546063,26.));
#7401 = B_SPLINE_CURVE_WITH_KNOTS('',2,(#7402,#7403,#7404),
  .UNSPECIFIED.,.F.,.F.,(3,3),(0.,1.),.PIECEWISE_BEZIER_KNOTS.);
#7402 = CARTESIAN_POINT('',(48.073094991639,50.140138546063,26.));
#7403 = CARTESIAN_POINT('',(48.213233537702,51.082888765029,26.));
#7404 = CARTESIAN_POINT('',(48.920296201927,51.637073015367,26.));
#7405 = ORIENTED_EDGE('',*,*,#7406,.T.);
#7406 = EDGE_CURVE('',#7399,#2937,#7407,.T.);
#7407 = LINE('',#7408,#7409);
#7408 = CARTESIAN_POINT('',(48.073094991639,50.140138546063,26.));
#7409 = VECTOR('',#7410,1.);
#7410 = DIRECTION('',(0.,0.,1.));
#7411 = ORIENTED_EDGE('',*,*,#2947,.F.);
#7412 = ORIENTED_EDGE('',*,*,#7380,.F.);
#7413 = SURFACE_OF_LINEAR_EXTRUSION('',#7414,#7418);
#7414 = B_SPLINE_CURVE_WITH_KNOTS('',2,(#7415,#7416,#7417),
  .UNSPECIFIED.,.F.,.F.,(3,3),(0.,1.),.PIECEWISE_BEZIER_KNOTS.);
#7415 = CARTESIAN_POINT('',(48.073094991639,50.140138546063,26.));
#7416 = CARTESIAN_POINT('',(48.213233537702,51.082888765029,26.));
#7417 = CARTESIAN_POINT('',(48.920296201927,51.637073015367,26.));
#7418 = VECTOR('',#7419,1.);
#7419 = DIRECTION('',(-0.,-0.,-1.));
#7420 = ADVANCED_FACE('',(#7421),#7432,.F.);
#7421 = FACE_BOUND('',#7422,.F.);
#7422 = EDGE_LOOP('',(#7423,#7429,#7430,#7431));
#7423 = ORIENTED_EDGE('',*,*,#7424,.F.);
#7424 = EDGE_CURVE('',#7134,#7399,#7425,.T.);
#7425 = B_SPLINE_CURVE_WITH_KNOTS('',2,(#7426,#7427,#7428),
  .UNSPECIFIED.,.F.,.F.,(3,3),(0.,1.),.PIECEWISE_BEZIER_KNOTS.);
#7426 = CARTESIAN_POINT('',(47.971176049048,48.827932160204,26.));
#7427 = CARTESIAN_POINT('',(47.971176049048,49.566844493988,26.));
#7428 = CARTESIAN_POINT('',(48.073094991639,50.140138546063,26.));
#7429 = ORIENTED_EDGE('',*,*,#7148,.T.);
#7430 = ORIENTED_EDGE('',*,*,#2936,.F.);
#7431 = ORIENTED_EDGE('',*,*,#7406,.F.);
#7432 = SURFACE_OF_LINEAR_EXTRUSION('',#7433,#7437);
#7433 = B_SPLINE_CURVE_WITH_KNOTS('',2,(#7434,#7435,#7436),
  .UNSPECIFIED.,.F.,.F.,(3,3),(0.,1.),.PIECEWISE_BEZIER_KNOTS.);
#7434 = CARTESIAN_POINT('',(47.971176049048,48.827932160204,26.));
#7435 = CARTESIAN_POINT('',(47.971176049048,49.566844493988,26.));
#7436 = CARTESIAN_POINT('',(48.073094991639,50.140138546063,26.));
#7437 = VECTOR('',#7438,1.);
#7438 = DIRECTION('',(-0.,-0.,-1.));
#7439 = ADVANCED_FACE('',(#7440),#7464,.F.);
#7440 = FACE_BOUND('',#7441,.F.);
#7441 = EDGE_LOOP('',(#7442,#7451,#7457,#7458));
#7442 = ORIENTED_EDGE('',*,*,#7443,.F.);
#7443 = EDGE_CURVE('',#7444,#7446,#7448,.T.);
#7444 = VERTEX_POINT('',#7445);
#7445 = CARTESIAN_POINT('',(58.863763038458,45.668444939884,26.));
#7446 = VERTEX_POINT('',#7447);
#7447 = CARTESIAN_POINT('',(57.080181543116,51.936459909228,26.));
#7448 = B_SPLINE_CURVE_WITH_KNOTS('',1,(#7449,#7450),.UNSPECIFIED.,.F.,
  .F.,(2,2),(0.,51.15310352266),.PIECEWISE_BEZIER_KNOTS.);
#7449 = CARTESIAN_POINT('',(58.863763038458,45.668444939884,26.));
#7450 = CARTESIAN_POINT('',(57.080181543116,51.936459909228,26.));
#7451 = ORIENTED_EDGE('',*,*,#7452,.T.);
#7452 = EDGE_CURVE('',#7444,#3144,#7453,.T.);
#7453 = LINE('',#7454,#7455);
#7454 = CARTESIAN_POINT('',(58.863763038458,45.668444939884,26.));
#7455 = VECTOR('',#7456,1.);
#7456 = DIRECTION('',(0.,0.,1.));
#7457 = ORIENTED_EDGE('',*,*,#3141,.F.);
#7458 = ORIENTED_EDGE('',*,*,#7459,.F.);
#7459 = EDGE_CURVE('',#7446,#3142,#7460,.T.);
#7460 = LINE('',#7461,#7462);
#7461 = CARTESIAN_POINT('',(57.080181543116,51.936459909228,26.));
#7462 = VECTOR('',#7463,1.);
#7463 = DIRECTION('',(0.,0.,1.));
#7464 = SURFACE_OF_LINEAR_EXTRUSION('',#7465,#7468);
#7465 = B_SPLINE_CURVE_WITH_KNOTS('',1,(#7466,#7467),.UNSPECIFIED.,.F.,
  .F.,(2,2),(0.,51.15310352266),.PIECEWISE_BEZIER_KNOTS.);
#7466 = CARTESIAN_POINT('',(58.863763038458,45.668444939884,26.));
#7467 = CARTESIAN_POINT('',(57.080181543116,51.936459909228,26.));
#7468 = VECTOR('',#7469,1.);
#7469 = DIRECTION('',(-0.,-0.,-1.));
#7470 = ADVANCED_FACE('',(#7471),#7489,.F.);
#7471 = FACE_BOUND('',#7472,.F.);
#7472 = EDGE_LOOP('',(#7473,#7481,#7487,#7488));
#7473 = ORIENTED_EDGE('',*,*,#7474,.F.);
#7474 = EDGE_CURVE('',#7475,#7444,#7477,.T.);
#7475 = VERTEX_POINT('',#7476);
#7476 = CARTESIAN_POINT('',(59.042121187993,45.541046261645,26.));
#7477 = B_SPLINE_CURVE_WITH_KNOTS('',2,(#7478,#7479,#7480),
  .UNSPECIFIED.,.F.,.F.,(3,3),(0.,1.),.PIECEWISE_BEZIER_KNOTS.);
#7478 = CARTESIAN_POINT('',(59.042121187993,45.541046261645,26.));
#7479 = CARTESIAN_POINT('',(58.90198264193,45.541046261645,26.));
#7480 = CARTESIAN_POINT('',(58.863763038458,45.668444939884,26.));
#7481 = ORIENTED_EDGE('',*,*,#7482,.T.);
#7482 = EDGE_CURVE('',#7475,#3312,#7483,.T.);
#7483 = LINE('',#7484,#7485);
#7484 = CARTESIAN_POINT('',(59.042121187993,45.541046261645,26.));
#7485 = VECTOR('',#7486,1.);
#7486 = DIRECTION('',(0.,0.,1.));
#7487 = ORIENTED_EDGE('',*,*,#3321,.F.);
#7488 = ORIENTED_EDGE('',*,*,#7452,.F.);
#7489 = SURFACE_OF_LINEAR_EXTRUSION('',#7490,#7494);
#7490 = B_SPLINE_CURVE_WITH_KNOTS('',2,(#7491,#7492,#7493),
  .UNSPECIFIED.,.F.,.F.,(3,3),(0.,1.),.PIECEWISE_BEZIER_KNOTS.);
#7491 = CARTESIAN_POINT('',(59.042121187993,45.541046261645,26.));
#7492 = CARTESIAN_POINT('',(58.90198264193,45.541046261645,26.));
#7493 = CARTESIAN_POINT('',(58.863763038458,45.668444939884,26.));
#7494 = VECTOR('',#7495,1.);
#7495 = DIRECTION('',(-0.,-0.,-1.));
#7496 = ADVANCED_FACE('',(#7497),#7514,.F.);
#7497 = FACE_BOUND('',#7498,.F.);
#7498 = EDGE_LOOP('',(#7499,#7506,#7512,#7513));
#7499 = ORIENTED_EDGE('',*,*,#7500,.F.);
#7500 = EDGE_CURVE('',#7501,#7475,#7503,.T.);
#7501 = VERTEX_POINT('',#7502);
#7502 = CARTESIAN_POINT('',(60.71104387292,45.541046261645,26.));
#7503 = B_SPLINE_CURVE_WITH_KNOTS('',1,(#7504,#7505),.UNSPECIFIED.,.F.,
  .F.,(2,2),(0.,13.1),.PIECEWISE_BEZIER_KNOTS.);
#7504 = CARTESIAN_POINT('',(60.71104387292,45.541046261645,26.));
#7505 = CARTESIAN_POINT('',(59.042121187993,45.541046261645,26.));
#7506 = ORIENTED_EDGE('',*,*,#7507,.T.);
#7507 = EDGE_CURVE('',#7501,#3297,#7508,.T.);
#7508 = LINE('',#7509,#7510);
#7509 = CARTESIAN_POINT('',(60.71104387292,45.541046261645,26.));
#7510 = VECTOR('',#7511,1.);
#7511 = DIRECTION('',(0.,0.,1.));
#7512 = ORIENTED_EDGE('',*,*,#3311,.F.);
#7513 = ORIENTED_EDGE('',*,*,#7482,.F.);
#7514 = SURFACE_OF_LINEAR_EXTRUSION('',#7515,#7518);
#7515 = B_SPLINE_CURVE_WITH_KNOTS('',1,(#7516,#7517),.UNSPECIFIED.,.F.,
  .F.,(2,2),(0.,13.1),.PIECEWISE_BEZIER_KNOTS.);
#7516 = CARTESIAN_POINT('',(60.71104387292,45.541046261645,26.));
#7517 = CARTESIAN_POINT('',(59.042121187993,45.541046261645,26.));
#7518 = VECTOR('',#7519,1.);
#7519 = DIRECTION('',(-0.,-0.,-1.));
#7520 = ADVANCED_FACE('',(#7521),#7539,.F.);
#7521 = FACE_BOUND('',#7522,.F.);
#7522 = EDGE_LOOP('',(#7523,#7531,#7537,#7538));
#7523 = ORIENTED_EDGE('',*,*,#7524,.F.);
#7524 = EDGE_CURVE('',#7525,#7501,#7527,.T.);
#7525 = VERTEX_POINT('',#7526);
#7526 = CARTESIAN_POINT('',(60.889402022454,45.668444939884,26.));
#7527 = B_SPLINE_CURVE_WITH_KNOTS('',2,(#7528,#7529,#7530),
  .UNSPECIFIED.,.F.,.F.,(3,3),(0.,1.),.PIECEWISE_BEZIER_KNOTS.);
#7528 = CARTESIAN_POINT('',(60.889402022454,45.668444939884,26.));
#7529 = CARTESIAN_POINT('',(60.851182418982,45.541046261645,26.));
#7530 = CARTESIAN_POINT('',(60.71104387292,45.541046261645,26.));
#7531 = ORIENTED_EDGE('',*,*,#7532,.T.);
#7532 = EDGE_CURVE('',#7525,#3287,#7533,.T.);
#7533 = LINE('',#7534,#7535);
#7534 = CARTESIAN_POINT('',(60.889402022454,45.668444939884,26.));
#7535 = VECTOR('',#7536,1.);
#7536 = DIRECTION('',(0.,0.,1.));
#7537 = ORIENTED_EDGE('',*,*,#3296,.F.);
#7538 = ORIENTED_EDGE('',*,*,#7507,.F.);
#7539 = SURFACE_OF_LINEAR_EXTRUSION('',#7540,#7544);
#7540 = B_SPLINE_CURVE_WITH_KNOTS('',2,(#7541,#7542,#7543),
  .UNSPECIFIED.,.F.,.F.,(3,3),(0.,1.),.PIECEWISE_BEZIER_KNOTS.);
#7541 = CARTESIAN_POINT('',(60.889402022454,45.668444939884,26.));
#7542 = CARTESIAN_POINT('',(60.851182418982,45.541046261645,26.));
#7543 = CARTESIAN_POINT('',(60.71104387292,45.541046261645,26.));
#7544 = VECTOR('',#7545,1.);
#7545 = DIRECTION('',(-0.,-0.,-1.));
#7546 = ADVANCED_FACE('',(#7547),#7564,.F.);
#7547 = FACE_BOUND('',#7548,.F.);
#7548 = EDGE_LOOP('',(#7549,#7556,#7562,#7563));
#7549 = ORIENTED_EDGE('',*,*,#7550,.F.);
#7550 = EDGE_CURVE('',#7551,#7525,#7553,.T.);
#7551 = VERTEX_POINT('',#7552);
#7552 = CARTESIAN_POINT('',(62.647503782148,51.910980173581,26.));
#7553 = B_SPLINE_CURVE_WITH_KNOTS('',1,(#7554,#7555),.UNSPECIFIED.,.F.,
  .F.,(2,2),(0.,50.906188228937),.PIECEWISE_BEZIER_KNOTS.);
#7554 = CARTESIAN_POINT('',(62.647503782148,51.910980173581,26.));
#7555 = CARTESIAN_POINT('',(60.889402022454,45.668444939884,26.));
#7556 = ORIENTED_EDGE('',*,*,#7557,.T.);
#7557 = EDGE_CURVE('',#7551,#3272,#7558,.T.);
#7558 = LINE('',#7559,#7560);
#7559 = CARTESIAN_POINT('',(62.647503782148,51.910980173581,26.));
#7560 = VECTOR('',#7561,1.);
#7561 = DIRECTION('',(0.,0.,1.));
#7562 = ORIENTED_EDGE('',*,*,#3286,.F.);
#7563 = ORIENTED_EDGE('',*,*,#7532,.F.);
#7564 = SURFACE_OF_LINEAR_EXTRUSION('',#7565,#7568);
#7565 = B_SPLINE_CURVE_WITH_KNOTS('',1,(#7566,#7567),.UNSPECIFIED.,.F.,
  .F.,(2,2),(0.,50.906188228937),.PIECEWISE_BEZIER_KNOTS.);
#7566 = CARTESIAN_POINT('',(62.647503782148,51.910980173581,26.));
#7567 = CARTESIAN_POINT('',(60.889402022454,45.668444939884,26.));
#7568 = VECTOR('',#7569,1.);
#7569 = DIRECTION('',(-0.,-0.,-1.));
#7570 = ADVANCED_FACE('',(#7571),#7589,.F.);
#7571 = FACE_BOUND('',#7572,.F.);
#7572 = EDGE_LOOP('',(#7573,#7581,#7587,#7588));
#7573 = ORIENTED_EDGE('',*,*,#7574,.F.);
#7574 = EDGE_CURVE('',#7575,#7551,#7577,.T.);
#7575 = VERTEX_POINT('',#7576);
#7576 = CARTESIAN_POINT('',(62.52010510391,52.076598455291,26.));
#7577 = B_SPLINE_CURVE_WITH_KNOTS('',2,(#7578,#7579,#7580),
  .UNSPECIFIED.,.F.,.F.,(3,3),(0.,1.),.PIECEWISE_BEZIER_KNOTS.);
#7578 = CARTESIAN_POINT('',(62.52010510391,52.076598455291,26.));
#7579 = CARTESIAN_POINT('',(62.68572338562,52.076598455291,26.));
#7580 = CARTESIAN_POINT('',(62.647503782148,51.910980173581,26.));
#7581 = ORIENTED_EDGE('',*,*,#7582,.T.);
#7582 = EDGE_CURVE('',#7575,#3262,#7583,.T.);
#7583 = LINE('',#7584,#7585);
#7584 = CARTESIAN_POINT('',(62.52010510391,52.076598455291,26.));
#7585 = VECTOR('',#7586,1.);
#7586 = DIRECTION('',(0.,0.,1.));
#7587 = ORIENTED_EDGE('',*,*,#3271,.F.);
#7588 = ORIENTED_EDGE('',*,*,#7557,.F.);
#7589 = SURFACE_OF_LINEAR_EXTRUSION('',#7590,#7594);
#7590 = B_SPLINE_CURVE_WITH_KNOTS('',2,(#7591,#7592,#7593),
  .UNSPECIFIED.,.F.,.F.,(3,3),(0.,1.),.PIECEWISE_BEZIER_KNOTS.);
#7591 = CARTESIAN_POINT('',(62.52010510391,52.076598455291,26.));
#7592 = CARTESIAN_POINT('',(62.68572338562,52.076598455291,26.));
#7593 = CARTESIAN_POINT('',(62.647503782148,51.910980173581,26.));
#7594 = VECTOR('',#7595,1.);
#7595 = DIRECTION('',(-0.,-0.,-1.));
#7596 = ADVANCED_FACE('',(#7597),#7614,.F.);
#7597 = FACE_BOUND('',#7598,.F.);
#7598 = EDGE_LOOP('',(#7599,#7606,#7612,#7613));
#7599 = ORIENTED_EDGE('',*,*,#7600,.F.);
#7600 = EDGE_CURVE('',#7601,#7575,#7603,.T.);
#7601 = VERTEX_POINT('',#7602);
#7602 = CARTESIAN_POINT('',(60.889402022454,52.102078190939,26.));
#7603 = B_SPLINE_CURVE_WITH_KNOTS('',1,(#7604,#7605),.UNSPECIFIED.,.F.,
  .F.,(2,2),(0.,12.801562404644),.PIECEWISE_BEZIER_KNOTS.);
#7604 = CARTESIAN_POINT('',(60.889402022454,52.102078190939,26.));
#7605 = CARTESIAN_POINT('',(62.52010510391,52.076598455291,26.));
#7606 = ORIENTED_EDGE('',*,*,#7607,.T.);
#7607 = EDGE_CURVE('',#7601,#3247,#7608,.T.);
#7608 = LINE('',#7609,#7610);
#7609 = CARTESIAN_POINT('',(60.889402022454,52.102078190939,26.));
#7610 = VECTOR('',#7611,1.);
#7611 = DIRECTION('',(0.,0.,1.));
#7612 = ORIENTED_EDGE('',*,*,#3261,.F.);
#7613 = ORIENTED_EDGE('',*,*,#7582,.F.);
#7614 = SURFACE_OF_LINEAR_EXTRUSION('',#7615,#7618);
#7615 = B_SPLINE_CURVE_WITH_KNOTS('',1,(#7616,#7617),.UNSPECIFIED.,.F.,
  .F.,(2,2),(0.,12.801562404644),.PIECEWISE_BEZIER_KNOTS.);
#7616 = CARTESIAN_POINT('',(60.889402022454,52.102078190939,26.));
#7617 = CARTESIAN_POINT('',(62.52010510391,52.076598455291,26.));
#7618 = VECTOR('',#7619,1.);
#7619 = DIRECTION('',(-0.,-0.,-1.));
#7620 = ADVANCED_FACE('',(#7621),#7639,.F.);
#7621 = FACE_BOUND('',#7622,.F.);
#7622 = EDGE_LOOP('',(#7623,#7631,#7637,#7638));
#7623 = ORIENTED_EDGE('',*,*,#7624,.F.);
#7624 = EDGE_CURVE('',#7625,#7601,#7627,.T.);
#7625 = VERTEX_POINT('',#7626);
#7626 = CARTESIAN_POINT('',(60.723783740744,51.961939644876,26.));
#7627 = B_SPLINE_CURVE_WITH_KNOTS('',2,(#7628,#7629,#7630),
  .UNSPECIFIED.,.F.,.F.,(3,3),(0.,1.),.PIECEWISE_BEZIER_KNOTS.);
#7628 = CARTESIAN_POINT('',(60.723783740744,51.961939644876,26.));
#7629 = CARTESIAN_POINT('',(60.749263476391,52.102078190939,26.));
#7630 = CARTESIAN_POINT('',(60.889402022454,52.102078190939,26.));
#7631 = ORIENTED_EDGE('',*,*,#7632,.T.);
#7632 = EDGE_CURVE('',#7625,#3237,#7633,.T.);
#7633 = LINE('',#7634,#7635);
#7634 = CARTESIAN_POINT('',(60.723783740744,51.961939644876,26.));
#7635 = VECTOR('',#7636,1.);
#7636 = DIRECTION('',(0.,0.,1.));
#7637 = ORIENTED_EDGE('',*,*,#3246,.F.);
#7638 = ORIENTED_EDGE('',*,*,#7607,.F.);
#7639 = SURFACE_OF_LINEAR_EXTRUSION('',#7640,#7644);
#7640 = B_SPLINE_CURVE_WITH_KNOTS('',2,(#7641,#7642,#7643),
  .UNSPECIFIED.,.F.,.F.,(3,3),(0.,1.),.PIECEWISE_BEZIER_KNOTS.);
#7641 = CARTESIAN_POINT('',(60.723783740744,51.961939644876,26.));
#7642 = CARTESIAN_POINT('',(60.749263476391,52.102078190939,26.));
#7643 = CARTESIAN_POINT('',(60.889402022454,52.102078190939,26.));
#7644 = VECTOR('',#7645,1.);
#7645 = DIRECTION('',(-0.,-0.,-1.));
#7646 = ADVANCED_FACE('',(#7647),#7664,.F.);
#7647 = FACE_BOUND('',#7648,.F.);
#7648 = EDGE_LOOP('',(#7649,#7656,#7662,#7663));
#7649 = ORIENTED_EDGE('',*,*,#7650,.F.);
#7650 = EDGE_CURVE('',#7651,#7625,#7653,.T.);
#7651 = VERTEX_POINT('',#7652);
#7652 = CARTESIAN_POINT('',(59.908432200016,48.152719165539,26.));
#7653 = B_SPLINE_CURVE_WITH_KNOTS('',1,(#7654,#7655),.UNSPECIFIED.,.F.,
  .F.,(2,2),(0.,30.577279146451),.PIECEWISE_BEZIER_KNOTS.);
#7654 = CARTESIAN_POINT('',(59.908432200016,48.152719165539,26.));
#7655 = CARTESIAN_POINT('',(60.723783740744,51.961939644876,26.));
#7656 = ORIENTED_EDGE('',*,*,#7657,.T.);
#7657 = EDGE_CURVE('',#7651,#3227,#7658,.T.);
#7658 = LINE('',#7659,#7660);
#7659 = CARTESIAN_POINT('',(59.908432200016,48.152719165539,26.));
#7660 = VECTOR('',#7661,1.);
#7661 = DIRECTION('',(0.,0.,1.));
#7662 = ORIENTED_EDGE('',*,*,#3236,.F.);
#7663 = ORIENTED_EDGE('',*,*,#7632,.F.);
#7664 = SURFACE_OF_LINEAR_EXTRUSION('',#7665,#7668);
#7665 = B_SPLINE_CURVE_WITH_KNOTS('',1,(#7666,#7667),.UNSPECIFIED.,.F.,
  .F.,(2,2),(0.,30.577279146451),.PIECEWISE_BEZIER_KNOTS.);
#7666 = CARTESIAN_POINT('',(59.908432200016,48.152719165539,26.));
#7667 = CARTESIAN_POINT('',(60.723783740744,51.961939644876,26.));
#7668 = VECTOR('',#7669,1.);
#7669 = DIRECTION('',(-0.,-0.,-1.));
#7670 = ADVANCED_FACE('',(#7671),#7689,.F.);
#7671 = FACE_BOUND('',#7672,.F.);
#7672 = EDGE_LOOP('',(#7673,#7681,#7687,#7688));
#7673 = ORIENTED_EDGE('',*,*,#7674,.F.);
#7674 = EDGE_CURVE('',#7675,#7651,#7677,.T.);
#7675 = VERTEX_POINT('',#7676);
#7676 = CARTESIAN_POINT('',(59.870212596544,48.101759694243,26.));
#7677 = B_SPLINE_CURVE_WITH_KNOTS('',2,(#7678,#7679,#7680),
  .UNSPECIFIED.,.F.,.F.,(3,3),(0.,1.),.PIECEWISE_BEZIER_KNOTS.);
#7678 = CARTESIAN_POINT('',(59.870212596544,48.101759694243,26.));
#7679 = CARTESIAN_POINT('',(59.895692332192,48.101759694243,26.));
#7680 = CARTESIAN_POINT('',(59.908432200016,48.152719165539,26.));
#7681 = ORIENTED_EDGE('',*,*,#7682,.T.);
#7682 = EDGE_CURVE('',#7675,#3214,#7683,.T.);
#7683 = LINE('',#7684,#7685);
#7684 = CARTESIAN_POINT('',(59.870212596544,48.101759694243,26.));
#7685 = VECTOR('',#7686,1.);
#7686 = DIRECTION('',(0.,0.,1.));
#7687 = ORIENTED_EDGE('',*,*,#3226,.F.);
#7688 = ORIENTED_EDGE('',*,*,#7657,.F.);
#7689 = SURFACE_OF_LINEAR_EXTRUSION('',#7690,#7694);
#7690 = B_SPLINE_CURVE_WITH_KNOTS('',2,(#7691,#7692,#7693),
  .UNSPECIFIED.,.F.,.F.,(3,3),(0.,1.),.PIECEWISE_BEZIER_KNOTS.);
#7691 = CARTESIAN_POINT('',(59.870212596544,48.101759694243,26.));
#7692 = CARTESIAN_POINT('',(59.895692332192,48.101759694243,26.));
#7693 = CARTESIAN_POINT('',(59.908432200016,48.152719165539,26.));
#7694 = VECTOR('',#7695,1.);
#7695 = DIRECTION('',(-0.,-0.,-1.));
#7696 = ADVANCED_FACE('',(#7697),#7715,.F.);
#7697 = FACE_BOUND('',#7698,.F.);
#7698 = EDGE_LOOP('',(#7699,#7707,#7713,#7714));
#7699 = ORIENTED_EDGE('',*,*,#7700,.F.);
#7700 = EDGE_CURVE('',#7701,#7675,#7703,.T.);
#7701 = VERTEX_POINT('',#7702);
#7702 = CARTESIAN_POINT('',(59.831992993073,48.152719165539,26.));
#7703 = B_SPLINE_CURVE_WITH_KNOTS('',2,(#7704,#7705,#7706),
  .UNSPECIFIED.,.F.,.F.,(3,3),(0.,1.),.PIECEWISE_BEZIER_KNOTS.);
#7704 = CARTESIAN_POINT('',(59.831992993073,48.152719165539,26.));
#7705 = CARTESIAN_POINT('',(59.844732860897,48.101759694243,26.));
#7706 = CARTESIAN_POINT('',(59.870212596544,48.101759694243,26.));
#7707 = ORIENTED_EDGE('',*,*,#7708,.T.);
#7708 = EDGE_CURVE('',#7701,#3204,#7709,.T.);
#7709 = LINE('',#7710,#7711);
#7710 = CARTESIAN_POINT('',(59.831992993073,48.152719165539,26.));
#7711 = VECTOR('',#7712,1.);
#7712 = DIRECTION('',(0.,0.,1.));
#7713 = ORIENTED_EDGE('',*,*,#3213,.F.);
#7714 = ORIENTED_EDGE('',*,*,#7682,.F.);
#7715 = SURFACE_OF_LINEAR_EXTRUSION('',#7716,#7720);
#7716 = B_SPLINE_CURVE_WITH_KNOTS('',2,(#7717,#7718,#7719),
  .UNSPECIFIED.,.F.,.F.,(3,3),(0.,1.),.PIECEWISE_BEZIER_KNOTS.);
#7717 = CARTESIAN_POINT('',(59.831992993073,48.152719165539,26.));
#7718 = CARTESIAN_POINT('',(59.844732860897,48.101759694243,26.));
#7719 = CARTESIAN_POINT('',(59.870212596544,48.101759694243,26.));
#7720 = VECTOR('',#7721,1.);
#7721 = DIRECTION('',(-0.,-0.,-1.));
#7722 = ADVANCED_FACE('',(#7723),#7740,.F.);
#7723 = FACE_BOUND('',#7724,.F.);
#7724 = EDGE_LOOP('',(#7725,#7732,#7738,#7739));
#7725 = ORIENTED_EDGE('',*,*,#7726,.F.);
#7726 = EDGE_CURVE('',#7727,#7701,#7729,.T.);
#7727 = VERTEX_POINT('',#7728);
#7728 = CARTESIAN_POINT('',(59.003901584521,51.961939644876,26.));
#7729 = B_SPLINE_CURVE_WITH_KNOTS('',1,(#7730,#7731),.UNSPECIFIED.,.F.,
  .F.,(2,2),(0.,30.598365969444),.PIECEWISE_BEZIER_KNOTS.);
#7730 = CARTESIAN_POINT('',(59.003901584521,51.961939644876,26.));
#7731 = CARTESIAN_POINT('',(59.831992993073,48.152719165539,26.));
#7732 = ORIENTED_EDGE('',*,*,#7733,.T.);
#7733 = EDGE_CURVE('',#7727,#3189,#7734,.T.);
#7734 = LINE('',#7735,#7736);
#7735 = CARTESIAN_POINT('',(59.003901584521,51.961939644876,26.));
#7736 = VECTOR('',#7737,1.);
#7737 = DIRECTION('',(0.,0.,1.));
#7738 = ORIENTED_EDGE('',*,*,#3203,.F.);
#7739 = ORIENTED_EDGE('',*,*,#7708,.F.);
#7740 = SURFACE_OF_LINEAR_EXTRUSION('',#7741,#7744);
#7741 = B_SPLINE_CURVE_WITH_KNOTS('',1,(#7742,#7743),.UNSPECIFIED.,.F.,
  .F.,(2,2),(0.,30.598365969444),.PIECEWISE_BEZIER_KNOTS.);
#7742 = CARTESIAN_POINT('',(59.003901584521,51.961939644876,26.));
#7743 = CARTESIAN_POINT('',(59.831992993073,48.152719165539,26.));
#7744 = VECTOR('',#7745,1.);
#7745 = DIRECTION('',(-0.,-0.,-1.));
#7746 = ADVANCED_FACE('',(#7747),#7765,.F.);
#7747 = FACE_BOUND('',#7748,.F.);
#7748 = EDGE_LOOP('',(#7749,#7757,#7763,#7764));
#7749 = ORIENTED_EDGE('',*,*,#7750,.F.);
#7750 = EDGE_CURVE('',#7751,#7727,#7753,.T.);
#7751 = VERTEX_POINT('',#7752);
#7752 = CARTESIAN_POINT('',(58.838283302811,52.102078190939,26.));
#7753 = B_SPLINE_CURVE_WITH_KNOTS('',2,(#7754,#7755,#7756),
  .UNSPECIFIED.,.F.,.F.,(3,3),(0.,1.),.PIECEWISE_BEZIER_KNOTS.);
#7754 = CARTESIAN_POINT('',(58.838283302811,52.102078190939,26.));
#7755 = CARTESIAN_POINT('',(58.978421848873,52.102078190939,26.));
#7756 = CARTESIAN_POINT('',(59.003901584521,51.961939644876,26.));
#7757 = ORIENTED_EDGE('',*,*,#7758,.T.);
#7758 = EDGE_CURVE('',#7751,#3179,#7759,.T.);
#7759 = LINE('',#7760,#7761);
#7760 = CARTESIAN_POINT('',(58.838283302811,52.102078190939,26.));
#7761 = VECTOR('',#7762,1.);
#7762 = DIRECTION('',(0.,0.,1.));
#7763 = ORIENTED_EDGE('',*,*,#3188,.F.);
#7764 = ORIENTED_EDGE('',*,*,#7733,.F.);
#7765 = SURFACE_OF_LINEAR_EXTRUSION('',#7766,#7770);
#7766 = B_SPLINE_CURVE_WITH_KNOTS('',2,(#7767,#7768,#7769),
  .UNSPECIFIED.,.F.,.F.,(3,3),(0.,1.),.PIECEWISE_BEZIER_KNOTS.);
#7767 = CARTESIAN_POINT('',(58.838283302811,52.102078190939,26.));
#7768 = CARTESIAN_POINT('',(58.978421848873,52.102078190939,26.));
#7769 = CARTESIAN_POINT('',(59.003901584521,51.961939644876,26.));
#7770 = VECTOR('',#7771,1.);
#7771 = DIRECTION('',(-0.,-0.,-1.));
#7772 = ADVANCED_FACE('',(#7773),#7790,.F.);
#7773 = FACE_BOUND('',#7774,.F.);
#7774 = EDGE_LOOP('',(#7775,#7782,#7788,#7789));
#7775 = ORIENTED_EDGE('',*,*,#7776,.F.);
#7776 = EDGE_CURVE('',#7777,#7751,#7779,.T.);
#7777 = VERTEX_POINT('',#7778);
#7778 = CARTESIAN_POINT('',(57.207580221355,52.102078190939,26.));
#7779 = B_SPLINE_CURVE_WITH_KNOTS('',1,(#7780,#7781),.UNSPECIFIED.,.F.,
  .F.,(2,2),(0.,12.8),.PIECEWISE_BEZIER_KNOTS.);
#7780 = CARTESIAN_POINT('',(57.207580221355,52.102078190939,26.));
#7781 = CARTESIAN_POINT('',(58.838283302811,52.102078190939,26.));
#7782 = ORIENTED_EDGE('',*,*,#7783,.T.);
#7783 = EDGE_CURVE('',#7777,#3164,#7784,.T.);
#7784 = LINE('',#7785,#7786);
#7785 = CARTESIAN_POINT('',(57.207580221355,52.102078190939,26.));
#7786 = VECTOR('',#7787,1.);
#7787 = DIRECTION('',(0.,0.,1.));
#7788 = ORIENTED_EDGE('',*,*,#3178,.F.);
#7789 = ORIENTED_EDGE('',*,*,#7758,.F.);
#7790 = SURFACE_OF_LINEAR_EXTRUSION('',#7791,#7794);
#7791 = B_SPLINE_CURVE_WITH_KNOTS('',1,(#7792,#7793),.UNSPECIFIED.,.F.,
  .F.,(2,2),(0.,12.8),.PIECEWISE_BEZIER_KNOTS.);
#7792 = CARTESIAN_POINT('',(57.207580221355,52.102078190939,26.));
#7793 = CARTESIAN_POINT('',(58.838283302811,52.102078190939,26.));
#7794 = VECTOR('',#7795,1.);
#7795 = DIRECTION('',(-0.,-0.,-1.));
#7796 = ADVANCED_FACE('',(#7797),#7815,.F.);
#7797 = FACE_BOUND('',#7798,.F.);
#7798 = EDGE_LOOP('',(#7799,#7807,#7813,#7814));
#7799 = ORIENTED_EDGE('',*,*,#7800,.F.);
#7800 = EDGE_CURVE('',#7801,#7777,#7803,.T.);
#7801 = VERTEX_POINT('',#7802);
#7802 = CARTESIAN_POINT('',(57.067441675293,51.987419380524,26.));
#7803 = B_SPLINE_CURVE_WITH_KNOTS('',2,(#7804,#7805,#7806),
  .UNSPECIFIED.,.F.,.F.,(3,3),(0.,1.),.PIECEWISE_BEZIER_KNOTS.);
#7804 = CARTESIAN_POINT('',(57.067441675293,51.987419380524,26.));
#7805 = CARTESIAN_POINT('',(57.067441675293,52.102078190939,26.));
#7806 = CARTESIAN_POINT('',(57.207580221355,52.102078190939,26.));
#7807 = ORIENTED_EDGE('',*,*,#7808,.T.);
#7808 = EDGE_CURVE('',#7801,#3154,#7809,.T.);
#7809 = LINE('',#7810,#7811);
#7810 = CARTESIAN_POINT('',(57.067441675293,51.987419380524,26.));
#7811 = VECTOR('',#7812,1.);
#7812 = DIRECTION('',(0.,0.,1.));
#7813 = ORIENTED_EDGE('',*,*,#3163,.F.);
#7814 = ORIENTED_EDGE('',*,*,#7783,.F.);
#7815 = SURFACE_OF_LINEAR_EXTRUSION('',#7816,#7820);
#7816 = B_SPLINE_CURVE_WITH_KNOTS('',2,(#7817,#7818,#7819),
  .UNSPECIFIED.,.F.,.F.,(3,3),(0.,1.),.PIECEWISE_BEZIER_KNOTS.);
#7817 = CARTESIAN_POINT('',(57.067441675293,51.987419380524,26.));
#7818 = CARTESIAN_POINT('',(57.067441675293,52.102078190939,26.));
#7819 = CARTESIAN_POINT('',(57.207580221355,52.102078190939,26.));
#7820 = VECTOR('',#7821,1.);
#7821 = DIRECTION('',(-0.,-0.,-1.));
#7822 = ADVANCED_FACE('',(#7823),#7833,.F.);
#7823 = FACE_BOUND('',#7824,.F.);
#7824 = EDGE_LOOP('',(#7825,#7830,#7831,#7832));
#7825 = ORIENTED_EDGE('',*,*,#7826,.F.);
#7826 = EDGE_CURVE('',#7446,#7801,#7827,.T.);
#7827 = B_SPLINE_CURVE_WITH_KNOTS('',1,(#7828,#7829),.UNSPECIFIED.,.F.,
  .F.,(2,2),(0.,0.412310562562),.PIECEWISE_BEZIER_KNOTS.);
#7828 = CARTESIAN_POINT('',(57.080181543116,51.936459909228,26.));
#7829 = CARTESIAN_POINT('',(57.067441675293,51.987419380524,26.));
#7830 = ORIENTED_EDGE('',*,*,#7459,.T.);
#7831 = ORIENTED_EDGE('',*,*,#3153,.F.);
#7832 = ORIENTED_EDGE('',*,*,#7808,.F.);
#7833 = SURFACE_OF_LINEAR_EXTRUSION('',#7834,#7837);
#7834 = B_SPLINE_CURVE_WITH_KNOTS('',1,(#7835,#7836),.UNSPECIFIED.,.F.,
  .F.,(2,2),(0.,0.412310562562),.PIECEWISE_BEZIER_KNOTS.);
#7835 = CARTESIAN_POINT('',(57.080181543116,51.936459909228,26.));
#7836 = CARTESIAN_POINT('',(57.067441675293,51.987419380524,26.));
#7837 = VECTOR('',#7838,1.);
#7838 = DIRECTION('',(-0.,-0.,-1.));
#7839 = ADVANCED_FACE('',(#7840),#7864,.F.);
#7840 = FACE_BOUND('',#7841,.F.);
#7841 = EDGE_LOOP('',(#7842,#7851,#7857,#7858));
#7842 = ORIENTED_EDGE('',*,*,#7843,.F.);
#7843 = EDGE_CURVE('',#7844,#7846,#7848,.T.);
#7844 = VERTEX_POINT('',#7845);
#7845 = CARTESIAN_POINT('',(68.469623377657,48.878891631499,26.));
#7846 = VERTEX_POINT('',#7847);
#7847 = CARTESIAN_POINT('',(68.456883509834,48.382036786368,26.));
#7848 = B_SPLINE_CURVE_WITH_KNOTS('',1,(#7849,#7850),.UNSPECIFIED.,.F.,
  .F.,(2,2),(0.,3.901281840626),.PIECEWISE_BEZIER_KNOTS.);
#7849 = CARTESIAN_POINT('',(68.469623377657,48.878891631499,26.));
#7850 = CARTESIAN_POINT('',(68.456883509834,48.382036786368,26.));
#7851 = ORIENTED_EDGE('',*,*,#7852,.T.);
#7852 = EDGE_CURVE('',#7844,#3339,#7853,.T.);
#7853 = LINE('',#7854,#7855);
#7854 = CARTESIAN_POINT('',(68.469623377657,48.878891631499,26.));
#7855 = VECTOR('',#7856,1.);
#7856 = DIRECTION('',(0.,0.,1.));
#7857 = ORIENTED_EDGE('',*,*,#3336,.F.);
#7858 = ORIENTED_EDGE('',*,*,#7859,.F.);
#7859 = EDGE_CURVE('',#7846,#3337,#7860,.T.);
#7860 = LINE('',#7861,#7862);
#7861 = CARTESIAN_POINT('',(68.456883509834,48.382036786368,26.));
#7862 = VECTOR('',#7863,1.);
#7863 = DIRECTION('',(0.,0.,1.));
#7864 = SURFACE_OF_LINEAR_EXTRUSION('',#7865,#7868);
#7865 = B_SPLINE_CURVE_WITH_KNOTS('',1,(#7866,#7867),.UNSPECIFIED.,.F.,
  .F.,(2,2),(0.,3.901281840626),.PIECEWISE_BEZIER_KNOTS.);
#7866 = CARTESIAN_POINT('',(68.469623377657,48.878891631499,26.));
#7867 = CARTESIAN_POINT('',(68.456883509834,48.382036786368,26.));
#7868 = VECTOR('',#7869,1.);
#7869 = DIRECTION('',(-0.,-0.,-1.));
#7870 = ADVANCED_FACE('',(#7871),#7889,.F.);
#7871 = FACE_BOUND('',#7872,.F.);
#7872 = EDGE_LOOP('',(#7873,#7881,#7887,#7888));
#7873 = ORIENTED_EDGE('',*,*,#7874,.F.);
#7874 = EDGE_CURVE('',#7875,#7844,#7877,.T.);
#7875 = VERTEX_POINT('',#7876);
#7876 = CARTESIAN_POINT('',(68.431403774186,49.808901982642,26.));
#7877 = B_SPLINE_CURVE_WITH_KNOTS('',2,(#7878,#7879,#7880),
  .UNSPECIFIED.,.F.,.F.,(3,3),(0.,1.),.PIECEWISE_BEZIER_KNOTS.);
#7878 = CARTESIAN_POINT('',(68.431403774186,49.808901982642,26.));
#7879 = CARTESIAN_POINT('',(68.469623377657,49.388486344454,26.));
#7880 = CARTESIAN_POINT('',(68.469623377657,48.878891631499,26.));
#7881 = ORIENTED_EDGE('',*,*,#7882,.T.);
#7882 = EDGE_CURVE('',#7875,#3678,#7883,.T.);
#7883 = LINE('',#7884,#7885);
#7884 = CARTESIAN_POINT('',(68.431403774186,49.808901982642,26.));
#7885 = VECTOR('',#7886,1.);
#7886 = DIRECTION('',(0.,0.,1.));
#7887 = ORIENTED_EDGE('',*,*,#3696,.F.);
#7888 = ORIENTED_EDGE('',*,*,#7852,.F.);
#7889 = SURFACE_OF_LINEAR_EXTRUSION('',#7890,#7894);
#7890 = B_SPLINE_CURVE_WITH_KNOTS('',2,(#7891,#7892,#7893),
  .UNSPECIFIED.,.F.,.F.,(3,3),(0.,1.),.PIECEWISE_BEZIER_KNOTS.);
#7891 = CARTESIAN_POINT('',(68.431403774186,49.808901982642,26.));
#7892 = CARTESIAN_POINT('',(68.469623377657,49.388486344454,26.));
#7893 = CARTESIAN_POINT('',(68.469623377657,48.878891631499,26.));
#7894 = VECTOR('',#7895,1.);
#7895 = DIRECTION('',(-0.,-0.,-1.));
#7896 = ADVANCED_FACE('',(#7897),#7915,.F.);
#7897 = FACE_BOUND('',#7898,.F.);
#7898 = EDGE_LOOP('',(#7899,#7907,#7913,#7914));
#7899 = ORIENTED_EDGE('',*,*,#7900,.F.);
#7900 = EDGE_CURVE('',#7901,#7875,#7903,.T.);
#7901 = VERTEX_POINT('',#7902);
#7902 = CARTESIAN_POINT('',(67.628792101282,51.535154072776,26.));
#7903 = B_SPLINE_CURVE_WITH_KNOTS('',2,(#7904,#7905,#7906),
  .UNSPECIFIED.,.F.,.F.,(3,3),(0.,1.),.PIECEWISE_BEZIER_KNOTS.);
#7904 = CARTESIAN_POINT('',(67.628792101282,51.535154072776,26.));
#7905 = CARTESIAN_POINT('',(68.354964567243,50.879050879847,26.));
#7906 = CARTESIAN_POINT('',(68.431403774186,49.808901982642,26.));
#7907 = ORIENTED_EDGE('',*,*,#7908,.T.);
#7908 = EDGE_CURVE('',#7901,#3655,#7909,.T.);
#7909 = LINE('',#7910,#7911);
#7910 = CARTESIAN_POINT('',(67.628792101282,51.535154072776,26.));
#7911 = VECTOR('',#7912,1.);
#7912 = DIRECTION('',(0.,0.,1.));
#7913 = ORIENTED_EDGE('',*,*,#3677,.F.);
#7914 = ORIENTED_EDGE('',*,*,#7882,.F.);
#7915 = SURFACE_OF_LINEAR_EXTRUSION('',#7916,#7920);
#7916 = B_SPLINE_CURVE_WITH_KNOTS('',2,(#7917,#7918,#7919),
  .UNSPECIFIED.,.F.,.F.,(3,3),(0.,1.),.PIECEWISE_BEZIER_KNOTS.);
#7917 = CARTESIAN_POINT('',(67.628792101282,51.535154072776,26.));
#7918 = CARTESIAN_POINT('',(68.354964567243,50.879050879847,26.));
#7919 = CARTESIAN_POINT('',(68.431403774186,49.808901982642,26.));
#7920 = VECTOR('',#7921,1.);
#7921 = DIRECTION('',(-0.,-0.,-1.));
#7922 = ADVANCED_FACE('',(#7923),#7941,.F.);
#7923 = FACE_BOUND('',#7924,.F.);
#7924 = EDGE_LOOP('',(#7925,#7933,#7939,#7940));
#7925 = ORIENTED_EDGE('',*,*,#7926,.F.);
#7926 = EDGE_CURVE('',#7927,#7901,#7929,.T.);
#7927 = VERTEX_POINT('',#7928);
#7928 = CARTESIAN_POINT('',(65.743291663349,52.191257265706,26.));
#7929 = B_SPLINE_CURVE_WITH_KNOTS('',2,(#7930,#7931,#7932),
  .UNSPECIFIED.,.F.,.F.,(3,3),(0.,1.),.PIECEWISE_BEZIER_KNOTS.);
#7930 = CARTESIAN_POINT('',(65.743291663349,52.191257265706,26.));
#7931 = CARTESIAN_POINT('',(66.902619635321,52.191257265706,26.));
#7932 = CARTESIAN_POINT('',(67.628792101282,51.535154072776,26.));
#7933 = ORIENTED_EDGE('',*,*,#7934,.T.);
#7934 = EDGE_CURVE('',#7927,#3632,#7935,.T.);
#7935 = LINE('',#7936,#7937);
#7936 = CARTESIAN_POINT('',(65.743291663349,52.191257265706,26.));
#7937 = VECTOR('',#7938,1.);
#7938 = DIRECTION('',(0.,0.,1.));
#7939 = ORIENTED_EDGE('',*,*,#3654,.F.);
#7940 = ORIENTED_EDGE('',*,*,#7908,.F.);
#7941 = SURFACE_OF_LINEAR_EXTRUSION('',#7942,#7946);
#7942 = B_SPLINE_CURVE_WITH_KNOTS('',2,(#7943,#7944,#7945),
  .UNSPECIFIED.,.F.,.F.,(3,3),(0.,1.),.PIECEWISE_BEZIER_KNOTS.);
#7943 = CARTESIAN_POINT('',(65.743291663349,52.191257265706,26.));
#7944 = CARTESIAN_POINT('',(66.902619635321,52.191257265706,26.));
#7945 = CARTESIAN_POINT('',(67.628792101282,51.535154072776,26.));
#7946 = VECTOR('',#7947,1.);
#7947 = DIRECTION('',(-0.,-0.,-1.));
#7948 = ADVANCED_FACE('',(#7949),#7967,.F.);
#7949 = FACE_BOUND('',#7950,.F.);
#7950 = EDGE_LOOP('',(#7951,#7959,#7965,#7966));
#7951 = ORIENTED_EDGE('',*,*,#7952,.F.);
#7952 = EDGE_CURVE('',#7953,#7927,#7955,.T.);
#7953 = VERTEX_POINT('',#7954);
#7954 = CARTESIAN_POINT('',(63.972450035831,51.61159327972,26.));
#7955 = B_SPLINE_CURVE_WITH_KNOTS('',2,(#7956,#7957,#7958),
  .UNSPECIFIED.,.F.,.F.,(3,3),(0.,1.),.PIECEWISE_BEZIER_KNOTS.);
#7956 = CARTESIAN_POINT('',(63.972450035831,51.61159327972,26.));
#7957 = CARTESIAN_POINT('',(64.673142766144,52.191257265706,26.));
#7958 = CARTESIAN_POINT('',(65.743291663349,52.191257265706,26.));
#7959 = ORIENTED_EDGE('',*,*,#7960,.T.);
#7960 = EDGE_CURVE('',#7953,#3613,#7961,.T.);
#7961 = LINE('',#7962,#7963);
#7962 = CARTESIAN_POINT('',(63.972450035831,51.61159327972,26.));
#7963 = VECTOR('',#7964,1.);
#7964 = DIRECTION('',(0.,0.,1.));
#7965 = ORIENTED_EDGE('',*,*,#3631,.F.);
#7966 = ORIENTED_EDGE('',*,*,#7934,.F.);
#7967 = SURFACE_OF_LINEAR_EXTRUSION('',#7968,#7972);
#7968 = B_SPLINE_CURVE_WITH_KNOTS('',2,(#7969,#7970,#7971),
  .UNSPECIFIED.,.F.,.F.,(3,3),(0.,1.),.PIECEWISE_BEZIER_KNOTS.);
#7969 = CARTESIAN_POINT('',(63.972450035831,51.61159327972,26.));
#7970 = CARTESIAN_POINT('',(64.673142766144,52.191257265706,26.));
#7971 = CARTESIAN_POINT('',(65.743291663349,52.191257265706,26.));
#7972 = VECTOR('',#7973,1.);
#7973 = DIRECTION('',(-0.,-0.,-1.));
#7974 = ADVANCED_FACE('',(#7975),#7993,.F.);
#7975 = FACE_BOUND('',#7976,.F.);
#7976 = EDGE_LOOP('',(#7977,#7985,#7991,#7992));
#7977 = ORIENTED_EDGE('',*,*,#7978,.F.);
#7978 = EDGE_CURVE('',#7979,#7953,#7981,.T.);
#7979 = VERTEX_POINT('',#7980);
#7980 = CARTESIAN_POINT('',(63.131618759455,50.063699339119,26.));
#7981 = B_SPLINE_CURVE_WITH_KNOTS('',2,(#7982,#7983,#7984),
  .UNSPECIFIED.,.F.,.F.,(3,3),(0.,1.),.PIECEWISE_BEZIER_KNOTS.);
#7982 = CARTESIAN_POINT('',(63.131618759455,50.063699339119,26.));
#7983 = CARTESIAN_POINT('',(63.271757305518,51.031929293734,26.));
#7984 = CARTESIAN_POINT('',(63.972450035831,51.61159327972,26.));
#7985 = ORIENTED_EDGE('',*,*,#7986,.T.);
#7986 = EDGE_CURVE('',#7979,#3602,#7987,.T.);
#7987 = LINE('',#7988,#7989);
#7988 = CARTESIAN_POINT('',(63.131618759455,50.063699339119,26.));
#7989 = VECTOR('',#7990,1.);
#7990 = DIRECTION('',(0.,0.,1.));
#7991 = ORIENTED_EDGE('',*,*,#3612,.F.);
#7992 = ORIENTED_EDGE('',*,*,#7960,.F.);
#7993 = SURFACE_OF_LINEAR_EXTRUSION('',#7994,#7998);
#7994 = B_SPLINE_CURVE_WITH_KNOTS('',2,(#7995,#7996,#7997),
  .UNSPECIFIED.,.F.,.F.,(3,3),(0.,1.),.PIECEWISE_BEZIER_KNOTS.);
#7995 = CARTESIAN_POINT('',(63.131618759455,50.063699339119,26.));
#7996 = CARTESIAN_POINT('',(63.271757305518,51.031929293734,26.));
#7997 = CARTESIAN_POINT('',(63.972450035831,51.61159327972,26.));
#7998 = VECTOR('',#7999,1.);
#7999 = DIRECTION('',(-0.,-0.,-1.));
#8000 = ADVANCED_FACE('',(#8001),#8019,.F.);
#8001 = FACE_BOUND('',#8002,.F.);
#8002 = EDGE_LOOP('',(#8003,#8011,#8017,#8018));
#8003 = ORIENTED_EDGE('',*,*,#8004,.F.);
#8004 = EDGE_CURVE('',#8005,#7979,#8007,.T.);
#8005 = VERTEX_POINT('',#8006);
#8006 = CARTESIAN_POINT('',(63.055179552512,49.031770045386,26.));
#8007 = B_SPLINE_CURVE_WITH_KNOTS('',2,(#8008,#8009,#8010),
  .UNSPECIFIED.,.F.,.F.,(3,3),(0.,1.),.PIECEWISE_BEZIER_KNOTS.);
#8008 = CARTESIAN_POINT('',(63.055179552512,49.031770045386,26.));
#8009 = CARTESIAN_POINT('',(63.055179552512,49.643283700932,26.));
#8010 = CARTESIAN_POINT('',(63.131618759455,50.063699339119,26.));
#8011 = ORIENTED_EDGE('',*,*,#8012,.T.);
#8012 = EDGE_CURVE('',#8005,#3581,#8013,.T.);
#8013 = LINE('',#8014,#8015);
#8014 = CARTESIAN_POINT('',(63.055179552512,49.031770045386,26.));
#8015 = VECTOR('',#8016,1.);
#8016 = DIRECTION('',(0.,0.,1.));
#8017 = ORIENTED_EDGE('',*,*,#3601,.F.);
#8018 = ORIENTED_EDGE('',*,*,#7986,.F.);
#8019 = SURFACE_OF_LINEAR_EXTRUSION('',#8020,#8024);
#8020 = B_SPLINE_CURVE_WITH_KNOTS('',2,(#8021,#8022,#8023),
  .UNSPECIFIED.,.F.,.F.,(3,3),(0.,1.),.PIECEWISE_BEZIER_KNOTS.);
#8021 = CARTESIAN_POINT('',(63.055179552512,49.031770045386,26.));
#8022 = CARTESIAN_POINT('',(63.055179552512,49.643283700932,26.));
#8023 = CARTESIAN_POINT('',(63.131618759455,50.063699339119,26.));
#8024 = VECTOR('',#8025,1.);
#8025 = DIRECTION('',(-0.,-0.,-1.));
#8026 = ADVANCED_FACE('',(#8027),#8045,.F.);
#8027 = FACE_BOUND('',#8028,.F.);
#8028 = EDGE_LOOP('',(#8029,#8037,#8043,#8044));
#8029 = ORIENTED_EDGE('',*,*,#8030,.F.);
#8030 = EDGE_CURVE('',#8031,#8005,#8033,.T.);
#8031 = VERTEX_POINT('',#8032);
#8032 = CARTESIAN_POINT('',(63.169838362927,47.439286567402,26.));
#8033 = B_SPLINE_CURVE_WITH_KNOTS('',2,(#8034,#8035,#8036),
  .UNSPECIFIED.,.F.,.F.,(3,3),(0.,1.),.PIECEWISE_BEZIER_KNOTS.);
#8034 = CARTESIAN_POINT('',(63.169838362927,47.439286567402,26.));
#8035 = CARTESIAN_POINT('',(63.055179552512,47.961621148181,26.));
#8036 = CARTESIAN_POINT('',(63.055179552512,49.031770045386,26.));
#8037 = ORIENTED_EDGE('',*,*,#8038,.T.);
#8038 = EDGE_CURVE('',#8031,#3558,#8039,.T.);
#8039 = LINE('',#8040,#8041);
#8040 = CARTESIAN_POINT('',(63.169838362927,47.439286567402,26.));
#8041 = VECTOR('',#8042,1.);
#8042 = DIRECTION('',(0.,0.,1.));
#8043 = ORIENTED_EDGE('',*,*,#3580,.F.);
#8044 = ORIENTED_EDGE('',*,*,#8012,.F.);
#8045 = SURFACE_OF_LINEAR_EXTRUSION('',#8046,#8050);
#8046 = B_SPLINE_CURVE_WITH_KNOTS('',2,(#8047,#8048,#8049),
  .UNSPECIFIED.,.F.,.F.,(3,3),(0.,1.),.PIECEWISE_BEZIER_KNOTS.);
#8047 = CARTESIAN_POINT('',(63.169838362927,47.439286567402,26.));
#8048 = CARTESIAN_POINT('',(63.055179552512,47.961621148181,26.));
#8049 = CARTESIAN_POINT('',(63.055179552512,49.031770045386,26.));
#8050 = VECTOR('',#8051,1.);
#8051 = DIRECTION('',(-0.,-0.,-1.));
#8052 = ADVANCED_FACE('',(#8053),#8071,.F.);
#8053 = FACE_BOUND('',#8054,.F.);
#8054 = EDGE_LOOP('',(#8055,#8063,#8069,#8070));
#8055 = ORIENTED_EDGE('',*,*,#8056,.F.);
#8056 = EDGE_CURVE('',#8057,#8031,#8059,.T.);
#8057 = VERTEX_POINT('',#8058);
#8058 = CARTESIAN_POINT('',(64.042519308862,45.955091965921,26.));
#8059 = B_SPLINE_CURVE_WITH_KNOTS('',2,(#8060,#8061,#8062),
  .UNSPECIFIED.,.F.,.F.,(3,3),(0.,1.),.PIECEWISE_BEZIER_KNOTS.);
#8060 = CARTESIAN_POINT('',(64.042519308862,45.955091965921,26.));
#8061 = CARTESIAN_POINT('',(63.373676248109,46.471056612788,26.));
#8062 = CARTESIAN_POINT('',(63.169838362927,47.439286567402,26.));
#8063 = ORIENTED_EDGE('',*,*,#8064,.T.);
#8064 = EDGE_CURVE('',#8057,#3536,#8065,.T.);
#8065 = LINE('',#8066,#8067);
#8066 = CARTESIAN_POINT('',(64.042519308862,45.955091965921,26.));
#8067 = VECTOR('',#8068,1.);
#8068 = DIRECTION('',(0.,0.,1.));
#8069 = ORIENTED_EDGE('',*,*,#3557,.F.);
#8070 = ORIENTED_EDGE('',*,*,#8038,.F.);
#8071 = SURFACE_OF_LINEAR_EXTRUSION('',#8072,#8076);
#8072 = B_SPLINE_CURVE_WITH_KNOTS('',2,(#8073,#8074,#8075),
  .UNSPECIFIED.,.F.,.F.,(3,3),(0.,1.),.PIECEWISE_BEZIER_KNOTS.);
#8073 = CARTESIAN_POINT('',(64.042519308862,45.955091965921,26.));
#8074 = CARTESIAN_POINT('',(63.373676248109,46.471056612788,26.));
#8075 = CARTESIAN_POINT('',(63.169838362927,47.439286567402,26.));
#8076 = VECTOR('',#8077,1.);
#8077 = DIRECTION('',(-0.,-0.,-1.));
#8078 = ADVANCED_FACE('',(#8079),#8097,.F.);
#8079 = FACE_BOUND('',#8080,.F.);
#8080 = EDGE_LOOP('',(#8081,#8089,#8095,#8096));
#8081 = ORIENTED_EDGE('',*,*,#8082,.F.);
#8082 = EDGE_CURVE('',#8083,#8057,#8085,.T.);
#8083 = VERTEX_POINT('',#8084);
#8084 = CARTESIAN_POINT('',(65.84521060594,45.439127319054,26.));
#8085 = B_SPLINE_CURVE_WITH_KNOTS('',2,(#8086,#8087,#8088),
  .UNSPECIFIED.,.F.,.F.,(3,3),(0.,1.),.PIECEWISE_BEZIER_KNOTS.);
#8086 = CARTESIAN_POINT('',(65.84521060594,45.439127319054,26.));
#8087 = CARTESIAN_POINT('',(64.711362369615,45.439127319054,26.));
#8088 = CARTESIAN_POINT('',(64.042519308862,45.955091965921,26.));
#8089 = ORIENTED_EDGE('',*,*,#8090,.T.);
#8090 = EDGE_CURVE('',#8083,#3514,#8091,.T.);
#8091 = LINE('',#8092,#8093);
#8092 = CARTESIAN_POINT('',(65.84521060594,45.439127319054,26.));
#8093 = VECTOR('',#8094,1.);
#8094 = DIRECTION('',(0.,0.,1.));
#8095 = ORIENTED_EDGE('',*,*,#3535,.F.);
#8096 = ORIENTED_EDGE('',*,*,#8064,.F.);
#8097 = SURFACE_OF_LINEAR_EXTRUSION('',#8098,#8102);
#8098 = B_SPLINE_CURVE_WITH_KNOTS('',2,(#8099,#8100,#8101),
  .UNSPECIFIED.,.F.,.F.,(3,3),(0.,1.),.PIECEWISE_BEZIER_KNOTS.);
#8099 = CARTESIAN_POINT('',(65.84521060594,45.439127319054,26.));
#8100 = CARTESIAN_POINT('',(64.711362369615,45.439127319054,26.));
#8101 = CARTESIAN_POINT('',(64.042519308862,45.955091965921,26.));
#8102 = VECTOR('',#8103,1.);
#8103 = DIRECTION('',(-0.,-0.,-1.));
#8104 = ADVANCED_FACE('',(#8105),#8123,.F.);
#8105 = FACE_BOUND('',#8106,.F.);
#8106 = EDGE_LOOP('',(#8107,#8115,#8121,#8122));
#8107 = ORIENTED_EDGE('',*,*,#8108,.F.);
#8108 = EDGE_CURVE('',#8109,#8083,#8111,.T.);
#8109 = VERTEX_POINT('',#8110);
#8110 = CARTESIAN_POINT('',(67.431324150012,45.891392626801,26.));
#8111 = B_SPLINE_CURVE_WITH_KNOTS('',2,(#8112,#8113,#8114),
  .UNSPECIFIED.,.F.,.F.,(3,3),(0.,1.),.PIECEWISE_BEZIER_KNOTS.);
#8112 = CARTESIAN_POINT('',(67.431324150012,45.891392626801,26.));
#8113 = CARTESIAN_POINT('',(66.787960824906,45.439127319054,26.));
#8114 = CARTESIAN_POINT('',(65.84521060594,45.439127319054,26.));
#8115 = ORIENTED_EDGE('',*,*,#8116,.T.);
#8116 = EDGE_CURVE('',#8109,#3492,#8117,.T.);
#8117 = LINE('',#8118,#8119);
#8118 = CARTESIAN_POINT('',(67.431324150012,45.891392626801,26.));
#8119 = VECTOR('',#8120,1.);
#8120 = DIRECTION('',(0.,0.,1.));
#8121 = ORIENTED_EDGE('',*,*,#3513,.F.);
#8122 = ORIENTED_EDGE('',*,*,#8090,.F.);
#8123 = SURFACE_OF_LINEAR_EXTRUSION('',#8124,#8128);
#8124 = B_SPLINE_CURVE_WITH_KNOTS('',2,(#8125,#8126,#8127),
  .UNSPECIFIED.,.F.,.F.,(3,3),(0.,1.),.PIECEWISE_BEZIER_KNOTS.);
#8125 = CARTESIAN_POINT('',(67.431324150012,45.891392626801,26.));
#8126 = CARTESIAN_POINT('',(66.787960824906,45.439127319054,26.));
#8127 = CARTESIAN_POINT('',(65.84521060594,45.439127319054,26.));
#8128 = VECTOR('',#8129,1.);
#8129 = DIRECTION('',(-0.,-0.,-1.));
#8130 = ADVANCED_FACE('',(#8131),#8149,.F.);
#8131 = FACE_BOUND('',#8132,.F.);
#8132 = EDGE_LOOP('',(#8133,#8141,#8147,#8148));
#8133 = ORIENTED_EDGE('',*,*,#8134,.F.);
#8134 = EDGE_CURVE('',#8135,#8109,#8137,.T.);
#8135 = VERTEX_POINT('',#8136);
#8136 = CARTESIAN_POINT('',(68.354964567243,47.184489210924,26.));
#8137 = B_SPLINE_CURVE_WITH_KNOTS('',2,(#8138,#8139,#8140),
  .UNSPECIFIED.,.F.,.F.,(3,3),(0.,1.),.PIECEWISE_BEZIER_KNOTS.);
#8138 = CARTESIAN_POINT('',(68.354964567243,47.184489210924,26.));
#8139 = CARTESIAN_POINT('',(68.074687475117,46.343657934549,26.));
#8140 = CARTESIAN_POINT('',(67.431324150012,45.891392626801,26.));
#8141 = ORIENTED_EDGE('',*,*,#8142,.T.);
#8142 = EDGE_CURVE('',#8135,#3477,#8143,.T.);
#8143 = LINE('',#8144,#8145);
#8144 = CARTESIAN_POINT('',(68.354964567243,47.184489210924,26.));
#8145 = VECTOR('',#8146,1.);
#8146 = DIRECTION('',(0.,0.,1.));
#8147 = ORIENTED_EDGE('',*,*,#3491,.F.);
#8148 = ORIENTED_EDGE('',*,*,#8116,.F.);
#8149 = SURFACE_OF_LINEAR_EXTRUSION('',#8150,#8154);
#8150 = B_SPLINE_CURVE_WITH_KNOTS('',2,(#8151,#8152,#8153),
  .UNSPECIFIED.,.F.,.F.,(3,3),(0.,1.),.PIECEWISE_BEZIER_KNOTS.);
#8151 = CARTESIAN_POINT('',(68.354964567243,47.184489210924,26.));
#8152 = CARTESIAN_POINT('',(68.074687475117,46.343657934549,26.));
#8153 = CARTESIAN_POINT('',(67.431324150012,45.891392626801,26.));
#8154 = VECTOR('',#8155,1.);
#8155 = DIRECTION('',(-0.,-0.,-1.));
#8156 = ADVANCED_FACE('',(#8157),#8175,.F.);
#8157 = FACE_BOUND('',#8158,.F.);
#8158 = EDGE_LOOP('',(#8159,#8167,#8173,#8174));
#8159 = ORIENTED_EDGE('',*,*,#8160,.F.);
#8160 = EDGE_CURVE('',#8161,#8135,#8163,.T.);
#8161 = VERTEX_POINT('',#8162);
#8162 = CARTESIAN_POINT('',(68.253045624652,47.375587228283,26.));
#8163 = B_SPLINE_CURVE_WITH_KNOTS('',2,(#8164,#8165,#8166),
  .UNSPECIFIED.,.F.,.F.,(3,3),(0.,1.),.PIECEWISE_BEZIER_KNOTS.);
#8164 = CARTESIAN_POINT('',(68.253045624652,47.375587228283,26.));
#8165 = CARTESIAN_POINT('',(68.405924038538,47.337367624811,26.));
#8166 = CARTESIAN_POINT('',(68.354964567243,47.184489210924,26.));
#8167 = ORIENTED_EDGE('',*,*,#8168,.T.);
#8168 = EDGE_CURVE('',#8161,#3467,#8169,.T.);
#8169 = LINE('',#8170,#8171);
#8170 = CARTESIAN_POINT('',(68.253045624652,47.375587228283,26.));
#8171 = VECTOR('',#8172,1.);
#8172 = DIRECTION('',(0.,0.,1.));
#8173 = ORIENTED_EDGE('',*,*,#3476,.F.);
#8174 = ORIENTED_EDGE('',*,*,#8142,.F.);
#8175 = SURFACE_OF_LINEAR_EXTRUSION('',#8176,#8180);
#8176 = B_SPLINE_CURVE_WITH_KNOTS('',2,(#8177,#8178,#8179),
  .UNSPECIFIED.,.F.,.F.,(3,3),(0.,1.),.PIECEWISE_BEZIER_KNOTS.);
#8177 = CARTESIAN_POINT('',(68.253045624652,47.375587228283,26.));
#8178 = CARTESIAN_POINT('',(68.405924038538,47.337367624811,26.));
#8179 = CARTESIAN_POINT('',(68.354964567243,47.184489210924,26.));
#8180 = VECTOR('',#8181,1.);
#8181 = DIRECTION('',(-0.,-0.,-1.));
#8182 = ADVANCED_FACE('',(#8183),#8200,.F.);
#8183 = FACE_BOUND('',#8184,.F.);
#8184 = EDGE_LOOP('',(#8185,#8192,#8198,#8199));
#8185 = ORIENTED_EDGE('',*,*,#8186,.F.);
#8186 = EDGE_CURVE('',#8187,#8161,#8189,.T.);
#8187 = VERTEX_POINT('',#8188);
#8188 = CARTESIAN_POINT('',(66.902619635321,47.643124452584,26.));
#8189 = B_SPLINE_CURVE_WITH_KNOTS('',1,(#8190,#8191),.UNSPECIFIED.,.F.,
  .F.,(2,2),(0.,10.806016842482),.PIECEWISE_BEZIER_KNOTS.);
#8190 = CARTESIAN_POINT('',(66.902619635321,47.643124452584,26.));
#8191 = CARTESIAN_POINT('',(68.253045624652,47.375587228283,26.));
#8192 = ORIENTED_EDGE('',*,*,#8193,.T.);
#8193 = EDGE_CURVE('',#8187,#3452,#8194,.T.);
#8194 = LINE('',#8195,#8196);
#8195 = CARTESIAN_POINT('',(66.902619635321,47.643124452584,26.));
#8196 = VECTOR('',#8197,1.);
#8197 = DIRECTION('',(0.,0.,1.));
#8198 = ORIENTED_EDGE('',*,*,#3466,.F.);
#8199 = ORIENTED_EDGE('',*,*,#8168,.F.);
#8200 = SURFACE_OF_LINEAR_EXTRUSION('',#8201,#8204);
#8201 = B_SPLINE_CURVE_WITH_KNOTS('',1,(#8202,#8203),.UNSPECIFIED.,.F.,
  .F.,(2,2),(0.,10.806016842482),.PIECEWISE_BEZIER_KNOTS.);
#8202 = CARTESIAN_POINT('',(66.902619635321,47.643124452584,26.));
#8203 = CARTESIAN_POINT('',(68.253045624652,47.375587228283,26.));
#8204 = VECTOR('',#8205,1.);
#8205 = DIRECTION('',(-0.,-0.,-1.));
#8206 = ADVANCED_FACE('',(#8207),#8225,.F.);
#8207 = FACE_BOUND('',#8208,.F.);
#8208 = EDGE_LOOP('',(#8209,#8217,#8223,#8224));
#8209 = ORIENTED_EDGE('',*,*,#8210,.F.);
#8210 = EDGE_CURVE('',#8211,#8187,#8213,.T.);
#8211 = VERTEX_POINT('',#8212);
#8212 = CARTESIAN_POINT('',(66.711521617963,47.541205509993,26.));
#8213 = B_SPLINE_CURVE_WITH_KNOTS('',2,(#8214,#8215,#8216),
  .UNSPECIFIED.,.F.,.F.,(3,3),(0.,1.),.PIECEWISE_BEZIER_KNOTS.);
#8214 = CARTESIAN_POINT('',(66.711521617963,47.541205509993,26.));
#8215 = CARTESIAN_POINT('',(66.775220957083,47.668604188232,26.));
#8216 = CARTESIAN_POINT('',(66.902619635321,47.643124452584,26.));
#8217 = ORIENTED_EDGE('',*,*,#8218,.T.);
#8218 = EDGE_CURVE('',#8211,#3429,#8219,.T.);
#8219 = LINE('',#8220,#8221);
#8220 = CARTESIAN_POINT('',(66.711521617963,47.541205509993,26.));
#8221 = VECTOR('',#8222,1.);
#8222 = DIRECTION('',(0.,0.,1.));
#8223 = ORIENTED_EDGE('',*,*,#3451,.F.);
#8224 = ORIENTED_EDGE('',*,*,#8193,.F.);
#8225 = SURFACE_OF_LINEAR_EXTRUSION('',#8226,#8230);
#8226 = B_SPLINE_CURVE_WITH_KNOTS('',2,(#8227,#8228,#8229),
  .UNSPECIFIED.,.F.,.F.,(3,3),(0.,1.),.PIECEWISE_BEZIER_KNOTS.);
#8227 = CARTESIAN_POINT('',(66.711521617963,47.541205509993,26.));
#8228 = CARTESIAN_POINT('',(66.775220957083,47.668604188232,26.));
#8229 = CARTESIAN_POINT('',(66.902619635321,47.643124452584,26.));
#8230 = VECTOR('',#8231,1.);
#8231 = DIRECTION('',(-0.,-0.,-1.));
#8232 = ADVANCED_FACE('',(#8233),#8251,.F.);
#8233 = FACE_BOUND('',#8234,.F.);
#8234 = EDGE_LOOP('',(#8235,#8243,#8249,#8250));
#8235 = ORIENTED_EDGE('',*,*,#8236,.F.);
#8236 = EDGE_CURVE('',#8237,#8211,#8239,.T.);
#8237 = VERTEX_POINT('',#8238);
#8238 = CARTESIAN_POINT('',(65.84521060594,46.967911457919,26.));
#8239 = B_SPLINE_CURVE_WITH_KNOTS('',2,(#8240,#8241,#8242),
  .UNSPECIFIED.,.F.,.F.,(3,3),(0.,1.),.PIECEWISE_BEZIER_KNOTS.);
#8240 = CARTESIAN_POINT('',(65.84521060594,46.967911457919,26.));
#8241 = CARTESIAN_POINT('',(66.46946412931,46.980651325742,26.));
#8242 = CARTESIAN_POINT('',(66.711521617963,47.541205509993,26.));
#8243 = ORIENTED_EDGE('',*,*,#8244,.T.);
#8244 = EDGE_CURVE('',#8237,#3414,#8245,.T.);
#8245 = LINE('',#8246,#8247);
#8246 = CARTESIAN_POINT('',(65.84521060594,46.967911457919,26.));
#8247 = VECTOR('',#8248,1.);
#8248 = DIRECTION('',(0.,0.,1.));
#8249 = ORIENTED_EDGE('',*,*,#3428,.F.);
#8250 = ORIENTED_EDGE('',*,*,#8218,.F.);
#8251 = SURFACE_OF_LINEAR_EXTRUSION('',#8252,#8256);
#8252 = B_SPLINE_CURVE_WITH_KNOTS('',2,(#8253,#8254,#8255),
  .UNSPECIFIED.,.F.,.F.,(3,3),(0.,1.),.PIECEWISE_BEZIER_KNOTS.);
#8253 = CARTESIAN_POINT('',(65.84521060594,46.967911457919,26.));
#8254 = CARTESIAN_POINT('',(66.46946412931,46.980651325742,26.));
#8255 = CARTESIAN_POINT('',(66.711521617963,47.541205509993,26.));
#8256 = VECTOR('',#8257,1.);
#8257 = DIRECTION('',(-0.,-0.,-1.));
#8258 = ADVANCED_FACE('',(#8259),#8277,.F.);
#8259 = FACE_BOUND('',#8260,.F.);
#8260 = EDGE_LOOP('',(#8261,#8269,#8275,#8276));
#8261 = ORIENTED_EDGE('',*,*,#8262,.F.);
#8262 = EDGE_CURVE('',#8263,#8237,#8265,.T.);
#8263 = VERTEX_POINT('',#8264);
#8264 = CARTESIAN_POINT('',(65.227327016482,47.171749343101,26.));
#8265 = B_SPLINE_CURVE_WITH_KNOTS('',2,(#8266,#8267,#8268),
  .UNSPECIFIED.,.F.,.F.,(3,3),(0.,1.),.PIECEWISE_BEZIER_KNOTS.);
#8266 = CARTESIAN_POINT('',(65.227327016482,47.171749343101,26.));
#8267 = CARTESIAN_POINT('',(65.475754439048,46.967911457919,26.));
#8268 = CARTESIAN_POINT('',(65.84521060594,46.967911457919,26.));
#8269 = ORIENTED_EDGE('',*,*,#8270,.T.);
#8270 = EDGE_CURVE('',#8263,#3399,#8271,.T.);
#8271 = LINE('',#8272,#8273);
#8272 = CARTESIAN_POINT('',(65.227327016482,47.171749343101,26.));
#8273 = VECTOR('',#8274,1.);
#8274 = DIRECTION('',(0.,0.,1.));
#8275 = ORIENTED_EDGE('',*,*,#3413,.F.);
#8276 = ORIENTED_EDGE('',*,*,#8244,.F.);
#8277 = SURFACE_OF_LINEAR_EXTRUSION('',#8278,#8282);
#8278 = B_SPLINE_CURVE_WITH_KNOTS('',2,(#8279,#8280,#8281),
  .UNSPECIFIED.,.F.,.F.,(3,3),(0.,1.),.PIECEWISE_BEZIER_KNOTS.);
#8279 = CARTESIAN_POINT('',(65.227327016482,47.171749343101,26.));
#8280 = CARTESIAN_POINT('',(65.475754439048,46.967911457919,26.));
#8281 = CARTESIAN_POINT('',(65.84521060594,46.967911457919,26.));
#8282 = VECTOR('',#8283,1.);
#8283 = DIRECTION('',(-0.,-0.,-1.));
#8284 = ADVANCED_FACE('',(#8285),#8303,.F.);
#8285 = FACE_BOUND('',#8286,.F.);
#8286 = EDGE_LOOP('',(#8287,#8295,#8301,#8302));
#8287 = ORIENTED_EDGE('',*,*,#8288,.F.);
#8288 = EDGE_CURVE('',#8289,#8263,#8291,.T.);
#8289 = VERTEX_POINT('',#8290);
#8290 = CARTESIAN_POINT('',(64.915200254797,47.732303527351,26.));
#8291 = B_SPLINE_CURVE_WITH_KNOTS('',2,(#8292,#8293,#8294),
  .UNSPECIFIED.,.F.,.F.,(3,3),(0.,1.),.PIECEWISE_BEZIER_KNOTS.);
#8292 = CARTESIAN_POINT('',(64.915200254797,47.732303527351,26.));
#8293 = CARTESIAN_POINT('',(64.978899593917,47.375587228283,26.));
#8294 = CARTESIAN_POINT('',(65.227327016482,47.171749343101,26.));
#8295 = ORIENTED_EDGE('',*,*,#8296,.T.);
#8296 = EDGE_CURVE('',#8289,#3387,#8297,.T.);
#8297 = LINE('',#8298,#8299);
#8298 = CARTESIAN_POINT('',(64.915200254797,47.732303527351,26.));
#8299 = VECTOR('',#8300,1.);
#8300 = DIRECTION('',(0.,0.,1.));
#8301 = ORIENTED_EDGE('',*,*,#3398,.F.);
#8302 = ORIENTED_EDGE('',*,*,#8270,.F.);
#8303 = SURFACE_OF_LINEAR_EXTRUSION('',#8304,#8308);
#8304 = B_SPLINE_CURVE_WITH_KNOTS('',2,(#8305,#8306,#8307),
  .UNSPECIFIED.,.F.,.F.,(3,3),(0.,1.),.PIECEWISE_BEZIER_KNOTS.);
#8305 = CARTESIAN_POINT('',(64.915200254797,47.732303527351,26.));
#8306 = CARTESIAN_POINT('',(64.978899593917,47.375587228283,26.));
#8307 = CARTESIAN_POINT('',(65.227327016482,47.171749343101,26.));
#8308 = VECTOR('',#8309,1.);
#8309 = DIRECTION('',(-0.,-0.,-1.));
#8310 = ADVANCED_FACE('',(#8311),#8329,.F.);
#8311 = FACE_BOUND('',#8312,.F.);
#8312 = EDGE_LOOP('',(#8313,#8321,#8327,#8328));
#8313 = ORIENTED_EDGE('',*,*,#8314,.F.);
#8314 = EDGE_CURVE('',#8315,#8289,#8317,.T.);
#8315 = VERTEX_POINT('',#8316);
#8316 = CARTESIAN_POINT('',(64.864240783502,48.165459033363,26.));
#8317 = B_SPLINE_CURVE_WITH_KNOTS('',2,(#8318,#8319,#8320),
  .UNSPECIFIED.,.F.,.F.,(3,3),(0.,1.),.PIECEWISE_BEZIER_KNOTS.);
#8318 = CARTESIAN_POINT('',(64.864240783502,48.165459033363,26.));
#8319 = CARTESIAN_POINT('',(64.88972051915,47.872442073413,26.));
#8320 = CARTESIAN_POINT('',(64.915200254797,47.732303527351,26.));
#8321 = ORIENTED_EDGE('',*,*,#8322,.T.);
#8322 = EDGE_CURVE('',#8315,#3374,#8323,.T.);
#8323 = LINE('',#8324,#8325);
#8324 = CARTESIAN_POINT('',(64.864240783502,48.165459033363,26.));
#8325 = VECTOR('',#8326,1.);
#8326 = DIRECTION('',(0.,0.,1.));
#8327 = ORIENTED_EDGE('',*,*,#3386,.F.);
#8328 = ORIENTED_EDGE('',*,*,#8296,.F.);
#8329 = SURFACE_OF_LINEAR_EXTRUSION('',#8330,#8334);
#8330 = B_SPLINE_CURVE_WITH_KNOTS('',2,(#8331,#8332,#8333),
  .UNSPECIFIED.,.F.,.F.,(3,3),(0.,1.),.PIECEWISE_BEZIER_KNOTS.);
#8331 = CARTESIAN_POINT('',(64.864240783502,48.165459033363,26.));
#8332 = CARTESIAN_POINT('',(64.88972051915,47.872442073413,26.));
#8333 = CARTESIAN_POINT('',(64.915200254797,47.732303527351,26.));
#8334 = VECTOR('',#8335,1.);
#8335 = DIRECTION('',(-0.,-0.,-1.));
#8336 = ADVANCED_FACE('',(#8337),#8355,.F.);
#8337 = FACE_BOUND('',#8338,.F.);
#8338 = EDGE_LOOP('',(#8339,#8347,#8353,#8354));
#8339 = ORIENTED_EDGE('',*,*,#8340,.F.);
#8340 = EDGE_CURVE('',#8341,#8315,#8343,.T.);
#8341 = VERTEX_POINT('',#8342);
#8342 = CARTESIAN_POINT('',(64.927940122621,48.229158372482,26.));
#8343 = B_SPLINE_CURVE_WITH_KNOTS('',2,(#8344,#8345,#8346),
  .UNSPECIFIED.,.F.,.F.,(3,3),(0.,1.),.PIECEWISE_BEZIER_KNOTS.);
#8344 = CARTESIAN_POINT('',(64.927940122621,48.229158372482,26.));
#8345 = CARTESIAN_POINT('',(64.864240783502,48.229158372482,26.));
#8346 = CARTESIAN_POINT('',(64.864240783502,48.165459033363,26.));
#8347 = ORIENTED_EDGE('',*,*,#8348,.T.);
#8348 = EDGE_CURVE('',#8341,#3364,#8349,.T.);
#8349 = LINE('',#8350,#8351);
#8350 = CARTESIAN_POINT('',(64.927940122621,48.229158372482,26.));
#8351 = VECTOR('',#8352,1.);
#8352 = DIRECTION('',(0.,0.,1.));
#8353 = ORIENTED_EDGE('',*,*,#3373,.F.);
#8354 = ORIENTED_EDGE('',*,*,#8322,.F.);
#8355 = SURFACE_OF_LINEAR_EXTRUSION('',#8356,#8360);
#8356 = B_SPLINE_CURVE_WITH_KNOTS('',2,(#8357,#8358,#8359),
  .UNSPECIFIED.,.F.,.F.,(3,3),(0.,1.),.PIECEWISE_BEZIER_KNOTS.);
#8357 = CARTESIAN_POINT('',(64.927940122621,48.229158372482,26.));
#8358 = CARTESIAN_POINT('',(64.864240783502,48.229158372482,26.));
#8359 = CARTESIAN_POINT('',(64.864240783502,48.165459033363,26.));
#8360 = VECTOR('',#8361,1.);
#8361 = DIRECTION('',(-0.,-0.,-1.));
#8362 = ADVANCED_FACE('',(#8363),#8380,.F.);
#8363 = FACE_BOUND('',#8364,.F.);
#8364 = EDGE_LOOP('',(#8365,#8372,#8378,#8379));
#8365 = ORIENTED_EDGE('',*,*,#8366,.F.);
#8366 = EDGE_CURVE('',#8367,#8341,#8369,.T.);
#8367 = VERTEX_POINT('',#8368);
#8368 = CARTESIAN_POINT('',(68.304005095947,48.229158372482,26.));
#8369 = B_SPLINE_CURVE_WITH_KNOTS('',1,(#8370,#8371),.UNSPECIFIED.,.F.,
  .F.,(2,2),(0.,26.5),.PIECEWISE_BEZIER_KNOTS.);
#8370 = CARTESIAN_POINT('',(68.304005095947,48.229158372482,26.));
#8371 = CARTESIAN_POINT('',(64.927940122621,48.229158372482,26.));
#8372 = ORIENTED_EDGE('',*,*,#8373,.T.);
#8373 = EDGE_CURVE('',#8367,#3349,#8374,.T.);
#8374 = LINE('',#8375,#8376);
#8375 = CARTESIAN_POINT('',(68.304005095947,48.229158372482,26.));
#8376 = VECTOR('',#8377,1.);
#8377 = DIRECTION('',(0.,0.,1.));
#8378 = ORIENTED_EDGE('',*,*,#3363,.F.);
#8379 = ORIENTED_EDGE('',*,*,#8348,.F.);
#8380 = SURFACE_OF_LINEAR_EXTRUSION('',#8381,#8384);
#8381 = B_SPLINE_CURVE_WITH_KNOTS('',1,(#8382,#8383),.UNSPECIFIED.,.F.,
  .F.,(2,2),(0.,26.5),.PIECEWISE_BEZIER_KNOTS.);
#8382 = CARTESIAN_POINT('',(68.304005095947,48.229158372482,26.));
#8383 = CARTESIAN_POINT('',(64.927940122621,48.229158372482,26.));
#8384 = VECTOR('',#8385,1.);
#8385 = DIRECTION('',(-0.,-0.,-1.));
#8386 = ADVANCED_FACE('',(#8387),#8398,.F.);
#8387 = FACE_BOUND('',#8388,.F.);
#8388 = EDGE_LOOP('',(#8389,#8395,#8396,#8397));
#8389 = ORIENTED_EDGE('',*,*,#8390,.F.);
#8390 = EDGE_CURVE('',#7846,#8367,#8391,.T.);
#8391 = B_SPLINE_CURVE_WITH_KNOTS('',2,(#8392,#8393,#8394),
  .UNSPECIFIED.,.F.,.F.,(3,3),(0.,1.),.PIECEWISE_BEZIER_KNOTS.);
#8392 = CARTESIAN_POINT('',(68.456883509834,48.382036786368,26.));
#8393 = CARTESIAN_POINT('',(68.456883509834,48.229158372482,26.));
#8394 = CARTESIAN_POINT('',(68.304005095947,48.229158372482,26.));
#8395 = ORIENTED_EDGE('',*,*,#7859,.T.);
#8396 = ORIENTED_EDGE('',*,*,#3348,.F.);
#8397 = ORIENTED_EDGE('',*,*,#8373,.F.);
#8398 = SURFACE_OF_LINEAR_EXTRUSION('',#8399,#8403);
#8399 = B_SPLINE_CURVE_WITH_KNOTS('',2,(#8400,#8401,#8402),
  .UNSPECIFIED.,.F.,.F.,(3,3),(0.,1.),.PIECEWISE_BEZIER_KNOTS.);
#8400 = CARTESIAN_POINT('',(68.456883509834,48.382036786368,26.));
#8401 = CARTESIAN_POINT('',(68.456883509834,48.229158372482,26.));
#8402 = CARTESIAN_POINT('',(68.304005095947,48.229158372482,26.));
#8403 = VECTOR('',#8404,1.);
#8404 = DIRECTION('',(-0.,-0.,-1.));
#8405 = ADVANCED_FACE('',(#8406),#8431,.F.);
#8406 = FACE_BOUND('',#8407,.F.);
#8407 = EDGE_LOOP('',(#8408,#8418,#8424,#8425));
#8408 = ORIENTED_EDGE('',*,*,#8409,.F.);
#8409 = EDGE_CURVE('',#8410,#8412,#8414,.T.);
#8410 = VERTEX_POINT('',#8411);
#8411 = CARTESIAN_POINT('',(77.119993630066,47.299148021339,26.));
#8412 = VERTEX_POINT('',#8413);
#8413 = CARTESIAN_POINT('',(77.043554423123,48.776972688908,26.));
#8414 = B_SPLINE_CURVE_WITH_KNOTS('',2,(#8415,#8416,#8417),
  .UNSPECIFIED.,.F.,.F.,(3,3),(0.,1.),.PIECEWISE_BEZIER_KNOTS.);
#8415 = CARTESIAN_POINT('',(77.119993630066,47.299148021339,26.));
#8416 = CARTESIAN_POINT('',(77.043554423123,47.936141412533,26.));
#8417 = CARTESIAN_POINT('',(77.043554423123,48.776972688908,26.));
#8418 = ORIENTED_EDGE('',*,*,#8419,.T.);
#8419 = EDGE_CURVE('',#8410,#3710,#8420,.T.);
#8420 = LINE('',#8421,#8422);
#8421 = CARTESIAN_POINT('',(77.119993630066,47.299148021339,26.));
#8422 = VECTOR('',#8423,1.);
#8423 = DIRECTION('',(0.,0.,1.));
#8424 = ORIENTED_EDGE('',*,*,#3707,.F.);
#8425 = ORIENTED_EDGE('',*,*,#8426,.F.);
#8426 = EDGE_CURVE('',#8412,#3708,#8427,.T.);
#8427 = LINE('',#8428,#8429);
#8428 = CARTESIAN_POINT('',(77.043554423123,48.776972688908,26.));
#8429 = VECTOR('',#8430,1.);
#8430 = DIRECTION('',(0.,0.,1.));
#8431 = SURFACE_OF_LINEAR_EXTRUSION('',#8432,#8436);
#8432 = B_SPLINE_CURVE_WITH_KNOTS('',2,(#8433,#8434,#8435),
  .UNSPECIFIED.,.F.,.F.,(3,3),(0.,1.),.PIECEWISE_BEZIER_KNOTS.);
#8433 = CARTESIAN_POINT('',(77.119993630066,47.299148021339,26.));
#8434 = CARTESIAN_POINT('',(77.043554423123,47.936141412533,26.));
#8435 = CARTESIAN_POINT('',(77.043554423123,48.776972688908,26.));
#8436 = VECTOR('',#8437,1.);
#8437 = DIRECTION('',(-0.,-0.,-1.));
#8438 = ADVANCED_FACE('',(#8439),#8457,.F.);
#8439 = FACE_BOUND('',#8440,.F.);
#8440 = EDGE_LOOP('',(#8441,#8449,#8455,#8456));
#8441 = ORIENTED_EDGE('',*,*,#8442,.F.);
#8442 = EDGE_CURVE('',#8443,#8410,#8445,.T.);
#8443 = VERTEX_POINT('',#8444);
#8444 = CARTESIAN_POINT('',(77.846166096027,45.942352098097,26.));
#8445 = B_SPLINE_CURVE_WITH_KNOTS('',2,(#8446,#8447,#8448),
  .UNSPECIFIED.,.F.,.F.,(3,3),(0.,1.),.PIECEWISE_BEZIER_KNOTS.);
#8446 = CARTESIAN_POINT('',(77.846166096027,45.942352098097,26.));
#8447 = CARTESIAN_POINT('',(77.247392308305,46.44557687714,26.));
#8448 = CARTESIAN_POINT('',(77.119993630066,47.299148021339,26.));
#8449 = ORIENTED_EDGE('',*,*,#8450,.T.);
#8450 = EDGE_CURVE('',#8443,#3902,#8451,.T.);
#8451 = LINE('',#8452,#8453);
#8452 = CARTESIAN_POINT('',(77.846166096027,45.942352098097,26.));
#8453 = VECTOR('',#8454,1.);
#8454 = DIRECTION('',(0.,0.,1.));
#8455 = ORIENTED_EDGE('',*,*,#3924,.F.);
#8456 = ORIENTED_EDGE('',*,*,#8419,.F.);
#8457 = SURFACE_OF_LINEAR_EXTRUSION('',#8458,#8462);
#8458 = B_SPLINE_CURVE_WITH_KNOTS('',2,(#8459,#8460,#8461),
  .UNSPECIFIED.,.F.,.F.,(3,3),(0.,1.),.PIECEWISE_BEZIER_KNOTS.);
#8459 = CARTESIAN_POINT('',(77.846166096027,45.942352098097,26.));
#8460 = CARTESIAN_POINT('',(77.247392308305,46.44557687714,26.));
#8461 = CARTESIAN_POINT('',(77.119993630066,47.299148021339,26.));
#8462 = VECTOR('',#8463,1.);
#8463 = DIRECTION('',(-0.,-0.,-1.));
#8464 = ADVANCED_FACE('',(#8465),#8483,.F.);
#8465 = FACE_BOUND('',#8466,.F.);
#8466 = EDGE_LOOP('',(#8467,#8475,#8481,#8482));
#8467 = ORIENTED_EDGE('',*,*,#8468,.F.);
#8468 = EDGE_CURVE('',#8469,#8443,#8471,.T.);
#8469 = VERTEX_POINT('',#8470);
#8470 = CARTESIAN_POINT('',(79.374950234891,45.439127319054,26.));
#8471 = B_SPLINE_CURVE_WITH_KNOTS('',2,(#8472,#8473,#8474),
  .UNSPECIFIED.,.F.,.F.,(3,3),(0.,1.),.PIECEWISE_BEZIER_KNOTS.);
#8472 = CARTESIAN_POINT('',(79.374950234891,45.439127319054,26.));
#8473 = CARTESIAN_POINT('',(78.444939883749,45.439127319054,26.));
#8474 = CARTESIAN_POINT('',(77.846166096027,45.942352098097,26.));
#8475 = ORIENTED_EDGE('',*,*,#8476,.T.);
#8476 = EDGE_CURVE('',#8469,#3879,#8477,.T.);
#8477 = LINE('',#8478,#8479);
#8478 = CARTESIAN_POINT('',(79.374950234891,45.439127319054,26.));
#8479 = VECTOR('',#8480,1.);
#8480 = DIRECTION('',(0.,0.,1.));
#8481 = ORIENTED_EDGE('',*,*,#3901,.F.);
#8482 = ORIENTED_EDGE('',*,*,#8450,.F.);
#8483 = SURFACE_OF_LINEAR_EXTRUSION('',#8484,#8488);
#8484 = B_SPLINE_CURVE_WITH_KNOTS('',2,(#8485,#8486,#8487),
  .UNSPECIFIED.,.F.,.F.,(3,3),(0.,1.),.PIECEWISE_BEZIER_KNOTS.);
#8485 = CARTESIAN_POINT('',(79.374950234891,45.439127319054,26.));
#8486 = CARTESIAN_POINT('',(78.444939883749,45.439127319054,26.));
#8487 = CARTESIAN_POINT('',(77.846166096027,45.942352098097,26.));
#8488 = VECTOR('',#8489,1.);
#8489 = DIRECTION('',(-0.,-0.,-1.));
#8490 = ADVANCED_FACE('',(#8491),#8509,.F.);
#8491 = FACE_BOUND('',#8492,.F.);
#8492 = EDGE_LOOP('',(#8493,#8501,#8507,#8508));
#8493 = ORIENTED_EDGE('',*,*,#8494,.F.);
#8494 = EDGE_CURVE('',#8495,#8469,#8497,.T.);
#8495 = VERTEX_POINT('',#8496);
#8496 = CARTESIAN_POINT('',(80.910104307668,45.942352098097,26.));
#8497 = B_SPLINE_CURVE_WITH_KNOTS('',2,(#8498,#8499,#8500),
  .UNSPECIFIED.,.F.,.F.,(3,3),(0.,1.),.PIECEWISE_BEZIER_KNOTS.);
#8498 = CARTESIAN_POINT('',(80.910104307668,45.942352098097,26.));
#8499 = CARTESIAN_POINT('',(80.304960586034,45.439127319054,26.));
#8500 = CARTESIAN_POINT('',(79.374950234891,45.439127319054,26.));
#8501 = ORIENTED_EDGE('',*,*,#8502,.T.);
#8502 = EDGE_CURVE('',#8495,#3860,#8503,.T.);
#8503 = LINE('',#8504,#8505);
#8504 = CARTESIAN_POINT('',(80.910104307668,45.942352098097,26.));
#8505 = VECTOR('',#8506,1.);
#8506 = DIRECTION('',(0.,0.,1.));
#8507 = ORIENTED_EDGE('',*,*,#3878,.F.);
#8508 = ORIENTED_EDGE('',*,*,#8476,.F.);
#8509 = SURFACE_OF_LINEAR_EXTRUSION('',#8510,#8514);
#8510 = B_SPLINE_CURVE_WITH_KNOTS('',2,(#8511,#8512,#8513),
  .UNSPECIFIED.,.F.,.F.,(3,3),(0.,1.),.PIECEWISE_BEZIER_KNOTS.);
#8511 = CARTESIAN_POINT('',(80.910104307668,45.942352098097,26.));
#8512 = CARTESIAN_POINT('',(80.304960586034,45.439127319054,26.));
#8513 = CARTESIAN_POINT('',(79.374950234891,45.439127319054,26.));
#8514 = VECTOR('',#8515,1.);
#8515 = DIRECTION('',(-0.,-0.,-1.));
#8516 = ADVANCED_FACE('',(#8517),#8535,.F.);
#8517 = FACE_BOUND('',#8518,.F.);
#8518 = EDGE_LOOP('',(#8519,#8527,#8533,#8534));
#8519 = ORIENTED_EDGE('',*,*,#8520,.F.);
#8520 = EDGE_CURVE('',#8521,#8495,#8523,.T.);
#8521 = VERTEX_POINT('',#8522);
#8522 = CARTESIAN_POINT('',(81.629906839717,47.299148021339,26.));
#8523 = B_SPLINE_CURVE_WITH_KNOTS('',2,(#8524,#8525,#8526),
  .UNSPECIFIED.,.F.,.F.,(3,3),(0.,1.),.PIECEWISE_BEZIER_KNOTS.);
#8524 = CARTESIAN_POINT('',(81.629906839717,47.299148021339,26.));
#8525 = CARTESIAN_POINT('',(81.515248029302,46.44557687714,26.));
#8526 = CARTESIAN_POINT('',(80.910104307668,45.942352098097,26.));
#8527 = ORIENTED_EDGE('',*,*,#8528,.T.);
#8528 = EDGE_CURVE('',#8521,#3839,#8529,.T.);
#8529 = LINE('',#8530,#8531);
#8530 = CARTESIAN_POINT('',(81.629906839717,47.299148021339,26.));
#8531 = VECTOR('',#8532,1.);
#8532 = DIRECTION('',(0.,0.,1.));
#8533 = ORIENTED_EDGE('',*,*,#3859,.F.);
#8534 = ORIENTED_EDGE('',*,*,#8502,.F.);
#8535 = SURFACE_OF_LINEAR_EXTRUSION('',#8536,#8540);
#8536 = B_SPLINE_CURVE_WITH_KNOTS('',2,(#8537,#8538,#8539),
  .UNSPECIFIED.,.F.,.F.,(3,3),(0.,1.),.PIECEWISE_BEZIER_KNOTS.);
#8537 = CARTESIAN_POINT('',(81.629906839717,47.299148021339,26.));
#8538 = CARTESIAN_POINT('',(81.515248029302,46.44557687714,26.));
#8539 = CARTESIAN_POINT('',(80.910104307668,45.942352098097,26.));
#8540 = VECTOR('',#8541,1.);
#8541 = DIRECTION('',(-0.,-0.,-1.));
#8542 = ADVANCED_FACE('',(#8543),#8561,.F.);
#8543 = FACE_BOUND('',#8544,.F.);
#8544 = EDGE_LOOP('',(#8545,#8553,#8559,#8560));
#8545 = ORIENTED_EDGE('',*,*,#8546,.F.);
#8546 = EDGE_CURVE('',#8547,#8521,#8549,.T.);
#8547 = VERTEX_POINT('',#8548);
#8548 = CARTESIAN_POINT('',(81.70634604666,48.776972688908,26.));
#8549 = B_SPLINE_CURVE_WITH_KNOTS('',2,(#8550,#8551,#8552),
  .UNSPECIFIED.,.F.,.F.,(3,3),(0.,1.),.PIECEWISE_BEZIER_KNOTS.);
#8550 = CARTESIAN_POINT('',(81.70634604666,48.776972688908,26.));
#8551 = CARTESIAN_POINT('',(81.70634604666,47.808742734294,26.));
#8552 = CARTESIAN_POINT('',(81.629906839717,47.299148021339,26.));
#8553 = ORIENTED_EDGE('',*,*,#8554,.T.);
#8554 = EDGE_CURVE('',#8547,#3818,#8555,.T.);
#8555 = LINE('',#8556,#8557);
#8556 = CARTESIAN_POINT('',(81.70634604666,48.776972688908,26.));
#8557 = VECTOR('',#8558,1.);
#8558 = DIRECTION('',(0.,0.,1.));
#8559 = ORIENTED_EDGE('',*,*,#3838,.F.);
#8560 = ORIENTED_EDGE('',*,*,#8528,.F.);
#8561 = SURFACE_OF_LINEAR_EXTRUSION('',#8562,#8566);
#8562 = B_SPLINE_CURVE_WITH_KNOTS('',2,(#8563,#8564,#8565),
  .UNSPECIFIED.,.F.,.F.,(3,3),(0.,1.),.PIECEWISE_BEZIER_KNOTS.);
#8563 = CARTESIAN_POINT('',(81.70634604666,48.776972688908,26.));
#8564 = CARTESIAN_POINT('',(81.70634604666,47.808742734294,26.));
#8565 = CARTESIAN_POINT('',(81.629906839717,47.299148021339,26.));
#8566 = VECTOR('',#8567,1.);
#8567 = DIRECTION('',(-0.,-0.,-1.));
#8568 = ADVANCED_FACE('',(#8569),#8587,.F.);
#8569 = FACE_BOUND('',#8570,.F.);
#8570 = EDGE_LOOP('',(#8571,#8579,#8585,#8586));
#8571 = ORIENTED_EDGE('',*,*,#8572,.F.);
#8572 = EDGE_CURVE('',#8573,#8547,#8575,.T.);
#8573 = VERTEX_POINT('',#8574);
#8574 = CARTESIAN_POINT('',(81.629906839717,50.22931762083,26.));
#8575 = B_SPLINE_CURVE_WITH_KNOTS('',2,(#8576,#8577,#8578),
  .UNSPECIFIED.,.F.,.F.,(3,3),(0.,1.),.PIECEWISE_BEZIER_KNOTS.);
#8576 = CARTESIAN_POINT('',(81.629906839717,50.22931762083,26.));
#8577 = CARTESIAN_POINT('',(81.70634604666,49.719722907875,26.));
#8578 = CARTESIAN_POINT('',(81.70634604666,48.776972688908,26.));
#8579 = ORIENTED_EDGE('',*,*,#8580,.T.);
#8580 = EDGE_CURVE('',#8573,#3799,#8581,.T.);
#8581 = LINE('',#8582,#8583);
#8582 = CARTESIAN_POINT('',(81.629906839717,50.22931762083,26.));
#8583 = VECTOR('',#8584,1.);
#8584 = DIRECTION('',(0.,0.,1.));
#8585 = ORIENTED_EDGE('',*,*,#3817,.F.);
#8586 = ORIENTED_EDGE('',*,*,#8554,.F.);
#8587 = SURFACE_OF_LINEAR_EXTRUSION('',#8588,#8592);
#8588 = B_SPLINE_CURVE_WITH_KNOTS('',2,(#8589,#8590,#8591),
  .UNSPECIFIED.,.F.,.F.,(3,3),(0.,1.),.PIECEWISE_BEZIER_KNOTS.);
#8589 = CARTESIAN_POINT('',(81.629906839717,50.22931762083,26.));
#8590 = CARTESIAN_POINT('',(81.70634604666,49.719722907875,26.));
#8591 = CARTESIAN_POINT('',(81.70634604666,48.776972688908,26.));
#8592 = VECTOR('',#8593,1.);
#8593 = DIRECTION('',(-0.,-0.,-1.));
#8594 = ADVANCED_FACE('',(#8595),#8613,.F.);
#8595 = FACE_BOUND('',#8596,.F.);
#8596 = EDGE_LOOP('',(#8597,#8605,#8611,#8612));
#8597 = ORIENTED_EDGE('',*,*,#8598,.F.);
#8598 = EDGE_CURVE('',#8599,#8573,#8601,.T.);
#8599 = VERTEX_POINT('',#8600);
#8600 = CARTESIAN_POINT('',(80.910104307668,51.57974361016,26.));
#8601 = B_SPLINE_CURVE_WITH_KNOTS('',2,(#8602,#8603,#8604),
  .UNSPECIFIED.,.F.,.F.,(3,3),(0.,1.),.PIECEWISE_BEZIER_KNOTS.);
#8602 = CARTESIAN_POINT('',(80.910104307668,51.57974361016,26.));
#8603 = CARTESIAN_POINT('',(81.515248029302,51.070148897205,26.));
#8604 = CARTESIAN_POINT('',(81.629906839717,50.22931762083,26.));
#8605 = ORIENTED_EDGE('',*,*,#8606,.T.);
#8606 = EDGE_CURVE('',#8599,#3776,#8607,.T.);
#8607 = LINE('',#8608,#8609);
#8608 = CARTESIAN_POINT('',(80.910104307668,51.57974361016,26.));
#8609 = VECTOR('',#8610,1.);
#8610 = DIRECTION('',(0.,0.,1.));
#8611 = ORIENTED_EDGE('',*,*,#3798,.F.);
#8612 = ORIENTED_EDGE('',*,*,#8580,.F.);
#8613 = SURFACE_OF_LINEAR_EXTRUSION('',#8614,#8618);
#8614 = B_SPLINE_CURVE_WITH_KNOTS('',2,(#8615,#8616,#8617),
  .UNSPECIFIED.,.F.,.F.,(3,3),(0.,1.),.PIECEWISE_BEZIER_KNOTS.);
#8615 = CARTESIAN_POINT('',(80.910104307668,51.57974361016,26.));
#8616 = CARTESIAN_POINT('',(81.515248029302,51.070148897205,26.));
#8617 = CARTESIAN_POINT('',(81.629906839717,50.22931762083,26.));
#8618 = VECTOR('',#8619,1.);
#8619 = DIRECTION('',(-0.,-0.,-1.));
#8620 = ADVANCED_FACE('',(#8621),#8639,.F.);
#8621 = FACE_BOUND('',#8622,.F.);
#8622 = EDGE_LOOP('',(#8623,#8631,#8637,#8638));
#8623 = ORIENTED_EDGE('',*,*,#8624,.F.);
#8624 = EDGE_CURVE('',#8625,#8599,#8627,.T.);
#8625 = VERTEX_POINT('',#8626);
#8626 = CARTESIAN_POINT('',(79.374950234891,52.089338323115,26.));
#8627 = B_SPLINE_CURVE_WITH_KNOTS('',2,(#8628,#8629,#8630),
  .UNSPECIFIED.,.F.,.F.,(3,3),(0.,1.),.PIECEWISE_BEZIER_KNOTS.);
#8628 = CARTESIAN_POINT('',(79.374950234891,52.089338323115,26.));
#8629 = CARTESIAN_POINT('',(80.304960586034,52.089338323115,26.));
#8630 = CARTESIAN_POINT('',(80.910104307668,51.57974361016,26.));
#8631 = ORIENTED_EDGE('',*,*,#8632,.T.);
#8632 = EDGE_CURVE('',#8625,#3753,#8633,.T.);
#8633 = LINE('',#8634,#8635);
#8634 = CARTESIAN_POINT('',(79.374950234891,52.089338323115,26.));
#8635 = VECTOR('',#8636,1.);
#8636 = DIRECTION('',(0.,0.,1.));
#8637 = ORIENTED_EDGE('',*,*,#3775,.F.);
#8638 = ORIENTED_EDGE('',*,*,#8606,.F.);
#8639 = SURFACE_OF_LINEAR_EXTRUSION('',#8640,#8644);
#8640 = B_SPLINE_CURVE_WITH_KNOTS('',2,(#8641,#8642,#8643),
  .UNSPECIFIED.,.F.,.F.,(3,3),(0.,1.),.PIECEWISE_BEZIER_KNOTS.);
#8641 = CARTESIAN_POINT('',(79.374950234891,52.089338323115,26.));
#8642 = CARTESIAN_POINT('',(80.304960586034,52.089338323115,26.));
#8643 = CARTESIAN_POINT('',(80.910104307668,51.57974361016,26.));
#8644 = VECTOR('',#8645,1.);
#8645 = DIRECTION('',(-0.,-0.,-1.));
#8646 = ADVANCED_FACE('',(#8647),#8665,.F.);
#8647 = FACE_BOUND('',#8648,.F.);
#8648 = EDGE_LOOP('',(#8649,#8657,#8663,#8664));
#8649 = ORIENTED_EDGE('',*,*,#8650,.F.);
#8650 = EDGE_CURVE('',#8651,#8625,#8653,.T.);
#8651 = VERTEX_POINT('',#8652);
#8652 = CARTESIAN_POINT('',(77.839796162115,51.57974361016,26.));
#8653 = B_SPLINE_CURVE_WITH_KNOTS('',2,(#8654,#8655,#8656),
  .UNSPECIFIED.,.F.,.F.,(3,3),(0.,1.),.PIECEWISE_BEZIER_KNOTS.);
#8654 = CARTESIAN_POINT('',(77.839796162115,51.57974361016,26.));
#8655 = CARTESIAN_POINT('',(78.444939883749,52.089338323115,26.));
#8656 = CARTESIAN_POINT('',(79.374950234891,52.089338323115,26.));
#8657 = ORIENTED_EDGE('',*,*,#8658,.T.);
#8658 = EDGE_CURVE('',#8651,#3734,#8659,.T.);
#8659 = LINE('',#8660,#8661);
#8660 = CARTESIAN_POINT('',(77.839796162115,51.57974361016,26.));
#8661 = VECTOR('',#8662,1.);
#8662 = DIRECTION('',(0.,0.,1.));
#8663 = ORIENTED_EDGE('',*,*,#3752,.F.);
#8664 = ORIENTED_EDGE('',*,*,#8632,.F.);
#8665 = SURFACE_OF_LINEAR_EXTRUSION('',#8666,#8670);
#8666 = B_SPLINE_CURVE_WITH_KNOTS('',2,(#8667,#8668,#8669),
  .UNSPECIFIED.,.F.,.F.,(3,3),(0.,1.),.PIECEWISE_BEZIER_KNOTS.);
#8667 = CARTESIAN_POINT('',(77.839796162115,51.57974361016,26.));
#8668 = CARTESIAN_POINT('',(78.444939883749,52.089338323115,26.));
#8669 = CARTESIAN_POINT('',(79.374950234891,52.089338323115,26.));
#8670 = VECTOR('',#8671,1.);
#8671 = DIRECTION('',(-0.,-0.,-1.));
#8672 = ADVANCED_FACE('',(#8673),#8691,.F.);
#8673 = FACE_BOUND('',#8674,.F.);
#8674 = EDGE_LOOP('',(#8675,#8683,#8689,#8690));
#8675 = ORIENTED_EDGE('',*,*,#8676,.F.);
#8676 = EDGE_CURVE('',#8677,#8651,#8679,.T.);
#8677 = VERTEX_POINT('',#8678);
#8678 = CARTESIAN_POINT('',(77.119993630066,50.22931762083,26.));
#8679 = B_SPLINE_CURVE_WITH_KNOTS('',2,(#8680,#8681,#8682),
  .UNSPECIFIED.,.F.,.F.,(3,3),(0.,1.),.PIECEWISE_BEZIER_KNOTS.);
#8680 = CARTESIAN_POINT('',(77.119993630066,50.22931762083,26.));
#8681 = CARTESIAN_POINT('',(77.234652440481,51.070148897205,26.));
#8682 = CARTESIAN_POINT('',(77.839796162115,51.57974361016,26.));
#8683 = ORIENTED_EDGE('',*,*,#8684,.T.);
#8684 = EDGE_CURVE('',#8677,#3722,#8685,.T.);
#8685 = LINE('',#8686,#8687);
#8686 = CARTESIAN_POINT('',(77.119993630066,50.22931762083,26.));
#8687 = VECTOR('',#8688,1.);
#8688 = DIRECTION('',(0.,0.,1.));
#8689 = ORIENTED_EDGE('',*,*,#3733,.F.);
#8690 = ORIENTED_EDGE('',*,*,#8658,.F.);
#8691 = SURFACE_OF_LINEAR_EXTRUSION('',#8692,#8696);
#8692 = B_SPLINE_CURVE_WITH_KNOTS('',2,(#8693,#8694,#8695),
  .UNSPECIFIED.,.F.,.F.,(3,3),(0.,1.),.PIECEWISE_BEZIER_KNOTS.);
#8693 = CARTESIAN_POINT('',(77.119993630066,50.22931762083,26.));
#8694 = CARTESIAN_POINT('',(77.234652440481,51.070148897205,26.));
#8695 = CARTESIAN_POINT('',(77.839796162115,51.57974361016,26.));
#8696 = VECTOR('',#8697,1.);
#8697 = DIRECTION('',(-0.,-0.,-1.));
#8698 = ADVANCED_FACE('',(#8699),#8710,.F.);
#8699 = FACE_BOUND('',#8700,.F.);
#8700 = EDGE_LOOP('',(#8701,#8707,#8708,#8709));
#8701 = ORIENTED_EDGE('',*,*,#8702,.F.);
#8702 = EDGE_CURVE('',#8412,#8677,#8703,.T.);
#8703 = B_SPLINE_CURVE_WITH_KNOTS('',2,(#8704,#8705,#8706),
  .UNSPECIFIED.,.F.,.F.,(3,3),(0.,1.),.PIECEWISE_BEZIER_KNOTS.);
#8704 = CARTESIAN_POINT('',(77.043554423123,48.776972688908,26.));
#8705 = CARTESIAN_POINT('',(77.043554423123,49.617803965284,26.));
#8706 = CARTESIAN_POINT('',(77.119993630066,50.22931762083,26.));
#8707 = ORIENTED_EDGE('',*,*,#8426,.T.);
#8708 = ORIENTED_EDGE('',*,*,#3721,.F.);
#8709 = ORIENTED_EDGE('',*,*,#8684,.F.);
#8710 = SURFACE_OF_LINEAR_EXTRUSION('',#8711,#8715);
#8711 = B_SPLINE_CURVE_WITH_KNOTS('',2,(#8712,#8713,#8714),
  .UNSPECIFIED.,.F.,.F.,(3,3),(0.,1.),.PIECEWISE_BEZIER_KNOTS.);
#8712 = CARTESIAN_POINT('',(77.043554423123,48.776972688908,26.));
#8713 = CARTESIAN_POINT('',(77.043554423123,49.617803965284,26.));
#8714 = CARTESIAN_POINT('',(77.119993630066,50.22931762083,26.));
#8715 = VECTOR('',#8716,1.);
#8716 = DIRECTION('',(-0.,-0.,-1.));
#8717 = ADVANCED_FACE('',(#8718),#8742,.F.);
#8718 = FACE_BOUND('',#8719,.F.);
#8719 = EDGE_LOOP('',(#8720,#8729,#8735,#8736));
#8720 = ORIENTED_EDGE('',*,*,#8721,.F.);
#8721 = EDGE_CURVE('',#8722,#8724,#8726,.T.);
#8722 = VERTEX_POINT('',#8723);
#8723 = CARTESIAN_POINT('',(84.152400668843,45.65570507206,26.));
#8724 = VERTEX_POINT('',#8725);
#8725 = CARTESIAN_POINT('',(82.585396926507,51.847280834461,26.));
#8726 = B_SPLINE_CURVE_WITH_KNOTS('',1,(#8727,#8728),.UNSPECIFIED.,.F.,
  .F.,(2,2),(0.,50.132324901205),.PIECEWISE_BEZIER_KNOTS.);
#8727 = CARTESIAN_POINT('',(84.152400668843,45.65570507206,26.));
#8728 = CARTESIAN_POINT('',(82.585396926507,51.847280834461,26.));
#8729 = ORIENTED_EDGE('',*,*,#8730,.T.);
#8730 = EDGE_CURVE('',#8722,#3950,#8731,.T.);
#8731 = LINE('',#8732,#8733);
#8732 = CARTESIAN_POINT('',(84.152400668843,45.65570507206,26.));
#8733 = VECTOR('',#8734,1.);
#8734 = DIRECTION('',(0.,0.,1.));
#8735 = ORIENTED_EDGE('',*,*,#3947,.F.);
#8736 = ORIENTED_EDGE('',*,*,#8737,.F.);
#8737 = EDGE_CURVE('',#8724,#3948,#8738,.T.);
#8738 = LINE('',#8739,#8740);
#8739 = CARTESIAN_POINT('',(82.585396926507,51.847280834461,26.));
#8740 = VECTOR('',#8741,1.);
#8741 = DIRECTION('',(0.,0.,1.));
#8742 = SURFACE_OF_LINEAR_EXTRUSION('',#8743,#8746);
#8743 = B_SPLINE_CURVE_WITH_KNOTS('',1,(#8744,#8745),.UNSPECIFIED.,.F.,
  .F.,(2,2),(0.,50.132324901205),.PIECEWISE_BEZIER_KNOTS.);
#8744 = CARTESIAN_POINT('',(84.152400668843,45.65570507206,26.));
#8745 = CARTESIAN_POINT('',(82.585396926507,51.847280834461,26.));
#8746 = VECTOR('',#8747,1.);
#8747 = DIRECTION('',(-0.,-0.,-1.));
#8748 = ADVANCED_FACE('',(#8749),#8767,.F.);
#8749 = FACE_BOUND('',#8750,.F.);
#8750 = EDGE_LOOP('',(#8751,#8759,#8765,#8766));
#8751 = ORIENTED_EDGE('',*,*,#8752,.F.);
#8752 = EDGE_CURVE('',#8753,#8722,#8755,.T.);
#8753 = VERTEX_POINT('',#8754);
#8754 = CARTESIAN_POINT('',(84.292539214906,45.541046261645,26.));
#8755 = B_SPLINE_CURVE_WITH_KNOTS('',2,(#8756,#8757,#8758),
  .UNSPECIFIED.,.F.,.F.,(3,3),(0.,1.),.PIECEWISE_BEZIER_KNOTS.);
#8756 = CARTESIAN_POINT('',(84.292539214906,45.541046261645,26.));
#8757 = CARTESIAN_POINT('',(84.177880404491,45.541046261645,26.));
#8758 = CARTESIAN_POINT('',(84.152400668843,45.65570507206,26.));
#8759 = ORIENTED_EDGE('',*,*,#8760,.T.);
#8760 = EDGE_CURVE('',#8753,#4289,#8761,.T.);
#8761 = LINE('',#8762,#8763);
#8762 = CARTESIAN_POINT('',(84.292539214906,45.541046261645,26.));
#8763 = VECTOR('',#8764,1.);
#8764 = DIRECTION('',(0.,0.,1.));
#8765 = ORIENTED_EDGE('',*,*,#4298,.F.);
#8766 = ORIENTED_EDGE('',*,*,#8730,.F.);
#8767 = SURFACE_OF_LINEAR_EXTRUSION('',#8768,#8772);
#8768 = B_SPLINE_CURVE_WITH_KNOTS('',2,(#8769,#8770,#8771),
  .UNSPECIFIED.,.F.,.F.,(3,3),(0.,1.),.PIECEWISE_BEZIER_KNOTS.);
#8769 = CARTESIAN_POINT('',(84.292539214906,45.541046261645,26.));
#8770 = CARTESIAN_POINT('',(84.177880404491,45.541046261645,26.));
#8771 = CARTESIAN_POINT('',(84.152400668843,45.65570507206,26.));
#8772 = VECTOR('',#8773,1.);
#8773 = DIRECTION('',(-0.,-0.,-1.));
#8774 = ADVANCED_FACE('',(#8775),#8792,.F.);
#8775 = FACE_BOUND('',#8776,.F.);
#8776 = EDGE_LOOP('',(#8777,#8784,#8790,#8791));
#8777 = ORIENTED_EDGE('',*,*,#8778,.F.);
#8778 = EDGE_CURVE('',#8779,#8753,#8781,.T.);
#8779 = VERTEX_POINT('',#8780);
#8780 = CARTESIAN_POINT('',(84.955012341747,45.541046261645,26.));
#8781 = B_SPLINE_CURVE_WITH_KNOTS('',1,(#8782,#8783),.UNSPECIFIED.,.F.,
  .F.,(2,2),(0.,5.2),.PIECEWISE_BEZIER_KNOTS.);
#8782 = CARTESIAN_POINT('',(84.955012341747,45.541046261645,26.));
#8783 = CARTESIAN_POINT('',(84.292539214906,45.541046261645,26.));
#8784 = ORIENTED_EDGE('',*,*,#8785,.T.);
#8785 = EDGE_CURVE('',#8779,#4274,#8786,.T.);
#8786 = LINE('',#8787,#8788);
#8787 = CARTESIAN_POINT('',(84.955012341747,45.541046261645,26.));
#8788 = VECTOR('',#8789,1.);
#8789 = DIRECTION('',(0.,0.,1.));
#8790 = ORIENTED_EDGE('',*,*,#4288,.F.);
#8791 = ORIENTED_EDGE('',*,*,#8760,.F.);
#8792 = SURFACE_OF_LINEAR_EXTRUSION('',#8793,#8796);
#8793 = B_SPLINE_CURVE_WITH_KNOTS('',1,(#8794,#8795),.UNSPECIFIED.,.F.,
  .F.,(2,2),(0.,5.2),.PIECEWISE_BEZIER_KNOTS.);
#8794 = CARTESIAN_POINT('',(84.955012341747,45.541046261645,26.));
#8795 = CARTESIAN_POINT('',(84.292539214906,45.541046261645,26.));
#8796 = VECTOR('',#8797,1.);
#8797 = DIRECTION('',(-0.,-0.,-1.));
#8798 = ADVANCED_FACE('',(#8799),#8817,.F.);
#8799 = FACE_BOUND('',#8800,.F.);
#8800 = EDGE_LOOP('',(#8801,#8809,#8815,#8816));
#8801 = ORIENTED_EDGE('',*,*,#8802,.F.);
#8802 = EDGE_CURVE('',#8803,#8779,#8805,.T.);
#8803 = VERTEX_POINT('',#8804);
#8804 = CARTESIAN_POINT('',(85.09515088781,45.65570507206,26.));
#8805 = B_SPLINE_CURVE_WITH_KNOTS('',2,(#8806,#8807,#8808),
  .UNSPECIFIED.,.F.,.F.,(3,3),(0.,1.),.PIECEWISE_BEZIER_KNOTS.);
#8806 = CARTESIAN_POINT('',(85.09515088781,45.65570507206,26.));
#8807 = CARTESIAN_POINT('',(85.069671152162,45.541046261645,26.));
#8808 = CARTESIAN_POINT('',(84.955012341747,45.541046261645,26.));
#8809 = ORIENTED_EDGE('',*,*,#8810,.T.);
#8810 = EDGE_CURVE('',#8803,#4264,#8811,.T.);
#8811 = LINE('',#8812,#8813);
#8812 = CARTESIAN_POINT('',(85.09515088781,45.65570507206,26.));
#8813 = VECTOR('',#8814,1.);
#8814 = DIRECTION('',(0.,0.,1.));
#8815 = ORIENTED_EDGE('',*,*,#4273,.F.);
#8816 = ORIENTED_EDGE('',*,*,#8785,.F.);
#8817 = SURFACE_OF_LINEAR_EXTRUSION('',#8818,#8822);
#8818 = B_SPLINE_CURVE_WITH_KNOTS('',2,(#8819,#8820,#8821),
  .UNSPECIFIED.,.F.,.F.,(3,3),(0.,1.),.PIECEWISE_BEZIER_KNOTS.);
#8819 = CARTESIAN_POINT('',(85.09515088781,45.65570507206,26.));
#8820 = CARTESIAN_POINT('',(85.069671152162,45.541046261645,26.));
#8821 = CARTESIAN_POINT('',(84.955012341747,45.541046261645,26.));
#8822 = VECTOR('',#8823,1.);
#8823 = DIRECTION('',(-0.,-0.,-1.));
#8824 = ADVANCED_FACE('',(#8825),#8842,.F.);
#8825 = FACE_BOUND('',#8826,.F.);
#8826 = EDGE_LOOP('',(#8827,#8834,#8840,#8841));
#8827 = ORIENTED_EDGE('',*,*,#8828,.F.);
#8828 = EDGE_CURVE('',#8829,#8803,#8831,.T.);
#8829 = VERTEX_POINT('',#8830);
#8830 = CARTESIAN_POINT('',(86.21625925631,50.369456166892,26.));
#8831 = B_SPLINE_CURVE_WITH_KNOTS('',1,(#8832,#8833),.UNSPECIFIED.,.F.,
  .F.,(2,2),(0.,38.032091712132),.PIECEWISE_BEZIER_KNOTS.);
#8832 = CARTESIAN_POINT('',(86.21625925631,50.369456166892,26.));
#8833 = CARTESIAN_POINT('',(85.09515088781,45.65570507206,26.));
#8834 = ORIENTED_EDGE('',*,*,#8835,.T.);
#8835 = EDGE_CURVE('',#8829,#4254,#8836,.T.);
#8836 = LINE('',#8837,#8838);
#8837 = CARTESIAN_POINT('',(86.21625925631,50.369456166892,26.));
#8838 = VECTOR('',#8839,1.);
#8839 = DIRECTION('',(0.,0.,1.));
#8840 = ORIENTED_EDGE('',*,*,#4263,.F.);
#8841 = ORIENTED_EDGE('',*,*,#8810,.F.);
#8842 = SURFACE_OF_LINEAR_EXTRUSION('',#8843,#8846);
#8843 = B_SPLINE_CURVE_WITH_KNOTS('',1,(#8844,#8845),.UNSPECIFIED.,.F.,
  .F.,(2,2),(0.,38.032091712132),.PIECEWISE_BEZIER_KNOTS.);
#8844 = CARTESIAN_POINT('',(86.21625925631,50.369456166892,26.));
#8845 = CARTESIAN_POINT('',(85.09515088781,45.65570507206,26.));
#8846 = VECTOR('',#8847,1.);
#8847 = DIRECTION('',(-0.,-0.,-1.));
#8848 = ADVANCED_FACE('',(#8849),#8867,.F.);
#8849 = FACE_BOUND('',#8850,.F.);
#8850 = EDGE_LOOP('',(#8851,#8859,#8865,#8866));
#8851 = ORIENTED_EDGE('',*,*,#8852,.F.);
#8852 = EDGE_CURVE('',#8853,#8829,#8855,.T.);
#8853 = VERTEX_POINT('',#8854);
#8854 = CARTESIAN_POINT('',(86.24810892587,50.407675770364,26.));
#8855 = B_SPLINE_CURVE_WITH_KNOTS('',2,(#8856,#8857,#8858),
  .UNSPECIFIED.,.F.,.F.,(3,3),(0.,1.),.PIECEWISE_BEZIER_KNOTS.);
#8856 = CARTESIAN_POINT('',(86.24810892587,50.407675770364,26.));
#8857 = CARTESIAN_POINT('',(86.228999124134,50.407675770364,26.));
#8858 = CARTESIAN_POINT('',(86.21625925631,50.369456166892,26.));
#8859 = ORIENTED_EDGE('',*,*,#8860,.T.);
#8860 = EDGE_CURVE('',#8853,#4241,#8861,.T.);
#8861 = LINE('',#8862,#8863);
#8862 = CARTESIAN_POINT('',(86.24810892587,50.407675770364,26.));
#8863 = VECTOR('',#8864,1.);
#8864 = DIRECTION('',(0.,0.,1.));
#8865 = ORIENTED_EDGE('',*,*,#4253,.F.);
#8866 = ORIENTED_EDGE('',*,*,#8835,.F.);
#8867 = SURFACE_OF_LINEAR_EXTRUSION('',#8868,#8872);
#8868 = B_SPLINE_CURVE_WITH_KNOTS('',2,(#8869,#8870,#8871),
  .UNSPECIFIED.,.F.,.F.,(3,3),(0.,1.),.PIECEWISE_BEZIER_KNOTS.);
#8869 = CARTESIAN_POINT('',(86.24810892587,50.407675770364,26.));
#8870 = CARTESIAN_POINT('',(86.228999124134,50.407675770364,26.));
#8871 = CARTESIAN_POINT('',(86.21625925631,50.369456166892,26.));
#8872 = VECTOR('',#8873,1.);
#8873 = DIRECTION('',(-0.,-0.,-1.));
#8874 = ADVANCED_FACE('',(#8875),#8893,.F.);
#8875 = FACE_BOUND('',#8876,.F.);
#8876 = EDGE_LOOP('',(#8877,#8885,#8891,#8892));
#8877 = ORIENTED_EDGE('',*,*,#8878,.F.);
#8878 = EDGE_CURVE('',#8879,#8853,#8881,.T.);
#8879 = VERTEX_POINT('',#8880);
#8880 = CARTESIAN_POINT('',(86.27995859543,50.369456166892,26.));
#8881 = B_SPLINE_CURVE_WITH_KNOTS('',2,(#8882,#8883,#8884),
  .UNSPECIFIED.,.F.,.F.,(3,3),(0.,1.),.PIECEWISE_BEZIER_KNOTS.);
#8882 = CARTESIAN_POINT('',(86.27995859543,50.369456166892,26.));
#8883 = CARTESIAN_POINT('',(86.267218727606,50.407675770364,26.));
#8884 = CARTESIAN_POINT('',(86.24810892587,50.407675770364,26.));
#8885 = ORIENTED_EDGE('',*,*,#8886,.T.);
#8886 = EDGE_CURVE('',#8879,#4231,#8887,.T.);
#8887 = LINE('',#8888,#8889);
#8888 = CARTESIAN_POINT('',(86.27995859543,50.369456166892,26.));
#8889 = VECTOR('',#8890,1.);
#8890 = DIRECTION('',(0.,0.,1.));
#8891 = ORIENTED_EDGE('',*,*,#4240,.F.);
#8892 = ORIENTED_EDGE('',*,*,#8860,.F.);
#8893 = SURFACE_OF_LINEAR_EXTRUSION('',#8894,#8898);
#8894 = B_SPLINE_CURVE_WITH_KNOTS('',2,(#8895,#8896,#8897),
  .UNSPECIFIED.,.F.,.F.,(3,3),(0.,1.),.PIECEWISE_BEZIER_KNOTS.);
#8895 = CARTESIAN_POINT('',(86.27995859543,50.369456166892,26.));
#8896 = CARTESIAN_POINT('',(86.267218727606,50.407675770364,26.));
#8897 = CARTESIAN_POINT('',(86.24810892587,50.407675770364,26.));
#8898 = VECTOR('',#8899,1.);
#8899 = DIRECTION('',(-0.,-0.,-1.));
#8900 = ADVANCED_FACE('',(#8901),#8918,.F.);
#8901 = FACE_BOUND('',#8902,.F.);
#8902 = EDGE_LOOP('',(#8903,#8910,#8916,#8917));
#8903 = ORIENTED_EDGE('',*,*,#8904,.F.);
#8904 = EDGE_CURVE('',#8905,#8879,#8907,.T.);
#8905 = VERTEX_POINT('',#8906);
#8906 = CARTESIAN_POINT('',(87.439286567402,45.65570507206,26.));
#8907 = B_SPLINE_CURVE_WITH_KNOTS('',1,(#8908,#8909),.UNSPECIFIED.,.F.,
  .F.,(2,2),(0.,38.102624581517),.PIECEWISE_BEZIER_KNOTS.);
#8908 = CARTESIAN_POINT('',(87.439286567402,45.65570507206,26.));
#8909 = CARTESIAN_POINT('',(86.27995859543,50.369456166892,26.));
#8910 = ORIENTED_EDGE('',*,*,#8911,.T.);
#8911 = EDGE_CURVE('',#8905,#4216,#8912,.T.);
#8912 = LINE('',#8913,#8914);
#8913 = CARTESIAN_POINT('',(87.439286567402,45.65570507206,26.));
#8914 = VECTOR('',#8915,1.);
#8915 = DIRECTION('',(0.,0.,1.));
#8916 = ORIENTED_EDGE('',*,*,#4230,.F.);
#8917 = ORIENTED_EDGE('',*,*,#8886,.F.);
#8918 = SURFACE_OF_LINEAR_EXTRUSION('',#8919,#8922);
#8919 = B_SPLINE_CURVE_WITH_KNOTS('',1,(#8920,#8921),.UNSPECIFIED.,.F.,
  .F.,(2,2),(0.,38.102624581517),.PIECEWISE_BEZIER_KNOTS.);
#8920 = CARTESIAN_POINT('',(87.439286567402,45.65570507206,26.));
#8921 = CARTESIAN_POINT('',(86.27995859543,50.369456166892,26.));
#8922 = VECTOR('',#8923,1.);
#8923 = DIRECTION('',(-0.,-0.,-1.));
#8924 = ADVANCED_FACE('',(#8925),#8943,.F.);
#8925 = FACE_BOUND('',#8926,.F.);
#8926 = EDGE_LOOP('',(#8927,#8935,#8941,#8942));
#8927 = ORIENTED_EDGE('',*,*,#8928,.F.);
#8928 = EDGE_CURVE('',#8929,#8905,#8931,.T.);
#8929 = VERTEX_POINT('',#8930);
#8930 = CARTESIAN_POINT('',(87.579425113464,45.541046261645,26.));
#8931 = B_SPLINE_CURVE_WITH_KNOTS('',2,(#8932,#8933,#8934),
  .UNSPECIFIED.,.F.,.F.,(3,3),(0.,1.),.PIECEWISE_BEZIER_KNOTS.);
#8932 = CARTESIAN_POINT('',(87.579425113464,45.541046261645,26.));
#8933 = CARTESIAN_POINT('',(87.46476630305,45.541046261645,26.));
#8934 = CARTESIAN_POINT('',(87.439286567402,45.65570507206,26.));
#8935 = ORIENTED_EDGE('',*,*,#8936,.T.);
#8936 = EDGE_CURVE('',#8929,#4206,#8937,.T.);
#8937 = LINE('',#8938,#8939);
#8938 = CARTESIAN_POINT('',(87.579425113464,45.541046261645,26.));
#8939 = VECTOR('',#8940,1.);
#8940 = DIRECTION('',(0.,0.,1.));
#8941 = ORIENTED_EDGE('',*,*,#4215,.F.);
#8942 = ORIENTED_EDGE('',*,*,#8911,.F.);
#8943 = SURFACE_OF_LINEAR_EXTRUSION('',#8944,#8948);
#8944 = B_SPLINE_CURVE_WITH_KNOTS('',2,(#8945,#8946,#8947),
  .UNSPECIFIED.,.F.,.F.,(3,3),(0.,1.),.PIECEWISE_BEZIER_KNOTS.);
#8945 = CARTESIAN_POINT('',(87.579425113464,45.541046261645,26.));
#8946 = CARTESIAN_POINT('',(87.46476630305,45.541046261645,26.));
#8947 = CARTESIAN_POINT('',(87.439286567402,45.65570507206,26.));
#8948 = VECTOR('',#8949,1.);
#8949 = DIRECTION('',(-0.,-0.,-1.));
#8950 = ADVANCED_FACE('',(#8951),#8968,.F.);
#8951 = FACE_BOUND('',#8952,.F.);
#8952 = EDGE_LOOP('',(#8953,#8960,#8966,#8967));
#8953 = ORIENTED_EDGE('',*,*,#8954,.F.);
#8954 = EDGE_CURVE('',#8955,#8929,#8957,.T.);
#8955 = VERTEX_POINT('',#8956);
#8956 = CARTESIAN_POINT('',(88.241898240306,45.541046261645,26.));
#8957 = B_SPLINE_CURVE_WITH_KNOTS('',1,(#8958,#8959),.UNSPECIFIED.,.F.,
  .F.,(2,2),(0.,5.2),.PIECEWISE_BEZIER_KNOTS.);
#8958 = CARTESIAN_POINT('',(88.241898240306,45.541046261645,26.));
#8959 = CARTESIAN_POINT('',(87.579425113464,45.541046261645,26.));
#8960 = ORIENTED_EDGE('',*,*,#8961,.T.);
#8961 = EDGE_CURVE('',#8955,#4191,#8962,.T.);
#8962 = LINE('',#8963,#8964);
#8963 = CARTESIAN_POINT('',(88.241898240306,45.541046261645,26.));
#8964 = VECTOR('',#8965,1.);
#8965 = DIRECTION('',(0.,0.,1.));
#8966 = ORIENTED_EDGE('',*,*,#4205,.F.);
#8967 = ORIENTED_EDGE('',*,*,#8936,.F.);
#8968 = SURFACE_OF_LINEAR_EXTRUSION('',#8969,#8972);
#8969 = B_SPLINE_CURVE_WITH_KNOTS('',1,(#8970,#8971),.UNSPECIFIED.,.F.,
  .F.,(2,2),(0.,5.2),.PIECEWISE_BEZIER_KNOTS.);
#8970 = CARTESIAN_POINT('',(88.241898240306,45.541046261645,26.));
#8971 = CARTESIAN_POINT('',(87.579425113464,45.541046261645,26.));
#8972 = VECTOR('',#8973,1.);
#8973 = DIRECTION('',(-0.,-0.,-1.));
#8974 = ADVANCED_FACE('',(#8975),#8993,.F.);
#8975 = FACE_BOUND('',#8976,.F.);
#8976 = EDGE_LOOP('',(#8977,#8985,#8991,#8992));
#8977 = ORIENTED_EDGE('',*,*,#8978,.F.);
#8978 = EDGE_CURVE('',#8979,#8955,#8981,.T.);
#8979 = VERTEX_POINT('',#8980);
#8980 = CARTESIAN_POINT('',(88.382036786368,45.65570507206,26.));
#8981 = B_SPLINE_CURVE_WITH_KNOTS('',2,(#8982,#8983,#8984),
  .UNSPECIFIED.,.F.,.F.,(3,3),(0.,1.),.PIECEWISE_BEZIER_KNOTS.);
#8982 = CARTESIAN_POINT('',(88.382036786368,45.65570507206,26.));
#8983 = CARTESIAN_POINT('',(88.369296918544,45.541046261645,26.));
#8984 = CARTESIAN_POINT('',(88.241898240306,45.541046261645,26.));
#8985 = ORIENTED_EDGE('',*,*,#8986,.T.);
#8986 = EDGE_CURVE('',#8979,#4181,#8987,.T.);
#8987 = LINE('',#8988,#8989);
#8988 = CARTESIAN_POINT('',(88.382036786368,45.65570507206,26.));
#8989 = VECTOR('',#8990,1.);
#8990 = DIRECTION('',(0.,0.,1.));
#8991 = ORIENTED_EDGE('',*,*,#4190,.F.);
#8992 = ORIENTED_EDGE('',*,*,#8961,.F.);
#8993 = SURFACE_OF_LINEAR_EXTRUSION('',#8994,#8998);
#8994 = B_SPLINE_CURVE_WITH_KNOTS('',2,(#8995,#8996,#8997),
  .UNSPECIFIED.,.F.,.F.,(3,3),(0.,1.),.PIECEWISE_BEZIER_KNOTS.);
#8995 = CARTESIAN_POINT('',(88.382036786368,45.65570507206,26.));
#8996 = CARTESIAN_POINT('',(88.369296918544,45.541046261645,26.));
#8997 = CARTESIAN_POINT('',(88.241898240306,45.541046261645,26.));
#8998 = VECTOR('',#8999,1.);
#8999 = DIRECTION('',(-0.,-0.,-1.));
#9000 = ADVANCED_FACE('',(#9001),#9018,.F.);
#9001 = FACE_BOUND('',#9002,.F.);
#9002 = EDGE_LOOP('',(#9003,#9010,#9016,#9017));
#9003 = ORIENTED_EDGE('',*,*,#9004,.F.);
#9004 = EDGE_CURVE('',#9005,#8979,#9007,.T.);
#9005 = VERTEX_POINT('',#9006);
#9006 = CARTESIAN_POINT('',(89.974520264352,51.834540966637,26.));
#9007 = B_SPLINE_CURVE_WITH_KNOTS('',1,(#9008,#9009),.UNSPECIFIED.,.F.,
  .F.,(2,2),(0.,50.084927872565),.PIECEWISE_BEZIER_KNOTS.);
#9008 = CARTESIAN_POINT('',(89.974520264352,51.834540966637,26.));
#9009 = CARTESIAN_POINT('',(88.382036786368,45.65570507206,26.));
#9010 = ORIENTED_EDGE('',*,*,#9011,.T.);
#9011 = EDGE_CURVE('',#9005,#4168,#9012,.T.);
#9012 = LINE('',#9013,#9014);
#9013 = CARTESIAN_POINT('',(89.974520264352,51.834540966637,26.));
#9014 = VECTOR('',#9015,1.);
#9015 = DIRECTION('',(0.,0.,1.));
#9016 = ORIENTED_EDGE('',*,*,#4180,.F.);
#9017 = ORIENTED_EDGE('',*,*,#8986,.F.);
#9018 = SURFACE_OF_LINEAR_EXTRUSION('',#9019,#9022);
#9019 = B_SPLINE_CURVE_WITH_KNOTS('',1,(#9020,#9021),.UNSPECIFIED.,.F.,
  .F.,(2,2),(0.,50.084927872565),.PIECEWISE_BEZIER_KNOTS.);
#9020 = CARTESIAN_POINT('',(89.974520264352,51.834540966637,26.));
#9021 = CARTESIAN_POINT('',(88.382036786368,45.65570507206,26.));
#9022 = VECTOR('',#9023,1.);
#9023 = DIRECTION('',(-0.,-0.,-1.));
#9024 = ADVANCED_FACE('',(#9025),#9043,.F.);
#9025 = FACE_BOUND('',#9026,.F.);
#9026 = EDGE_LOOP('',(#9027,#9035,#9041,#9042));
#9027 = ORIENTED_EDGE('',*,*,#9028,.F.);
#9028 = EDGE_CURVE('',#9029,#9005,#9031,.T.);
#9029 = VERTEX_POINT('',#9030);
#9030 = CARTESIAN_POINT('',(89.96815033044,51.936459909228,26.));
#9031 = B_SPLINE_CURVE_WITH_KNOTS('',2,(#9032,#9033,#9034),
  .UNSPECIFIED.,.F.,.F.,(3,3),(0.,1.),.PIECEWISE_BEZIER_KNOTS.);
#9032 = CARTESIAN_POINT('',(89.96815033044,51.936459909228,26.));
#9033 = CARTESIAN_POINT('',(90.,51.898240305757,26.));
#9034 = CARTESIAN_POINT('',(89.974520264352,51.834540966637,26.));
#9035 = ORIENTED_EDGE('',*,*,#9036,.T.);
#9036 = EDGE_CURVE('',#9029,#4155,#9037,.T.);
#9037 = LINE('',#9038,#9039);
#9038 = CARTESIAN_POINT('',(89.96815033044,51.936459909228,26.));
#9039 = VECTOR('',#9040,1.);
#9040 = DIRECTION('',(0.,0.,1.));
#9041 = ORIENTED_EDGE('',*,*,#4167,.F.);
#9042 = ORIENTED_EDGE('',*,*,#9011,.F.);
#9043 = SURFACE_OF_LINEAR_EXTRUSION('',#9044,#9048);
#9044 = B_SPLINE_CURVE_WITH_KNOTS('',2,(#9045,#9046,#9047),
  .UNSPECIFIED.,.F.,.F.,(3,3),(0.,1.),.PIECEWISE_BEZIER_KNOTS.);
#9045 = CARTESIAN_POINT('',(89.96815033044,51.936459909228,26.));
#9046 = CARTESIAN_POINT('',(90.,51.898240305757,26.));
#9047 = CARTESIAN_POINT('',(89.974520264352,51.834540966637,26.));
#9048 = VECTOR('',#9049,1.);
#9049 = DIRECTION('',(-0.,-0.,-1.));
#9050 = ADVANCED_FACE('',(#9051),#9069,.F.);
#9051 = FACE_BOUND('',#9052,.F.);
#9052 = EDGE_LOOP('',(#9053,#9061,#9067,#9068));
#9053 = ORIENTED_EDGE('',*,*,#9054,.F.);
#9054 = EDGE_CURVE('',#9055,#9029,#9057,.T.);
#9055 = VERTEX_POINT('',#9056);
#9056 = CARTESIAN_POINT('',(89.872601321761,51.9746795127,26.));
#9057 = B_SPLINE_CURVE_WITH_KNOTS('',2,(#9058,#9059,#9060),
  .UNSPECIFIED.,.F.,.F.,(3,3),(0.,1.),.PIECEWISE_BEZIER_KNOTS.);
#9058 = CARTESIAN_POINT('',(89.872601321761,51.9746795127,26.));
#9059 = CARTESIAN_POINT('',(89.936300660881,51.9746795127,26.));
#9060 = CARTESIAN_POINT('',(89.96815033044,51.936459909228,26.));
#9061 = ORIENTED_EDGE('',*,*,#9062,.T.);
#9062 = EDGE_CURVE('',#9055,#4145,#9063,.T.);
#9063 = LINE('',#9064,#9065);
#9064 = CARTESIAN_POINT('',(89.872601321761,51.9746795127,26.));
#9065 = VECTOR('',#9066,1.);
#9066 = DIRECTION('',(0.,0.,1.));
#9067 = ORIENTED_EDGE('',*,*,#4154,.F.);
#9068 = ORIENTED_EDGE('',*,*,#9036,.F.);
#9069 = SURFACE_OF_LINEAR_EXTRUSION('',#9070,#9074);
#9070 = B_SPLINE_CURVE_WITH_KNOTS('',2,(#9071,#9072,#9073),
  .UNSPECIFIED.,.F.,.F.,(3,3),(0.,1.),.PIECEWISE_BEZIER_KNOTS.);
#9071 = CARTESIAN_POINT('',(89.872601321761,51.9746795127,26.));
#9072 = CARTESIAN_POINT('',(89.936300660881,51.9746795127,26.));
#9073 = CARTESIAN_POINT('',(89.96815033044,51.936459909228,26.));
#9074 = VECTOR('',#9075,1.);
#9075 = DIRECTION('',(-0.,-0.,-1.));
#9076 = ADVANCED_FACE('',(#9077),#9094,.F.);
#9077 = FACE_BOUND('',#9078,.F.);
#9078 = EDGE_LOOP('',(#9079,#9086,#9092,#9093));
#9079 = ORIENTED_EDGE('',*,*,#9080,.F.);
#9080 = EDGE_CURVE('',#9081,#9055,#9083,.T.);
#9081 = VERTEX_POINT('',#9082);
#9082 = CARTESIAN_POINT('',(89.222868062744,51.987419380524,26.));
#9083 = B_SPLINE_CURVE_WITH_KNOTS('',1,(#9084,#9085),.UNSPECIFIED.,.F.,
  .F.,(2,2),(0.,5.100980297943),.PIECEWISE_BEZIER_KNOTS.);
#9084 = CARTESIAN_POINT('',(89.222868062744,51.987419380524,26.));
#9085 = CARTESIAN_POINT('',(89.872601321761,51.9746795127,26.));
#9086 = ORIENTED_EDGE('',*,*,#9087,.T.);
#9087 = EDGE_CURVE('',#9081,#4130,#9088,.T.);
#9088 = LINE('',#9089,#9090);
#9089 = CARTESIAN_POINT('',(89.222868062744,51.987419380524,26.));
#9090 = VECTOR('',#9091,1.);
#9091 = DIRECTION('',(0.,0.,1.));
#9092 = ORIENTED_EDGE('',*,*,#4144,.F.);
#9093 = ORIENTED_EDGE('',*,*,#9062,.F.);
#9094 = SURFACE_OF_LINEAR_EXTRUSION('',#9095,#9098);
#9095 = B_SPLINE_CURVE_WITH_KNOTS('',1,(#9096,#9097),.UNSPECIFIED.,.F.,
  .F.,(2,2),(0.,5.100980297943),.PIECEWISE_BEZIER_KNOTS.);
#9096 = CARTESIAN_POINT('',(89.222868062744,51.987419380524,26.));
#9097 = CARTESIAN_POINT('',(89.872601321761,51.9746795127,26.));
#9098 = VECTOR('',#9099,1.);
#9099 = DIRECTION('',(-0.,-0.,-1.));
#9100 = ADVANCED_FACE('',(#9101),#9119,.F.);
#9101 = FACE_BOUND('',#9102,.F.);
#9102 = EDGE_LOOP('',(#9103,#9111,#9117,#9118));
#9103 = ORIENTED_EDGE('',*,*,#9104,.F.);
#9104 = EDGE_CURVE('',#9105,#9081,#9107,.T.);
#9105 = VERTEX_POINT('',#9106);
#9106 = CARTESIAN_POINT('',(89.082729516681,51.872760570109,26.));
#9107 = B_SPLINE_CURVE_WITH_KNOTS('',2,(#9108,#9109,#9110),
  .UNSPECIFIED.,.F.,.F.,(3,3),(0.,1.),.PIECEWISE_BEZIER_KNOTS.);
#9108 = CARTESIAN_POINT('',(89.082729516681,51.872760570109,26.));
#9109 = CARTESIAN_POINT('',(89.108209252329,51.987419380524,26.));
#9110 = CARTESIAN_POINT('',(89.222868062744,51.987419380524,26.));
#9111 = ORIENTED_EDGE('',*,*,#9112,.T.);
#9112 = EDGE_CURVE('',#9105,#4120,#9113,.T.);
#9113 = LINE('',#9114,#9115);
#9114 = CARTESIAN_POINT('',(89.082729516681,51.872760570109,26.));
#9115 = VECTOR('',#9116,1.);
#9116 = DIRECTION('',(0.,0.,1.));
#9117 = ORIENTED_EDGE('',*,*,#4129,.F.);
#9118 = ORIENTED_EDGE('',*,*,#9087,.F.);
#9119 = SURFACE_OF_LINEAR_EXTRUSION('',#9120,#9124);
#9120 = B_SPLINE_CURVE_WITH_KNOTS('',2,(#9121,#9122,#9123),
  .UNSPECIFIED.,.F.,.F.,(3,3),(0.,1.),.PIECEWISE_BEZIER_KNOTS.);
#9121 = CARTESIAN_POINT('',(89.082729516681,51.872760570109,26.));
#9122 = CARTESIAN_POINT('',(89.108209252329,51.987419380524,26.));
#9123 = CARTESIAN_POINT('',(89.222868062744,51.987419380524,26.));
#9124 = VECTOR('',#9125,1.);
#9125 = DIRECTION('',(-0.,-0.,-1.));
#9126 = ADVANCED_FACE('',(#9127),#9144,.F.);
#9127 = FACE_BOUND('',#9128,.F.);
#9128 = EDGE_LOOP('',(#9129,#9136,#9142,#9143));
#9129 = ORIENTED_EDGE('',*,*,#9130,.F.);
#9130 = EDGE_CURVE('',#9131,#9105,#9133,.T.);
#9131 = VERTEX_POINT('',#9132);
#9132 = CARTESIAN_POINT('',(87.923401544709,46.993391193566,26.));
#9133 = B_SPLINE_CURVE_WITH_KNOTS('',1,(#9134,#9135),.UNSPECIFIED.,.F.,
  .F.,(2,2),(0.,39.366229181876),.PIECEWISE_BEZIER_KNOTS.);
#9134 = CARTESIAN_POINT('',(87.923401544709,46.993391193566,26.));
#9135 = CARTESIAN_POINT('',(89.082729516681,51.872760570109,26.));
#9136 = ORIENTED_EDGE('',*,*,#9137,.T.);
#9137 = EDGE_CURVE('',#9131,#4110,#9138,.T.);
#9138 = LINE('',#9139,#9140);
#9139 = CARTESIAN_POINT('',(87.923401544709,46.993391193566,26.));
#9140 = VECTOR('',#9141,1.);
#9141 = DIRECTION('',(0.,0.,1.));
#9142 = ORIENTED_EDGE('',*,*,#4119,.F.);
#9143 = ORIENTED_EDGE('',*,*,#9112,.F.);
#9144 = SURFACE_OF_LINEAR_EXTRUSION('',#9145,#9148);
#9145 = B_SPLINE_CURVE_WITH_KNOTS('',1,(#9146,#9147),.UNSPECIFIED.,.F.,
  .F.,(2,2),(0.,39.366229181876),.PIECEWISE_BEZIER_KNOTS.);
#9146 = CARTESIAN_POINT('',(87.923401544709,46.993391193566,26.));
#9147 = CARTESIAN_POINT('',(89.082729516681,51.872760570109,26.));
#9148 = VECTOR('',#9149,1.);
#9149 = DIRECTION('',(-0.,-0.,-1.));
#9150 = ADVANCED_FACE('',(#9151),#9169,.F.);
#9151 = FACE_BOUND('',#9152,.F.);
#9152 = EDGE_LOOP('',(#9153,#9161,#9167,#9168));
#9153 = ORIENTED_EDGE('',*,*,#9154,.F.);
#9154 = EDGE_CURVE('',#9155,#9131,#9157,.T.);
#9155 = VERTEX_POINT('',#9156);
#9156 = CARTESIAN_POINT('',(87.897921809061,46.955171590095,26.));
#9157 = B_SPLINE_CURVE_WITH_KNOTS('',2,(#9158,#9159,#9160),
  .UNSPECIFIED.,.F.,.F.,(3,3),(0.,1.),.PIECEWISE_BEZIER_KNOTS.);
#9158 = CARTESIAN_POINT('',(87.897921809061,46.955171590095,26.));
#9159 = CARTESIAN_POINT('',(87.910661676885,46.955171590095,26.));
#9160 = CARTESIAN_POINT('',(87.923401544709,46.993391193566,26.));
#9161 = ORIENTED_EDGE('',*,*,#9162,.T.);
#9162 = EDGE_CURVE('',#9155,#4100,#9163,.T.);
#9163 = LINE('',#9164,#9165);
#9164 = CARTESIAN_POINT('',(87.897921809061,46.955171590095,26.));
#9165 = VECTOR('',#9166,1.);
#9166 = DIRECTION('',(0.,0.,1.));
#9167 = ORIENTED_EDGE('',*,*,#4109,.F.);
#9168 = ORIENTED_EDGE('',*,*,#9137,.F.);
#9169 = SURFACE_OF_LINEAR_EXTRUSION('',#9170,#9174);
#9170 = B_SPLINE_CURVE_WITH_KNOTS('',2,(#9171,#9172,#9173),
  .UNSPECIFIED.,.F.,.F.,(3,3),(0.,1.),.PIECEWISE_BEZIER_KNOTS.);
#9171 = CARTESIAN_POINT('',(87.897921809061,46.955171590095,26.));
#9172 = CARTESIAN_POINT('',(87.910661676885,46.955171590095,26.));
#9173 = CARTESIAN_POINT('',(87.923401544709,46.993391193566,26.));
#9174 = VECTOR('',#9175,1.);
#9175 = DIRECTION('',(-0.,-0.,-1.));
#9176 = ADVANCED_FACE('',(#9177),#9195,.F.);
#9177 = FACE_BOUND('',#9178,.F.);
#9178 = EDGE_LOOP('',(#9179,#9187,#9193,#9194));
#9179 = ORIENTED_EDGE('',*,*,#9180,.F.);
#9180 = EDGE_CURVE('',#9181,#9155,#9183,.T.);
#9181 = VERTEX_POINT('',#9182);
#9182 = CARTESIAN_POINT('',(87.872442073413,46.993391193566,26.));
#9183 = B_SPLINE_CURVE_WITH_KNOTS('',2,(#9184,#9185,#9186),
  .UNSPECIFIED.,.F.,.F.,(3,3),(0.,1.),.PIECEWISE_BEZIER_KNOTS.);
#9184 = CARTESIAN_POINT('',(87.872442073413,46.993391193566,26.));
#9185 = CARTESIAN_POINT('',(87.885181941237,46.955171590095,26.));
#9186 = CARTESIAN_POINT('',(87.897921809061,46.955171590095,26.));
#9187 = ORIENTED_EDGE('',*,*,#9188,.T.);
#9188 = EDGE_CURVE('',#9181,#4090,#9189,.T.);
#9189 = LINE('',#9190,#9191);
#9190 = CARTESIAN_POINT('',(87.872442073413,46.993391193566,26.));
#9191 = VECTOR('',#9192,1.);
#9192 = DIRECTION('',(0.,0.,1.));
#9193 = ORIENTED_EDGE('',*,*,#4099,.F.);
#9194 = ORIENTED_EDGE('',*,*,#9162,.F.);
#9195 = SURFACE_OF_LINEAR_EXTRUSION('',#9196,#9200);
#9196 = B_SPLINE_CURVE_WITH_KNOTS('',2,(#9197,#9198,#9199),
  .UNSPECIFIED.,.F.,.F.,(3,3),(0.,1.),.PIECEWISE_BEZIER_KNOTS.);
#9197 = CARTESIAN_POINT('',(87.872442073413,46.993391193566,26.));
#9198 = CARTESIAN_POINT('',(87.885181941237,46.955171590095,26.));
#9199 = CARTESIAN_POINT('',(87.897921809061,46.955171590095,26.));
#9200 = VECTOR('',#9201,1.);
#9201 = DIRECTION('',(-0.,-0.,-1.));
#9202 = ADVANCED_FACE('',(#9203),#9220,.F.);
#9203 = FACE_BOUND('',#9204,.F.);
#9204 = EDGE_LOOP('',(#9205,#9212,#9218,#9219));
#9205 = ORIENTED_EDGE('',*,*,#9206,.F.);
#9206 = EDGE_CURVE('',#9207,#9181,#9209,.T.);
#9207 = VERTEX_POINT('',#9208);
#9208 = CARTESIAN_POINT('',(86.687634365793,51.872760570109,26.));
#9209 = B_SPLINE_CURVE_WITH_KNOTS('',1,(#9210,#9211),.UNSPECIFIED.,.F.,
  .F.,(2,2),(0.,39.412942036849),.PIECEWISE_BEZIER_KNOTS.);
#9210 = CARTESIAN_POINT('',(86.687634365793,51.872760570109,26.));
#9211 = CARTESIAN_POINT('',(87.872442073413,46.993391193566,26.));
#9212 = ORIENTED_EDGE('',*,*,#9213,.T.);
#9213 = EDGE_CURVE('',#9207,#4075,#9214,.T.);
#9214 = LINE('',#9215,#9216);
#9215 = CARTESIAN_POINT('',(86.687634365793,51.872760570109,26.));
#9216 = VECTOR('',#9217,1.);
#9217 = DIRECTION('',(0.,0.,1.));
#9218 = ORIENTED_EDGE('',*,*,#4089,.F.);
#9219 = ORIENTED_EDGE('',*,*,#9188,.F.);
#9220 = SURFACE_OF_LINEAR_EXTRUSION('',#9221,#9224);
#9221 = B_SPLINE_CURVE_WITH_KNOTS('',1,(#9222,#9223),.UNSPECIFIED.,.F.,
  .F.,(2,2),(0.,39.412942036849),.PIECEWISE_BEZIER_KNOTS.);
#9222 = CARTESIAN_POINT('',(86.687634365793,51.872760570109,26.));
#9223 = CARTESIAN_POINT('',(87.872442073413,46.993391193566,26.));
#9224 = VECTOR('',#9225,1.);
#9225 = DIRECTION('',(-0.,-0.,-1.));
#9226 = ADVANCED_FACE('',(#9227),#9245,.F.);
#9227 = FACE_BOUND('',#9228,.F.);
#9228 = EDGE_LOOP('',(#9229,#9237,#9243,#9244));
#9229 = ORIENTED_EDGE('',*,*,#9230,.F.);
#9230 = EDGE_CURVE('',#9231,#9207,#9233,.T.);
#9231 = VERTEX_POINT('',#9232);
#9232 = CARTESIAN_POINT('',(86.547495819731,51.987419380524,26.));
#9233 = B_SPLINE_CURVE_WITH_KNOTS('',2,(#9234,#9235,#9236),
  .UNSPECIFIED.,.F.,.F.,(3,3),(0.,1.),.PIECEWISE_BEZIER_KNOTS.);
#9234 = CARTESIAN_POINT('',(86.547495819731,51.987419380524,26.));
#9235 = CARTESIAN_POINT('',(86.67489449797,51.987419380524,26.));
#9236 = CARTESIAN_POINT('',(86.687634365793,51.872760570109,26.));
#9237 = ORIENTED_EDGE('',*,*,#9238,.T.);
#9238 = EDGE_CURVE('',#9231,#4065,#9239,.T.);
#9239 = LINE('',#9240,#9241);
#9240 = CARTESIAN_POINT('',(86.547495819731,51.987419380524,26.));
#9241 = VECTOR('',#9242,1.);
#9242 = DIRECTION('',(0.,0.,1.));
#9243 = ORIENTED_EDGE('',*,*,#4074,.F.);
#9244 = ORIENTED_EDGE('',*,*,#9213,.F.);
#9245 = SURFACE_OF_LINEAR_EXTRUSION('',#9246,#9250);
#9246 = B_SPLINE_CURVE_WITH_KNOTS('',2,(#9247,#9248,#9249),
  .UNSPECIFIED.,.F.,.F.,(3,3),(0.,1.),.PIECEWISE_BEZIER_KNOTS.);
#9247 = CARTESIAN_POINT('',(86.547495819731,51.987419380524,26.));
#9248 = CARTESIAN_POINT('',(86.67489449797,51.987419380524,26.));
#9249 = CARTESIAN_POINT('',(86.687634365793,51.872760570109,26.));
#9250 = VECTOR('',#9251,1.);
#9251 = DIRECTION('',(-0.,-0.,-1.));
#9252 = ADVANCED_FACE('',(#9253),#9270,.F.);
#9253 = FACE_BOUND('',#9254,.F.);
#9254 = EDGE_LOOP('',(#9255,#9262,#9268,#9269));
#9255 = ORIENTED_EDGE('',*,*,#9256,.F.);
#9256 = EDGE_CURVE('',#9257,#9231,#9259,.T.);
#9257 = VERTEX_POINT('',#9258);
#9258 = CARTESIAN_POINT('',(85.961461899833,51.987419380524,26.));
#9259 = B_SPLINE_CURVE_WITH_KNOTS('',1,(#9260,#9261),.UNSPECIFIED.,.F.,
  .F.,(2,2),(0.,4.6),.PIECEWISE_BEZIER_KNOTS.);
#9260 = CARTESIAN_POINT('',(85.961461899833,51.987419380524,26.));
#9261 = CARTESIAN_POINT('',(86.547495819731,51.987419380524,26.));
#9262 = ORIENTED_EDGE('',*,*,#9263,.T.);
#9263 = EDGE_CURVE('',#9257,#4050,#9264,.T.);
#9264 = LINE('',#9265,#9266);
#9265 = CARTESIAN_POINT('',(85.961461899833,51.987419380524,26.));
#9266 = VECTOR('',#9267,1.);
#9267 = DIRECTION('',(0.,0.,1.));
#9268 = ORIENTED_EDGE('',*,*,#4064,.F.);
#9269 = ORIENTED_EDGE('',*,*,#9238,.F.);
#9270 = SURFACE_OF_LINEAR_EXTRUSION('',#9271,#9274);
#9271 = B_SPLINE_CURVE_WITH_KNOTS('',1,(#9272,#9273),.UNSPECIFIED.,.F.,
  .F.,(2,2),(0.,4.6),.PIECEWISE_BEZIER_KNOTS.);
#9272 = CARTESIAN_POINT('',(85.961461899833,51.987419380524,26.));
#9273 = CARTESIAN_POINT('',(86.547495819731,51.987419380524,26.));
#9274 = VECTOR('',#9275,1.);
#9275 = DIRECTION('',(-0.,-0.,-1.));
#9276 = ADVANCED_FACE('',(#9277),#9295,.F.);
#9277 = FACE_BOUND('',#9278,.F.);
#9278 = EDGE_LOOP('',(#9279,#9287,#9293,#9294));
#9279 = ORIENTED_EDGE('',*,*,#9280,.F.);
#9280 = EDGE_CURVE('',#9281,#9257,#9283,.T.);
#9281 = VERTEX_POINT('',#9282);
#9282 = CARTESIAN_POINT('',(85.82132335377,51.872760570109,26.));
#9283 = B_SPLINE_CURVE_WITH_KNOTS('',2,(#9284,#9285,#9286),
  .UNSPECIFIED.,.F.,.F.,(3,3),(0.,1.),.PIECEWISE_BEZIER_KNOTS.);
#9284 = CARTESIAN_POINT('',(85.82132335377,51.872760570109,26.));
#9285 = CARTESIAN_POINT('',(85.846803089418,51.987419380524,26.));
#9286 = CARTESIAN_POINT('',(85.961461899833,51.987419380524,26.));
#9287 = ORIENTED_EDGE('',*,*,#9288,.T.);
#9288 = EDGE_CURVE('',#9281,#4040,#9289,.T.);
#9289 = LINE('',#9290,#9291);
#9290 = CARTESIAN_POINT('',(85.82132335377,51.872760570109,26.));
#9291 = VECTOR('',#9292,1.);
#9292 = DIRECTION('',(0.,0.,1.));
#9293 = ORIENTED_EDGE('',*,*,#4049,.F.);
#9294 = ORIENTED_EDGE('',*,*,#9263,.F.);
#9295 = SURFACE_OF_LINEAR_EXTRUSION('',#9296,#9300);
#9296 = B_SPLINE_CURVE_WITH_KNOTS('',2,(#9297,#9298,#9299),
  .UNSPECIFIED.,.F.,.F.,(3,3),(0.,1.),.PIECEWISE_BEZIER_KNOTS.);
#9297 = CARTESIAN_POINT('',(85.82132335377,51.872760570109,26.));
#9298 = CARTESIAN_POINT('',(85.846803089418,51.987419380524,26.));
#9299 = CARTESIAN_POINT('',(85.961461899833,51.987419380524,26.));
#9300 = VECTOR('',#9301,1.);
#9301 = DIRECTION('',(-0.,-0.,-1.));
#9302 = ADVANCED_FACE('',(#9303),#9320,.F.);
#9303 = FACE_BOUND('',#9304,.F.);
#9304 = EDGE_LOOP('',(#9305,#9312,#9318,#9319));
#9305 = ORIENTED_EDGE('',*,*,#9306,.F.);
#9306 = EDGE_CURVE('',#9307,#9281,#9309,.T.);
#9307 = VERTEX_POINT('',#9308);
#9308 = CARTESIAN_POINT('',(84.661995381798,46.980651325742,26.));
#9309 = B_SPLINE_CURVE_WITH_KNOTS('',1,(#9310,#9311),.UNSPECIFIED.,.F.,
  .F.,(2,2),(0.,39.463527465243),.PIECEWISE_BEZIER_KNOTS.);
#9310 = CARTESIAN_POINT('',(84.661995381798,46.980651325742,26.));
#9311 = CARTESIAN_POINT('',(85.82132335377,51.872760570109,26.));
#9312 = ORIENTED_EDGE('',*,*,#9313,.T.);
#9313 = EDGE_CURVE('',#9307,#4030,#9314,.T.);
#9314 = LINE('',#9315,#9316);
#9315 = CARTESIAN_POINT('',(84.661995381798,46.980651325742,26.));
#9316 = VECTOR('',#9317,1.);
#9317 = DIRECTION('',(0.,0.,1.));
#9318 = ORIENTED_EDGE('',*,*,#4039,.F.);
#9319 = ORIENTED_EDGE('',*,*,#9288,.F.);
#9320 = SURFACE_OF_LINEAR_EXTRUSION('',#9321,#9324);
#9321 = B_SPLINE_CURVE_WITH_KNOTS('',1,(#9322,#9323),.UNSPECIFIED.,.F.,
  .F.,(2,2),(0.,39.463527465243),.PIECEWISE_BEZIER_KNOTS.);
#9322 = CARTESIAN_POINT('',(84.661995381798,46.980651325742,26.));
#9323 = CARTESIAN_POINT('',(85.82132335377,51.872760570109,26.));
#9324 = VECTOR('',#9325,1.);
#9325 = DIRECTION('',(-0.,-0.,-1.));
#9326 = ADVANCED_FACE('',(#9327),#9345,.F.);
#9327 = FACE_BOUND('',#9328,.F.);
#9328 = EDGE_LOOP('',(#9329,#9337,#9343,#9344));
#9329 = ORIENTED_EDGE('',*,*,#9330,.F.);
#9330 = EDGE_CURVE('',#9331,#9307,#9333,.T.);
#9331 = VERTEX_POINT('',#9332);
#9332 = CARTESIAN_POINT('',(84.63651564615,46.942431722271,26.));
#9333 = B_SPLINE_CURVE_WITH_KNOTS('',2,(#9334,#9335,#9336),
  .UNSPECIFIED.,.F.,.F.,(3,3),(0.,1.),.PIECEWISE_BEZIER_KNOTS.);
#9334 = CARTESIAN_POINT('',(84.63651564615,46.942431722271,26.));
#9335 = CARTESIAN_POINT('',(84.649255513974,46.942431722271,26.));
#9336 = CARTESIAN_POINT('',(84.661995381798,46.980651325742,26.));
#9337 = ORIENTED_EDGE('',*,*,#9338,.T.);
#9338 = EDGE_CURVE('',#9331,#4020,#9339,.T.);
#9339 = LINE('',#9340,#9341);
#9340 = CARTESIAN_POINT('',(84.63651564615,46.942431722271,26.));
#9341 = VECTOR('',#9342,1.);
#9342 = DIRECTION('',(0.,0.,1.));
#9343 = ORIENTED_EDGE('',*,*,#4029,.F.);
#9344 = ORIENTED_EDGE('',*,*,#9313,.F.);
#9345 = SURFACE_OF_LINEAR_EXTRUSION('',#9346,#9350);
#9346 = B_SPLINE_CURVE_WITH_KNOTS('',2,(#9347,#9348,#9349),
  .UNSPECIFIED.,.F.,.F.,(3,3),(0.,1.),.PIECEWISE_BEZIER_KNOTS.);
#9347 = CARTESIAN_POINT('',(84.63651564615,46.942431722271,26.));
#9348 = CARTESIAN_POINT('',(84.649255513974,46.942431722271,26.));
#9349 = CARTESIAN_POINT('',(84.661995381798,46.980651325742,26.));
#9350 = VECTOR('',#9351,1.);
#9351 = DIRECTION('',(-0.,-0.,-1.));
#9352 = ADVANCED_FACE('',(#9353),#9371,.F.);
#9353 = FACE_BOUND('',#9354,.F.);
#9354 = EDGE_LOOP('',(#9355,#9363,#9369,#9370));
#9355 = ORIENTED_EDGE('',*,*,#9356,.F.);
#9356 = EDGE_CURVE('',#9357,#9331,#9359,.T.);
#9357 = VERTEX_POINT('',#9358);
#9358 = CARTESIAN_POINT('',(84.611035910502,46.980651325742,26.));
#9359 = B_SPLINE_CURVE_WITH_KNOTS('',2,(#9360,#9361,#9362),
  .UNSPECIFIED.,.F.,.F.,(3,3),(0.,1.),.PIECEWISE_BEZIER_KNOTS.);
#9360 = CARTESIAN_POINT('',(84.611035910502,46.980651325742,26.));
#9361 = CARTESIAN_POINT('',(84.623775778326,46.942431722271,26.));
#9362 = CARTESIAN_POINT('',(84.63651564615,46.942431722271,26.));
#9363 = ORIENTED_EDGE('',*,*,#9364,.T.);
#9364 = EDGE_CURVE('',#9357,#4010,#9365,.T.);
#9365 = LINE('',#9366,#9367);
#9366 = CARTESIAN_POINT('',(84.611035910502,46.980651325742,26.));
#9367 = VECTOR('',#9368,1.);
#9368 = DIRECTION('',(0.,0.,1.));
#9369 = ORIENTED_EDGE('',*,*,#4019,.F.);
#9370 = ORIENTED_EDGE('',*,*,#9338,.F.);
#9371 = SURFACE_OF_LINEAR_EXTRUSION('',#9372,#9376);
#9372 = B_SPLINE_CURVE_WITH_KNOTS('',2,(#9373,#9374,#9375),
  .UNSPECIFIED.,.F.,.F.,(3,3),(0.,1.),.PIECEWISE_BEZIER_KNOTS.);
#9373 = CARTESIAN_POINT('',(84.611035910502,46.980651325742,26.));
#9374 = CARTESIAN_POINT('',(84.623775778326,46.942431722271,26.));
#9375 = CARTESIAN_POINT('',(84.63651564615,46.942431722271,26.));
#9376 = VECTOR('',#9377,1.);
#9377 = DIRECTION('',(-0.,-0.,-1.));
#9378 = ADVANCED_FACE('',(#9379),#9396,.F.);
#9379 = FACE_BOUND('',#9380,.F.);
#9380 = EDGE_LOOP('',(#9381,#9388,#9394,#9395));
#9381 = ORIENTED_EDGE('',*,*,#9382,.F.);
#9382 = EDGE_CURVE('',#9383,#9357,#9385,.T.);
#9383 = VERTEX_POINT('',#9384);
#9384 = CARTESIAN_POINT('',(83.464447806354,51.872760570109,26.));
#9385 = B_SPLINE_CURVE_WITH_KNOTS('',1,(#9386,#9387),.UNSPECIFIED.,.F.,
  .F.,(2,2),(0.,39.440588230908),.PIECEWISE_BEZIER_KNOTS.);
#9386 = CARTESIAN_POINT('',(83.464447806354,51.872760570109,26.));
#9387 = CARTESIAN_POINT('',(84.611035910502,46.980651325742,26.));
#9388 = ORIENTED_EDGE('',*,*,#9389,.T.);
#9389 = EDGE_CURVE('',#9383,#3995,#9390,.T.);
#9390 = LINE('',#9391,#9392);
#9391 = CARTESIAN_POINT('',(83.464447806354,51.872760570109,26.));
#9392 = VECTOR('',#9393,1.);
#9393 = DIRECTION('',(0.,0.,1.));
#9394 = ORIENTED_EDGE('',*,*,#4009,.F.);
#9395 = ORIENTED_EDGE('',*,*,#9364,.F.);
#9396 = SURFACE_OF_LINEAR_EXTRUSION('',#9397,#9400);
#9397 = B_SPLINE_CURVE_WITH_KNOTS('',1,(#9398,#9399),.UNSPECIFIED.,.F.,
  .F.,(2,2),(0.,39.440588230908),.PIECEWISE_BEZIER_KNOTS.);
#9398 = CARTESIAN_POINT('',(83.464447806354,51.872760570109,26.));
#9399 = CARTESIAN_POINT('',(84.611035910502,46.980651325742,26.));
#9400 = VECTOR('',#9401,1.);
#9401 = DIRECTION('',(-0.,-0.,-1.));
#9402 = ADVANCED_FACE('',(#9403),#9421,.F.);
#9403 = FACE_BOUND('',#9404,.F.);
#9404 = EDGE_LOOP('',(#9405,#9413,#9419,#9420));
#9405 = ORIENTED_EDGE('',*,*,#9406,.F.);
#9406 = EDGE_CURVE('',#9407,#9383,#9409,.T.);
#9407 = VERTEX_POINT('',#9408);
#9408 = CARTESIAN_POINT('',(83.324309260291,51.987419380524,26.));
#9409 = B_SPLINE_CURVE_WITH_KNOTS('',2,(#9410,#9411,#9412),
  .UNSPECIFIED.,.F.,.F.,(3,3),(0.,1.),.PIECEWISE_BEZIER_KNOTS.);
#9410 = CARTESIAN_POINT('',(83.324309260291,51.987419380524,26.));
#9411 = CARTESIAN_POINT('',(83.438968070706,51.987419380524,26.));
#9412 = CARTESIAN_POINT('',(83.464447806354,51.872760570109,26.));
#9413 = ORIENTED_EDGE('',*,*,#9414,.T.);
#9414 = EDGE_CURVE('',#9407,#3985,#9415,.T.);
#9415 = LINE('',#9416,#9417);
#9416 = CARTESIAN_POINT('',(83.324309260291,51.987419380524,26.));
#9417 = VECTOR('',#9418,1.);
#9418 = DIRECTION('',(0.,0.,1.));
#9419 = ORIENTED_EDGE('',*,*,#3994,.F.);
#9420 = ORIENTED_EDGE('',*,*,#9389,.F.);
#9421 = SURFACE_OF_LINEAR_EXTRUSION('',#9422,#9426);
#9422 = B_SPLINE_CURVE_WITH_KNOTS('',2,(#9423,#9424,#9425),
  .UNSPECIFIED.,.F.,.F.,(3,3),(0.,1.),.PIECEWISE_BEZIER_KNOTS.);
#9423 = CARTESIAN_POINT('',(83.324309260291,51.987419380524,26.));
#9424 = CARTESIAN_POINT('',(83.438968070706,51.987419380524,26.));
#9425 = CARTESIAN_POINT('',(83.464447806354,51.872760570109,26.));
#9426 = VECTOR('',#9427,1.);
#9427 = DIRECTION('',(-0.,-0.,-1.));
#9428 = ADVANCED_FACE('',(#9429),#9446,.F.);
#9429 = FACE_BOUND('',#9430,.F.);
#9430 = EDGE_LOOP('',(#9431,#9438,#9444,#9445));
#9431 = ORIENTED_EDGE('',*,*,#9432,.F.);
#9432 = EDGE_CURVE('',#9433,#9407,#9435,.T.);
#9433 = VERTEX_POINT('',#9434);
#9434 = CARTESIAN_POINT('',(82.687315869098,51.987419380524,26.));
#9435 = B_SPLINE_CURVE_WITH_KNOTS('',1,(#9436,#9437),.UNSPECIFIED.,.F.,
  .F.,(2,2),(0.,5.),.PIECEWISE_BEZIER_KNOTS.);
#9436 = CARTESIAN_POINT('',(82.687315869098,51.987419380524,26.));
#9437 = CARTESIAN_POINT('',(83.324309260291,51.987419380524,26.));
#9438 = ORIENTED_EDGE('',*,*,#9439,.T.);
#9439 = EDGE_CURVE('',#9433,#3970,#9440,.T.);
#9440 = LINE('',#9441,#9442);
#9441 = CARTESIAN_POINT('',(82.687315869098,51.987419380524,26.));
#9442 = VECTOR('',#9443,1.);
#9443 = DIRECTION('',(0.,0.,1.));
#9444 = ORIENTED_EDGE('',*,*,#3984,.F.);
#9445 = ORIENTED_EDGE('',*,*,#9414,.F.);
#9446 = SURFACE_OF_LINEAR_EXTRUSION('',#9447,#9450);
#9447 = B_SPLINE_CURVE_WITH_KNOTS('',1,(#9448,#9449),.UNSPECIFIED.,.F.,
  .F.,(2,2),(0.,5.),.PIECEWISE_BEZIER_KNOTS.);
#9448 = CARTESIAN_POINT('',(82.687315869098,51.987419380524,26.));
#9449 = CARTESIAN_POINT('',(83.324309260291,51.987419380524,26.));
#9450 = VECTOR('',#9451,1.);
#9451 = DIRECTION('',(-0.,-0.,-1.));
#9452 = ADVANCED_FACE('',(#9453),#9471,.F.);
#9453 = FACE_BOUND('',#9454,.F.);
#9454 = EDGE_LOOP('',(#9455,#9463,#9469,#9470));
#9455 = ORIENTED_EDGE('',*,*,#9456,.F.);
#9456 = EDGE_CURVE('',#9457,#9433,#9459,.T.);
#9457 = VERTEX_POINT('',#9458);
#9458 = CARTESIAN_POINT('',(82.572657058683,51.898240305757,26.));
#9459 = B_SPLINE_CURVE_WITH_KNOTS('',2,(#9460,#9461,#9462),
  .UNSPECIFIED.,.F.,.F.,(3,3),(0.,1.),.PIECEWISE_BEZIER_KNOTS.);
#9460 = CARTESIAN_POINT('',(82.572657058683,51.898240305757,26.));
#9461 = CARTESIAN_POINT('',(82.572657058683,51.987419380524,26.));
#9462 = CARTESIAN_POINT('',(82.687315869098,51.987419380524,26.));
#9463 = ORIENTED_EDGE('',*,*,#9464,.T.);
#9464 = EDGE_CURVE('',#9457,#3960,#9465,.T.);
#9465 = LINE('',#9466,#9467);
#9466 = CARTESIAN_POINT('',(82.572657058683,51.898240305757,26.));
#9467 = VECTOR('',#9468,1.);
#9468 = DIRECTION('',(0.,0.,1.));
#9469 = ORIENTED_EDGE('',*,*,#3969,.F.);
#9470 = ORIENTED_EDGE('',*,*,#9439,.F.);
#9471 = SURFACE_OF_LINEAR_EXTRUSION('',#9472,#9476);
#9472 = B_SPLINE_CURVE_WITH_KNOTS('',2,(#9473,#9474,#9475),
  .UNSPECIFIED.,.F.,.F.,(3,3),(0.,1.),.PIECEWISE_BEZIER_KNOTS.);
#9473 = CARTESIAN_POINT('',(82.572657058683,51.898240305757,26.));
#9474 = CARTESIAN_POINT('',(82.572657058683,51.987419380524,26.));
#9475 = CARTESIAN_POINT('',(82.687315869098,51.987419380524,26.));
#9476 = VECTOR('',#9477,1.);
#9477 = DIRECTION('',(-0.,-0.,-1.));
#9478 = ADVANCED_FACE('',(#9479),#9489,.F.);
#9479 = FACE_BOUND('',#9480,.F.);
#9480 = EDGE_LOOP('',(#9481,#9486,#9487,#9488));
#9481 = ORIENTED_EDGE('',*,*,#9482,.F.);
#9482 = EDGE_CURVE('',#8724,#9457,#9483,.T.);
#9483 = B_SPLINE_CURVE_WITH_KNOTS('',1,(#9484,#9485),.UNSPECIFIED.,.F.,
  .F.,(2,2),(0.,0.412310562562),.PIECEWISE_BEZIER_KNOTS.);
#9484 = CARTESIAN_POINT('',(82.585396926507,51.847280834461,26.));
#9485 = CARTESIAN_POINT('',(82.572657058683,51.898240305757,26.));
#9486 = ORIENTED_EDGE('',*,*,#8737,.T.);
#9487 = ORIENTED_EDGE('',*,*,#3959,.F.);
#9488 = ORIENTED_EDGE('',*,*,#9464,.F.);
#9489 = SURFACE_OF_LINEAR_EXTRUSION('',#9490,#9493);
#9490 = B_SPLINE_CURVE_WITH_KNOTS('',1,(#9491,#9492),.UNSPECIFIED.,.F.,
  .F.,(2,2),(0.,0.412310562562),.PIECEWISE_BEZIER_KNOTS.);
#9491 = CARTESIAN_POINT('',(82.585396926507,51.847280834461,26.));
#9492 = CARTESIAN_POINT('',(82.572657058683,51.898240305757,26.));
#9493 = VECTOR('',#9494,1.);
#9494 = DIRECTION('',(-0.,-0.,-1.));
#9495 = ADVANCED_FACE('',(#9496),#9520,.F.);
#9496 = FACE_BOUND('',#9497,.F.);
#9497 = EDGE_LOOP('',(#9498,#9507,#9513,#9514));
#9498 = ORIENTED_EDGE('',*,*,#9499,.F.);
#9499 = EDGE_CURVE('',#9500,#9502,#9504,.T.);
#9500 = VERTEX_POINT('',#9501);
#9501 = CARTESIAN_POINT('',(10.716617565093,56.210685564137,26.));
#9502 = VERTEX_POINT('',#9503);
#9503 = CARTESIAN_POINT('',(14.538577912254,56.210685564137,26.));
#9504 = B_SPLINE_CURVE_WITH_KNOTS('',1,(#9505,#9506),.UNSPECIFIED.,.F.,
  .F.,(2,2),(0.,8.),.PIECEWISE_BEZIER_KNOTS.);
#9505 = CARTESIAN_POINT('',(10.716617565093,56.210685564137,26.));
#9506 = CARTESIAN_POINT('',(14.538577912254,56.210685564137,26.));
#9507 = ORIENTED_EDGE('',*,*,#9508,.T.);
#9508 = EDGE_CURVE('',#9500,#4316,#9509,.T.);
#9509 = LINE('',#9510,#9511);
#9510 = CARTESIAN_POINT('',(10.716617565093,56.210685564137,26.));
#9511 = VECTOR('',#9512,1.);
#9512 = DIRECTION('',(0.,0.,1.));
#9513 = ORIENTED_EDGE('',*,*,#4313,.F.);
#9514 = ORIENTED_EDGE('',*,*,#9515,.F.);
#9515 = EDGE_CURVE('',#9502,#4314,#9516,.T.);
#9516 = LINE('',#9517,#9518);
#9517 = CARTESIAN_POINT('',(14.538577912254,56.210685564137,26.));
#9518 = VECTOR('',#9519,1.);
#9519 = DIRECTION('',(0.,0.,1.));
#9520 = SURFACE_OF_LINEAR_EXTRUSION('',#9521,#9524);
#9521 = B_SPLINE_CURVE_WITH_KNOTS('',1,(#9522,#9523),.UNSPECIFIED.,.F.,
  .F.,(2,2),(0.,8.),.PIECEWISE_BEZIER_KNOTS.);
#9522 = CARTESIAN_POINT('',(10.716617565093,56.210685564137,26.));
#9523 = CARTESIAN_POINT('',(14.538577912254,56.210685564137,26.));
#9524 = VECTOR('',#9525,1.);
#9525 = DIRECTION('',(-0.,-0.,-1.));
#9526 = ADVANCED_FACE('',(#9527),#9545,.T.);
#9527 = FACE_BOUND('',#9528,.T.);
#9528 = EDGE_LOOP('',(#9529,#9537,#9538,#9539));
#9529 = ORIENTED_EDGE('',*,*,#9530,.F.);
#9530 = EDGE_CURVE('',#9500,#9531,#9533,.T.);
#9531 = VERTEX_POINT('',#9532);
#9532 = CARTESIAN_POINT('',(10.,55.494067999045,26.));
#9533 = ( BOUNDED_CURVE() B_SPLINE_CURVE(2,(#9534,#9535,#9536),
.UNSPECIFIED.,.F.,.F.) B_SPLINE_CURVE_WITH_KNOTS((3,3),(1.570796326795,
3.14159265359),.PIECEWISE_BEZIER_KNOTS.) CURVE() 
GEOMETRIC_REPRESENTATION_ITEM() RATIONAL_B_SPLINE_CURVE((1.,
0.707106781187,1.)) REPRESENTATION_ITEM('') );
#9534 = CARTESIAN_POINT('',(10.716617565093,56.210685564137,26.));
#9535 = CARTESIAN_POINT('',(10.,56.210685564137,26.));
#9536 = CARTESIAN_POINT('',(10.,55.494067999045,26.));
#9537 = ORIENTED_EDGE('',*,*,#9508,.T.);
#9538 = ORIENTED_EDGE('',*,*,#4451,.F.);
#9539 = ORIENTED_EDGE('',*,*,#9540,.F.);
#9540 = EDGE_CURVE('',#9531,#4442,#9541,.T.);
#9541 = LINE('',#9542,#9543);
#9542 = CARTESIAN_POINT('',(10.,55.494067999045,26.));
#9543 = VECTOR('',#9544,1.);
#9544 = DIRECTION('',(0.,0.,1.));
#9545 = SURFACE_OF_LINEAR_EXTRUSION('',#9546,#9550);
#9546 = ( BOUNDED_CURVE() B_SPLINE_CURVE(2,(#9547,#9548,#9549),
.UNSPECIFIED.,.F.,.F.) B_SPLINE_CURVE_WITH_KNOTS((3,3),(1.570796326795,
3.14159265359),.PIECEWISE_BEZIER_KNOTS.) CURVE() 
GEOMETRIC_REPRESENTATION_ITEM() RATIONAL_B_SPLINE_CURVE((1.,
0.707106781187,1.)) REPRESENTATION_ITEM('') );
#9547 = CARTESIAN_POINT('',(10.716617565093,56.210685564137,26.));
#9548 = CARTESIAN_POINT('',(10.,56.210685564137,26.));
#9549 = CARTESIAN_POINT('',(10.,55.494067999045,26.));
#9550 = VECTOR('',#9551,1.);
#9551 = DIRECTION('',(-0.,-0.,-1.));
#9552 = ADVANCED_FACE('',(#9553),#9570,.F.);
#9553 = FACE_BOUND('',#9554,.F.);
#9554 = EDGE_LOOP('',(#9555,#9562,#9568,#9569));
#9555 = ORIENTED_EDGE('',*,*,#9556,.F.);
#9556 = EDGE_CURVE('',#9557,#9531,#9559,.T.);
#9557 = VERTEX_POINT('',#9558);
#9558 = CARTESIAN_POINT('',(10.,44.505932000955,26.));
#9559 = B_SPLINE_CURVE_WITH_KNOTS('',1,(#9560,#9561),.UNSPECIFIED.,.F.,
  .F.,(2,2),(0.,23.),.PIECEWISE_BEZIER_KNOTS.);
#9560 = CARTESIAN_POINT('',(10.,44.505932000955,26.));
#9561 = CARTESIAN_POINT('',(10.,55.494067999045,26.));
#9562 = ORIENTED_EDGE('',*,*,#9563,.T.);
#9563 = EDGE_CURVE('',#9557,#4410,#9564,.T.);
#9564 = LINE('',#9565,#9566);
#9565 = CARTESIAN_POINT('',(10.,44.505932000955,26.));
#9566 = VECTOR('',#9567,1.);
#9567 = DIRECTION('',(0.,0.,1.));
#9568 = ORIENTED_EDGE('',*,*,#4441,.F.);
#9569 = ORIENTED_EDGE('',*,*,#9540,.F.);
#9570 = SURFACE_OF_LINEAR_EXTRUSION('',#9571,#9574);
#9571 = B_SPLINE_CURVE_WITH_KNOTS('',1,(#9572,#9573),.UNSPECIFIED.,.F.,
  .F.,(2,2),(0.,23.),.PIECEWISE_BEZIER_KNOTS.);
#9572 = CARTESIAN_POINT('',(10.,44.505932000955,26.));
#9573 = CARTESIAN_POINT('',(10.,55.494067999045,26.));
#9574 = VECTOR('',#9575,1.);
#9575 = DIRECTION('',(-0.,-0.,-1.));
#9576 = ADVANCED_FACE('',(#9577),#9595,.T.);
#9577 = FACE_BOUND('',#9578,.T.);
#9578 = EDGE_LOOP('',(#9579,#9587,#9588,#9589));
#9579 = ORIENTED_EDGE('',*,*,#9580,.F.);
#9580 = EDGE_CURVE('',#9557,#9581,#9583,.T.);
#9581 = VERTEX_POINT('',#9582);
#9582 = CARTESIAN_POINT('',(10.716617565093,43.789314435863,26.));
#9583 = ( BOUNDED_CURVE() B_SPLINE_CURVE(2,(#9584,#9585,#9586),
.UNSPECIFIED.,.F.,.F.) B_SPLINE_CURVE_WITH_KNOTS((3,3),(3.14159265359,
4.712388980385),.PIECEWISE_BEZIER_KNOTS.) CURVE() 
GEOMETRIC_REPRESENTATION_ITEM() RATIONAL_B_SPLINE_CURVE((1.,
0.707106781187,1.)) REPRESENTATION_ITEM('') );
#9584 = CARTESIAN_POINT('',(10.,44.505932000955,26.));
#9585 = CARTESIAN_POINT('',(10.,43.789314435863,26.));
#9586 = CARTESIAN_POINT('',(10.716617565093,43.789314435863,26.));
#9587 = ORIENTED_EDGE('',*,*,#9563,.T.);
#9588 = ORIENTED_EDGE('',*,*,#4409,.F.);
#9589 = ORIENTED_EDGE('',*,*,#9590,.F.);
#9590 = EDGE_CURVE('',#9581,#4400,#9591,.T.);
#9591 = LINE('',#9592,#9593);
#9592 = CARTESIAN_POINT('',(10.716617565093,43.789314435863,26.));
#9593 = VECTOR('',#9594,1.);
#9594 = DIRECTION('',(0.,0.,1.));
#9595 = SURFACE_OF_LINEAR_EXTRUSION('',#9596,#9600);
#9596 = ( BOUNDED_CURVE() B_SPLINE_CURVE(2,(#9597,#9598,#9599),
.UNSPECIFIED.,.F.,.F.) B_SPLINE_CURVE_WITH_KNOTS((3,3),(3.14159265359,
4.712388980385),.PIECEWISE_BEZIER_KNOTS.) CURVE() 
GEOMETRIC_REPRESENTATION_ITEM() RATIONAL_B_SPLINE_CURVE((1.,
0.707106781187,1.)) REPRESENTATION_ITEM('') );
#9597 = CARTESIAN_POINT('',(10.,44.505932000955,26.));
#9598 = CARTESIAN_POINT('',(10.,43.789314435863,26.));
#9599 = CARTESIAN_POINT('',(10.716617565093,43.789314435863,26.));
#9600 = VECTOR('',#9601,1.);
#9601 = DIRECTION('',(-0.,-0.,-1.));
#9602 = ADVANCED_FACE('',(#9603),#9620,.F.);
#9603 = FACE_BOUND('',#9604,.F.);
#9604 = EDGE_LOOP('',(#9605,#9612,#9618,#9619));
#9605 = ORIENTED_EDGE('',*,*,#9606,.F.);
#9606 = EDGE_CURVE('',#9607,#9581,#9609,.T.);
#9607 = VERTEX_POINT('',#9608);
#9608 = CARTESIAN_POINT('',(14.538577912254,43.789314435863,26.));
#9609 = B_SPLINE_CURVE_WITH_KNOTS('',1,(#9610,#9611),.UNSPECIFIED.,.F.,
  .F.,(2,2),(0.,8.),.PIECEWISE_BEZIER_KNOTS.);
#9610 = CARTESIAN_POINT('',(14.538577912254,43.789314435863,26.));
#9611 = CARTESIAN_POINT('',(10.716617565093,43.789314435863,26.));
#9612 = ORIENTED_EDGE('',*,*,#9613,.T.);
#9613 = EDGE_CURVE('',#9607,#4368,#9614,.T.);
#9614 = LINE('',#9615,#9616);
#9615 = CARTESIAN_POINT('',(14.538577912254,43.789314435863,26.));
#9616 = VECTOR('',#9617,1.);
#9617 = DIRECTION('',(0.,0.,1.));
#9618 = ORIENTED_EDGE('',*,*,#4399,.F.);
#9619 = ORIENTED_EDGE('',*,*,#9590,.F.);
#9620 = SURFACE_OF_LINEAR_EXTRUSION('',#9621,#9624);
#9621 = B_SPLINE_CURVE_WITH_KNOTS('',1,(#9622,#9623),.UNSPECIFIED.,.F.,
  .F.,(2,2),(0.,8.),.PIECEWISE_BEZIER_KNOTS.);
#9622 = CARTESIAN_POINT('',(14.538577912254,43.789314435863,26.));
#9623 = CARTESIAN_POINT('',(10.716617565093,43.789314435863,26.));
#9624 = VECTOR('',#9625,1.);
#9625 = DIRECTION('',(-0.,-0.,-1.));
#9626 = ADVANCED_FACE('',(#9627),#9645,.T.);
#9627 = FACE_BOUND('',#9628,.T.);
#9628 = EDGE_LOOP('',(#9629,#9637,#9638,#9639));
#9629 = ORIENTED_EDGE('',*,*,#9630,.F.);
#9630 = EDGE_CURVE('',#9607,#9631,#9633,.T.);
#9631 = VERTEX_POINT('',#9632);
#9632 = CARTESIAN_POINT('',(15.255195477347,44.505932000955,26.));
#9633 = ( BOUNDED_CURVE() B_SPLINE_CURVE(2,(#9634,#9635,#9636),
.UNSPECIFIED.,.F.,.F.) B_SPLINE_CURVE_WITH_KNOTS((3,3),(4.712388980385,
6.28318530718),.PIECEWISE_BEZIER_KNOTS.) CURVE() 
GEOMETRIC_REPRESENTATION_ITEM() RATIONAL_B_SPLINE_CURVE((1.,
0.707106781187,1.)) REPRESENTATION_ITEM('') );
#9634 = CARTESIAN_POINT('',(14.538577912254,43.789314435863,26.));
#9635 = CARTESIAN_POINT('',(15.255195477347,43.789314435863,26.));
#9636 = CARTESIAN_POINT('',(15.255195477347,44.505932000955,26.));
#9637 = ORIENTED_EDGE('',*,*,#9613,.T.);
#9638 = ORIENTED_EDGE('',*,*,#4367,.F.);
#9639 = ORIENTED_EDGE('',*,*,#9640,.F.);
#9640 = EDGE_CURVE('',#9631,#4358,#9641,.T.);
#9641 = LINE('',#9642,#9643);
#9642 = CARTESIAN_POINT('',(15.255195477347,44.505932000955,26.));
#9643 = VECTOR('',#9644,1.);
#9644 = DIRECTION('',(0.,0.,1.));
#9645 = SURFACE_OF_LINEAR_EXTRUSION('',#9646,#9650);
#9646 = ( BOUNDED_CURVE() B_SPLINE_CURVE(2,(#9647,#9648,#9649),
.UNSPECIFIED.,.F.,.F.) B_SPLINE_CURVE_WITH_KNOTS((3,3),(4.712388980385,
6.28318530718),.PIECEWISE_BEZIER_KNOTS.) CURVE() 
GEOMETRIC_REPRESENTATION_ITEM() RATIONAL_B_SPLINE_CURVE((1.,
0.707106781187,1.)) REPRESENTATION_ITEM('') );
#9647 = CARTESIAN_POINT('',(14.538577912254,43.789314435863,26.));
#9648 = CARTESIAN_POINT('',(15.255195477347,43.789314435863,26.));
#9649 = CARTESIAN_POINT('',(15.255195477347,44.505932000955,26.));
#9650 = VECTOR('',#9651,1.);
#9651 = DIRECTION('',(-0.,-0.,-1.));
#9652 = ADVANCED_FACE('',(#9653),#9670,.F.);
#9653 = FACE_BOUND('',#9654,.F.);
#9654 = EDGE_LOOP('',(#9655,#9662,#9668,#9669));
#9655 = ORIENTED_EDGE('',*,*,#9656,.F.);
#9656 = EDGE_CURVE('',#9657,#9631,#9659,.T.);
#9657 = VERTEX_POINT('',#9658);
#9658 = CARTESIAN_POINT('',(15.255195477347,55.494067999045,26.));
#9659 = B_SPLINE_CURVE_WITH_KNOTS('',1,(#9660,#9661),.UNSPECIFIED.,.F.,
  .F.,(2,2),(0.,23.),.PIECEWISE_BEZIER_KNOTS.);
#9660 = CARTESIAN_POINT('',(15.255195477347,55.494067999045,26.));
#9661 = CARTESIAN_POINT('',(15.255195477347,44.505932000955,26.));
#9662 = ORIENTED_EDGE('',*,*,#9663,.T.);
#9663 = EDGE_CURVE('',#9657,#4326,#9664,.T.);
#9664 = LINE('',#9665,#9666);
#9665 = CARTESIAN_POINT('',(15.255195477347,55.494067999045,26.));
#9666 = VECTOR('',#9667,1.);
#9667 = DIRECTION('',(0.,0.,1.));
#9668 = ORIENTED_EDGE('',*,*,#4357,.F.);
#9669 = ORIENTED_EDGE('',*,*,#9640,.F.);
#9670 = SURFACE_OF_LINEAR_EXTRUSION('',#9671,#9674);
#9671 = B_SPLINE_CURVE_WITH_KNOTS('',1,(#9672,#9673),.UNSPECIFIED.,.F.,
  .F.,(2,2),(0.,23.),.PIECEWISE_BEZIER_KNOTS.);
#9672 = CARTESIAN_POINT('',(15.255195477347,55.494067999045,26.));
#9673 = CARTESIAN_POINT('',(15.255195477347,44.505932000955,26.));
#9674 = VECTOR('',#9675,1.);
#9675 = DIRECTION('',(-0.,-0.,-1.));
#9676 = ADVANCED_FACE('',(#9677),#9688,.T.);
#9677 = FACE_BOUND('',#9678,.T.);
#9678 = EDGE_LOOP('',(#9679,#9685,#9686,#9687));
#9679 = ORIENTED_EDGE('',*,*,#9680,.F.);
#9680 = EDGE_CURVE('',#9657,#9502,#9681,.T.);
#9681 = ( BOUNDED_CURVE() B_SPLINE_CURVE(2,(#9682,#9683,#9684),
.UNSPECIFIED.,.F.,.F.) B_SPLINE_CURVE_WITH_KNOTS((3,3),(0.,
1.570796326795),.PIECEWISE_BEZIER_KNOTS.) CURVE() 
GEOMETRIC_REPRESENTATION_ITEM() RATIONAL_B_SPLINE_CURVE((1.,
0.707106781187,1.)) REPRESENTATION_ITEM('') );
#9682 = CARTESIAN_POINT('',(15.255195477347,55.494067999045,26.));
#9683 = CARTESIAN_POINT('',(15.255195477347,56.210685564137,26.));
#9684 = CARTESIAN_POINT('',(14.538577912254,56.210685564137,26.));
#9685 = ORIENTED_EDGE('',*,*,#9663,.T.);
#9686 = ORIENTED_EDGE('',*,*,#4325,.F.);
#9687 = ORIENTED_EDGE('',*,*,#9515,.F.);
#9688 = SURFACE_OF_LINEAR_EXTRUSION('',#9689,#9693);
#9689 = ( BOUNDED_CURVE() B_SPLINE_CURVE(2,(#9690,#9691,#9692),
.UNSPECIFIED.,.F.,.F.) B_SPLINE_CURVE_WITH_KNOTS((3,3),(0.,
1.570796326795),.PIECEWISE_BEZIER_KNOTS.) CURVE() 
GEOMETRIC_REPRESENTATION_ITEM() RATIONAL_B_SPLINE_CURVE((1.,
0.707106781187,1.)) REPRESENTATION_ITEM('') );
#9690 = CARTESIAN_POINT('',(15.255195477347,55.494067999045,26.));
#9691 = CARTESIAN_POINT('',(15.255195477347,56.210685564137,26.));
#9692 = CARTESIAN_POINT('',(14.538577912254,56.210685564137,26.));
#9693 = VECTOR('',#9694,1.);
#9694 = DIRECTION('',(-0.,-0.,-1.));
#9695 = ADVANCED_FACE('',(#9696),#9720,.F.);
#9696 = FACE_BOUND('',#9697,.F.);
#9697 = EDGE_LOOP('',(#9698,#9707,#9713,#9714));
#9698 = ORIENTED_EDGE('',*,*,#9699,.F.);
#9699 = EDGE_CURVE('',#9700,#9702,#9704,.T.);
#9700 = VERTEX_POINT('',#9701);
#9701 = CARTESIAN_POINT('',(17.022852137909,56.225017915439,26.));
#9702 = VERTEX_POINT('',#9703);
#9703 = CARTESIAN_POINT('',(20.175969424317,55.001990604347,26.));
#9704 = B_SPLINE_CURVE_WITH_KNOTS('',1,(#9705,#9706),.UNSPECIFIED.,.F.,
  .F.,(2,2),(0.,7.079095987483),.PIECEWISE_BEZIER_KNOTS.);
#9705 = CARTESIAN_POINT('',(17.022852137909,56.225017915439,26.));
#9706 = CARTESIAN_POINT('',(20.175969424317,55.001990604347,26.));
#9707 = ORIENTED_EDGE('',*,*,#9708,.T.);
#9708 = EDGE_CURVE('',#9700,#4486,#9709,.T.);
#9709 = LINE('',#9710,#9711);
#9710 = CARTESIAN_POINT('',(17.022852137909,56.225017915439,26.));
#9711 = VECTOR('',#9712,1.);
#9712 = DIRECTION('',(0.,0.,1.));
#9713 = ORIENTED_EDGE('',*,*,#4483,.F.);
#9714 = ORIENTED_EDGE('',*,*,#9715,.F.);
#9715 = EDGE_CURVE('',#9702,#4484,#9716,.T.);
#9716 = LINE('',#9717,#9718);
#9717 = CARTESIAN_POINT('',(20.175969424317,55.001990604347,26.));
#9718 = VECTOR('',#9719,1.);
#9719 = DIRECTION('',(0.,0.,1.));
#9720 = SURFACE_OF_LINEAR_EXTRUSION('',#9721,#9724);
#9721 = B_SPLINE_CURVE_WITH_KNOTS('',1,(#9722,#9723),.UNSPECIFIED.,.F.,
  .F.,(2,2),(0.,7.079095987483),.PIECEWISE_BEZIER_KNOTS.);
#9722 = CARTESIAN_POINT('',(17.022852137909,56.225017915439,26.));
#9723 = CARTESIAN_POINT('',(20.175969424317,55.001990604347,26.));
#9724 = VECTOR('',#9725,1.);
#9725 = DIRECTION('',(-0.,-0.,-1.));
#9726 = ADVANCED_FACE('',(#9727),#9745,.F.);
#9727 = FACE_BOUND('',#9728,.F.);
#9728 = EDGE_LOOP('',(#9729,#9737,#9743,#9744));
#9729 = ORIENTED_EDGE('',*,*,#9730,.F.);
#9730 = EDGE_CURVE('',#9731,#9700,#9733,.T.);
#9731 = VERTEX_POINT('',#9732);
#9732 = CARTESIAN_POINT('',(16.449558085835,55.732940520742,26.));
#9733 = B_SPLINE_CURVE_WITH_KNOTS('',2,(#9734,#9735,#9736),
  .UNSPECIFIED.,.F.,.F.,(3,3),(0.,1.),.PIECEWISE_BEZIER_KNOTS.);
#9734 = CARTESIAN_POINT('',(16.449558085835,55.732940520742,26.));
#9735 = CARTESIAN_POINT('',(16.449558085835,56.449558085835,26.));
#9736 = CARTESIAN_POINT('',(17.022852137909,56.225017915439,26.));
#9737 = ORIENTED_EDGE('',*,*,#9738,.T.);
#9738 = EDGE_CURVE('',#9731,#4612,#9739,.T.);
#9739 = LINE('',#9740,#9741);
#9740 = CARTESIAN_POINT('',(16.449558085835,55.732940520742,26.));
#9741 = VECTOR('',#9742,1.);
#9742 = DIRECTION('',(0.,0.,1.));
#9743 = ORIENTED_EDGE('',*,*,#4621,.F.);
#9744 = ORIENTED_EDGE('',*,*,#9708,.F.);
#9745 = SURFACE_OF_LINEAR_EXTRUSION('',#9746,#9750);
#9746 = B_SPLINE_CURVE_WITH_KNOTS('',2,(#9747,#9748,#9749),
  .UNSPECIFIED.,.F.,.F.,(3,3),(0.,1.),.PIECEWISE_BEZIER_KNOTS.);
#9747 = CARTESIAN_POINT('',(16.449558085835,55.732940520742,26.));
#9748 = CARTESIAN_POINT('',(16.449558085835,56.449558085835,26.));
#9749 = CARTESIAN_POINT('',(17.022852137909,56.225017915439,26.));
#9750 = VECTOR('',#9751,1.);
#9751 = DIRECTION('',(-0.,-0.,-1.));
#9752 = ADVANCED_FACE('',(#9753),#9770,.F.);
#9753 = FACE_BOUND('',#9754,.F.);
#9754 = EDGE_LOOP('',(#9755,#9762,#9768,#9769));
#9755 = ORIENTED_EDGE('',*,*,#9756,.F.);
#9756 = EDGE_CURVE('',#9757,#9731,#9759,.T.);
#9757 = VERTEX_POINT('',#9758);
#9758 = CARTESIAN_POINT('',(16.449558085835,44.267059479258,26.));
#9759 = B_SPLINE_CURVE_WITH_KNOTS('',1,(#9760,#9761),.UNSPECIFIED.,.F.,
  .F.,(2,2),(0.,24.),.PIECEWISE_BEZIER_KNOTS.);
#9760 = CARTESIAN_POINT('',(16.449558085835,44.267059479258,26.));
#9761 = CARTESIAN_POINT('',(16.449558085835,55.732940520742,26.));
#9762 = ORIENTED_EDGE('',*,*,#9763,.T.);
#9763 = EDGE_CURVE('',#9757,#4570,#9764,.T.);
#9764 = LINE('',#9765,#9766);
#9765 = CARTESIAN_POINT('',(16.449558085835,44.267059479258,26.));
#9766 = VECTOR('',#9767,1.);
#9767 = DIRECTION('',(0.,0.,1.));
#9768 = ORIENTED_EDGE('',*,*,#4611,.F.);
#9769 = ORIENTED_EDGE('',*,*,#9738,.F.);
#9770 = SURFACE_OF_LINEAR_EXTRUSION('',#9771,#9774);
#9771 = B_SPLINE_CURVE_WITH_KNOTS('',1,(#9772,#9773),.UNSPECIFIED.,.F.,
  .F.,(2,2),(0.,24.),.PIECEWISE_BEZIER_KNOTS.);
#9772 = CARTESIAN_POINT('',(16.449558085835,44.267059479258,26.));
#9773 = CARTESIAN_POINT('',(16.449558085835,55.732940520742,26.));
#9774 = VECTOR('',#9775,1.);
#9775 = DIRECTION('',(-0.,-0.,-1.));
#9776 = ADVANCED_FACE('',(#9777),#9795,.F.);
#9777 = FACE_BOUND('',#9778,.F.);
#9778 = EDGE_LOOP('',(#9779,#9787,#9793,#9794));
#9779 = ORIENTED_EDGE('',*,*,#9780,.F.);
#9780 = EDGE_CURVE('',#9781,#9757,#9783,.T.);
#9781 = VERTEX_POINT('',#9782);
#9782 = CARTESIAN_POINT('',(17.022852137909,43.774982084561,26.));
#9783 = B_SPLINE_CURVE_WITH_KNOTS('',2,(#9784,#9785,#9786),
  .UNSPECIFIED.,.F.,.F.,(3,3),(0.,1.),.PIECEWISE_BEZIER_KNOTS.);
#9784 = CARTESIAN_POINT('',(17.022852137909,43.774982084561,26.));
#9785 = CARTESIAN_POINT('',(16.449558085835,43.550441914165,26.));
#9786 = CARTESIAN_POINT('',(16.449558085835,44.267059479258,26.));
#9787 = ORIENTED_EDGE('',*,*,#9788,.T.);
#9788 = EDGE_CURVE('',#9781,#4560,#9789,.T.);
#9789 = LINE('',#9790,#9791);
#9790 = CARTESIAN_POINT('',(17.022852137909,43.774982084561,26.));
#9791 = VECTOR('',#9792,1.);
#9792 = DIRECTION('',(0.,0.,1.));
#9793 = ORIENTED_EDGE('',*,*,#4569,.F.);
#9794 = ORIENTED_EDGE('',*,*,#9763,.F.);
#9795 = SURFACE_OF_LINEAR_EXTRUSION('',#9796,#9800);
#9796 = B_SPLINE_CURVE_WITH_KNOTS('',2,(#9797,#9798,#9799),
  .UNSPECIFIED.,.F.,.F.,(3,3),(0.,1.),.PIECEWISE_BEZIER_KNOTS.);
#9797 = CARTESIAN_POINT('',(17.022852137909,43.774982084561,26.));
#9798 = CARTESIAN_POINT('',(16.449558085835,43.550441914165,26.));
#9799 = CARTESIAN_POINT('',(16.449558085835,44.267059479258,26.));
#9800 = VECTOR('',#9801,1.);
#9801 = DIRECTION('',(-0.,-0.,-1.));
#9802 = ADVANCED_FACE('',(#9803),#9820,.F.);
#9803 = FACE_BOUND('',#9804,.F.);
#9804 = EDGE_LOOP('',(#9805,#9812,#9818,#9819));
#9805 = ORIENTED_EDGE('',*,*,#9806,.F.);
#9806 = EDGE_CURVE('',#9807,#9781,#9809,.T.);
#9807 = VERTEX_POINT('',#9808);
#9808 = CARTESIAN_POINT('',(20.175969424317,44.998009395653,26.));
#9809 = B_SPLINE_CURVE_WITH_KNOTS('',1,(#9810,#9811),.UNSPECIFIED.,.F.,
  .F.,(2,2),(0.,7.079095987483),.PIECEWISE_BEZIER_KNOTS.);
#9810 = CARTESIAN_POINT('',(20.175969424317,44.998009395653,26.));
#9811 = CARTESIAN_POINT('',(17.022852137909,43.774982084561,26.));
#9812 = ORIENTED_EDGE('',*,*,#9813,.T.);
#9813 = EDGE_CURVE('',#9807,#4533,#9814,.T.);
#9814 = LINE('',#9815,#9816);
#9815 = CARTESIAN_POINT('',(20.175969424317,44.998009395653,26.));
#9816 = VECTOR('',#9817,1.);
#9817 = DIRECTION('',(0.,0.,1.));
#9818 = ORIENTED_EDGE('',*,*,#4559,.F.);
#9819 = ORIENTED_EDGE('',*,*,#9788,.F.);
#9820 = SURFACE_OF_LINEAR_EXTRUSION('',#9821,#9824);
#9821 = B_SPLINE_CURVE_WITH_KNOTS('',1,(#9822,#9823),.UNSPECIFIED.,.F.,
  .F.,(2,2),(0.,7.079095987483),.PIECEWISE_BEZIER_KNOTS.);
#9822 = CARTESIAN_POINT('',(20.175969424317,44.998009395653,26.));
#9823 = CARTESIAN_POINT('',(17.022852137909,43.774982084561,26.));
#9824 = VECTOR('',#9825,1.);
#9825 = DIRECTION('',(-0.,-0.,-1.));
#9826 = ADVANCED_FACE('',(#9827),#9845,.F.);
#9827 = FACE_BOUND('',#9828,.F.);
#9828 = EDGE_LOOP('',(#9829,#9837,#9843,#9844));
#9829 = ORIENTED_EDGE('',*,*,#9830,.F.);
#9830 = EDGE_CURVE('',#9831,#9807,#9833,.T.);
#9831 = VERTEX_POINT('',#9832);
#9832 = CARTESIAN_POINT('',(20.749263476391,45.939167131141,26.));
#9833 = B_SPLINE_CURVE_WITH_KNOTS('',2,(#9834,#9835,#9836),
  .UNSPECIFIED.,.F.,.F.,(3,3),(0.,1.),.PIECEWISE_BEZIER_KNOTS.);
#9834 = CARTESIAN_POINT('',(20.749263476391,45.939167131141,26.));
#9835 = CARTESIAN_POINT('',(20.749263476391,45.222549566048,26.));
#9836 = CARTESIAN_POINT('',(20.175969424317,44.998009395653,26.));
#9837 = ORIENTED_EDGE('',*,*,#9838,.T.);
#9838 = EDGE_CURVE('',#9831,#4523,#9839,.T.);
#9839 = LINE('',#9840,#9841);
#9840 = CARTESIAN_POINT('',(20.749263476391,45.939167131141,26.));
#9841 = VECTOR('',#9842,1.);
#9842 = DIRECTION('',(0.,0.,1.));
#9843 = ORIENTED_EDGE('',*,*,#4532,.F.);
#9844 = ORIENTED_EDGE('',*,*,#9813,.F.);
#9845 = SURFACE_OF_LINEAR_EXTRUSION('',#9846,#9850);
#9846 = B_SPLINE_CURVE_WITH_KNOTS('',2,(#9847,#9848,#9849),
  .UNSPECIFIED.,.F.,.F.,(3,3),(0.,1.),.PIECEWISE_BEZIER_KNOTS.);
#9847 = CARTESIAN_POINT('',(20.749263476391,45.939167131141,26.));
#9848 = CARTESIAN_POINT('',(20.749263476391,45.222549566048,26.));
#9849 = CARTESIAN_POINT('',(20.175969424317,44.998009395653,26.));
#9850 = VECTOR('',#9851,1.);
#9851 = DIRECTION('',(-0.,-0.,-1.));
#9852 = ADVANCED_FACE('',(#9853),#9870,.F.);
#9853 = FACE_BOUND('',#9854,.F.);
#9854 = EDGE_LOOP('',(#9855,#9862,#9868,#9869));
#9855 = ORIENTED_EDGE('',*,*,#9856,.F.);
#9856 = EDGE_CURVE('',#9857,#9831,#9859,.T.);
#9857 = VERTEX_POINT('',#9858);
#9858 = CARTESIAN_POINT('',(20.749263476391,54.060832868859,26.));
#9859 = B_SPLINE_CURVE_WITH_KNOTS('',1,(#9860,#9861),.UNSPECIFIED.,.F.,
  .F.,(2,2),(0.,17.),.PIECEWISE_BEZIER_KNOTS.);
#9860 = CARTESIAN_POINT('',(20.749263476391,54.060832868859,26.));
#9861 = CARTESIAN_POINT('',(20.749263476391,45.939167131141,26.));
#9862 = ORIENTED_EDGE('',*,*,#9863,.T.);
#9863 = EDGE_CURVE('',#9857,#4496,#9864,.T.);
#9864 = LINE('',#9865,#9866);
#9865 = CARTESIAN_POINT('',(20.749263476391,54.060832868859,26.));
#9866 = VECTOR('',#9867,1.);
#9867 = DIRECTION('',(0.,0.,1.));
#9868 = ORIENTED_EDGE('',*,*,#4522,.F.);
#9869 = ORIENTED_EDGE('',*,*,#9838,.F.);
#9870 = SURFACE_OF_LINEAR_EXTRUSION('',#9871,#9874);
#9871 = B_SPLINE_CURVE_WITH_KNOTS('',1,(#9872,#9873),.UNSPECIFIED.,.F.,
  .F.,(2,2),(0.,17.),.PIECEWISE_BEZIER_KNOTS.);
#9872 = CARTESIAN_POINT('',(20.749263476391,54.060832868859,26.));
#9873 = CARTESIAN_POINT('',(20.749263476391,45.939167131141,26.));
#9874 = VECTOR('',#9875,1.);
#9875 = DIRECTION('',(-0.,-0.,-1.));
#9876 = ADVANCED_FACE('',(#9877),#9888,.F.);
#9877 = FACE_BOUND('',#9878,.F.);
#9878 = EDGE_LOOP('',(#9879,#9885,#9886,#9887));
#9879 = ORIENTED_EDGE('',*,*,#9880,.F.);
#9880 = EDGE_CURVE('',#9702,#9857,#9881,.T.);
#9881 = B_SPLINE_CURVE_WITH_KNOTS('',2,(#9882,#9883,#9884),
  .UNSPECIFIED.,.F.,.F.,(3,3),(0.,1.),.PIECEWISE_BEZIER_KNOTS.);
#9882 = CARTESIAN_POINT('',(20.175969424317,55.001990604347,26.));
#9883 = CARTESIAN_POINT('',(20.749263476391,54.777450433952,26.));
#9884 = CARTESIAN_POINT('',(20.749263476391,54.060832868859,26.));
#9885 = ORIENTED_EDGE('',*,*,#9715,.T.);
#9886 = ORIENTED_EDGE('',*,*,#4495,.F.);
#9887 = ORIENTED_EDGE('',*,*,#9863,.F.);
#9888 = SURFACE_OF_LINEAR_EXTRUSION('',#9889,#9893);
#9889 = B_SPLINE_CURVE_WITH_KNOTS('',2,(#9890,#9891,#9892),
  .UNSPECIFIED.,.F.,.F.,(3,3),(0.,1.),.PIECEWISE_BEZIER_KNOTS.);
#9890 = CARTESIAN_POINT('',(20.175969424317,55.001990604347,26.));
#9891 = CARTESIAN_POINT('',(20.749263476391,54.777450433952,26.));
#9892 = CARTESIAN_POINT('',(20.749263476391,54.060832868859,26.));
#9893 = VECTOR('',#9894,1.);
#9894 = DIRECTION('',(-0.,-0.,-1.));
#9895 = ADVANCED_FACE('',(#9896),#9921,.T.);
#9896 = FACE_BOUND('',#9897,.T.);
#9897 = EDGE_LOOP('',(#9898,#9908,#9914,#9915));
#9898 = ORIENTED_EDGE('',*,*,#9899,.F.);
#9899 = EDGE_CURVE('',#9900,#9902,#9904,.T.);
#9900 = VERTEX_POINT('',#9901);
#9901 = CARTESIAN_POINT('',(22.182498606577,44.267059479258,26.));
#9902 = VERTEX_POINT('',#9903);
#9903 = CARTESIAN_POINT('',(22.660243649972,43.789314435863,26.));
#9904 = ( BOUNDED_CURVE() B_SPLINE_CURVE(2,(#9905,#9906,#9907),
.UNSPECIFIED.,.F.,.F.) B_SPLINE_CURVE_WITH_KNOTS((3,3),(3.14159265359,
4.712388980385),.PIECEWISE_BEZIER_KNOTS.) CURVE() 
GEOMETRIC_REPRESENTATION_ITEM() RATIONAL_B_SPLINE_CURVE((1.,
0.707106781187,1.)) REPRESENTATION_ITEM('') );
#9905 = CARTESIAN_POINT('',(22.182498606577,44.267059479258,26.));
#9906 = CARTESIAN_POINT('',(22.182498606577,43.789314435863,26.));
#9907 = CARTESIAN_POINT('',(22.660243649972,43.789314435863,26.));
#9908 = ORIENTED_EDGE('',*,*,#9909,.T.);
#9909 = EDGE_CURVE('',#9900,#4666,#9910,.T.);
#9910 = LINE('',#9911,#9912);
#9911 = CARTESIAN_POINT('',(22.182498606577,44.267059479258,26.));
#9912 = VECTOR('',#9913,1.);
#9913 = DIRECTION('',(0.,0.,1.));
#9914 = ORIENTED_EDGE('',*,*,#4663,.F.);
#9915 = ORIENTED_EDGE('',*,*,#9916,.F.);
#9916 = EDGE_CURVE('',#9902,#4664,#9917,.T.);
#9917 = LINE('',#9918,#9919);
#9918 = CARTESIAN_POINT('',(22.660243649972,43.789314435863,26.));
#9919 = VECTOR('',#9920,1.);
#9920 = DIRECTION('',(0.,0.,1.));
#9921 = SURFACE_OF_LINEAR_EXTRUSION('',#9922,#9926);
#9922 = ( BOUNDED_CURVE() B_SPLINE_CURVE(2,(#9923,#9924,#9925),
.UNSPECIFIED.,.F.,.F.) B_SPLINE_CURVE_WITH_KNOTS((3,3),(3.14159265359,
4.712388980385),.PIECEWISE_BEZIER_KNOTS.) CURVE() 
GEOMETRIC_REPRESENTATION_ITEM() RATIONAL_B_SPLINE_CURVE((1.,
0.707106781187,1.)) REPRESENTATION_ITEM('') );
#9923 = CARTESIAN_POINT('',(22.182498606577,44.267059479258,26.));
#9924 = CARTESIAN_POINT('',(22.182498606577,43.789314435863,26.));
#9925 = CARTESIAN_POINT('',(22.660243649972,43.789314435863,26.));
#9926 = VECTOR('',#9927,1.);
#9927 = DIRECTION('',(-0.,-0.,-1.));
#9928 = ADVANCED_FACE('',(#9929),#9946,.T.);
#9929 = FACE_BOUND('',#9930,.T.);
#9930 = EDGE_LOOP('',(#9931,#9938,#9939,#9940));
#9931 = ORIENTED_EDGE('',*,*,#9932,.F.);
#9932 = EDGE_CURVE('',#9902,#9933,#9935,.T.);
#9933 = VERTEX_POINT('',#9934);
#9934 = CARTESIAN_POINT('',(23.376861215065,43.789314435863,26.));
#9935 = B_SPLINE_CURVE_WITH_KNOTS('',1,(#9936,#9937),.UNSPECIFIED.,.F.,
  .F.,(2,2),(0.,1.5),.PIECEWISE_BEZIER_KNOTS.);
#9936 = CARTESIAN_POINT('',(22.660243649972,43.789314435863,26.));
#9937 = CARTESIAN_POINT('',(23.376861215065,43.789314435863,26.));
#9938 = ORIENTED_EDGE('',*,*,#9916,.T.);
#9939 = ORIENTED_EDGE('',*,*,#4803,.F.);
#9940 = ORIENTED_EDGE('',*,*,#9941,.F.);
#9941 = EDGE_CURVE('',#9933,#4777,#9942,.T.);
#9942 = LINE('',#9943,#9944);
#9943 = CARTESIAN_POINT('',(23.376861215065,43.789314435863,26.));
#9944 = VECTOR('',#9945,1.);
#9945 = DIRECTION('',(0.,0.,1.));
#9946 = SURFACE_OF_LINEAR_EXTRUSION('',#9947,#9950);
#9947 = B_SPLINE_CURVE_WITH_KNOTS('',1,(#9948,#9949),.UNSPECIFIED.,.F.,
  .F.,(2,2),(0.,1.5),.PIECEWISE_BEZIER_KNOTS.);
#9948 = CARTESIAN_POINT('',(22.660243649972,43.789314435863,26.));
#9949 = CARTESIAN_POINT('',(23.376861215065,43.789314435863,26.));
#9950 = VECTOR('',#9951,1.);
#9951 = DIRECTION('',(-0.,-0.,-1.));
#9952 = ADVANCED_FACE('',(#9953),#9971,.T.);
#9953 = FACE_BOUND('',#9954,.T.);
#9954 = EDGE_LOOP('',(#9955,#9963,#9964,#9965));
#9955 = ORIENTED_EDGE('',*,*,#9956,.F.);
#9956 = EDGE_CURVE('',#9933,#9957,#9959,.T.);
#9957 = VERTEX_POINT('',#9958);
#9958 = CARTESIAN_POINT('',(23.85460625846,44.267059479258,26.));
#9959 = ( BOUNDED_CURVE() B_SPLINE_CURVE(2,(#9960,#9961,#9962),
.UNSPECIFIED.,.F.,.F.) B_SPLINE_CURVE_WITH_KNOTS((3,3),(4.712388980385,
6.28318530718),.PIECEWISE_BEZIER_KNOTS.) CURVE() 
GEOMETRIC_REPRESENTATION_ITEM() RATIONAL_B_SPLINE_CURVE((1.,
0.707106781187,1.)) REPRESENTATION_ITEM('') );
#9960 = CARTESIAN_POINT('',(23.376861215065,43.789314435863,26.));
#9961 = CARTESIAN_POINT('',(23.85460625846,43.789314435863,26.));
#9962 = CARTESIAN_POINT('',(23.85460625846,44.267059479258,26.));
#9963 = ORIENTED_EDGE('',*,*,#9941,.T.);
#9964 = ORIENTED_EDGE('',*,*,#4776,.F.);
#9965 = ORIENTED_EDGE('',*,*,#9966,.F.);
#9966 = EDGE_CURVE('',#9957,#4767,#9967,.T.);
#9967 = LINE('',#9968,#9969);
#9968 = CARTESIAN_POINT('',(23.85460625846,44.267059479258,26.));
#9969 = VECTOR('',#9970,1.);
#9970 = DIRECTION('',(0.,0.,1.));
#9971 = SURFACE_OF_LINEAR_EXTRUSION('',#9972,#9976);
#9972 = ( BOUNDED_CURVE() B_SPLINE_CURVE(2,(#9973,#9974,#9975),
.UNSPECIFIED.,.F.,.F.) B_SPLINE_CURVE_WITH_KNOTS((3,3),(4.712388980385,
6.28318530718),.PIECEWISE_BEZIER_KNOTS.) CURVE() 
GEOMETRIC_REPRESENTATION_ITEM() RATIONAL_B_SPLINE_CURVE((1.,
0.707106781187,1.)) REPRESENTATION_ITEM('') );
#9973 = CARTESIAN_POINT('',(23.376861215065,43.789314435863,26.));
#9974 = CARTESIAN_POINT('',(23.85460625846,43.789314435863,26.));
#9975 = CARTESIAN_POINT('',(23.85460625846,44.267059479258,26.));
#9976 = VECTOR('',#9977,1.);
#9977 = DIRECTION('',(-0.,-0.,-1.));
#9978 = ADVANCED_FACE('',(#9979),#9996,.T.);
#9979 = FACE_BOUND('',#9980,.T.);
#9980 = EDGE_LOOP('',(#9981,#9988,#9989,#9990));
#9981 = ORIENTED_EDGE('',*,*,#9982,.F.);
#9982 = EDGE_CURVE('',#9957,#9983,#9985,.T.);
#9983 = VERTEX_POINT('',#9984);
#9984 = CARTESIAN_POINT('',(23.85460625846,55.732940520742,26.));
#9985 = B_SPLINE_CURVE_WITH_KNOTS('',1,(#9986,#9987),.UNSPECIFIED.,.F.,
  .F.,(2,2),(0.,24.),.PIECEWISE_BEZIER_KNOTS.);
#9986 = CARTESIAN_POINT('',(23.85460625846,44.267059479258,26.));
#9987 = CARTESIAN_POINT('',(23.85460625846,55.732940520742,26.));
#9988 = ORIENTED_EDGE('',*,*,#9966,.T.);
#9989 = ORIENTED_EDGE('',*,*,#4766,.F.);
#9990 = ORIENTED_EDGE('',*,*,#9991,.F.);
#9991 = EDGE_CURVE('',#9983,#4740,#9992,.T.);
#9992 = LINE('',#9993,#9994);
#9993 = CARTESIAN_POINT('',(23.85460625846,55.732940520742,26.));
#9994 = VECTOR('',#9995,1.);
#9995 = DIRECTION('',(0.,0.,1.));
#9996 = SURFACE_OF_LINEAR_EXTRUSION('',#9997,#10000);
#9997 = B_SPLINE_CURVE_WITH_KNOTS('',1,(#9998,#9999),.UNSPECIFIED.,.F.,
  .F.,(2,2),(0.,24.),.PIECEWISE_BEZIER_KNOTS.);
#9998 = CARTESIAN_POINT('',(23.85460625846,44.267059479258,26.));
#9999 = CARTESIAN_POINT('',(23.85460625846,55.732940520742,26.));
#10000 = VECTOR('',#10001,1.);
#10001 = DIRECTION('',(-0.,-0.,-1.));
#10002 = ADVANCED_FACE('',(#10003),#10021,.T.);
#10003 = FACE_BOUND('',#10004,.T.);
#10004 = EDGE_LOOP('',(#10005,#10013,#10014,#10015));
#10005 = ORIENTED_EDGE('',*,*,#10006,.F.);
#10006 = EDGE_CURVE('',#9983,#10007,#10009,.T.);
#10007 = VERTEX_POINT('',#10008);
#10008 = CARTESIAN_POINT('',(23.376861215065,56.210685564137,26.));
#10009 = ( BOUNDED_CURVE() B_SPLINE_CURVE(2,(#10010,#10011,#10012),
.UNSPECIFIED.,.F.,.F.) B_SPLINE_CURVE_WITH_KNOTS((3,3),(0.,
1.570796326795),.PIECEWISE_BEZIER_KNOTS.) CURVE() 
GEOMETRIC_REPRESENTATION_ITEM() RATIONAL_B_SPLINE_CURVE((1.,
0.707106781187,1.)) REPRESENTATION_ITEM('') );
#10010 = CARTESIAN_POINT('',(23.85460625846,55.732940520742,26.));
#10011 = CARTESIAN_POINT('',(23.85460625846,56.210685564137,26.));
#10012 = CARTESIAN_POINT('',(23.376861215065,56.210685564137,26.));
#10013 = ORIENTED_EDGE('',*,*,#9991,.T.);
#10014 = ORIENTED_EDGE('',*,*,#4739,.F.);
#10015 = ORIENTED_EDGE('',*,*,#10016,.F.);
#10016 = EDGE_CURVE('',#10007,#4730,#10017,.T.);
#10017 = LINE('',#10018,#10019);
#10018 = CARTESIAN_POINT('',(23.376861215065,56.210685564137,26.));
#10019 = VECTOR('',#10020,1.);
#10020 = DIRECTION('',(0.,0.,1.));
#10021 = SURFACE_OF_LINEAR_EXTRUSION('',#10022,#10026);
#10022 = ( BOUNDED_CURVE() B_SPLINE_CURVE(2,(#10023,#10024,#10025),
.UNSPECIFIED.,.F.,.F.) B_SPLINE_CURVE_WITH_KNOTS((3,3),(0.,
1.570796326795),.PIECEWISE_BEZIER_KNOTS.) CURVE() 
GEOMETRIC_REPRESENTATION_ITEM() RATIONAL_B_SPLINE_CURVE((1.,
0.707106781187,1.)) REPRESENTATION_ITEM('') );
#10023 = CARTESIAN_POINT('',(23.85460625846,55.732940520742,26.));
#10024 = CARTESIAN_POINT('',(23.85460625846,56.210685564137,26.));
#10025 = CARTESIAN_POINT('',(23.376861215065,56.210685564137,26.));
#10026 = VECTOR('',#10027,1.);
#10027 = DIRECTION('',(-0.,-0.,-1.));
#10028 = ADVANCED_FACE('',(#10029),#10046,.T.);
#10029 = FACE_BOUND('',#10030,.T.);
#10030 = EDGE_LOOP('',(#10031,#10038,#10039,#10040));
#10031 = ORIENTED_EDGE('',*,*,#10032,.F.);
#10032 = EDGE_CURVE('',#10007,#10033,#10035,.T.);
#10033 = VERTEX_POINT('',#10034);
#10034 = CARTESIAN_POINT('',(22.660243649972,56.210685564137,26.));
#10035 = B_SPLINE_CURVE_WITH_KNOTS('',1,(#10036,#10037),.UNSPECIFIED.,
  .F.,.F.,(2,2),(0.,1.5),.PIECEWISE_BEZIER_KNOTS.);
#10036 = CARTESIAN_POINT('',(23.376861215065,56.210685564137,26.));
#10037 = CARTESIAN_POINT('',(22.660243649972,56.210685564137,26.));
#10038 = ORIENTED_EDGE('',*,*,#10016,.T.);
#10039 = ORIENTED_EDGE('',*,*,#4729,.F.);
#10040 = ORIENTED_EDGE('',*,*,#10041,.F.);
#10041 = EDGE_CURVE('',#10033,#4703,#10042,.T.);
#10042 = LINE('',#10043,#10044);
#10043 = CARTESIAN_POINT('',(22.660243649972,56.210685564137,26.));
#10044 = VECTOR('',#10045,1.);
#10045 = DIRECTION('',(0.,0.,1.));
#10046 = SURFACE_OF_LINEAR_EXTRUSION('',#10047,#10050);
#10047 = B_SPLINE_CURVE_WITH_KNOTS('',1,(#10048,#10049),.UNSPECIFIED.,
  .F.,.F.,(2,2),(0.,1.5),.PIECEWISE_BEZIER_KNOTS.);
#10048 = CARTESIAN_POINT('',(23.376861215065,56.210685564137,26.));
#10049 = CARTESIAN_POINT('',(22.660243649972,56.210685564137,26.));
#10050 = VECTOR('',#10051,1.);
#10051 = DIRECTION('',(-0.,-0.,-1.));
#10052 = ADVANCED_FACE('',(#10053),#10071,.T.);
#10053 = FACE_BOUND('',#10054,.T.);
#10054 = EDGE_LOOP('',(#10055,#10063,#10064,#10065));
#10055 = ORIENTED_EDGE('',*,*,#10056,.F.);
#10056 = EDGE_CURVE('',#10033,#10057,#10059,.T.);
#10057 = VERTEX_POINT('',#10058);
#10058 = CARTESIAN_POINT('',(22.182498606577,55.732940520742,26.));
#10059 = ( BOUNDED_CURVE() B_SPLINE_CURVE(2,(#10060,#10061,#10062),
.UNSPECIFIED.,.F.,.F.) B_SPLINE_CURVE_WITH_KNOTS((3,3),(1.570796326795,
3.14159265359),.PIECEWISE_BEZIER_KNOTS.) CURVE() 
GEOMETRIC_REPRESENTATION_ITEM() RATIONAL_B_SPLINE_CURVE((1.,
0.707106781187,1.)) REPRESENTATION_ITEM('') );
#10060 = CARTESIAN_POINT('',(22.660243649972,56.210685564137,26.));
#10061 = CARTESIAN_POINT('',(22.182498606577,56.210685564137,26.));
#10062 = CARTESIAN_POINT('',(22.182498606577,55.732940520742,26.));
#10063 = ORIENTED_EDGE('',*,*,#10041,.T.);
#10064 = ORIENTED_EDGE('',*,*,#4702,.F.);
#10065 = ORIENTED_EDGE('',*,*,#10066,.F.);
#10066 = EDGE_CURVE('',#10057,#4693,#10067,.T.);
#10067 = LINE('',#10068,#10069);
#10068 = CARTESIAN_POINT('',(22.182498606577,55.732940520742,26.));
#10069 = VECTOR('',#10070,1.);
#10070 = DIRECTION('',(0.,0.,1.));
#10071 = SURFACE_OF_LINEAR_EXTRUSION('',#10072,#10076);
#10072 = ( BOUNDED_CURVE() B_SPLINE_CURVE(2,(#10073,#10074,#10075),
.UNSPECIFIED.,.F.,.F.) B_SPLINE_CURVE_WITH_KNOTS((3,3),(1.570796326795,
3.14159265359),.PIECEWISE_BEZIER_KNOTS.) CURVE() 
GEOMETRIC_REPRESENTATION_ITEM() RATIONAL_B_SPLINE_CURVE((1.,
0.707106781187,1.)) REPRESENTATION_ITEM('') );
#10073 = CARTESIAN_POINT('',(22.660243649972,56.210685564137,26.));
#10074 = CARTESIAN_POINT('',(22.182498606577,56.210685564137,26.));
#10075 = CARTESIAN_POINT('',(22.182498606577,55.732940520742,26.));
#10076 = VECTOR('',#10077,1.);
#10077 = DIRECTION('',(-0.,-0.,-1.));
#10078 = ADVANCED_FACE('',(#10079),#10089,.T.);
#10079 = FACE_BOUND('',#10080,.T.);
#10080 = EDGE_LOOP('',(#10081,#10086,#10087,#10088));
#10081 = ORIENTED_EDGE('',*,*,#10082,.F.);
#10082 = EDGE_CURVE('',#10057,#9900,#10083,.T.);
#10083 = B_SPLINE_CURVE_WITH_KNOTS('',1,(#10084,#10085),.UNSPECIFIED.,
  .F.,.F.,(2,2),(0.,24.),.PIECEWISE_BEZIER_KNOTS.);
#10084 = CARTESIAN_POINT('',(22.182498606577,55.732940520742,26.));
#10085 = CARTESIAN_POINT('',(22.182498606577,44.267059479258,26.));
#10086 = ORIENTED_EDGE('',*,*,#10066,.T.);
#10087 = ORIENTED_EDGE('',*,*,#4692,.F.);
#10088 = ORIENTED_EDGE('',*,*,#9909,.F.);
#10089 = SURFACE_OF_LINEAR_EXTRUSION('',#10090,#10093);
#10090 = B_SPLINE_CURVE_WITH_KNOTS('',1,(#10091,#10092),.UNSPECIFIED.,
  .F.,.F.,(2,2),(0.,24.),.PIECEWISE_BEZIER_KNOTS.);
#10091 = CARTESIAN_POINT('',(22.182498606577,55.732940520742,26.));
#10092 = CARTESIAN_POINT('',(22.182498606577,44.267059479258,26.));
#10093 = VECTOR('',#10094,1.);
#10094 = DIRECTION('',(-0.,-0.,-1.));
#10095 = ADVANCED_FACE('',(#10096),#10120,.F.);
#10096 = FACE_BOUND('',#10097,.F.);
#10097 = EDGE_LOOP('',(#10098,#10107,#10113,#10114));
#10098 = ORIENTED_EDGE('',*,*,#10099,.F.);
#10099 = EDGE_CURVE('',#10100,#10102,#10104,.T.);
#10100 = VERTEX_POINT('',#10101);
#10101 = CARTESIAN_POINT('',(33.575125408074,45.668444939884,26.));
#10102 = VERTEX_POINT('',#10103);
#10103 = CARTESIAN_POINT('',(32.288398757863,49.184648459272,26.));
#10104 = B_SPLINE_CURVE_WITH_KNOTS('',1,(#10105,#10106),.UNSPECIFIED.,
  .F.,.F.,(2,2),(0.,29.389964273541),.PIECEWISE_BEZIER_KNOTS.);
#10105 = CARTESIAN_POINT('',(33.575125408074,45.668444939884,26.));
#10106 = CARTESIAN_POINT('',(32.288398757863,49.184648459272,26.));
#10107 = ORIENTED_EDGE('',*,*,#10108,.T.);
#10108 = EDGE_CURVE('',#10100,#4816,#10109,.T.);
#10109 = LINE('',#10110,#10111);
#10110 = CARTESIAN_POINT('',(33.575125408074,45.668444939884,26.));
#10111 = VECTOR('',#10112,1.);
#10112 = DIRECTION('',(0.,0.,1.));
#10113 = ORIENTED_EDGE('',*,*,#4813,.F.);
#10114 = ORIENTED_EDGE('',*,*,#10115,.F.);
#10115 = EDGE_CURVE('',#10102,#4814,#10116,.T.);
#10116 = LINE('',#10117,#10118);
#10117 = CARTESIAN_POINT('',(32.288398757863,49.184648459272,26.));
#10118 = VECTOR('',#10119,1.);
#10119 = DIRECTION('',(0.,0.,1.));
#10120 = SURFACE_OF_LINEAR_EXTRUSION('',#10121,#10124);
#10121 = B_SPLINE_CURVE_WITH_KNOTS('',1,(#10122,#10123),.UNSPECIFIED.,
  .F.,.F.,(2,2),(0.,29.389964273541),.PIECEWISE_BEZIER_KNOTS.);
#10122 = CARTESIAN_POINT('',(33.575125408074,45.668444939884,26.));
#10123 = CARTESIAN_POINT('',(32.288398757863,49.184648459272,26.));
#10124 = VECTOR('',#10125,1.);
#10125 = DIRECTION('',(-0.,-0.,-1.));
#10126 = ADVANCED_FACE('',(#10127),#10145,.F.);
#10127 = FACE_BOUND('',#10128,.F.);
#10128 = EDGE_LOOP('',(#10129,#10137,#10143,#10144));
#10129 = ORIENTED_EDGE('',*,*,#10130,.F.);
#10130 = EDGE_CURVE('',#10131,#10100,#10133,.T.);
#10131 = VERTEX_POINT('',#10132);
#10132 = CARTESIAN_POINT('',(33.753483557608,45.541046261645,26.));
#10133 = B_SPLINE_CURVE_WITH_KNOTS('',2,(#10134,#10135,#10136),
  .UNSPECIFIED.,.F.,.F.,(3,3),(0.,1.),.PIECEWISE_BEZIER_KNOTS.);
#10134 = CARTESIAN_POINT('',(33.753483557608,45.541046261645,26.));
#10135 = CARTESIAN_POINT('',(33.613345011546,45.541046261645,26.));
#10136 = CARTESIAN_POINT('',(33.575125408074,45.668444939884,26.));
#10137 = ORIENTED_EDGE('',*,*,#10138,.T.);
#10138 = EDGE_CURVE('',#10131,#5105,#10139,.T.);
#10139 = LINE('',#10140,#10141);
#10140 = CARTESIAN_POINT('',(33.753483557608,45.541046261645,26.));
#10141 = VECTOR('',#10142,1.);
#10142 = DIRECTION('',(0.,0.,1.));
#10143 = ORIENTED_EDGE('',*,*,#5114,.F.);
#10144 = ORIENTED_EDGE('',*,*,#10108,.F.);
#10145 = SURFACE_OF_LINEAR_EXTRUSION('',#10146,#10150);
#10146 = B_SPLINE_CURVE_WITH_KNOTS('',2,(#10147,#10148,#10149),
  .UNSPECIFIED.,.F.,.F.,(3,3),(0.,1.),.PIECEWISE_BEZIER_KNOTS.);
#10147 = CARTESIAN_POINT('',(33.753483557608,45.541046261645,26.));
#10148 = CARTESIAN_POINT('',(33.613345011546,45.541046261645,26.));
#10149 = CARTESIAN_POINT('',(33.575125408074,45.668444939884,26.));
#10150 = VECTOR('',#10151,1.);
#10151 = DIRECTION('',(-0.,-0.,-1.));
#10152 = ADVANCED_FACE('',(#10153),#10170,.F.);
#10153 = FACE_BOUND('',#10154,.F.);
#10154 = EDGE_LOOP('',(#10155,#10162,#10168,#10169));
#10155 = ORIENTED_EDGE('',*,*,#10156,.F.);
#10156 = EDGE_CURVE('',#10157,#10131,#10159,.T.);
#10157 = VERTEX_POINT('',#10158);
#10158 = CARTESIAN_POINT('',(35.30774743212,45.541046261645,26.));
#10159 = B_SPLINE_CURVE_WITH_KNOTS('',1,(#10160,#10161),.UNSPECIFIED.,
  .F.,.F.,(2,2),(0.,12.2),.PIECEWISE_BEZIER_KNOTS.);
#10160 = CARTESIAN_POINT('',(35.30774743212,45.541046261645,26.));
#10161 = CARTESIAN_POINT('',(33.753483557608,45.541046261645,26.));
#10162 = ORIENTED_EDGE('',*,*,#10163,.T.);
#10163 = EDGE_CURVE('',#10157,#5090,#10164,.T.);
#10164 = LINE('',#10165,#10166);
#10165 = CARTESIAN_POINT('',(35.30774743212,45.541046261645,26.));
#10166 = VECTOR('',#10167,1.);
#10167 = DIRECTION('',(0.,0.,1.));
#10168 = ORIENTED_EDGE('',*,*,#5104,.F.);
#10169 = ORIENTED_EDGE('',*,*,#10138,.F.);
#10170 = SURFACE_OF_LINEAR_EXTRUSION('',#10171,#10174);
#10171 = B_SPLINE_CURVE_WITH_KNOTS('',1,(#10172,#10173),.UNSPECIFIED.,
  .F.,.F.,(2,2),(0.,12.2),.PIECEWISE_BEZIER_KNOTS.);
#10172 = CARTESIAN_POINT('',(35.30774743212,45.541046261645,26.));
#10173 = CARTESIAN_POINT('',(33.753483557608,45.541046261645,26.));
#10174 = VECTOR('',#10175,1.);
#10175 = DIRECTION('',(-0.,-0.,-1.));
#10176 = ADVANCED_FACE('',(#10177),#10195,.F.);
#10177 = FACE_BOUND('',#10178,.F.);
#10178 = EDGE_LOOP('',(#10179,#10187,#10193,#10194));
#10179 = ORIENTED_EDGE('',*,*,#10180,.F.);
#10180 = EDGE_CURVE('',#10181,#10157,#10183,.T.);
#10181 = VERTEX_POINT('',#10182);
#10182 = CARTESIAN_POINT('',(35.447885978183,45.65570507206,26.));
#10183 = B_SPLINE_CURVE_WITH_KNOTS('',2,(#10184,#10185,#10186),
  .UNSPECIFIED.,.F.,.F.,(3,3),(0.,1.),.PIECEWISE_BEZIER_KNOTS.);
#10184 = CARTESIAN_POINT('',(35.447885978183,45.65570507206,26.));
#10185 = CARTESIAN_POINT('',(35.447885978183,45.541046261645,26.));
#10186 = CARTESIAN_POINT('',(35.30774743212,45.541046261645,26.));
#10187 = ORIENTED_EDGE('',*,*,#10188,.T.);
#10188 = EDGE_CURVE('',#10181,#5080,#10189,.T.);
#10189 = LINE('',#10190,#10191);
#10190 = CARTESIAN_POINT('',(35.447885978183,45.65570507206,26.));
#10191 = VECTOR('',#10192,1.);
#10192 = DIRECTION('',(0.,0.,1.));
#10193 = ORIENTED_EDGE('',*,*,#5089,.F.);
#10194 = ORIENTED_EDGE('',*,*,#10163,.F.);
#10195 = SURFACE_OF_LINEAR_EXTRUSION('',#10196,#10200);
#10196 = B_SPLINE_CURVE_WITH_KNOTS('',2,(#10197,#10198,#10199),
  .UNSPECIFIED.,.F.,.F.,(3,3),(0.,1.),.PIECEWISE_BEZIER_KNOTS.);
#10197 = CARTESIAN_POINT('',(35.447885978183,45.65570507206,26.));
#10198 = CARTESIAN_POINT('',(35.447885978183,45.541046261645,26.));
#10199 = CARTESIAN_POINT('',(35.30774743212,45.541046261645,26.));
#10200 = VECTOR('',#10201,1.);
#10201 = DIRECTION('',(-0.,-0.,-1.));
#10202 = ADVANCED_FACE('',(#10203),#10221,.F.);
#10203 = FACE_BOUND('',#10204,.F.);
#10204 = EDGE_LOOP('',(#10205,#10213,#10219,#10220));
#10205 = ORIENTED_EDGE('',*,*,#10206,.F.);
#10206 = EDGE_CURVE('',#10207,#10181,#10209,.T.);
#10207 = VERTEX_POINT('',#10208);
#10208 = CARTESIAN_POINT('',(35.435146110359,45.719404411179,26.));
#10209 = B_SPLINE_CURVE_WITH_KNOTS('',2,(#10210,#10211,#10212),
  .UNSPECIFIED.,.F.,.F.,(3,3),(0.,1.),.PIECEWISE_BEZIER_KNOTS.);
#10210 = CARTESIAN_POINT('',(35.435146110359,45.719404411179,26.));
#10211 = CARTESIAN_POINT('',(35.447885978183,45.693924675531,26.));
#10212 = CARTESIAN_POINT('',(35.447885978183,45.65570507206,26.));
#10213 = ORIENTED_EDGE('',*,*,#10214,.T.);
#10214 = EDGE_CURVE('',#10207,#5070,#10215,.T.);
#10215 = LINE('',#10216,#10217);
#10216 = CARTESIAN_POINT('',(35.435146110359,45.719404411179,26.));
#10217 = VECTOR('',#10218,1.);
#10218 = DIRECTION('',(0.,0.,1.));
#10219 = ORIENTED_EDGE('',*,*,#5079,.F.);
#10220 = ORIENTED_EDGE('',*,*,#10188,.F.);
#10221 = SURFACE_OF_LINEAR_EXTRUSION('',#10222,#10226);
#10222 = B_SPLINE_CURVE_WITH_KNOTS('',2,(#10223,#10224,#10225),
  .UNSPECIFIED.,.F.,.F.,(3,3),(0.,1.),.PIECEWISE_BEZIER_KNOTS.);
#10223 = CARTESIAN_POINT('',(35.435146110359,45.719404411179,26.));
#10224 = CARTESIAN_POINT('',(35.447885978183,45.693924675531,26.));
#10225 = CARTESIAN_POINT('',(35.447885978183,45.65570507206,26.));
#10226 = VECTOR('',#10227,1.);
#10227 = DIRECTION('',(-0.,-0.,-1.));
#10228 = ADVANCED_FACE('',(#10229),#10246,.F.);
#10229 = FACE_BOUND('',#10230,.F.);
#10230 = EDGE_LOOP('',(#10231,#10238,#10244,#10245));
#10231 = ORIENTED_EDGE('',*,*,#10232,.F.);
#10232 = EDGE_CURVE('',#10233,#10207,#10235,.T.);
#10233 = VERTEX_POINT('',#10234);
#10234 = CARTESIAN_POINT('',(33.982801178438,49.37574647663,26.));
#10235 = B_SPLINE_CURVE_WITH_KNOTS('',1,(#10236,#10237),.UNSPECIFIED.,
  .F.,.F.,(2,2),(0.,30.881224069003),.PIECEWISE_BEZIER_KNOTS.);
#10236 = CARTESIAN_POINT('',(33.982801178438,49.37574647663,26.));
#10237 = CARTESIAN_POINT('',(35.435146110359,45.719404411179,26.));
#10238 = ORIENTED_EDGE('',*,*,#10239,.T.);
#10239 = EDGE_CURVE('',#10233,#5057,#10240,.T.);
#10240 = LINE('',#10241,#10242);
#10241 = CARTESIAN_POINT('',(33.982801178438,49.37574647663,26.));
#10242 = VECTOR('',#10243,1.);
#10243 = DIRECTION('',(0.,0.,1.));
#10244 = ORIENTED_EDGE('',*,*,#5069,.F.);
#10245 = ORIENTED_EDGE('',*,*,#10214,.F.);
#10246 = SURFACE_OF_LINEAR_EXTRUSION('',#10247,#10250);
#10247 = B_SPLINE_CURVE_WITH_KNOTS('',1,(#10248,#10249),.UNSPECIFIED.,
  .F.,.F.,(2,2),(0.,30.881224069003),.PIECEWISE_BEZIER_KNOTS.);
#10248 = CARTESIAN_POINT('',(33.982801178438,49.37574647663,26.));
#10249 = CARTESIAN_POINT('',(35.435146110359,45.719404411179,26.));
#10250 = VECTOR('',#10251,1.);
#10251 = DIRECTION('',(-0.,-0.,-1.));
#10252 = ADVANCED_FACE('',(#10253),#10271,.F.);
#10253 = FACE_BOUND('',#10254,.F.);
#10254 = EDGE_LOOP('',(#10255,#10263,#10269,#10270));
#10255 = ORIENTED_EDGE('',*,*,#10256,.F.);
#10256 = EDGE_CURVE('',#10257,#10233,#10259,.T.);
#10257 = VERTEX_POINT('',#10258);
#10258 = CARTESIAN_POINT('',(34.021020781909,49.464925551397,26.));
#10259 = B_SPLINE_CURVE_WITH_KNOTS('',2,(#10260,#10261,#10262),
  .UNSPECIFIED.,.F.,.F.,(3,3),(0.,1.),.PIECEWISE_BEZIER_KNOTS.);
#10260 = CARTESIAN_POINT('',(34.021020781909,49.464925551397,26.));
#10261 = CARTESIAN_POINT('',(33.95732144279,49.43944581575,26.));
#10262 = CARTESIAN_POINT('',(33.982801178438,49.37574647663,26.));
#10263 = ORIENTED_EDGE('',*,*,#10264,.T.);
#10264 = EDGE_CURVE('',#10257,#5042,#10265,.T.);
#10265 = LINE('',#10266,#10267);
#10266 = CARTESIAN_POINT('',(34.021020781909,49.464925551397,26.));
#10267 = VECTOR('',#10268,1.);
#10268 = DIRECTION('',(0.,0.,1.));
#10269 = ORIENTED_EDGE('',*,*,#5056,.F.);
#10270 = ORIENTED_EDGE('',*,*,#10239,.F.);
#10271 = SURFACE_OF_LINEAR_EXTRUSION('',#10272,#10276);
#10272 = B_SPLINE_CURVE_WITH_KNOTS('',2,(#10273,#10274,#10275),
  .UNSPECIFIED.,.F.,.F.,(3,3),(0.,1.),.PIECEWISE_BEZIER_KNOTS.);
#10273 = CARTESIAN_POINT('',(34.021020781909,49.464925551397,26.));
#10274 = CARTESIAN_POINT('',(33.95732144279,49.43944581575,26.));
#10275 = CARTESIAN_POINT('',(33.982801178438,49.37574647663,26.));
#10276 = VECTOR('',#10277,1.);
#10277 = DIRECTION('',(-0.,-0.,-1.));
#10278 = ADVANCED_FACE('',(#10279),#10297,.F.);
#10279 = FACE_BOUND('',#10280,.F.);
#10280 = EDGE_LOOP('',(#10281,#10289,#10295,#10296));
#10281 = ORIENTED_EDGE('',*,*,#10282,.F.);
#10282 = EDGE_CURVE('',#10283,#10257,#10285,.T.);
#10283 = VERTEX_POINT('',#10284);
#10284 = CARTESIAN_POINT('',(35.027470339995,50.356716299068,26.));
#10285 = B_SPLINE_CURVE_WITH_KNOTS('',2,(#10286,#10287,#10288),
  .UNSPECIFIED.,.F.,.F.,(3,3),(0.,1.),.PIECEWISE_BEZIER_KNOTS.);
#10286 = CARTESIAN_POINT('',(35.027470339995,50.356716299068,26.));
#10287 = CARTESIAN_POINT('',(34.670754040927,49.757942511346,26.));
#10288 = CARTESIAN_POINT('',(34.021020781909,49.464925551397,26.));
#10289 = ORIENTED_EDGE('',*,*,#10290,.T.);
#10290 = EDGE_CURVE('',#10283,#5027,#10291,.T.);
#10291 = LINE('',#10292,#10293);
#10292 = CARTESIAN_POINT('',(35.027470339995,50.356716299068,26.));
#10293 = VECTOR('',#10294,1.);
#10294 = DIRECTION('',(0.,0.,1.));
#10295 = ORIENTED_EDGE('',*,*,#5041,.F.);
#10296 = ORIENTED_EDGE('',*,*,#10264,.F.);
#10297 = SURFACE_OF_LINEAR_EXTRUSION('',#10298,#10302);
#10298 = B_SPLINE_CURVE_WITH_KNOTS('',2,(#10299,#10300,#10301),
  .UNSPECIFIED.,.F.,.F.,(3,3),(0.,1.),.PIECEWISE_BEZIER_KNOTS.);
#10299 = CARTESIAN_POINT('',(35.027470339995,50.356716299068,26.));
#10300 = CARTESIAN_POINT('',(34.670754040927,49.757942511346,26.));
#10301 = CARTESIAN_POINT('',(34.021020781909,49.464925551397,26.));
#10302 = VECTOR('',#10303,1.);
#10303 = DIRECTION('',(-0.,-0.,-1.));
#10304 = ADVANCED_FACE('',(#10305),#10323,.F.);
#10305 = FACE_BOUND('',#10306,.F.);
#10306 = EDGE_LOOP('',(#10307,#10315,#10321,#10322));
#10307 = ORIENTED_EDGE('',*,*,#10308,.F.);
#10308 = EDGE_CURVE('',#10309,#10283,#10311,.T.);
#10309 = VERTEX_POINT('',#10310);
#10310 = CARTESIAN_POINT('',(35.384186639064,51.770841627518,26.));
#10311 = B_SPLINE_CURVE_WITH_KNOTS('',2,(#10312,#10313,#10314),
  .UNSPECIFIED.,.F.,.F.,(3,3),(0.,1.),.PIECEWISE_BEZIER_KNOTS.);
#10312 = CARTESIAN_POINT('',(35.384186639064,51.770841627518,26.));
#10313 = CARTESIAN_POINT('',(35.384186639064,50.95549008679,26.));
#10314 = CARTESIAN_POINT('',(35.027470339995,50.356716299068,26.));
#10315 = ORIENTED_EDGE('',*,*,#10316,.T.);
#10316 = EDGE_CURVE('',#10309,#5012,#10317,.T.);
#10317 = LINE('',#10318,#10319);
#10318 = CARTESIAN_POINT('',(35.384186639064,51.770841627518,26.));
#10319 = VECTOR('',#10320,1.);
#10320 = DIRECTION('',(0.,0.,1.));
#10321 = ORIENTED_EDGE('',*,*,#5026,.F.);
#10322 = ORIENTED_EDGE('',*,*,#10290,.F.);
#10323 = SURFACE_OF_LINEAR_EXTRUSION('',#10324,#10328);
#10324 = B_SPLINE_CURVE_WITH_KNOTS('',2,(#10325,#10326,#10327),
  .UNSPECIFIED.,.F.,.F.,(3,3),(0.,1.),.PIECEWISE_BEZIER_KNOTS.);
#10325 = CARTESIAN_POINT('',(35.384186639064,51.770841627518,26.));
#10326 = CARTESIAN_POINT('',(35.384186639064,50.95549008679,26.));
#10327 = CARTESIAN_POINT('',(35.027470339995,50.356716299068,26.));
#10328 = VECTOR('',#10329,1.);
#10329 = DIRECTION('',(-0.,-0.,-1.));
#10330 = ADVANCED_FACE('',(#10331),#10349,.F.);
#10331 = FACE_BOUND('',#10332,.F.);
#10332 = EDGE_LOOP('',(#10333,#10341,#10347,#10348));
#10333 = ORIENTED_EDGE('',*,*,#10334,.F.);
#10334 = EDGE_CURVE('',#10335,#10309,#10337,.T.);
#10335 = VERTEX_POINT('',#10336);
#10336 = CARTESIAN_POINT('',(35.065689943467,53.172227088144,26.));
#10337 = B_SPLINE_CURVE_WITH_KNOTS('',2,(#10338,#10339,#10340),
  .UNSPECIFIED.,.F.,.F.,(3,3),(0.,1.),.PIECEWISE_BEZIER_KNOTS.);
#10338 = CARTESIAN_POINT('',(35.065689943467,53.172227088144,26.));
#10339 = CARTESIAN_POINT('',(35.384186639064,52.560713432598,26.));
#10340 = CARTESIAN_POINT('',(35.384186639064,51.770841627518,26.));
#10341 = ORIENTED_EDGE('',*,*,#10342,.T.);
#10342 = EDGE_CURVE('',#10335,#4997,#10343,.T.);
#10343 = LINE('',#10344,#10345);
#10344 = CARTESIAN_POINT('',(35.065689943467,53.172227088144,26.));
#10345 = VECTOR('',#10346,1.);
#10346 = DIRECTION('',(0.,0.,1.));
#10347 = ORIENTED_EDGE('',*,*,#5011,.F.);
#10348 = ORIENTED_EDGE('',*,*,#10316,.F.);
#10349 = SURFACE_OF_LINEAR_EXTRUSION('',#10350,#10354);
#10350 = B_SPLINE_CURVE_WITH_KNOTS('',2,(#10351,#10352,#10353),
  .UNSPECIFIED.,.F.,.F.,(3,3),(0.,1.),.PIECEWISE_BEZIER_KNOTS.);
#10351 = CARTESIAN_POINT('',(35.065689943467,53.172227088144,26.));
#10352 = CARTESIAN_POINT('',(35.384186639064,52.560713432598,26.));
#10353 = CARTESIAN_POINT('',(35.384186639064,51.770841627518,26.));
#10354 = VECTOR('',#10355,1.);
#10355 = DIRECTION('',(-0.,-0.,-1.));
#10356 = ADVANCED_FACE('',(#10357),#10375,.F.);
#10357 = FACE_BOUND('',#10358,.F.);
#10358 = EDGE_LOOP('',(#10359,#10367,#10373,#10374));
#10359 = ORIENTED_EDGE('',*,*,#10360,.F.);
#10360 = EDGE_CURVE('',#10361,#10335,#10363,.T.);
#10361 = VERTEX_POINT('',#10362);
#10362 = CARTESIAN_POINT('',(34.161159327972,54.121347241022,26.));
#10363 = B_SPLINE_CURVE_WITH_KNOTS('',2,(#10364,#10365,#10366),
  .UNSPECIFIED.,.F.,.F.,(3,3),(0.,1.),.PIECEWISE_BEZIER_KNOTS.);
#10364 = CARTESIAN_POINT('',(34.161159327972,54.121347241022,26.));
#10365 = CARTESIAN_POINT('',(34.74719324787,53.78374074369,26.));
#10366 = CARTESIAN_POINT('',(35.065689943467,53.172227088144,26.));
#10367 = ORIENTED_EDGE('',*,*,#10368,.T.);
#10368 = EDGE_CURVE('',#10361,#4980,#10369,.T.);
#10369 = LINE('',#10370,#10371);
#10370 = CARTESIAN_POINT('',(34.161159327972,54.121347241022,26.));
#10371 = VECTOR('',#10372,1.);
#10372 = DIRECTION('',(0.,0.,1.));
#10373 = ORIENTED_EDGE('',*,*,#4996,.F.);
#10374 = ORIENTED_EDGE('',*,*,#10342,.F.);
#10375 = SURFACE_OF_LINEAR_EXTRUSION('',#10376,#10380);
#10376 = B_SPLINE_CURVE_WITH_KNOTS('',2,(#10377,#10378,#10379),
  .UNSPECIFIED.,.F.,.F.,(3,3),(0.,1.),.PIECEWISE_BEZIER_KNOTS.);
#10377 = CARTESIAN_POINT('',(34.161159327972,54.121347241022,26.));
#10378 = CARTESIAN_POINT('',(34.74719324787,53.78374074369,26.));
#10379 = CARTESIAN_POINT('',(35.065689943467,53.172227088144,26.));
#10380 = VECTOR('',#10381,1.);
#10381 = DIRECTION('',(-0.,-0.,-1.));
#10382 = ADVANCED_FACE('',(#10383),#10401,.F.);
#10383 = FACE_BOUND('',#10384,.F.);
#10384 = EDGE_LOOP('',(#10385,#10393,#10399,#10400));
#10385 = ORIENTED_EDGE('',*,*,#10386,.F.);
#10386 = EDGE_CURVE('',#10387,#10361,#10389,.T.);
#10387 = VERTEX_POINT('',#10388);
#10388 = CARTESIAN_POINT('',(32.823473206465,54.458953738355,26.));
#10389 = B_SPLINE_CURVE_WITH_KNOTS('',2,(#10390,#10391,#10392),
  .UNSPECIFIED.,.F.,.F.,(3,3),(0.,1.),.PIECEWISE_BEZIER_KNOTS.);
#10390 = CARTESIAN_POINT('',(32.823473206465,54.458953738355,26.));
#10391 = CARTESIAN_POINT('',(33.575125408074,54.458953738355,26.));
#10392 = CARTESIAN_POINT('',(34.161159327972,54.121347241022,26.));
#10393 = ORIENTED_EDGE('',*,*,#10394,.T.);
#10394 = EDGE_CURVE('',#10387,#4970,#10395,.T.);
#10395 = LINE('',#10396,#10397);
#10396 = CARTESIAN_POINT('',(32.823473206465,54.458953738355,26.));
#10397 = VECTOR('',#10398,1.);
#10398 = DIRECTION('',(0.,0.,1.));
#10399 = ORIENTED_EDGE('',*,*,#4979,.F.);
#10400 = ORIENTED_EDGE('',*,*,#10368,.F.);
#10401 = SURFACE_OF_LINEAR_EXTRUSION('',#10402,#10406);
#10402 = B_SPLINE_CURVE_WITH_KNOTS('',2,(#10403,#10404,#10405),
  .UNSPECIFIED.,.F.,.F.,(3,3),(0.,1.),.PIECEWISE_BEZIER_KNOTS.);
#10403 = CARTESIAN_POINT('',(32.823473206465,54.458953738355,26.));
#10404 = CARTESIAN_POINT('',(33.575125408074,54.458953738355,26.));
#10405 = CARTESIAN_POINT('',(34.161159327972,54.121347241022,26.));
#10406 = VECTOR('',#10407,1.);
#10407 = DIRECTION('',(-0.,-0.,-1.));
#10408 = ADVANCED_FACE('',(#10409),#10426,.F.);
#10409 = FACE_BOUND('',#10410,.F.);
#10410 = EDGE_LOOP('',(#10411,#10418,#10424,#10425));
#10411 = ORIENTED_EDGE('',*,*,#10412,.F.);
#10412 = EDGE_CURVE('',#10413,#10387,#10415,.T.);
#10413 = VERTEX_POINT('',#10414);
#10414 = CARTESIAN_POINT('',(29.714945457441,54.458953738355,26.));
#10415 = B_SPLINE_CURVE_WITH_KNOTS('',1,(#10416,#10417),.UNSPECIFIED.,
  .F.,.F.,(2,2),(0.,24.4),.PIECEWISE_BEZIER_KNOTS.);
#10416 = CARTESIAN_POINT('',(29.714945457441,54.458953738355,26.));
#10417 = CARTESIAN_POINT('',(32.823473206465,54.458953738355,26.));
#10418 = ORIENTED_EDGE('',*,*,#10419,.T.);
#10419 = EDGE_CURVE('',#10413,#4957,#10420,.T.);
#10420 = LINE('',#10421,#10422);
#10421 = CARTESIAN_POINT('',(29.714945457441,54.458953738355,26.));
#10422 = VECTOR('',#10423,1.);
#10423 = DIRECTION('',(0.,0.,1.));
#10424 = ORIENTED_EDGE('',*,*,#4969,.F.);
#10425 = ORIENTED_EDGE('',*,*,#10394,.F.);
#10426 = SURFACE_OF_LINEAR_EXTRUSION('',#10427,#10430);
#10427 = B_SPLINE_CURVE_WITH_KNOTS('',1,(#10428,#10429),.UNSPECIFIED.,
  .F.,.F.,(2,2),(0.,24.4),.PIECEWISE_BEZIER_KNOTS.);
#10428 = CARTESIAN_POINT('',(29.714945457441,54.458953738355,26.));
#10429 = CARTESIAN_POINT('',(32.823473206465,54.458953738355,26.));
#10430 = VECTOR('',#10431,1.);
#10431 = DIRECTION('',(-0.,-0.,-1.));
#10432 = ADVANCED_FACE('',(#10433),#10451,.F.);
#10433 = FACE_BOUND('',#10434,.F.);
#10434 = EDGE_LOOP('',(#10435,#10443,#10449,#10450));
#10435 = ORIENTED_EDGE('',*,*,#10436,.F.);
#10436 = EDGE_CURVE('',#10437,#10413,#10439,.T.);
#10437 = VERTEX_POINT('',#10438);
#10438 = CARTESIAN_POINT('',(29.606656580938,54.414364200971,26.));
#10439 = B_SPLINE_CURVE_WITH_KNOTS('',2,(#10440,#10441,#10442),
  .UNSPECIFIED.,.F.,.F.,(3,3),(0.,1.),.PIECEWISE_BEZIER_KNOTS.);
#10440 = CARTESIAN_POINT('',(29.606656580938,54.414364200971,26.));
#10441 = CARTESIAN_POINT('',(29.651246118322,54.458953738355,26.));
#10442 = CARTESIAN_POINT('',(29.714945457441,54.458953738355,26.));
#10443 = ORIENTED_EDGE('',*,*,#10444,.T.);
#10444 = EDGE_CURVE('',#10437,#4944,#10445,.T.);
#10445 = LINE('',#10446,#10447);
#10446 = CARTESIAN_POINT('',(29.606656580938,54.414364200971,26.));
#10447 = VECTOR('',#10448,1.);
#10448 = DIRECTION('',(0.,0.,1.));
#10449 = ORIENTED_EDGE('',*,*,#4956,.F.);
#10450 = ORIENTED_EDGE('',*,*,#10419,.F.);
#10451 = SURFACE_OF_LINEAR_EXTRUSION('',#10452,#10456);
#10452 = B_SPLINE_CURVE_WITH_KNOTS('',2,(#10453,#10454,#10455),
  .UNSPECIFIED.,.F.,.F.,(3,3),(0.,1.),.PIECEWISE_BEZIER_KNOTS.);
#10453 = CARTESIAN_POINT('',(29.606656580938,54.414364200971,26.));
#10454 = CARTESIAN_POINT('',(29.651246118322,54.458953738355,26.));
#10455 = CARTESIAN_POINT('',(29.714945457441,54.458953738355,26.));
#10456 = VECTOR('',#10457,1.);
#10457 = DIRECTION('',(-0.,-0.,-1.));
#10458 = ADVANCED_FACE('',(#10459),#10477,.F.);
#10459 = FACE_BOUND('',#10460,.F.);
#10460 = EDGE_LOOP('',(#10461,#10469,#10475,#10476));
#10461 = ORIENTED_EDGE('',*,*,#10462,.F.);
#10462 = EDGE_CURVE('',#10463,#10437,#10465,.T.);
#10463 = VERTEX_POINT('',#10464);
#10464 = CARTESIAN_POINT('',(29.562067043554,54.306075324469,26.));
#10465 = B_SPLINE_CURVE_WITH_KNOTS('',2,(#10466,#10467,#10468),
  .UNSPECIFIED.,.F.,.F.,(3,3),(0.,1.),.PIECEWISE_BEZIER_KNOTS.);
#10466 = CARTESIAN_POINT('',(29.562067043554,54.306075324469,26.));
#10467 = CARTESIAN_POINT('',(29.562067043554,54.369774663588,26.));
#10468 = CARTESIAN_POINT('',(29.606656580938,54.414364200971,26.));
#10469 = ORIENTED_EDGE('',*,*,#10470,.T.);
#10470 = EDGE_CURVE('',#10463,#4934,#10471,.T.);
#10471 = LINE('',#10472,#10473);
#10472 = CARTESIAN_POINT('',(29.562067043554,54.306075324469,26.));
#10473 = VECTOR('',#10474,1.);
#10474 = DIRECTION('',(0.,0.,1.));
#10475 = ORIENTED_EDGE('',*,*,#4943,.F.);
#10476 = ORIENTED_EDGE('',*,*,#10444,.F.);
#10477 = SURFACE_OF_LINEAR_EXTRUSION('',#10478,#10482);
#10478 = B_SPLINE_CURVE_WITH_KNOTS('',2,(#10479,#10480,#10481),
  .UNSPECIFIED.,.F.,.F.,(3,3),(0.,1.),.PIECEWISE_BEZIER_KNOTS.);
#10479 = CARTESIAN_POINT('',(29.562067043554,54.306075324469,26.));
#10480 = CARTESIAN_POINT('',(29.562067043554,54.369774663588,26.));
#10481 = CARTESIAN_POINT('',(29.606656580938,54.414364200971,26.));
#10482 = VECTOR('',#10483,1.);
#10483 = DIRECTION('',(-0.,-0.,-1.));
#10484 = ADVANCED_FACE('',(#10485),#10502,.F.);
#10485 = FACE_BOUND('',#10486,.F.);
#10486 = EDGE_LOOP('',(#10487,#10494,#10500,#10501));
#10487 = ORIENTED_EDGE('',*,*,#10488,.F.);
#10488 = EDGE_CURVE('',#10489,#10463,#10491,.T.);
#10489 = VERTEX_POINT('',#10490);
#10490 = CARTESIAN_POINT('',(29.562067043554,45.693924675531,26.));
#10491 = B_SPLINE_CURVE_WITH_KNOTS('',1,(#10492,#10493),.UNSPECIFIED.,
  .F.,.F.,(2,2),(0.,67.6),.PIECEWISE_BEZIER_KNOTS.);
#10492 = CARTESIAN_POINT('',(29.562067043554,45.693924675531,26.));
#10493 = CARTESIAN_POINT('',(29.562067043554,54.306075324469,26.));
#10494 = ORIENTED_EDGE('',*,*,#10495,.T.);
#10495 = EDGE_CURVE('',#10489,#4921,#10496,.T.);
#10496 = LINE('',#10497,#10498);
#10497 = CARTESIAN_POINT('',(29.562067043554,45.693924675531,26.));
#10498 = VECTOR('',#10499,1.);
#10499 = DIRECTION('',(0.,0.,1.));
#10500 = ORIENTED_EDGE('',*,*,#4933,.F.);
#10501 = ORIENTED_EDGE('',*,*,#10470,.F.);
#10502 = SURFACE_OF_LINEAR_EXTRUSION('',#10503,#10506);
#10503 = B_SPLINE_CURVE_WITH_KNOTS('',1,(#10504,#10505),.UNSPECIFIED.,
  .F.,.F.,(2,2),(0.,67.6),.PIECEWISE_BEZIER_KNOTS.);
#10504 = CARTESIAN_POINT('',(29.562067043554,45.693924675531,26.));
#10505 = CARTESIAN_POINT('',(29.562067043554,54.306075324469,26.));
#10506 = VECTOR('',#10507,1.);
#10507 = DIRECTION('',(-0.,-0.,-1.));
#10508 = ADVANCED_FACE('',(#10509),#10527,.F.);
#10509 = FACE_BOUND('',#10510,.F.);
#10510 = EDGE_LOOP('',(#10511,#10519,#10525,#10526));
#10511 = ORIENTED_EDGE('',*,*,#10512,.F.);
#10512 = EDGE_CURVE('',#10513,#10489,#10515,.T.);
#10513 = VERTEX_POINT('',#10514);
#10514 = CARTESIAN_POINT('',(29.606656580938,45.585635799029,26.));
#10515 = B_SPLINE_CURVE_WITH_KNOTS('',2,(#10516,#10517,#10518),
  .UNSPECIFIED.,.F.,.F.,(3,3),(0.,1.),.PIECEWISE_BEZIER_KNOTS.);
#10516 = CARTESIAN_POINT('',(29.606656580938,45.585635799029,26.));
#10517 = CARTESIAN_POINT('',(29.562067043554,45.630225336412,26.));
#10518 = CARTESIAN_POINT('',(29.562067043554,45.693924675531,26.));
#10519 = ORIENTED_EDGE('',*,*,#10520,.T.);
#10520 = EDGE_CURVE('',#10513,#4908,#10521,.T.);
#10521 = LINE('',#10522,#10523);
#10522 = CARTESIAN_POINT('',(29.606656580938,45.585635799029,26.));
#10523 = VECTOR('',#10524,1.);
#10524 = DIRECTION('',(0.,0.,1.));
#10525 = ORIENTED_EDGE('',*,*,#4920,.F.);
#10526 = ORIENTED_EDGE('',*,*,#10495,.F.);
#10527 = SURFACE_OF_LINEAR_EXTRUSION('',#10528,#10532);
#10528 = B_SPLINE_CURVE_WITH_KNOTS('',2,(#10529,#10530,#10531),
  .UNSPECIFIED.,.F.,.F.,(3,3),(0.,1.),.PIECEWISE_BEZIER_KNOTS.);
#10529 = CARTESIAN_POINT('',(29.606656580938,45.585635799029,26.));
#10530 = CARTESIAN_POINT('',(29.562067043554,45.630225336412,26.));
#10531 = CARTESIAN_POINT('',(29.562067043554,45.693924675531,26.));
#10532 = VECTOR('',#10533,1.);
#10533 = DIRECTION('',(-0.,-0.,-1.));
#10534 = ADVANCED_FACE('',(#10535),#10553,.F.);
#10535 = FACE_BOUND('',#10536,.F.);
#10536 = EDGE_LOOP('',(#10537,#10545,#10551,#10552));
#10537 = ORIENTED_EDGE('',*,*,#10538,.F.);
#10538 = EDGE_CURVE('',#10539,#10513,#10541,.T.);
#10539 = VERTEX_POINT('',#10540);
#10540 = CARTESIAN_POINT('',(29.714945457441,45.541046261645,26.));
#10541 = B_SPLINE_CURVE_WITH_KNOTS('',2,(#10542,#10543,#10544),
  .UNSPECIFIED.,.F.,.F.,(3,3),(0.,1.),.PIECEWISE_BEZIER_KNOTS.);
#10542 = CARTESIAN_POINT('',(29.714945457441,45.541046261645,26.));
#10543 = CARTESIAN_POINT('',(29.651246118322,45.541046261645,26.));
#10544 = CARTESIAN_POINT('',(29.606656580938,45.585635799029,26.));
#10545 = ORIENTED_EDGE('',*,*,#10546,.T.);
#10546 = EDGE_CURVE('',#10539,#4898,#10547,.T.);
#10547 = LINE('',#10548,#10549);
#10548 = CARTESIAN_POINT('',(29.714945457441,45.541046261645,26.));
#10549 = VECTOR('',#10550,1.);
#10550 = DIRECTION('',(0.,0.,1.));
#10551 = ORIENTED_EDGE('',*,*,#4907,.F.);
#10552 = ORIENTED_EDGE('',*,*,#10520,.F.);
#10553 = SURFACE_OF_LINEAR_EXTRUSION('',#10554,#10558);
#10554 = B_SPLINE_CURVE_WITH_KNOTS('',2,(#10555,#10556,#10557),
  .UNSPECIFIED.,.F.,.F.,(3,3),(0.,1.),.PIECEWISE_BEZIER_KNOTS.);
#10555 = CARTESIAN_POINT('',(29.714945457441,45.541046261645,26.));
#10556 = CARTESIAN_POINT('',(29.651246118322,45.541046261645,26.));
#10557 = CARTESIAN_POINT('',(29.606656580938,45.585635799029,26.));
#10558 = VECTOR('',#10559,1.);
#10559 = DIRECTION('',(-0.,-0.,-1.));
#10560 = ADVANCED_FACE('',(#10561),#10578,.F.);
#10561 = FACE_BOUND('',#10562,.F.);
#10562 = EDGE_LOOP('',(#10563,#10570,#10576,#10577));
#10563 = ORIENTED_EDGE('',*,*,#10564,.F.);
#10564 = EDGE_CURVE('',#10565,#10539,#10567,.T.);
#10565 = VERTEX_POINT('',#10566);
#10566 = CARTESIAN_POINT('',(31.205509992834,45.541046261645,26.));
#10567 = B_SPLINE_CURVE_WITH_KNOTS('',1,(#10568,#10569),.UNSPECIFIED.,
  .F.,.F.,(2,2),(0.,11.7),.PIECEWISE_BEZIER_KNOTS.);
#10568 = CARTESIAN_POINT('',(31.205509992834,45.541046261645,26.));
#10569 = CARTESIAN_POINT('',(29.714945457441,45.541046261645,26.));
#10570 = ORIENTED_EDGE('',*,*,#10571,.T.);
#10571 = EDGE_CURVE('',#10565,#4885,#10572,.T.);
#10572 = LINE('',#10573,#10574);
#10573 = CARTESIAN_POINT('',(31.205509992834,45.541046261645,26.));
#10574 = VECTOR('',#10575,1.);
#10575 = DIRECTION('',(0.,0.,1.));
#10576 = ORIENTED_EDGE('',*,*,#4897,.F.);
#10577 = ORIENTED_EDGE('',*,*,#10546,.F.);
#10578 = SURFACE_OF_LINEAR_EXTRUSION('',#10579,#10582);
#10579 = B_SPLINE_CURVE_WITH_KNOTS('',1,(#10580,#10581),.UNSPECIFIED.,
  .F.,.F.,(2,2),(0.,11.7),.PIECEWISE_BEZIER_KNOTS.);
#10580 = CARTESIAN_POINT('',(31.205509992834,45.541046261645,26.));
#10581 = CARTESIAN_POINT('',(29.714945457441,45.541046261645,26.));
#10582 = VECTOR('',#10583,1.);
#10583 = DIRECTION('',(-0.,-0.,-1.));
#10584 = ADVANCED_FACE('',(#10585),#10603,.F.);
#10585 = FACE_BOUND('',#10586,.F.);
#10586 = EDGE_LOOP('',(#10587,#10595,#10601,#10602));
#10587 = ORIENTED_EDGE('',*,*,#10588,.F.);
#10588 = EDGE_CURVE('',#10589,#10565,#10591,.T.);
#10589 = VERTEX_POINT('',#10590);
#10590 = CARTESIAN_POINT('',(31.313798869337,45.585635799029,26.));
#10591 = B_SPLINE_CURVE_WITH_KNOTS('',2,(#10592,#10593,#10594),
  .UNSPECIFIED.,.F.,.F.,(3,3),(0.,1.),.PIECEWISE_BEZIER_KNOTS.);
#10592 = CARTESIAN_POINT('',(31.313798869337,45.585635799029,26.));
#10593 = CARTESIAN_POINT('',(31.269209331953,45.541046261645,26.));
#10594 = CARTESIAN_POINT('',(31.205509992834,45.541046261645,26.));
#10595 = ORIENTED_EDGE('',*,*,#10596,.T.);
#10596 = EDGE_CURVE('',#10589,#4872,#10597,.T.);
#10597 = LINE('',#10598,#10599);
#10598 = CARTESIAN_POINT('',(31.313798869337,45.585635799029,26.));
#10599 = VECTOR('',#10600,1.);
#10600 = DIRECTION('',(0.,0.,1.));
#10601 = ORIENTED_EDGE('',*,*,#4884,.F.);
#10602 = ORIENTED_EDGE('',*,*,#10571,.F.);
#10603 = SURFACE_OF_LINEAR_EXTRUSION('',#10604,#10608);
#10604 = B_SPLINE_CURVE_WITH_KNOTS('',2,(#10605,#10606,#10607),
  .UNSPECIFIED.,.F.,.F.,(3,3),(0.,1.),.PIECEWISE_BEZIER_KNOTS.);
#10605 = CARTESIAN_POINT('',(31.313798869337,45.585635799029,26.));
#10606 = CARTESIAN_POINT('',(31.269209331953,45.541046261645,26.));
#10607 = CARTESIAN_POINT('',(31.205509992834,45.541046261645,26.));
#10608 = VECTOR('',#10609,1.);
#10609 = DIRECTION('',(-0.,-0.,-1.));
#10610 = ADVANCED_FACE('',(#10611),#10629,.F.);
#10611 = FACE_BOUND('',#10612,.F.);
#10612 = EDGE_LOOP('',(#10613,#10621,#10627,#10628));
#10613 = ORIENTED_EDGE('',*,*,#10614,.F.);
#10614 = EDGE_CURVE('',#10615,#10589,#10617,.T.);
#10615 = VERTEX_POINT('',#10616);
#10616 = CARTESIAN_POINT('',(31.35838840672,45.693924675531,26.));
#10617 = B_SPLINE_CURVE_WITH_KNOTS('',2,(#10618,#10619,#10620),
  .UNSPECIFIED.,.F.,.F.,(3,3),(0.,1.),.PIECEWISE_BEZIER_KNOTS.);
#10618 = CARTESIAN_POINT('',(31.35838840672,45.693924675531,26.));
#10619 = CARTESIAN_POINT('',(31.35838840672,45.630225336412,26.));
#10620 = CARTESIAN_POINT('',(31.313798869337,45.585635799029,26.));
#10621 = ORIENTED_EDGE('',*,*,#10622,.T.);
#10622 = EDGE_CURVE('',#10615,#4862,#10623,.T.);
#10623 = LINE('',#10624,#10625);
#10624 = CARTESIAN_POINT('',(31.35838840672,45.693924675531,26.));
#10625 = VECTOR('',#10626,1.);
#10626 = DIRECTION('',(0.,0.,1.));
#10627 = ORIENTED_EDGE('',*,*,#4871,.F.);
#10628 = ORIENTED_EDGE('',*,*,#10596,.F.);
#10629 = SURFACE_OF_LINEAR_EXTRUSION('',#10630,#10634);
#10630 = B_SPLINE_CURVE_WITH_KNOTS('',2,(#10631,#10632,#10633),
  .UNSPECIFIED.,.F.,.F.,(3,3),(0.,1.),.PIECEWISE_BEZIER_KNOTS.);
#10631 = CARTESIAN_POINT('',(31.35838840672,45.693924675531,26.));
#10632 = CARTESIAN_POINT('',(31.35838840672,45.630225336412,26.));
#10633 = CARTESIAN_POINT('',(31.313798869337,45.585635799029,26.));
#10634 = VECTOR('',#10635,1.);
#10635 = DIRECTION('',(-0.,-0.,-1.));
#10636 = ADVANCED_FACE('',(#10637),#10654,.F.);
#10637 = FACE_BOUND('',#10638,.F.);
#10638 = EDGE_LOOP('',(#10639,#10646,#10652,#10653));
#10639 = ORIENTED_EDGE('',*,*,#10640,.F.);
#10640 = EDGE_CURVE('',#10641,#10615,#10643,.T.);
#10641 = VERTEX_POINT('',#10642);
#10642 = CARTESIAN_POINT('',(31.35838840672,49.171908591448,26.));
#10643 = B_SPLINE_CURVE_WITH_KNOTS('',1,(#10644,#10645),.UNSPECIFIED.,
  .F.,.F.,(2,2),(0.,27.3),.PIECEWISE_BEZIER_KNOTS.);
#10644 = CARTESIAN_POINT('',(31.35838840672,49.171908591448,26.));
#10645 = CARTESIAN_POINT('',(31.35838840672,45.693924675531,26.));
#10646 = ORIENTED_EDGE('',*,*,#10647,.T.);
#10647 = EDGE_CURVE('',#10641,#4849,#10648,.T.);
#10648 = LINE('',#10649,#10650);
#10649 = CARTESIAN_POINT('',(31.35838840672,49.171908591448,26.));
#10650 = VECTOR('',#10651,1.);
#10651 = DIRECTION('',(0.,0.,1.));
#10652 = ORIENTED_EDGE('',*,*,#4861,.F.);
#10653 = ORIENTED_EDGE('',*,*,#10622,.F.);
#10654 = SURFACE_OF_LINEAR_EXTRUSION('',#10655,#10658);
#10655 = B_SPLINE_CURVE_WITH_KNOTS('',1,(#10656,#10657),.UNSPECIFIED.,
  .F.,.F.,(2,2),(0.,27.3),.PIECEWISE_BEZIER_KNOTS.);
#10656 = CARTESIAN_POINT('',(31.35838840672,49.171908591448,26.));
#10657 = CARTESIAN_POINT('',(31.35838840672,45.693924675531,26.));
#10658 = VECTOR('',#10659,1.);
#10659 = DIRECTION('',(-0.,-0.,-1.));
#10660 = ADVANCED_FACE('',(#10661),#10679,.F.);
#10661 = FACE_BOUND('',#10662,.F.);
#10662 = EDGE_LOOP('',(#10663,#10671,#10677,#10678));
#10663 = ORIENTED_EDGE('',*,*,#10664,.F.);
#10664 = EDGE_CURVE('',#10665,#10641,#10667,.T.);
#10665 = VERTEX_POINT('',#10666);
#10666 = CARTESIAN_POINT('',(31.42208774584,49.235607930568,26.));
#10667 = B_SPLINE_CURVE_WITH_KNOTS('',2,(#10668,#10669,#10670),
  .UNSPECIFIED.,.F.,.F.,(3,3),(0.,1.),.PIECEWISE_BEZIER_KNOTS.);
#10668 = CARTESIAN_POINT('',(31.42208774584,49.235607930568,26.));
#10669 = CARTESIAN_POINT('',(31.35838840672,49.235607930568,26.));
#10670 = CARTESIAN_POINT('',(31.35838840672,49.171908591448,26.));
#10671 = ORIENTED_EDGE('',*,*,#10672,.T.);
#10672 = EDGE_CURVE('',#10665,#4839,#10673,.T.);
#10673 = LINE('',#10674,#10675);
#10674 = CARTESIAN_POINT('',(31.42208774584,49.235607930568,26.));
#10675 = VECTOR('',#10676,1.);
#10676 = DIRECTION('',(0.,0.,1.));
#10677 = ORIENTED_EDGE('',*,*,#4848,.F.);
#10678 = ORIENTED_EDGE('',*,*,#10647,.F.);
#10679 = SURFACE_OF_LINEAR_EXTRUSION('',#10680,#10684);
#10680 = B_SPLINE_CURVE_WITH_KNOTS('',2,(#10681,#10682,#10683),
  .UNSPECIFIED.,.F.,.F.,(3,3),(0.,1.),.PIECEWISE_BEZIER_KNOTS.);
#10681 = CARTESIAN_POINT('',(31.42208774584,49.235607930568,26.));
#10682 = CARTESIAN_POINT('',(31.35838840672,49.235607930568,26.));
#10683 = CARTESIAN_POINT('',(31.35838840672,49.171908591448,26.));
#10684 = VECTOR('',#10685,1.);
#10685 = DIRECTION('',(-0.,-0.,-1.));
#10686 = ADVANCED_FACE('',(#10687),#10704,.F.);
#10687 = FACE_BOUND('',#10688,.F.);
#10688 = EDGE_LOOP('',(#10689,#10696,#10702,#10703));
#10689 = ORIENTED_EDGE('',*,*,#10690,.F.);
#10690 = EDGE_CURVE('',#10691,#10665,#10693,.T.);
#10691 = VERTEX_POINT('',#10692);
#10692 = CARTESIAN_POINT('',(32.224699418744,49.235607930568,26.));
#10693 = B_SPLINE_CURVE_WITH_KNOTS('',1,(#10694,#10695),.UNSPECIFIED.,
  .F.,.F.,(2,2),(0.,6.3),.PIECEWISE_BEZIER_KNOTS.);
#10694 = CARTESIAN_POINT('',(32.224699418744,49.235607930568,26.));
#10695 = CARTESIAN_POINT('',(31.42208774584,49.235607930568,26.));
#10696 = ORIENTED_EDGE('',*,*,#10697,.T.);
#10697 = EDGE_CURVE('',#10691,#4826,#10698,.T.);
#10698 = LINE('',#10699,#10700);
#10699 = CARTESIAN_POINT('',(32.224699418744,49.235607930568,26.));
#10700 = VECTOR('',#10701,1.);
#10701 = DIRECTION('',(0.,0.,1.));
#10702 = ORIENTED_EDGE('',*,*,#4838,.F.);
#10703 = ORIENTED_EDGE('',*,*,#10672,.F.);
#10704 = SURFACE_OF_LINEAR_EXTRUSION('',#10705,#10708);
#10705 = B_SPLINE_CURVE_WITH_KNOTS('',1,(#10706,#10707),.UNSPECIFIED.,
  .F.,.F.,(2,2),(0.,6.3),.PIECEWISE_BEZIER_KNOTS.);
#10706 = CARTESIAN_POINT('',(32.224699418744,49.235607930568,26.));
#10707 = CARTESIAN_POINT('',(31.42208774584,49.235607930568,26.));
#10708 = VECTOR('',#10709,1.);
#10709 = DIRECTION('',(-0.,-0.,-1.));
#10710 = ADVANCED_FACE('',(#10711),#10722,.F.);
#10711 = FACE_BOUND('',#10712,.F.);
#10712 = EDGE_LOOP('',(#10713,#10719,#10720,#10721));
#10713 = ORIENTED_EDGE('',*,*,#10714,.F.);
#10714 = EDGE_CURVE('',#10102,#10691,#10715,.T.);
#10715 = B_SPLINE_CURVE_WITH_KNOTS('',2,(#10716,#10717,#10718),
  .UNSPECIFIED.,.F.,.F.,(3,3),(0.,1.),.PIECEWISE_BEZIER_KNOTS.);
#10716 = CARTESIAN_POINT('',(32.288398757863,49.184648459272,26.));
#10717 = CARTESIAN_POINT('',(32.262919022215,49.235607930568,26.));
#10718 = CARTESIAN_POINT('',(32.224699418744,49.235607930568,26.));
#10719 = ORIENTED_EDGE('',*,*,#10115,.T.);
#10720 = ORIENTED_EDGE('',*,*,#4825,.F.);
#10721 = ORIENTED_EDGE('',*,*,#10697,.F.);
#10722 = SURFACE_OF_LINEAR_EXTRUSION('',#10723,#10727);
#10723 = B_SPLINE_CURVE_WITH_KNOTS('',2,(#10724,#10725,#10726),
  .UNSPECIFIED.,.F.,.F.,(3,3),(0.,1.),.PIECEWISE_BEZIER_KNOTS.);
#10724 = CARTESIAN_POINT('',(32.288398757863,49.184648459272,26.));
#10725 = CARTESIAN_POINT('',(32.262919022215,49.235607930568,26.));
#10726 = CARTESIAN_POINT('',(32.224699418744,49.235607930568,26.));
#10727 = VECTOR('',#10728,1.);
#10728 = DIRECTION('',(-0.,-0.,-1.));
#10729 = ADVANCED_FACE('',(#10730),#10754,.F.);
#10730 = FACE_BOUND('',#10731,.F.);
#10731 = EDGE_LOOP('',(#10732,#10741,#10747,#10748));
#10732 = ORIENTED_EDGE('',*,*,#10733,.F.);
#10733 = EDGE_CURVE('',#10734,#10736,#10738,.T.);
#10734 = VERTEX_POINT('',#10735);
#10735 = CARTESIAN_POINT('',(54.481248507047,45.693924675531,26.));
#10736 = VERTEX_POINT('',#10737);
#10737 = CARTESIAN_POINT('',(54.481248507047,54.306075324469,26.));
#10738 = B_SPLINE_CURVE_WITH_KNOTS('',1,(#10739,#10740),.UNSPECIFIED.,
  .F.,.F.,(2,2),(0.,67.6),.PIECEWISE_BEZIER_KNOTS.);
#10739 = CARTESIAN_POINT('',(54.481248507047,45.693924675531,26.));
#10740 = CARTESIAN_POINT('',(54.481248507047,54.306075324469,26.));
#10741 = ORIENTED_EDGE('',*,*,#10742,.T.);
#10742 = EDGE_CURVE('',#10734,#5132,#10743,.T.);
#10743 = LINE('',#10744,#10745);
#10744 = CARTESIAN_POINT('',(54.481248507047,45.693924675531,26.));
#10745 = VECTOR('',#10746,1.);
#10746 = DIRECTION('',(0.,0.,1.));
#10747 = ORIENTED_EDGE('',*,*,#5129,.F.);
#10748 = ORIENTED_EDGE('',*,*,#10749,.F.);
#10749 = EDGE_CURVE('',#10736,#5130,#10750,.T.);
#10750 = LINE('',#10751,#10752);
#10751 = CARTESIAN_POINT('',(54.481248507047,54.306075324469,26.));
#10752 = VECTOR('',#10753,1.);
#10753 = DIRECTION('',(0.,0.,1.));
#10754 = SURFACE_OF_LINEAR_EXTRUSION('',#10755,#10758);
#10755 = B_SPLINE_CURVE_WITH_KNOTS('',1,(#10756,#10757),.UNSPECIFIED.,
  .F.,.F.,(2,2),(0.,67.6),.PIECEWISE_BEZIER_KNOTS.);
#10756 = CARTESIAN_POINT('',(54.481248507047,45.693924675531,26.));
#10757 = CARTESIAN_POINT('',(54.481248507047,54.306075324469,26.));
#10758 = VECTOR('',#10759,1.);
#10759 = DIRECTION('',(-0.,-0.,-1.));
#10760 = ADVANCED_FACE('',(#10761),#10779,.F.);
#10761 = FACE_BOUND('',#10762,.F.);
#10762 = EDGE_LOOP('',(#10763,#10771,#10777,#10778));
#10763 = ORIENTED_EDGE('',*,*,#10764,.F.);
#10764 = EDGE_CURVE('',#10765,#10734,#10767,.T.);
#10765 = VERTEX_POINT('',#10766);
#10766 = CARTESIAN_POINT('',(54.52583804443,45.585635799029,26.));
#10767 = B_SPLINE_CURVE_WITH_KNOTS('',2,(#10768,#10769,#10770),
  .UNSPECIFIED.,.F.,.F.,(3,3),(0.,1.),.PIECEWISE_BEZIER_KNOTS.);
#10768 = CARTESIAN_POINT('',(54.52583804443,45.585635799029,26.));
#10769 = CARTESIAN_POINT('',(54.481248507047,45.630225336412,26.));
#10770 = CARTESIAN_POINT('',(54.481248507047,45.693924675531,26.));
#10771 = ORIENTED_EDGE('',*,*,#10772,.T.);
#10772 = EDGE_CURVE('',#10765,#5250,#10773,.T.);
#10773 = LINE('',#10774,#10775);
#10774 = CARTESIAN_POINT('',(54.52583804443,45.585635799029,26.));
#10775 = VECTOR('',#10776,1.);
#10776 = DIRECTION('',(0.,0.,1.));
#10777 = ORIENTED_EDGE('',*,*,#5262,.F.);
#10778 = ORIENTED_EDGE('',*,*,#10742,.F.);
#10779 = SURFACE_OF_LINEAR_EXTRUSION('',#10780,#10784);
#10780 = B_SPLINE_CURVE_WITH_KNOTS('',2,(#10781,#10782,#10783),
  .UNSPECIFIED.,.F.,.F.,(3,3),(0.,1.),.PIECEWISE_BEZIER_KNOTS.);
#10781 = CARTESIAN_POINT('',(54.52583804443,45.585635799029,26.));
#10782 = CARTESIAN_POINT('',(54.481248507047,45.630225336412,26.));
#10783 = CARTESIAN_POINT('',(54.481248507047,45.693924675531,26.));
#10784 = VECTOR('',#10785,1.);
#10785 = DIRECTION('',(-0.,-0.,-1.));
#10786 = ADVANCED_FACE('',(#10787),#10805,.F.);
#10787 = FACE_BOUND('',#10788,.F.);
#10788 = EDGE_LOOP('',(#10789,#10797,#10803,#10804));
#10789 = ORIENTED_EDGE('',*,*,#10790,.F.);
#10790 = EDGE_CURVE('',#10791,#10765,#10793,.T.);
#10791 = VERTEX_POINT('',#10792);
#10792 = CARTESIAN_POINT('',(54.634126920933,45.541046261645,26.));
#10793 = B_SPLINE_CURVE_WITH_KNOTS('',2,(#10794,#10795,#10796),
  .UNSPECIFIED.,.F.,.F.,(3,3),(0.,1.),.PIECEWISE_BEZIER_KNOTS.);
#10794 = CARTESIAN_POINT('',(54.634126920933,45.541046261645,26.));
#10795 = CARTESIAN_POINT('',(54.570427581814,45.541046261645,26.));
#10796 = CARTESIAN_POINT('',(54.52583804443,45.585635799029,26.));
#10797 = ORIENTED_EDGE('',*,*,#10798,.T.);
#10798 = EDGE_CURVE('',#10791,#5240,#10799,.T.);
#10799 = LINE('',#10800,#10801);
#10800 = CARTESIAN_POINT('',(54.634126920933,45.541046261645,26.));
#10801 = VECTOR('',#10802,1.);
#10802 = DIRECTION('',(0.,0.,1.));
#10803 = ORIENTED_EDGE('',*,*,#5249,.F.);
#10804 = ORIENTED_EDGE('',*,*,#10772,.F.);
#10805 = SURFACE_OF_LINEAR_EXTRUSION('',#10806,#10810);
#10806 = B_SPLINE_CURVE_WITH_KNOTS('',2,(#10807,#10808,#10809),
  .UNSPECIFIED.,.F.,.F.,(3,3),(0.,1.),.PIECEWISE_BEZIER_KNOTS.);
#10807 = CARTESIAN_POINT('',(54.634126920933,45.541046261645,26.));
#10808 = CARTESIAN_POINT('',(54.570427581814,45.541046261645,26.));
#10809 = CARTESIAN_POINT('',(54.52583804443,45.585635799029,26.));
#10810 = VECTOR('',#10811,1.);
#10811 = DIRECTION('',(-0.,-0.,-1.));
#10812 = ADVANCED_FACE('',(#10813),#10830,.F.);
#10813 = FACE_BOUND('',#10814,.F.);
#10814 = EDGE_LOOP('',(#10815,#10822,#10828,#10829));
#10815 = ORIENTED_EDGE('',*,*,#10816,.F.);
#10816 = EDGE_CURVE('',#10817,#10791,#10819,.T.);
#10817 = VERTEX_POINT('',#10818);
#10818 = CARTESIAN_POINT('',(56.124691456326,45.541046261645,26.));
#10819 = B_SPLINE_CURVE_WITH_KNOTS('',1,(#10820,#10821),.UNSPECIFIED.,
  .F.,.F.,(2,2),(0.,11.7),.PIECEWISE_BEZIER_KNOTS.);
#10820 = CARTESIAN_POINT('',(56.124691456326,45.541046261645,26.));
#10821 = CARTESIAN_POINT('',(54.634126920933,45.541046261645,26.));
#10822 = ORIENTED_EDGE('',*,*,#10823,.T.);
#10823 = EDGE_CURVE('',#10817,#5227,#10824,.T.);
#10824 = LINE('',#10825,#10826);
#10825 = CARTESIAN_POINT('',(56.124691456326,45.541046261645,26.));
#10826 = VECTOR('',#10827,1.);
#10827 = DIRECTION('',(0.,0.,1.));
#10828 = ORIENTED_EDGE('',*,*,#5239,.F.);
#10829 = ORIENTED_EDGE('',*,*,#10798,.F.);
#10830 = SURFACE_OF_LINEAR_EXTRUSION('',#10831,#10834);
#10831 = B_SPLINE_CURVE_WITH_KNOTS('',1,(#10832,#10833),.UNSPECIFIED.,
  .F.,.F.,(2,2),(0.,11.7),.PIECEWISE_BEZIER_KNOTS.);
#10832 = CARTESIAN_POINT('',(56.124691456326,45.541046261645,26.));
#10833 = CARTESIAN_POINT('',(54.634126920933,45.541046261645,26.));
#10834 = VECTOR('',#10835,1.);
#10835 = DIRECTION('',(-0.,-0.,-1.));
#10836 = ADVANCED_FACE('',(#10837),#10855,.F.);
#10837 = FACE_BOUND('',#10838,.F.);
#10838 = EDGE_LOOP('',(#10839,#10847,#10853,#10854));
#10839 = ORIENTED_EDGE('',*,*,#10840,.F.);
#10840 = EDGE_CURVE('',#10841,#10817,#10843,.T.);
#10841 = VERTEX_POINT('',#10842);
#10842 = CARTESIAN_POINT('',(56.232980332829,45.585635799029,26.));
#10843 = B_SPLINE_CURVE_WITH_KNOTS('',2,(#10844,#10845,#10846),
  .UNSPECIFIED.,.F.,.F.,(3,3),(0.,1.),.PIECEWISE_BEZIER_KNOTS.);
#10844 = CARTESIAN_POINT('',(56.232980332829,45.585635799029,26.));
#10845 = CARTESIAN_POINT('',(56.188390795445,45.541046261645,26.));
#10846 = CARTESIAN_POINT('',(56.124691456326,45.541046261645,26.));
#10847 = ORIENTED_EDGE('',*,*,#10848,.T.);
#10848 = EDGE_CURVE('',#10841,#5214,#10849,.T.);
#10849 = LINE('',#10850,#10851);
#10850 = CARTESIAN_POINT('',(56.232980332829,45.585635799029,26.));
#10851 = VECTOR('',#10852,1.);
#10852 = DIRECTION('',(0.,0.,1.));
#10853 = ORIENTED_EDGE('',*,*,#5226,.F.);
#10854 = ORIENTED_EDGE('',*,*,#10823,.F.);
#10855 = SURFACE_OF_LINEAR_EXTRUSION('',#10856,#10860);
#10856 = B_SPLINE_CURVE_WITH_KNOTS('',2,(#10857,#10858,#10859),
  .UNSPECIFIED.,.F.,.F.,(3,3),(0.,1.),.PIECEWISE_BEZIER_KNOTS.);
#10857 = CARTESIAN_POINT('',(56.232980332829,45.585635799029,26.));
#10858 = CARTESIAN_POINT('',(56.188390795445,45.541046261645,26.));
#10859 = CARTESIAN_POINT('',(56.124691456326,45.541046261645,26.));
#10860 = VECTOR('',#10861,1.);
#10861 = DIRECTION('',(-0.,-0.,-1.));
#10862 = ADVANCED_FACE('',(#10863),#10881,.F.);
#10863 = FACE_BOUND('',#10864,.F.);
#10864 = EDGE_LOOP('',(#10865,#10873,#10879,#10880));
#10865 = ORIENTED_EDGE('',*,*,#10866,.F.);
#10866 = EDGE_CURVE('',#10867,#10841,#10869,.T.);
#10867 = VERTEX_POINT('',#10868);
#10868 = CARTESIAN_POINT('',(56.277569870213,45.693924675531,26.));
#10869 = B_SPLINE_CURVE_WITH_KNOTS('',2,(#10870,#10871,#10872),
  .UNSPECIFIED.,.F.,.F.,(3,3),(0.,1.),.PIECEWISE_BEZIER_KNOTS.);
#10870 = CARTESIAN_POINT('',(56.277569870213,45.693924675531,26.));
#10871 = CARTESIAN_POINT('',(56.277569870213,45.630225336412,26.));
#10872 = CARTESIAN_POINT('',(56.232980332829,45.585635799029,26.));
#10873 = ORIENTED_EDGE('',*,*,#10874,.T.);
#10874 = EDGE_CURVE('',#10867,#5204,#10875,.T.);
#10875 = LINE('',#10876,#10877);
#10876 = CARTESIAN_POINT('',(56.277569870213,45.693924675531,26.));
#10877 = VECTOR('',#10878,1.);
#10878 = DIRECTION('',(0.,0.,1.));
#10879 = ORIENTED_EDGE('',*,*,#5213,.F.);
#10880 = ORIENTED_EDGE('',*,*,#10848,.F.);
#10881 = SURFACE_OF_LINEAR_EXTRUSION('',#10882,#10886);
#10882 = B_SPLINE_CURVE_WITH_KNOTS('',2,(#10883,#10884,#10885),
  .UNSPECIFIED.,.F.,.F.,(3,3),(0.,1.),.PIECEWISE_BEZIER_KNOTS.);
#10883 = CARTESIAN_POINT('',(56.277569870213,45.693924675531,26.));
#10884 = CARTESIAN_POINT('',(56.277569870213,45.630225336412,26.));
#10885 = CARTESIAN_POINT('',(56.232980332829,45.585635799029,26.));
#10886 = VECTOR('',#10887,1.);
#10887 = DIRECTION('',(-0.,-0.,-1.));
#10888 = ADVANCED_FACE('',(#10889),#10906,.F.);
#10889 = FACE_BOUND('',#10890,.F.);
#10890 = EDGE_LOOP('',(#10891,#10898,#10904,#10905));
#10891 = ORIENTED_EDGE('',*,*,#10892,.F.);
#10892 = EDGE_CURVE('',#10893,#10867,#10895,.T.);
#10893 = VERTEX_POINT('',#10894);
#10894 = CARTESIAN_POINT('',(56.277569870213,54.306075324469,26.));
#10895 = B_SPLINE_CURVE_WITH_KNOTS('',1,(#10896,#10897),.UNSPECIFIED.,
  .F.,.F.,(2,2),(0.,67.6),.PIECEWISE_BEZIER_KNOTS.);
#10896 = CARTESIAN_POINT('',(56.277569870213,54.306075324469,26.));
#10897 = CARTESIAN_POINT('',(56.277569870213,45.693924675531,26.));
#10898 = ORIENTED_EDGE('',*,*,#10899,.T.);
#10899 = EDGE_CURVE('',#10893,#5191,#10900,.T.);
#10900 = LINE('',#10901,#10902);
#10901 = CARTESIAN_POINT('',(56.277569870213,54.306075324469,26.));
#10902 = VECTOR('',#10903,1.);
#10903 = DIRECTION('',(0.,0.,1.));
#10904 = ORIENTED_EDGE('',*,*,#5203,.F.);
#10905 = ORIENTED_EDGE('',*,*,#10874,.F.);
#10906 = SURFACE_OF_LINEAR_EXTRUSION('',#10907,#10910);
#10907 = B_SPLINE_CURVE_WITH_KNOTS('',1,(#10908,#10909),.UNSPECIFIED.,
  .F.,.F.,(2,2),(0.,67.6),.PIECEWISE_BEZIER_KNOTS.);
#10908 = CARTESIAN_POINT('',(56.277569870213,54.306075324469,26.));
#10909 = CARTESIAN_POINT('',(56.277569870213,45.693924675531,26.));
#10910 = VECTOR('',#10911,1.);
#10911 = DIRECTION('',(-0.,-0.,-1.));
#10912 = ADVANCED_FACE('',(#10913),#10931,.F.);
#10913 = FACE_BOUND('',#10914,.F.);
#10914 = EDGE_LOOP('',(#10915,#10923,#10929,#10930));
#10915 = ORIENTED_EDGE('',*,*,#10916,.F.);
#10916 = EDGE_CURVE('',#10917,#10893,#10919,.T.);
#10917 = VERTEX_POINT('',#10918);
#10918 = CARTESIAN_POINT('',(56.232980332829,54.414364200971,26.));
#10919 = B_SPLINE_CURVE_WITH_KNOTS('',2,(#10920,#10921,#10922),
  .UNSPECIFIED.,.F.,.F.,(3,3),(0.,1.),.PIECEWISE_BEZIER_KNOTS.);
#10920 = CARTESIAN_POINT('',(56.232980332829,54.414364200971,26.));
#10921 = CARTESIAN_POINT('',(56.277569870213,54.369774663588,26.));
#10922 = CARTESIAN_POINT('',(56.277569870213,54.306075324469,26.));
#10923 = ORIENTED_EDGE('',*,*,#10924,.T.);
#10924 = EDGE_CURVE('',#10917,#5178,#10925,.T.);
#10925 = LINE('',#10926,#10927);
#10926 = CARTESIAN_POINT('',(56.232980332829,54.414364200971,26.));
#10927 = VECTOR('',#10928,1.);
#10928 = DIRECTION('',(0.,0.,1.));
#10929 = ORIENTED_EDGE('',*,*,#5190,.F.);
#10930 = ORIENTED_EDGE('',*,*,#10899,.F.);
#10931 = SURFACE_OF_LINEAR_EXTRUSION('',#10932,#10936);
#10932 = B_SPLINE_CURVE_WITH_KNOTS('',2,(#10933,#10934,#10935),
  .UNSPECIFIED.,.F.,.F.,(3,3),(0.,1.),.PIECEWISE_BEZIER_KNOTS.);
#10933 = CARTESIAN_POINT('',(56.232980332829,54.414364200971,26.));
#10934 = CARTESIAN_POINT('',(56.277569870213,54.369774663588,26.));
#10935 = CARTESIAN_POINT('',(56.277569870213,54.306075324469,26.));
#10936 = VECTOR('',#10937,1.);
#10937 = DIRECTION('',(-0.,-0.,-1.));
#10938 = ADVANCED_FACE('',(#10939),#10957,.F.);
#10939 = FACE_BOUND('',#10940,.F.);
#10940 = EDGE_LOOP('',(#10941,#10949,#10955,#10956));
#10941 = ORIENTED_EDGE('',*,*,#10942,.F.);
#10942 = EDGE_CURVE('',#10943,#10917,#10945,.T.);
#10943 = VERTEX_POINT('',#10944);
#10944 = CARTESIAN_POINT('',(56.124691456326,54.458953738355,26.));
#10945 = B_SPLINE_CURVE_WITH_KNOTS('',2,(#10946,#10947,#10948),
  .UNSPECIFIED.,.F.,.F.,(3,3),(0.,1.),.PIECEWISE_BEZIER_KNOTS.);
#10946 = CARTESIAN_POINT('',(56.124691456326,54.458953738355,26.));
#10947 = CARTESIAN_POINT('',(56.188390795445,54.458953738355,26.));
#10948 = CARTESIAN_POINT('',(56.232980332829,54.414364200971,26.));
#10949 = ORIENTED_EDGE('',*,*,#10950,.T.);
#10950 = EDGE_CURVE('',#10943,#5168,#10951,.T.);
#10951 = LINE('',#10952,#10953);
#10952 = CARTESIAN_POINT('',(56.124691456326,54.458953738355,26.));
#10953 = VECTOR('',#10954,1.);
#10954 = DIRECTION('',(0.,0.,1.));
#10955 = ORIENTED_EDGE('',*,*,#5177,.F.);
#10956 = ORIENTED_EDGE('',*,*,#10924,.F.);
#10957 = SURFACE_OF_LINEAR_EXTRUSION('',#10958,#10962);
#10958 = B_SPLINE_CURVE_WITH_KNOTS('',2,(#10959,#10960,#10961),
  .UNSPECIFIED.,.F.,.F.,(3,3),(0.,1.),.PIECEWISE_BEZIER_KNOTS.);
#10959 = CARTESIAN_POINT('',(56.124691456326,54.458953738355,26.));
#10960 = CARTESIAN_POINT('',(56.188390795445,54.458953738355,26.));
#10961 = CARTESIAN_POINT('',(56.232980332829,54.414364200971,26.));
#10962 = VECTOR('',#10963,1.);
#10963 = DIRECTION('',(-0.,-0.,-1.));
#10964 = ADVANCED_FACE('',(#10965),#10982,.F.);
#10965 = FACE_BOUND('',#10966,.F.);
#10966 = EDGE_LOOP('',(#10967,#10974,#10980,#10981));
#10967 = ORIENTED_EDGE('',*,*,#10968,.F.);
#10968 = EDGE_CURVE('',#10969,#10943,#10971,.T.);
#10969 = VERTEX_POINT('',#10970);
#10970 = CARTESIAN_POINT('',(54.634126920933,54.458953738355,26.));
#10971 = B_SPLINE_CURVE_WITH_KNOTS('',1,(#10972,#10973),.UNSPECIFIED.,
  .F.,.F.,(2,2),(0.,11.7),.PIECEWISE_BEZIER_KNOTS.);
#10972 = CARTESIAN_POINT('',(54.634126920933,54.458953738355,26.));
#10973 = CARTESIAN_POINT('',(56.124691456326,54.458953738355,26.));
#10974 = ORIENTED_EDGE('',*,*,#10975,.T.);
#10975 = EDGE_CURVE('',#10969,#5155,#10976,.T.);
#10976 = LINE('',#10977,#10978);
#10977 = CARTESIAN_POINT('',(54.634126920933,54.458953738355,26.));
#10978 = VECTOR('',#10979,1.);
#10979 = DIRECTION('',(0.,0.,1.));
#10980 = ORIENTED_EDGE('',*,*,#5167,.F.);
#10981 = ORIENTED_EDGE('',*,*,#10950,.F.);
#10982 = SURFACE_OF_LINEAR_EXTRUSION('',#10983,#10986);
#10983 = B_SPLINE_CURVE_WITH_KNOTS('',1,(#10984,#10985),.UNSPECIFIED.,
  .F.,.F.,(2,2),(0.,11.7),.PIECEWISE_BEZIER_KNOTS.);
#10984 = CARTESIAN_POINT('',(54.634126920933,54.458953738355,26.));
#10985 = CARTESIAN_POINT('',(56.124691456326,54.458953738355,26.));
#10986 = VECTOR('',#10987,1.);
#10987 = DIRECTION('',(-0.,-0.,-1.));
#10988 = ADVANCED_FACE('',(#10989),#11007,.F.);
#10989 = FACE_BOUND('',#10990,.F.);
#10990 = EDGE_LOOP('',(#10991,#10999,#11005,#11006));
#10991 = ORIENTED_EDGE('',*,*,#10992,.F.);
#10992 = EDGE_CURVE('',#10993,#10969,#10995,.T.);
#10993 = VERTEX_POINT('',#10994);
#10994 = CARTESIAN_POINT('',(54.52583804443,54.414364200971,26.));
#10995 = B_SPLINE_CURVE_WITH_KNOTS('',2,(#10996,#10997,#10998),
  .UNSPECIFIED.,.F.,.F.,(3,3),(0.,1.),.PIECEWISE_BEZIER_KNOTS.);
#10996 = CARTESIAN_POINT('',(54.52583804443,54.414364200971,26.));
#10997 = CARTESIAN_POINT('',(54.570427581814,54.458953738355,26.));
#10998 = CARTESIAN_POINT('',(54.634126920933,54.458953738355,26.));
#10999 = ORIENTED_EDGE('',*,*,#11000,.T.);
#11000 = EDGE_CURVE('',#10993,#5142,#11001,.T.);
#11001 = LINE('',#11002,#11003);
#11002 = CARTESIAN_POINT('',(54.52583804443,54.414364200971,26.));
#11003 = VECTOR('',#11004,1.);
#11004 = DIRECTION('',(0.,0.,1.));
#11005 = ORIENTED_EDGE('',*,*,#5154,.F.);
#11006 = ORIENTED_EDGE('',*,*,#10975,.F.);
#11007 = SURFACE_OF_LINEAR_EXTRUSION('',#11008,#11012);
#11008 = B_SPLINE_CURVE_WITH_KNOTS('',2,(#11009,#11010,#11011),
  .UNSPECIFIED.,.F.,.F.,(3,3),(0.,1.),.PIECEWISE_BEZIER_KNOTS.);
#11009 = CARTESIAN_POINT('',(54.52583804443,54.414364200971,26.));
#11010 = CARTESIAN_POINT('',(54.570427581814,54.458953738355,26.));
#11011 = CARTESIAN_POINT('',(54.634126920933,54.458953738355,26.));
#11012 = VECTOR('',#11013,1.);
#11013 = DIRECTION('',(-0.,-0.,-1.));
#11014 = ADVANCED_FACE('',(#11015),#11026,.F.);
#11015 = FACE_BOUND('',#11016,.F.);
#11016 = EDGE_LOOP('',(#11017,#11023,#11024,#11025));
#11017 = ORIENTED_EDGE('',*,*,#11018,.F.);
#11018 = EDGE_CURVE('',#10736,#10993,#11019,.T.);
#11019 = B_SPLINE_CURVE_WITH_KNOTS('',2,(#11020,#11021,#11022),
  .UNSPECIFIED.,.F.,.F.,(3,3),(0.,1.),.PIECEWISE_BEZIER_KNOTS.);
#11020 = CARTESIAN_POINT('',(54.481248507047,54.306075324469,26.));
#11021 = CARTESIAN_POINT('',(54.481248507047,54.369774663588,26.));
#11022 = CARTESIAN_POINT('',(54.52583804443,54.414364200971,26.));
#11023 = ORIENTED_EDGE('',*,*,#10749,.T.);
#11024 = ORIENTED_EDGE('',*,*,#5141,.F.);
#11025 = ORIENTED_EDGE('',*,*,#11000,.F.);
#11026 = SURFACE_OF_LINEAR_EXTRUSION('',#11027,#11031);
#11027 = B_SPLINE_CURVE_WITH_KNOTS('',2,(#11028,#11029,#11030),
  .UNSPECIFIED.,.F.,.F.,(3,3),(0.,1.),.PIECEWISE_BEZIER_KNOTS.);
#11028 = CARTESIAN_POINT('',(54.481248507047,54.306075324469,26.));
#11029 = CARTESIAN_POINT('',(54.481248507047,54.369774663588,26.));
#11030 = CARTESIAN_POINT('',(54.52583804443,54.414364200971,26.));
#11031 = VECTOR('',#11032,1.);
#11032 = DIRECTION('',(-0.,-0.,-1.));
#11033 = ADVANCED_FACE('',(#11034),#11058,.F.);
#11034 = FACE_BOUND('',#11035,.F.);
#11035 = EDGE_LOOP('',(#11036,#11045,#11051,#11052));
#11036 = ORIENTED_EDGE('',*,*,#11037,.F.);
#11037 = EDGE_CURVE('',#11038,#11040,#11042,.T.);
#11038 = VERTEX_POINT('',#11039);
#11039 = CARTESIAN_POINT('',(74.482840990525,54.458953738355,26.));
#11040 = VERTEX_POINT('',#11041);
#11041 = CARTESIAN_POINT('',(75.132574249542,54.458953738355,26.));
#11042 = B_SPLINE_CURVE_WITH_KNOTS('',1,(#11043,#11044),.UNSPECIFIED.,
  .F.,.F.,(2,2),(0.,5.1),.PIECEWISE_BEZIER_KNOTS.);
#11043 = CARTESIAN_POINT('',(74.482840990525,54.458953738355,26.));
#11044 = CARTESIAN_POINT('',(75.132574249542,54.458953738355,26.));
#11045 = ORIENTED_EDGE('',*,*,#11046,.T.);
#11046 = EDGE_CURVE('',#11038,#5278,#11047,.T.);
#11047 = LINE('',#11048,#11049);
#11048 = CARTESIAN_POINT('',(74.482840990525,54.458953738355,26.));
#11049 = VECTOR('',#11050,1.);
#11050 = DIRECTION('',(0.,0.,1.));
#11051 = ORIENTED_EDGE('',*,*,#5275,.F.);
#11052 = ORIENTED_EDGE('',*,*,#11053,.F.);
#11053 = EDGE_CURVE('',#11040,#5276,#11054,.T.);
#11054 = LINE('',#11055,#11056);
#11055 = CARTESIAN_POINT('',(75.132574249542,54.458953738355,26.));
#11056 = VECTOR('',#11057,1.);
#11057 = DIRECTION('',(0.,0.,1.));
#11058 = SURFACE_OF_LINEAR_EXTRUSION('',#11059,#11062);
#11059 = B_SPLINE_CURVE_WITH_KNOTS('',1,(#11060,#11061),.UNSPECIFIED.,
  .F.,.F.,(2,2),(0.,5.1),.PIECEWISE_BEZIER_KNOTS.);
#11060 = CARTESIAN_POINT('',(74.482840990525,54.458953738355,26.));
#11061 = CARTESIAN_POINT('',(75.132574249542,54.458953738355,26.));
#11062 = VECTOR('',#11063,1.);
#11063 = DIRECTION('',(-0.,-0.,-1.));
#11064 = ADVANCED_FACE('',(#11065),#11083,.F.);
#11065 = FACE_BOUND('',#11066,.F.);
#11066 = EDGE_LOOP('',(#11067,#11075,#11081,#11082));
#11067 = ORIENTED_EDGE('',*,*,#11068,.F.);
#11068 = EDGE_CURVE('',#11069,#11038,#11071,.T.);
#11069 = VERTEX_POINT('',#11070);
#11070 = CARTESIAN_POINT('',(74.355442312286,54.331555060116,26.));
#11071 = B_SPLINE_CURVE_WITH_KNOTS('',2,(#11072,#11073,#11074),
  .UNSPECIFIED.,.F.,.F.,(3,3),(0.,1.),.PIECEWISE_BEZIER_KNOTS.);
#11072 = CARTESIAN_POINT('',(74.355442312286,54.331555060116,26.));
#11073 = CARTESIAN_POINT('',(74.355442312286,54.458953738355,26.));
#11074 = CARTESIAN_POINT('',(74.482840990525,54.458953738355,26.));
#11075 = ORIENTED_EDGE('',*,*,#11076,.T.);
#11076 = EDGE_CURVE('',#11069,#5519,#11077,.T.);
#11077 = LINE('',#11078,#11079);
#11078 = CARTESIAN_POINT('',(74.355442312286,54.331555060116,26.));
#11079 = VECTOR('',#11080,1.);
#11080 = DIRECTION('',(0.,0.,1.));
#11081 = ORIENTED_EDGE('',*,*,#5528,.F.);
#11082 = ORIENTED_EDGE('',*,*,#11046,.F.);
#11083 = SURFACE_OF_LINEAR_EXTRUSION('',#11084,#11088);
#11084 = B_SPLINE_CURVE_WITH_KNOTS('',2,(#11085,#11086,#11087),
  .UNSPECIFIED.,.F.,.F.,(3,3),(0.,1.),.PIECEWISE_BEZIER_KNOTS.);
#11085 = CARTESIAN_POINT('',(74.355442312286,54.331555060116,26.));
#11086 = CARTESIAN_POINT('',(74.355442312286,54.458953738355,26.));
#11087 = CARTESIAN_POINT('',(74.482840990525,54.458953738355,26.));
#11088 = VECTOR('',#11089,1.);
#11089 = DIRECTION('',(-0.,-0.,-1.));
#11090 = ADVANCED_FACE('',(#11091),#11108,.F.);
#11091 = FACE_BOUND('',#11092,.F.);
#11092 = EDGE_LOOP('',(#11093,#11100,#11106,#11107));
#11093 = ORIENTED_EDGE('',*,*,#11094,.F.);
#11094 = EDGE_CURVE('',#11095,#11069,#11097,.T.);
#11095 = VERTEX_POINT('',#11096);
#11096 = CARTESIAN_POINT('',(74.36818218011,47.541205509993,26.));
#11097 = B_SPLINE_CURVE_WITH_KNOTS('',1,(#11098,#11099),.UNSPECIFIED.,
  .F.,.F.,(2,2),(0.,53.300093808548),.PIECEWISE_BEZIER_KNOTS.);
#11098 = CARTESIAN_POINT('',(74.36818218011,47.541205509993,26.));
#11099 = CARTESIAN_POINT('',(74.355442312286,54.331555060116,26.));
#11100 = ORIENTED_EDGE('',*,*,#11101,.T.);
#11101 = EDGE_CURVE('',#11095,#5506,#11102,.T.);
#11102 = LINE('',#11103,#11104);
#11103 = CARTESIAN_POINT('',(74.36818218011,47.541205509993,26.));
#11104 = VECTOR('',#11105,1.);
#11105 = DIRECTION('',(0.,0.,1.));
#11106 = ORIENTED_EDGE('',*,*,#5518,.F.);
#11107 = ORIENTED_EDGE('',*,*,#11076,.F.);
#11108 = SURFACE_OF_LINEAR_EXTRUSION('',#11109,#11112);
#11109 = B_SPLINE_CURVE_WITH_KNOTS('',1,(#11110,#11111),.UNSPECIFIED.,
  .F.,.F.,(2,2),(0.,53.300093808548),.PIECEWISE_BEZIER_KNOTS.);
#11110 = CARTESIAN_POINT('',(74.36818218011,47.541205509993,26.));
#11111 = CARTESIAN_POINT('',(74.355442312286,54.331555060116,26.));
#11112 = VECTOR('',#11113,1.);
#11113 = DIRECTION('',(-0.,-0.,-1.));
#11114 = ADVANCED_FACE('',(#11115),#11133,.F.);
#11115 = FACE_BOUND('',#11116,.F.);
#11116 = EDGE_LOOP('',(#11117,#11125,#11131,#11132));
#11117 = ORIENTED_EDGE('',*,*,#11118,.F.);
#11118 = EDGE_CURVE('',#11119,#11095,#11121,.T.);
#11119 = VERTEX_POINT('',#11120);
#11120 = CARTESIAN_POINT('',(74.349072378374,47.502985906521,26.));
#11121 = B_SPLINE_CURVE_WITH_KNOTS('',2,(#11122,#11123,#11124),
  .UNSPECIFIED.,.F.,.F.,(3,3),(0.,1.),.PIECEWISE_BEZIER_KNOTS.);
#11122 = CARTESIAN_POINT('',(74.349072378374,47.502985906521,26.));
#11123 = CARTESIAN_POINT('',(74.36818218011,47.502985906521,26.));
#11124 = CARTESIAN_POINT('',(74.36818218011,47.541205509993,26.));
#11125 = ORIENTED_EDGE('',*,*,#11126,.T.);
#11126 = EDGE_CURVE('',#11119,#5496,#11127,.T.);
#11127 = LINE('',#11128,#11129);
#11128 = CARTESIAN_POINT('',(74.349072378374,47.502985906521,26.));
#11129 = VECTOR('',#11130,1.);
#11130 = DIRECTION('',(0.,0.,1.));
#11131 = ORIENTED_EDGE('',*,*,#5505,.F.);
#11132 = ORIENTED_EDGE('',*,*,#11101,.F.);
#11133 = SURFACE_OF_LINEAR_EXTRUSION('',#11134,#11138);
#11134 = B_SPLINE_CURVE_WITH_KNOTS('',2,(#11135,#11136,#11137),
  .UNSPECIFIED.,.F.,.F.,(3,3),(0.,1.),.PIECEWISE_BEZIER_KNOTS.);
#11135 = CARTESIAN_POINT('',(74.349072378374,47.502985906521,26.));
#11136 = CARTESIAN_POINT('',(74.36818218011,47.502985906521,26.));
#11137 = CARTESIAN_POINT('',(74.36818218011,47.541205509993,26.));
#11138 = VECTOR('',#11139,1.);
#11139 = DIRECTION('',(-0.,-0.,-1.));
#11140 = ADVANCED_FACE('',(#11141),#11159,.F.);
#11141 = FACE_BOUND('',#11142,.F.);
#11142 = EDGE_LOOP('',(#11143,#11151,#11157,#11158));
#11143 = ORIENTED_EDGE('',*,*,#11144,.F.);
#11144 = EDGE_CURVE('',#11145,#11119,#11147,.T.);
#11145 = VERTEX_POINT('',#11146);
#11146 = CARTESIAN_POINT('',(74.304482840991,47.528465642169,26.));
#11147 = B_SPLINE_CURVE_WITH_KNOTS('',2,(#11148,#11149,#11150),
  .UNSPECIFIED.,.F.,.F.,(3,3),(0.,1.),.PIECEWISE_BEZIER_KNOTS.);
#11148 = CARTESIAN_POINT('',(74.304482840991,47.528465642169,26.));
#11149 = CARTESIAN_POINT('',(74.329962576638,47.502985906521,26.));
#11150 = CARTESIAN_POINT('',(74.349072378374,47.502985906521,26.));
#11151 = ORIENTED_EDGE('',*,*,#11152,.T.);
#11152 = EDGE_CURVE('',#11145,#5486,#11153,.T.);
#11153 = LINE('',#11154,#11155);
#11154 = CARTESIAN_POINT('',(74.304482840991,47.528465642169,26.));
#11155 = VECTOR('',#11156,1.);
#11156 = DIRECTION('',(0.,0.,1.));
#11157 = ORIENTED_EDGE('',*,*,#5495,.F.);
#11158 = ORIENTED_EDGE('',*,*,#11126,.F.);
#11159 = SURFACE_OF_LINEAR_EXTRUSION('',#11160,#11164);
#11160 = B_SPLINE_CURVE_WITH_KNOTS('',2,(#11161,#11162,#11163),
  .UNSPECIFIED.,.F.,.F.,(3,3),(0.,1.),.PIECEWISE_BEZIER_KNOTS.);
#11161 = CARTESIAN_POINT('',(74.304482840991,47.528465642169,26.));
#11162 = CARTESIAN_POINT('',(74.329962576638,47.502985906521,26.));
#11163 = CARTESIAN_POINT('',(74.349072378374,47.502985906521,26.));
#11164 = VECTOR('',#11165,1.);
#11165 = DIRECTION('',(-0.,-0.,-1.));
#11166 = ADVANCED_FACE('',(#11167),#11184,.F.);
#11167 = FACE_BOUND('',#11168,.F.);
#11168 = EDGE_LOOP('',(#11169,#11176,#11182,#11183));
#11169 = ORIENTED_EDGE('',*,*,#11170,.F.);
#11170 = EDGE_CURVE('',#11171,#11145,#11173,.T.);
#11171 = VERTEX_POINT('',#11172);
#11172 = CARTESIAN_POINT('',(70.890198264193,54.369774663588,26.));
#11173 = B_SPLINE_CURVE_WITH_KNOTS('',1,(#11174,#11175),.UNSPECIFIED.,
  .F.,.F.,(2,2),(0.,60.016081178298),.PIECEWISE_BEZIER_KNOTS.);
#11174 = CARTESIAN_POINT('',(70.890198264193,54.369774663588,26.));
#11175 = CARTESIAN_POINT('',(74.304482840991,47.528465642169,26.));
#11176 = ORIENTED_EDGE('',*,*,#11177,.T.);
#11177 = EDGE_CURVE('',#11171,#5471,#11178,.T.);
#11178 = LINE('',#11179,#11180);
#11179 = CARTESIAN_POINT('',(70.890198264193,54.369774663588,26.));
#11180 = VECTOR('',#11181,1.);
#11181 = DIRECTION('',(0.,0.,1.));
#11182 = ORIENTED_EDGE('',*,*,#5485,.F.);
#11183 = ORIENTED_EDGE('',*,*,#11152,.F.);
#11184 = SURFACE_OF_LINEAR_EXTRUSION('',#11185,#11188);
#11185 = B_SPLINE_CURVE_WITH_KNOTS('',1,(#11186,#11187),.UNSPECIFIED.,
  .F.,.F.,(2,2),(0.,60.016081178298),.PIECEWISE_BEZIER_KNOTS.);
#11186 = CARTESIAN_POINT('',(70.890198264193,54.369774663588,26.));
#11187 = CARTESIAN_POINT('',(74.304482840991,47.528465642169,26.));
#11188 = VECTOR('',#11189,1.);
#11189 = DIRECTION('',(-0.,-0.,-1.));
#11190 = ADVANCED_FACE('',(#11191),#11209,.F.);
#11191 = FACE_BOUND('',#11192,.F.);
#11192 = EDGE_LOOP('',(#11193,#11201,#11207,#11208));
#11193 = ORIENTED_EDGE('',*,*,#11194,.F.);
#11194 = EDGE_CURVE('',#11195,#11171,#11197,.T.);
#11195 = VERTEX_POINT('',#11196);
#11196 = CARTESIAN_POINT('',(70.737319850307,54.458953738355,26.));
#11197 = B_SPLINE_CURVE_WITH_KNOTS('',2,(#11198,#11199,#11200),
  .UNSPECIFIED.,.F.,.F.,(3,3),(0.,1.),.PIECEWISE_BEZIER_KNOTS.);
#11198 = CARTESIAN_POINT('',(70.737319850307,54.458953738355,26.));
#11199 = CARTESIAN_POINT('',(70.851978660721,54.458953738355,26.));
#11200 = CARTESIAN_POINT('',(70.890198264193,54.369774663588,26.));
#11201 = ORIENTED_EDGE('',*,*,#11202,.T.);
#11202 = EDGE_CURVE('',#11195,#5461,#11203,.T.);
#11203 = LINE('',#11204,#11205);
#11204 = CARTESIAN_POINT('',(70.737319850307,54.458953738355,26.));
#11205 = VECTOR('',#11206,1.);
#11206 = DIRECTION('',(0.,0.,1.));
#11207 = ORIENTED_EDGE('',*,*,#5470,.F.);
#11208 = ORIENTED_EDGE('',*,*,#11177,.F.);
#11209 = SURFACE_OF_LINEAR_EXTRUSION('',#11210,#11214);
#11210 = B_SPLINE_CURVE_WITH_KNOTS('',2,(#11211,#11212,#11213),
  .UNSPECIFIED.,.F.,.F.,(3,3),(0.,1.),.PIECEWISE_BEZIER_KNOTS.);
#11211 = CARTESIAN_POINT('',(70.737319850307,54.458953738355,26.));
#11212 = CARTESIAN_POINT('',(70.851978660721,54.458953738355,26.));
#11213 = CARTESIAN_POINT('',(70.890198264193,54.369774663588,26.));
#11214 = VECTOR('',#11215,1.);
#11215 = DIRECTION('',(-0.,-0.,-1.));
#11216 = ADVANCED_FACE('',(#11217),#11234,.F.);
#11217 = FACE_BOUND('',#11218,.F.);
#11218 = EDGE_LOOP('',(#11219,#11226,#11232,#11233));
#11219 = ORIENTED_EDGE('',*,*,#11220,.F.);
#11220 = EDGE_CURVE('',#11221,#11195,#11223,.T.);
#11221 = VERTEX_POINT('',#11222);
#11222 = CARTESIAN_POINT('',(70.049366987818,54.458953738355,26.));
#11223 = B_SPLINE_CURVE_WITH_KNOTS('',1,(#11224,#11225),.UNSPECIFIED.,
  .F.,.F.,(2,2),(0.,5.4),.PIECEWISE_BEZIER_KNOTS.);
#11224 = CARTESIAN_POINT('',(70.049366987818,54.458953738355,26.));
#11225 = CARTESIAN_POINT('',(70.737319850307,54.458953738355,26.));
#11226 = ORIENTED_EDGE('',*,*,#11227,.T.);
#11227 = EDGE_CURVE('',#11221,#5446,#11228,.T.);
#11228 = LINE('',#11229,#11230);
#11229 = CARTESIAN_POINT('',(70.049366987818,54.458953738355,26.));
#11230 = VECTOR('',#11231,1.);
#11231 = DIRECTION('',(0.,0.,1.));
#11232 = ORIENTED_EDGE('',*,*,#5460,.F.);
#11233 = ORIENTED_EDGE('',*,*,#11202,.F.);
#11234 = SURFACE_OF_LINEAR_EXTRUSION('',#11235,#11238);
#11235 = B_SPLINE_CURVE_WITH_KNOTS('',1,(#11236,#11237),.UNSPECIFIED.,
  .F.,.F.,(2,2),(0.,5.4),.PIECEWISE_BEZIER_KNOTS.);
#11236 = CARTESIAN_POINT('',(70.049366987818,54.458953738355,26.));
#11237 = CARTESIAN_POINT('',(70.737319850307,54.458953738355,26.));
#11238 = VECTOR('',#11239,1.);
#11239 = DIRECTION('',(-0.,-0.,-1.));
#11240 = ADVANCED_FACE('',(#11241),#11259,.F.);
#11241 = FACE_BOUND('',#11242,.F.);
#11242 = EDGE_LOOP('',(#11243,#11251,#11257,#11258));
#11243 = ORIENTED_EDGE('',*,*,#11244,.F.);
#11244 = EDGE_CURVE('',#11245,#11221,#11247,.T.);
#11245 = VERTEX_POINT('',#11246);
#11246 = CARTESIAN_POINT('',(69.921968309579,54.331555060116,26.));
#11247 = B_SPLINE_CURVE_WITH_KNOTS('',2,(#11248,#11249,#11250),
  .UNSPECIFIED.,.F.,.F.,(3,3),(0.,1.),.PIECEWISE_BEZIER_KNOTS.);
#11248 = CARTESIAN_POINT('',(69.921968309579,54.331555060116,26.));
#11249 = CARTESIAN_POINT('',(69.921968309579,54.458953738355,26.));
#11250 = CARTESIAN_POINT('',(70.049366987818,54.458953738355,26.));
#11251 = ORIENTED_EDGE('',*,*,#11252,.T.);
#11252 = EDGE_CURVE('',#11245,#5436,#11253,.T.);
#11253 = LINE('',#11254,#11255);
#11254 = CARTESIAN_POINT('',(69.921968309579,54.331555060116,26.));
#11255 = VECTOR('',#11256,1.);
#11256 = DIRECTION('',(0.,0.,1.));
#11257 = ORIENTED_EDGE('',*,*,#5445,.F.);
#11258 = ORIENTED_EDGE('',*,*,#11227,.F.);
#11259 = SURFACE_OF_LINEAR_EXTRUSION('',#11260,#11264);
#11260 = B_SPLINE_CURVE_WITH_KNOTS('',2,(#11261,#11262,#11263),
  .UNSPECIFIED.,.F.,.F.,(3,3),(0.,1.),.PIECEWISE_BEZIER_KNOTS.);
#11261 = CARTESIAN_POINT('',(69.921968309579,54.331555060116,26.));
#11262 = CARTESIAN_POINT('',(69.921968309579,54.458953738355,26.));
#11263 = CARTESIAN_POINT('',(70.049366987818,54.458953738355,26.));
#11264 = VECTOR('',#11265,1.);
#11265 = DIRECTION('',(-0.,-0.,-1.));
#11266 = ADVANCED_FACE('',(#11267),#11284,.F.);
#11267 = FACE_BOUND('',#11268,.F.);
#11268 = EDGE_LOOP('',(#11269,#11276,#11282,#11283));
#11269 = ORIENTED_EDGE('',*,*,#11270,.F.);
#11270 = EDGE_CURVE('',#11271,#11245,#11273,.T.);
#11271 = VERTEX_POINT('',#11272);
#11272 = CARTESIAN_POINT('',(69.921968309579,45.668444939884,26.));
#11273 = B_SPLINE_CURVE_WITH_KNOTS('',1,(#11274,#11275),.UNSPECIFIED.,
  .F.,.F.,(2,2),(0.,68.),.PIECEWISE_BEZIER_KNOTS.);
#11274 = CARTESIAN_POINT('',(69.921968309579,45.668444939884,26.));
#11275 = CARTESIAN_POINT('',(69.921968309579,54.331555060116,26.));
#11276 = ORIENTED_EDGE('',*,*,#11277,.T.);
#11277 = EDGE_CURVE('',#11271,#5421,#11278,.T.);
#11278 = LINE('',#11279,#11280);
#11279 = CARTESIAN_POINT('',(69.921968309579,45.668444939884,26.));
#11280 = VECTOR('',#11281,1.);
#11281 = DIRECTION('',(0.,0.,1.));
#11282 = ORIENTED_EDGE('',*,*,#5435,.F.);
#11283 = ORIENTED_EDGE('',*,*,#11252,.F.);
#11284 = SURFACE_OF_LINEAR_EXTRUSION('',#11285,#11288);
#11285 = B_SPLINE_CURVE_WITH_KNOTS('',1,(#11286,#11287),.UNSPECIFIED.,
  .F.,.F.,(2,2),(0.,68.),.PIECEWISE_BEZIER_KNOTS.);
#11286 = CARTESIAN_POINT('',(69.921968309579,45.668444939884,26.));
#11287 = CARTESIAN_POINT('',(69.921968309579,54.331555060116,26.));
#11288 = VECTOR('',#11289,1.);
#11289 = DIRECTION('',(-0.,-0.,-1.));
#11290 = ADVANCED_FACE('',(#11291),#11309,.F.);
#11291 = FACE_BOUND('',#11292,.F.);
#11292 = EDGE_LOOP('',(#11293,#11301,#11307,#11308));
#11293 = ORIENTED_EDGE('',*,*,#11294,.F.);
#11294 = EDGE_CURVE('',#11295,#11271,#11297,.T.);
#11295 = VERTEX_POINT('',#11296);
#11296 = CARTESIAN_POINT('',(70.049366987818,45.541046261645,26.));
#11297 = B_SPLINE_CURVE_WITH_KNOTS('',2,(#11298,#11299,#11300),
  .UNSPECIFIED.,.F.,.F.,(3,3),(0.,1.),.PIECEWISE_BEZIER_KNOTS.);
#11298 = CARTESIAN_POINT('',(70.049366987818,45.541046261645,26.));
#11299 = CARTESIAN_POINT('',(69.921968309579,45.541046261645,26.));
#11300 = CARTESIAN_POINT('',(69.921968309579,45.668444939884,26.));
#11301 = ORIENTED_EDGE('',*,*,#11302,.T.);
#11302 = EDGE_CURVE('',#11295,#5411,#11303,.T.);
#11303 = LINE('',#11304,#11305);
#11304 = CARTESIAN_POINT('',(70.049366987818,45.541046261645,26.));
#11305 = VECTOR('',#11306,1.);
#11306 = DIRECTION('',(0.,0.,1.));
#11307 = ORIENTED_EDGE('',*,*,#5420,.F.);
#11308 = ORIENTED_EDGE('',*,*,#11277,.F.);
#11309 = SURFACE_OF_LINEAR_EXTRUSION('',#11310,#11314);
#11310 = B_SPLINE_CURVE_WITH_KNOTS('',2,(#11311,#11312,#11313),
  .UNSPECIFIED.,.F.,.F.,(3,3),(0.,1.),.PIECEWISE_BEZIER_KNOTS.);
#11311 = CARTESIAN_POINT('',(70.049366987818,45.541046261645,26.));
#11312 = CARTESIAN_POINT('',(69.921968309579,45.541046261645,26.));
#11313 = CARTESIAN_POINT('',(69.921968309579,45.668444939884,26.));
#11314 = VECTOR('',#11315,1.);
#11315 = DIRECTION('',(-0.,-0.,-1.));
#11316 = ADVANCED_FACE('',(#11317),#11334,.F.);
#11317 = FACE_BOUND('',#11318,.F.);
#11318 = EDGE_LOOP('',(#11319,#11326,#11332,#11333));
#11319 = ORIENTED_EDGE('',*,*,#11320,.F.);
#11320 = EDGE_CURVE('',#11321,#11295,#11323,.T.);
#11321 = VERTEX_POINT('',#11322);
#11322 = CARTESIAN_POINT('',(70.699100246835,45.541046261645,26.));
#11323 = B_SPLINE_CURVE_WITH_KNOTS('',1,(#11324,#11325),.UNSPECIFIED.,
  .F.,.F.,(2,2),(0.,5.1),.PIECEWISE_BEZIER_KNOTS.);
#11324 = CARTESIAN_POINT('',(70.699100246835,45.541046261645,26.));
#11325 = CARTESIAN_POINT('',(70.049366987818,45.541046261645,26.));
#11326 = ORIENTED_EDGE('',*,*,#11327,.T.);
#11327 = EDGE_CURVE('',#11321,#5396,#11328,.T.);
#11328 = LINE('',#11329,#11330);
#11329 = CARTESIAN_POINT('',(70.699100246835,45.541046261645,26.));
#11330 = VECTOR('',#11331,1.);
#11331 = DIRECTION('',(0.,0.,1.));
#11332 = ORIENTED_EDGE('',*,*,#5410,.F.);
#11333 = ORIENTED_EDGE('',*,*,#11302,.F.);
#11334 = SURFACE_OF_LINEAR_EXTRUSION('',#11335,#11338);
#11335 = B_SPLINE_CURVE_WITH_KNOTS('',1,(#11336,#11337),.UNSPECIFIED.,
  .F.,.F.,(2,2),(0.,5.1),.PIECEWISE_BEZIER_KNOTS.);
#11336 = CARTESIAN_POINT('',(70.699100246835,45.541046261645,26.));
#11337 = CARTESIAN_POINT('',(70.049366987818,45.541046261645,26.));
#11338 = VECTOR('',#11339,1.);
#11339 = DIRECTION('',(-0.,-0.,-1.));
#11340 = ADVANCED_FACE('',(#11341),#11359,.F.);
#11341 = FACE_BOUND('',#11342,.F.);
#11342 = EDGE_LOOP('',(#11343,#11351,#11357,#11358));
#11343 = ORIENTED_EDGE('',*,*,#11344,.F.);
#11344 = EDGE_CURVE('',#11345,#11321,#11347,.T.);
#11345 = VERTEX_POINT('',#11346);
#11346 = CARTESIAN_POINT('',(70.826498925074,45.668444939884,26.));
#11347 = B_SPLINE_CURVE_WITH_KNOTS('',2,(#11348,#11349,#11350),
  .UNSPECIFIED.,.F.,.F.,(3,3),(0.,1.),.PIECEWISE_BEZIER_KNOTS.);
#11348 = CARTESIAN_POINT('',(70.826498925074,45.668444939884,26.));
#11349 = CARTESIAN_POINT('',(70.826498925074,45.541046261645,26.));
#11350 = CARTESIAN_POINT('',(70.699100246835,45.541046261645,26.));
#11351 = ORIENTED_EDGE('',*,*,#11352,.T.);
#11352 = EDGE_CURVE('',#11345,#5386,#11353,.T.);
#11353 = LINE('',#11354,#11355);
#11354 = CARTESIAN_POINT('',(70.826498925074,45.668444939884,26.));
#11355 = VECTOR('',#11356,1.);
#11356 = DIRECTION('',(0.,0.,1.));
#11357 = ORIENTED_EDGE('',*,*,#5395,.F.);
#11358 = ORIENTED_EDGE('',*,*,#11327,.F.);
#11359 = SURFACE_OF_LINEAR_EXTRUSION('',#11360,#11364);
#11360 = B_SPLINE_CURVE_WITH_KNOTS('',2,(#11361,#11362,#11363),
  .UNSPECIFIED.,.F.,.F.,(3,3),(0.,1.),.PIECEWISE_BEZIER_KNOTS.);
#11361 = CARTESIAN_POINT('',(70.826498925074,45.668444939884,26.));
#11362 = CARTESIAN_POINT('',(70.826498925074,45.541046261645,26.));
#11363 = CARTESIAN_POINT('',(70.699100246835,45.541046261645,26.));
#11364 = VECTOR('',#11365,1.);
#11365 = DIRECTION('',(-0.,-0.,-1.));
#11366 = ADVANCED_FACE('',(#11367),#11384,.F.);
#11367 = FACE_BOUND('',#11368,.F.);
#11368 = EDGE_LOOP('',(#11369,#11376,#11382,#11383));
#11369 = ORIENTED_EDGE('',*,*,#11370,.F.);
#11370 = EDGE_CURVE('',#11371,#11345,#11373,.T.);
#11371 = VERTEX_POINT('',#11372);
#11372 = CARTESIAN_POINT('',(70.81375905725,52.433314754359,26.));
#11373 = B_SPLINE_CURVE_WITH_KNOTS('',1,(#11374,#11375),.UNSPECIFIED.,
  .F.,.F.,(2,2),(0.,53.100094161875),.PIECEWISE_BEZIER_KNOTS.);
#11374 = CARTESIAN_POINT('',(70.81375905725,52.433314754359,26.));
#11375 = CARTESIAN_POINT('',(70.826498925074,45.668444939884,26.));
#11376 = ORIENTED_EDGE('',*,*,#11377,.T.);
#11377 = EDGE_CURVE('',#11371,#5373,#11378,.T.);
#11378 = LINE('',#11379,#11380);
#11379 = CARTESIAN_POINT('',(70.81375905725,52.433314754359,26.));
#11380 = VECTOR('',#11381,1.);
#11381 = DIRECTION('',(0.,0.,1.));
#11382 = ORIENTED_EDGE('',*,*,#5385,.F.);
#11383 = ORIENTED_EDGE('',*,*,#11352,.F.);
#11384 = SURFACE_OF_LINEAR_EXTRUSION('',#11385,#11388);
#11385 = B_SPLINE_CURVE_WITH_KNOTS('',1,(#11386,#11387),.UNSPECIFIED.,
  .F.,.F.,(2,2),(0.,53.100094161875),.PIECEWISE_BEZIER_KNOTS.);
#11386 = CARTESIAN_POINT('',(70.81375905725,52.433314754359,26.));
#11387 = CARTESIAN_POINT('',(70.826498925074,45.668444939884,26.));
#11388 = VECTOR('',#11389,1.);
#11389 = DIRECTION('',(-0.,-0.,-1.));
#11390 = ADVANCED_FACE('',(#11391),#11409,.F.);
#11391 = FACE_BOUND('',#11392,.F.);
#11392 = EDGE_LOOP('',(#11393,#11401,#11407,#11408));
#11393 = ORIENTED_EDGE('',*,*,#11394,.F.);
#11394 = EDGE_CURVE('',#11395,#11371,#11397,.T.);
#11395 = VERTEX_POINT('',#11396);
#11396 = CARTESIAN_POINT('',(70.832868858986,52.471534357831,26.));
#11397 = B_SPLINE_CURVE_WITH_KNOTS('',2,(#11398,#11399,#11400),
  .UNSPECIFIED.,.F.,.F.,(3,3),(0.,1.),.PIECEWISE_BEZIER_KNOTS.);
#11398 = CARTESIAN_POINT('',(70.832868858986,52.471534357831,26.));
#11399 = CARTESIAN_POINT('',(70.81375905725,52.471534357831,26.));
#11400 = CARTESIAN_POINT('',(70.81375905725,52.433314754359,26.));
#11401 = ORIENTED_EDGE('',*,*,#11402,.T.);
#11402 = EDGE_CURVE('',#11395,#5363,#11403,.T.);
#11403 = LINE('',#11404,#11405);
#11404 = CARTESIAN_POINT('',(70.832868858986,52.471534357831,26.));
#11405 = VECTOR('',#11406,1.);
#11406 = DIRECTION('',(0.,0.,1.));
#11407 = ORIENTED_EDGE('',*,*,#5372,.F.);
#11408 = ORIENTED_EDGE('',*,*,#11377,.F.);
#11409 = SURFACE_OF_LINEAR_EXTRUSION('',#11410,#11414);
#11410 = B_SPLINE_CURVE_WITH_KNOTS('',2,(#11411,#11412,#11413),
  .UNSPECIFIED.,.F.,.F.,(3,3),(0.,1.),.PIECEWISE_BEZIER_KNOTS.);
#11411 = CARTESIAN_POINT('',(70.832868858986,52.471534357831,26.));
#11412 = CARTESIAN_POINT('',(70.81375905725,52.471534357831,26.));
#11413 = CARTESIAN_POINT('',(70.81375905725,52.433314754359,26.));
#11414 = VECTOR('',#11415,1.);
#11415 = DIRECTION('',(-0.,-0.,-1.));
#11416 = ADVANCED_FACE('',(#11417),#11435,.F.);
#11417 = FACE_BOUND('',#11418,.F.);
#11418 = EDGE_LOOP('',(#11419,#11427,#11433,#11434));
#11419 = ORIENTED_EDGE('',*,*,#11420,.F.);
#11420 = EDGE_CURVE('',#11421,#11395,#11423,.T.);
#11421 = VERTEX_POINT('',#11422);
#11422 = CARTESIAN_POINT('',(70.877458396369,52.446054622183,26.));
#11423 = B_SPLINE_CURVE_WITH_KNOTS('',2,(#11424,#11425,#11426),
  .UNSPECIFIED.,.F.,.F.,(3,3),(0.,1.),.PIECEWISE_BEZIER_KNOTS.);
#11424 = CARTESIAN_POINT('',(70.877458396369,52.446054622183,26.));
#11425 = CARTESIAN_POINT('',(70.851978660721,52.471534357831,26.));
#11426 = CARTESIAN_POINT('',(70.832868858986,52.471534357831,26.));
#11427 = ORIENTED_EDGE('',*,*,#11428,.T.);
#11428 = EDGE_CURVE('',#11421,#5353,#11429,.T.);
#11429 = LINE('',#11430,#11431);
#11430 = CARTESIAN_POINT('',(70.877458396369,52.446054622183,26.));
#11431 = VECTOR('',#11432,1.);
#11432 = DIRECTION('',(0.,0.,1.));
#11433 = ORIENTED_EDGE('',*,*,#5362,.F.);
#11434 = ORIENTED_EDGE('',*,*,#11402,.F.);
#11435 = SURFACE_OF_LINEAR_EXTRUSION('',#11436,#11440);
#11436 = B_SPLINE_CURVE_WITH_KNOTS('',2,(#11437,#11438,#11439),
  .UNSPECIFIED.,.F.,.F.,(3,3),(0.,1.),.PIECEWISE_BEZIER_KNOTS.);
#11437 = CARTESIAN_POINT('',(70.877458396369,52.446054622183,26.));
#11438 = CARTESIAN_POINT('',(70.851978660721,52.471534357831,26.));
#11439 = CARTESIAN_POINT('',(70.832868858986,52.471534357831,26.));
#11440 = VECTOR('',#11441,1.);
#11441 = DIRECTION('',(-0.,-0.,-1.));
#11442 = ADVANCED_FACE('',(#11443),#11460,.F.);
#11443 = FACE_BOUND('',#11444,.F.);
#11444 = EDGE_LOOP('',(#11445,#11452,#11458,#11459));
#11445 = ORIENTED_EDGE('',*,*,#11446,.F.);
#11446 = EDGE_CURVE('',#11447,#11421,#11449,.T.);
#11447 = VERTEX_POINT('',#11448);
#11448 = CARTESIAN_POINT('',(74.291742973167,45.630225336412,26.));
#11449 = B_SPLINE_CURVE_WITH_KNOTS('',1,(#11450,#11451),.UNSPECIFIED.,
  .F.,.F.,(2,2),(0.,59.83719578991),.PIECEWISE_BEZIER_KNOTS.);
#11450 = CARTESIAN_POINT('',(74.291742973167,45.630225336412,26.));
#11451 = CARTESIAN_POINT('',(70.877458396369,52.446054622183,26.));
#11452 = ORIENTED_EDGE('',*,*,#11453,.T.);
#11453 = EDGE_CURVE('',#11447,#5338,#11454,.T.);
#11454 = LINE('',#11455,#11456);
#11455 = CARTESIAN_POINT('',(74.291742973167,45.630225336412,26.));
#11456 = VECTOR('',#11457,1.);
#11457 = DIRECTION('',(0.,0.,1.));
#11458 = ORIENTED_EDGE('',*,*,#5352,.F.);
#11459 = ORIENTED_EDGE('',*,*,#11428,.F.);
#11460 = SURFACE_OF_LINEAR_EXTRUSION('',#11461,#11464);
#11461 = B_SPLINE_CURVE_WITH_KNOTS('',1,(#11462,#11463),.UNSPECIFIED.,
  .F.,.F.,(2,2),(0.,59.83719578991),.PIECEWISE_BEZIER_KNOTS.);
#11462 = CARTESIAN_POINT('',(74.291742973167,45.630225336412,26.));
#11463 = CARTESIAN_POINT('',(70.877458396369,52.446054622183,26.));
#11464 = VECTOR('',#11465,1.);
#11465 = DIRECTION('',(-0.,-0.,-1.));
#11466 = ADVANCED_FACE('',(#11467),#11485,.F.);
#11467 = FACE_BOUND('',#11468,.F.);
#11468 = EDGE_LOOP('',(#11469,#11477,#11483,#11484));
#11469 = ORIENTED_EDGE('',*,*,#11470,.F.);
#11470 = EDGE_CURVE('',#11471,#11447,#11473,.T.);
#11471 = VERTEX_POINT('',#11472);
#11472 = CARTESIAN_POINT('',(74.444621387053,45.541046261645,26.));
#11473 = B_SPLINE_CURVE_WITH_KNOTS('',2,(#11474,#11475,#11476),
  .UNSPECIFIED.,.F.,.F.,(3,3),(0.,1.),.PIECEWISE_BEZIER_KNOTS.);
#11474 = CARTESIAN_POINT('',(74.444621387053,45.541046261645,26.));
#11475 = CARTESIAN_POINT('',(74.329962576638,45.541046261645,26.));
#11476 = CARTESIAN_POINT('',(74.291742973167,45.630225336412,26.));
#11477 = ORIENTED_EDGE('',*,*,#11478,.T.);
#11478 = EDGE_CURVE('',#11471,#5328,#11479,.T.);
#11479 = LINE('',#11480,#11481);
#11480 = CARTESIAN_POINT('',(74.444621387053,45.541046261645,26.));
#11481 = VECTOR('',#11482,1.);
#11482 = DIRECTION('',(0.,0.,1.));
#11483 = ORIENTED_EDGE('',*,*,#5337,.F.);
#11484 = ORIENTED_EDGE('',*,*,#11453,.F.);
#11485 = SURFACE_OF_LINEAR_EXTRUSION('',#11486,#11490);
#11486 = B_SPLINE_CURVE_WITH_KNOTS('',2,(#11487,#11488,#11489),
  .UNSPECIFIED.,.F.,.F.,(3,3),(0.,1.),.PIECEWISE_BEZIER_KNOTS.);
#11487 = CARTESIAN_POINT('',(74.444621387053,45.541046261645,26.));
#11488 = CARTESIAN_POINT('',(74.329962576638,45.541046261645,26.));
#11489 = CARTESIAN_POINT('',(74.291742973167,45.630225336412,26.));
#11490 = VECTOR('',#11491,1.);
#11491 = DIRECTION('',(-0.,-0.,-1.));
#11492 = ADVANCED_FACE('',(#11493),#11510,.F.);
#11493 = FACE_BOUND('',#11494,.F.);
#11494 = EDGE_LOOP('',(#11495,#11502,#11508,#11509));
#11495 = ORIENTED_EDGE('',*,*,#11496,.F.);
#11496 = EDGE_CURVE('',#11497,#11471,#11499,.T.);
#11497 = VERTEX_POINT('',#11498);
#11498 = CARTESIAN_POINT('',(75.132574249542,45.541046261645,26.));
#11499 = B_SPLINE_CURVE_WITH_KNOTS('',1,(#11500,#11501),.UNSPECIFIED.,
  .F.,.F.,(2,2),(0.,5.4),.PIECEWISE_BEZIER_KNOTS.);
#11500 = CARTESIAN_POINT('',(75.132574249542,45.541046261645,26.));
#11501 = CARTESIAN_POINT('',(74.444621387053,45.541046261645,26.));
#11502 = ORIENTED_EDGE('',*,*,#11503,.T.);
#11503 = EDGE_CURVE('',#11497,#5313,#11504,.T.);
#11504 = LINE('',#11505,#11506);
#11505 = CARTESIAN_POINT('',(75.132574249542,45.541046261645,26.));
#11506 = VECTOR('',#11507,1.);
#11507 = DIRECTION('',(0.,0.,1.));
#11508 = ORIENTED_EDGE('',*,*,#5327,.F.);
#11509 = ORIENTED_EDGE('',*,*,#11478,.F.);
#11510 = SURFACE_OF_LINEAR_EXTRUSION('',#11511,#11514);
#11511 = B_SPLINE_CURVE_WITH_KNOTS('',1,(#11512,#11513),.UNSPECIFIED.,
  .F.,.F.,(2,2),(0.,5.4),.PIECEWISE_BEZIER_KNOTS.);
#11512 = CARTESIAN_POINT('',(75.132574249542,45.541046261645,26.));
#11513 = CARTESIAN_POINT('',(74.444621387053,45.541046261645,26.));
#11514 = VECTOR('',#11515,1.);
#11515 = DIRECTION('',(-0.,-0.,-1.));
#11516 = ADVANCED_FACE('',(#11517),#11535,.F.);
#11517 = FACE_BOUND('',#11518,.F.);
#11518 = EDGE_LOOP('',(#11519,#11527,#11533,#11534));
#11519 = ORIENTED_EDGE('',*,*,#11520,.F.);
#11520 = EDGE_CURVE('',#11521,#11497,#11523,.T.);
#11521 = VERTEX_POINT('',#11522);
#11522 = CARTESIAN_POINT('',(75.259972927781,45.668444939884,26.));
#11523 = B_SPLINE_CURVE_WITH_KNOTS('',2,(#11524,#11525,#11526),
  .UNSPECIFIED.,.F.,.F.,(3,3),(0.,1.),.PIECEWISE_BEZIER_KNOTS.);
#11524 = CARTESIAN_POINT('',(75.259972927781,45.668444939884,26.));
#11525 = CARTESIAN_POINT('',(75.259972927781,45.541046261645,26.));
#11526 = CARTESIAN_POINT('',(75.132574249542,45.541046261645,26.));
#11527 = ORIENTED_EDGE('',*,*,#11528,.T.);
#11528 = EDGE_CURVE('',#11521,#5303,#11529,.T.);
#11529 = LINE('',#11530,#11531);
#11530 = CARTESIAN_POINT('',(75.259972927781,45.668444939884,26.));
#11531 = VECTOR('',#11532,1.);
#11532 = DIRECTION('',(0.,0.,1.));
#11533 = ORIENTED_EDGE('',*,*,#5312,.F.);
#11534 = ORIENTED_EDGE('',*,*,#11503,.F.);
#11535 = SURFACE_OF_LINEAR_EXTRUSION('',#11536,#11540);
#11536 = B_SPLINE_CURVE_WITH_KNOTS('',2,(#11537,#11538,#11539),
  .UNSPECIFIED.,.F.,.F.,(3,3),(0.,1.),.PIECEWISE_BEZIER_KNOTS.);
#11537 = CARTESIAN_POINT('',(75.259972927781,45.668444939884,26.));
#11538 = CARTESIAN_POINT('',(75.259972927781,45.541046261645,26.));
#11539 = CARTESIAN_POINT('',(75.132574249542,45.541046261645,26.));
#11540 = VECTOR('',#11541,1.);
#11541 = DIRECTION('',(-0.,-0.,-1.));
#11542 = ADVANCED_FACE('',(#11543),#11560,.F.);
#11543 = FACE_BOUND('',#11544,.F.);
#11544 = EDGE_LOOP('',(#11545,#11552,#11558,#11559));
#11545 = ORIENTED_EDGE('',*,*,#11546,.F.);
#11546 = EDGE_CURVE('',#11547,#11521,#11549,.T.);
#11547 = VERTEX_POINT('',#11548);
#11548 = CARTESIAN_POINT('',(75.259972927781,54.331555060116,26.));
#11549 = B_SPLINE_CURVE_WITH_KNOTS('',1,(#11550,#11551),.UNSPECIFIED.,
  .F.,.F.,(2,2),(0.,68.),.PIECEWISE_BEZIER_KNOTS.);
#11550 = CARTESIAN_POINT('',(75.259972927781,54.331555060116,26.));
#11551 = CARTESIAN_POINT('',(75.259972927781,45.668444939884,26.));
#11552 = ORIENTED_EDGE('',*,*,#11553,.T.);
#11553 = EDGE_CURVE('',#11547,#5288,#11554,.T.);
#11554 = LINE('',#11555,#11556);
#11555 = CARTESIAN_POINT('',(75.259972927781,54.331555060116,26.));
#11556 = VECTOR('',#11557,1.);
#11557 = DIRECTION('',(0.,0.,1.));
#11558 = ORIENTED_EDGE('',*,*,#5302,.F.);
#11559 = ORIENTED_EDGE('',*,*,#11528,.F.);
#11560 = SURFACE_OF_LINEAR_EXTRUSION('',#11561,#11564);
#11561 = B_SPLINE_CURVE_WITH_KNOTS('',1,(#11562,#11563),.UNSPECIFIED.,
  .F.,.F.,(2,2),(0.,68.),.PIECEWISE_BEZIER_KNOTS.);
#11562 = CARTESIAN_POINT('',(75.259972927781,54.331555060116,26.));
#11563 = CARTESIAN_POINT('',(75.259972927781,45.668444939884,26.));
#11564 = VECTOR('',#11565,1.);
#11565 = DIRECTION('',(-0.,-0.,-1.));
#11566 = ADVANCED_FACE('',(#11567),#11578,.F.);
#11567 = FACE_BOUND('',#11568,.F.);
#11568 = EDGE_LOOP('',(#11569,#11575,#11576,#11577));
#11569 = ORIENTED_EDGE('',*,*,#11570,.F.);
#11570 = EDGE_CURVE('',#11040,#11547,#11571,.T.);
#11571 = B_SPLINE_CURVE_WITH_KNOTS('',2,(#11572,#11573,#11574),
  .UNSPECIFIED.,.F.,.F.,(3,3),(0.,1.),.PIECEWISE_BEZIER_KNOTS.);
#11572 = CARTESIAN_POINT('',(75.132574249542,54.458953738355,26.));
#11573 = CARTESIAN_POINT('',(75.259972927781,54.458953738355,26.));
#11574 = CARTESIAN_POINT('',(75.259972927781,54.331555060116,26.));
#11575 = ORIENTED_EDGE('',*,*,#11053,.T.);
#11576 = ORIENTED_EDGE('',*,*,#5287,.F.);
#11577 = ORIENTED_EDGE('',*,*,#11553,.F.);
#11578 = SURFACE_OF_LINEAR_EXTRUSION('',#11579,#11583);
#11579 = B_SPLINE_CURVE_WITH_KNOTS('',2,(#11580,#11581,#11582),
  .UNSPECIFIED.,.F.,.F.,(3,3),(0.,1.),.PIECEWISE_BEZIER_KNOTS.);
#11580 = CARTESIAN_POINT('',(75.132574249542,54.458953738355,26.));
#11581 = CARTESIAN_POINT('',(75.259972927781,54.458953738355,26.));
#11582 = CARTESIAN_POINT('',(75.259972927781,54.331555060116,26.));
#11583 = VECTOR('',#11584,1.);
#11584 = DIRECTION('',(-0.,-0.,-1.));
#11585 = ADVANCED_FACE('',(#11586),#11605,.T.);
#11586 = FACE_BOUND('',#11587,.T.);
#11587 = EDGE_LOOP('',(#11588,#11589,#11597,#11604));
#11588 = ORIENTED_EDGE('',*,*,#5552,.F.);
#11589 = ORIENTED_EDGE('',*,*,#11590,.F.);
#11590 = EDGE_CURVE('',#11591,#5553,#11593,.T.);
#11591 = VERTEX_POINT('',#11592);
#11592 = CARTESIAN_POINT('',(9.5,5.5,8.6));
#11593 = LINE('',#11594,#11595);
#11594 = CARTESIAN_POINT('',(9.5,5.5,8.6));
#11595 = VECTOR('',#11596,1.);
#11596 = DIRECTION('',(0.,0.,1.));
#11597 = ORIENTED_EDGE('',*,*,#11598,.T.);
#11598 = EDGE_CURVE('',#11591,#11591,#11599,.T.);
#11599 = CIRCLE('',#11600,4.);
#11600 = AXIS2_PLACEMENT_3D('',#11601,#11602,#11603);
#11601 = CARTESIAN_POINT('',(5.5,5.5,8.6));
#11602 = DIRECTION('',(0.,0.,1.));
#11603 = DIRECTION('',(1.,0.,-0.));
#11604 = ORIENTED_EDGE('',*,*,#11590,.T.);
#11605 = CYLINDRICAL_SURFACE('',#11606,4.);
#11606 = AXIS2_PLACEMENT_3D('',#11607,#11608,#11609);
#11607 = CARTESIAN_POINT('',(5.5,5.5,8.6));
#11608 = DIRECTION('',(0.,0.,1.));
#11609 = DIRECTION('',(1.,0.,-0.));
#11610 = ADVANCED_FACE('',(#11611),#11622,.T.);
#11611 = FACE_BOUND('',#11612,.T.);
#11612 = EDGE_LOOP('',(#11613,#11619,#11620,#11621));
#11613 = ORIENTED_EDGE('',*,*,#11614,.T.);
#11614 = EDGE_CURVE('',#5601,#5670,#11615,.T.);
#11615 = LINE('',#11616,#11617);
#11616 = CARTESIAN_POINT('',(3.13215991531,3.13215991531,13.6));
#11617 = VECTOR('',#11618,1.);
#11618 = DIRECTION('',(0.,0.,1.));
#11619 = ORIENTED_EDGE('',*,*,#5677,.T.);
#11620 = ORIENTED_EDGE('',*,*,#5569,.F.);
#11621 = ORIENTED_EDGE('',*,*,#5600,.F.);
#11622 = PLANE('',#11623);
#11623 = AXIS2_PLACEMENT_3D('',#11624,#11625,#11626);
#11624 = CARTESIAN_POINT('',(3.13215991531,3.13215991531,13.6));
#11625 = DIRECTION('',(0.258819045103,0.965925826289,0.));
#11626 = DIRECTION('',(0.965925826289,-0.258819045103,0.));
#11627 = ADVANCED_FACE('',(#11628),#11634,.T.);
#11628 = FACE_BOUND('',#11629,.T.);
#11629 = EDGE_LOOP('',(#11630,#11631,#11632,#11633));
#11630 = ORIENTED_EDGE('',*,*,#5644,.T.);
#11631 = ORIENTED_EDGE('',*,*,#5669,.T.);
#11632 = ORIENTED_EDGE('',*,*,#11614,.F.);
#11633 = ORIENTED_EDGE('',*,*,#5608,.F.);
#11634 = PLANE('',#11635);
#11635 = AXIS2_PLACEMENT_3D('',#11636,#11637,#11638);
#11636 = CARTESIAN_POINT('',(2.265470292214,6.366689623096,13.6));
#11637 = DIRECTION('',(0.965925826289,0.258819045103,0.));
#11638 = DIRECTION('',(0.258819045103,-0.965925826289,0.));
#11639 = ADVANCED_FACE('',(#11640),#11659,.F.);
#11640 = FACE_BOUND('',#11641,.F.);
#11641 = EDGE_LOOP('',(#11642,#11650,#11651,#11652));
#11642 = ORIENTED_EDGE('',*,*,#11643,.T.);
#11643 = EDGE_CURVE('',#11644,#5627,#11646,.T.);
#11644 = VERTEX_POINT('',#11645);
#11645 = CARTESIAN_POINT('',(7.2,5.5,8.6));
#11646 = LINE('',#11647,#11648);
#11647 = CARTESIAN_POINT('',(7.2,5.5,7.6));
#11648 = VECTOR('',#11649,1.);
#11649 = DIRECTION('',(0.,0.,1.));
#11650 = ORIENTED_EDGE('',*,*,#5626,.F.);
#11651 = ORIENTED_EDGE('',*,*,#11643,.F.);
#11652 = ORIENTED_EDGE('',*,*,#11653,.T.);
#11653 = EDGE_CURVE('',#11644,#11644,#11654,.T.);
#11654 = CIRCLE('',#11655,1.7);
#11655 = AXIS2_PLACEMENT_3D('',#11656,#11657,#11658);
#11656 = CARTESIAN_POINT('',(5.5,5.5,8.6));
#11657 = DIRECTION('',(0.,0.,1.));
#11658 = DIRECTION('',(1.,0.,-0.));
#11659 = CYLINDRICAL_SURFACE('',#11660,1.7);
#11660 = AXIS2_PLACEMENT_3D('',#11661,#11662,#11663);
#11661 = CARTESIAN_POINT('',(5.5,5.5,7.6));
#11662 = DIRECTION('',(0.,0.,1.));
#11663 = DIRECTION('',(1.,0.,-0.));
#11664 = ADVANCED_FACE('',(#11665),#11684,.F.);
#11665 = FACE_BOUND('',#11666,.F.);
#11666 = EDGE_LOOP('',(#11667,#11675,#11682,#11683));
#11667 = ORIENTED_EDGE('',*,*,#11668,.T.);
#11668 = EDGE_CURVE('',#5687,#11669,#11671,.T.);
#11669 = VERTEX_POINT('',#11670);
#11670 = CARTESIAN_POINT('',(7.2,5.5,24.6));
#11671 = LINE('',#11672,#11673);
#11672 = CARTESIAN_POINT('',(7.2,5.5,7.6));
#11673 = VECTOR('',#11674,1.);
#11674 = DIRECTION('',(0.,0.,1.));
#11675 = ORIENTED_EDGE('',*,*,#11676,.F.);
#11676 = EDGE_CURVE('',#11669,#11669,#11677,.T.);
#11677 = CIRCLE('',#11678,1.7);
#11678 = AXIS2_PLACEMENT_3D('',#11679,#11680,#11681);
#11679 = CARTESIAN_POINT('',(5.5,5.5,24.6));
#11680 = DIRECTION('',(0.,0.,1.));
#11681 = DIRECTION('',(1.,0.,-0.));
#11682 = ORIENTED_EDGE('',*,*,#11668,.F.);
#11683 = ORIENTED_EDGE('',*,*,#5686,.T.);
#11684 = CYLINDRICAL_SURFACE('',#11685,1.7);
#11685 = AXIS2_PLACEMENT_3D('',#11686,#11687,#11688);
#11686 = CARTESIAN_POINT('',(5.5,5.5,7.6));
#11687 = DIRECTION('',(0.,0.,1.));
#11688 = DIRECTION('',(1.,0.,-0.));
#11689 = ADVANCED_FACE('',(#11690),#11709,.T.);
#11690 = FACE_BOUND('',#11691,.T.);
#11691 = EDGE_LOOP('',(#11692,#11693,#11701,#11708));
#11692 = ORIENTED_EDGE('',*,*,#5706,.F.);
#11693 = ORIENTED_EDGE('',*,*,#11694,.F.);
#11694 = EDGE_CURVE('',#11695,#5707,#11697,.T.);
#11695 = VERTEX_POINT('',#11696);
#11696 = CARTESIAN_POINT('',(98.5,5.5,8.6));
#11697 = LINE('',#11698,#11699);
#11698 = CARTESIAN_POINT('',(98.5,5.5,8.6));
#11699 = VECTOR('',#11700,1.);
#11700 = DIRECTION('',(0.,0.,1.));
#11701 = ORIENTED_EDGE('',*,*,#11702,.T.);
#11702 = EDGE_CURVE('',#11695,#11695,#11703,.T.);
#11703 = CIRCLE('',#11704,4.);
#11704 = AXIS2_PLACEMENT_3D('',#11705,#11706,#11707);
#11705 = CARTESIAN_POINT('',(94.5,5.5,8.6));
#11706 = DIRECTION('',(0.,0.,1.));
#11707 = DIRECTION('',(1.,0.,-0.));
#11708 = ORIENTED_EDGE('',*,*,#11694,.T.);
#11709 = CYLINDRICAL_SURFACE('',#11710,4.);
#11710 = AXIS2_PLACEMENT_3D('',#11711,#11712,#11713);
#11711 = CARTESIAN_POINT('',(94.5,5.5,8.6));
#11712 = DIRECTION('',(0.,0.,1.));
#11713 = DIRECTION('',(1.,0.,-0.));
#11714 = ADVANCED_FACE('',(#11715),#11726,.T.);
#11715 = FACE_BOUND('',#11716,.T.);
#11716 = EDGE_LOOP('',(#11717,#11723,#11724,#11725));
#11717 = ORIENTED_EDGE('',*,*,#11718,.T.);
#11718 = EDGE_CURVE('',#5755,#5824,#11719,.T.);
#11719 = LINE('',#11720,#11721);
#11720 = CARTESIAN_POINT('',(96.86784008469,3.13215991531,13.6));
#11721 = VECTOR('',#11722,1.);
#11722 = DIRECTION('',(0.,0.,1.));
#11723 = ORIENTED_EDGE('',*,*,#5831,.T.);
#11724 = ORIENTED_EDGE('',*,*,#5723,.F.);
#11725 = ORIENTED_EDGE('',*,*,#5754,.F.);
#11726 = PLANE('',#11727);
#11727 = AXIS2_PLACEMENT_3D('',#11728,#11729,#11730);
#11728 = CARTESIAN_POINT('',(96.86784008469,3.13215991531,13.6));
#11729 = DIRECTION('',(-0.965925826289,0.258819045103,0.));
#11730 = DIRECTION('',(0.258819045103,0.965925826289,0.));
#11731 = ADVANCED_FACE('',(#11732),#11738,.T.);
#11732 = FACE_BOUND('',#11733,.T.);
#11733 = EDGE_LOOP('',(#11734,#11735,#11736,#11737));
#11734 = ORIENTED_EDGE('',*,*,#5798,.T.);
#11735 = ORIENTED_EDGE('',*,*,#5823,.T.);
#11736 = ORIENTED_EDGE('',*,*,#11718,.F.);
#11737 = ORIENTED_EDGE('',*,*,#5762,.F.);
#11738 = PLANE('',#11739);
#11739 = AXIS2_PLACEMENT_3D('',#11740,#11741,#11742);
#11740 = CARTESIAN_POINT('',(93.633310376904,2.265470292214,13.6));
#11741 = DIRECTION('',(-0.258819045103,0.965925826289,0.));
#11742 = DIRECTION('',(0.965925826289,0.258819045103,0.));
#11743 = ADVANCED_FACE('',(#11744),#11763,.F.);
#11744 = FACE_BOUND('',#11745,.F.);
#11745 = EDGE_LOOP('',(#11746,#11754,#11755,#11756));
#11746 = ORIENTED_EDGE('',*,*,#11747,.T.);
#11747 = EDGE_CURVE('',#11748,#5781,#11750,.T.);
#11748 = VERTEX_POINT('',#11749);
#11749 = CARTESIAN_POINT('',(96.2,5.5,8.6));
#11750 = LINE('',#11751,#11752);
#11751 = CARTESIAN_POINT('',(96.2,5.5,7.6));
#11752 = VECTOR('',#11753,1.);
#11753 = DIRECTION('',(0.,0.,1.));
#11754 = ORIENTED_EDGE('',*,*,#5780,.F.);
#11755 = ORIENTED_EDGE('',*,*,#11747,.F.);
#11756 = ORIENTED_EDGE('',*,*,#11757,.T.);
#11757 = EDGE_CURVE('',#11748,#11748,#11758,.T.);
#11758 = CIRCLE('',#11759,1.7);
#11759 = AXIS2_PLACEMENT_3D('',#11760,#11761,#11762);
#11760 = CARTESIAN_POINT('',(94.5,5.5,8.6));
#11761 = DIRECTION('',(0.,0.,1.));
#11762 = DIRECTION('',(1.,0.,-0.));
#11763 = CYLINDRICAL_SURFACE('',#11764,1.7);
#11764 = AXIS2_PLACEMENT_3D('',#11765,#11766,#11767);
#11765 = CARTESIAN_POINT('',(94.5,5.5,7.6));
#11766 = DIRECTION('',(0.,0.,1.));
#11767 = DIRECTION('',(1.,0.,-0.));
#11768 = ADVANCED_FACE('',(#11769),#11788,.F.);
#11769 = FACE_BOUND('',#11770,.F.);
#11770 = EDGE_LOOP('',(#11771,#11779,#11786,#11787));
#11771 = ORIENTED_EDGE('',*,*,#11772,.T.);
#11772 = EDGE_CURVE('',#5841,#11773,#11775,.T.);
#11773 = VERTEX_POINT('',#11774);
#11774 = CARTESIAN_POINT('',(96.2,5.5,24.6));
#11775 = LINE('',#11776,#11777);
#11776 = CARTESIAN_POINT('',(96.2,5.5,7.6));
#11777 = VECTOR('',#11778,1.);
#11778 = DIRECTION('',(0.,0.,1.));
#11779 = ORIENTED_EDGE('',*,*,#11780,.F.);
#11780 = EDGE_CURVE('',#11773,#11773,#11781,.T.);
#11781 = CIRCLE('',#11782,1.7);
#11782 = AXIS2_PLACEMENT_3D('',#11783,#11784,#11785);
#11783 = CARTESIAN_POINT('',(94.5,5.5,24.6));
#11784 = DIRECTION('',(0.,0.,1.));
#11785 = DIRECTION('',(1.,0.,-0.));
#11786 = ORIENTED_EDGE('',*,*,#11772,.F.);
#11787 = ORIENTED_EDGE('',*,*,#5840,.T.);
#11788 = CYLINDRICAL_SURFACE('',#11789,1.7);
#11789 = AXIS2_PLACEMENT_3D('',#11790,#11791,#11792);
#11790 = CARTESIAN_POINT('',(94.5,5.5,7.6));
#11791 = DIRECTION('',(0.,0.,1.));
#11792 = DIRECTION('',(1.,0.,-0.));
#11793 = ADVANCED_FACE('',(#11794),#11813,.T.);
#11794 = FACE_BOUND('',#11795,.T.);
#11795 = EDGE_LOOP('',(#11796,#11797,#11805,#11812));
#11796 = ORIENTED_EDGE('',*,*,#5860,.F.);
#11797 = ORIENTED_EDGE('',*,*,#11798,.F.);
#11798 = EDGE_CURVE('',#11799,#5861,#11801,.T.);
#11799 = VERTEX_POINT('',#11800);
#11800 = CARTESIAN_POINT('',(9.5,94.5,8.6));
#11801 = LINE('',#11802,#11803);
#11802 = CARTESIAN_POINT('',(9.5,94.5,8.6));
#11803 = VECTOR('',#11804,1.);
#11804 = DIRECTION('',(0.,0.,1.));
#11805 = ORIENTED_EDGE('',*,*,#11806,.T.);
#11806 = EDGE_CURVE('',#11799,#11799,#11807,.T.);
#11807 = CIRCLE('',#11808,4.);
#11808 = AXIS2_PLACEMENT_3D('',#11809,#11810,#11811);
#11809 = CARTESIAN_POINT('',(5.5,94.5,8.6));
#11810 = DIRECTION('',(0.,0.,1.));
#11811 = DIRECTION('',(1.,0.,-0.));
#11812 = ORIENTED_EDGE('',*,*,#11798,.T.);
#11813 = CYLINDRICAL_SURFACE('',#11814,4.);
#11814 = AXIS2_PLACEMENT_3D('',#11815,#11816,#11817);
#11815 = CARTESIAN_POINT('',(5.5,94.5,8.6));
#11816 = DIRECTION('',(0.,0.,1.));
#11817 = DIRECTION('',(1.,0.,-0.));
#11818 = ADVANCED_FACE('',(#11819),#11830,.T.);
#11819 = FACE_BOUND('',#11820,.T.);
#11820 = EDGE_LOOP('',(#11821,#11827,#11828,#11829));
#11821 = ORIENTED_EDGE('',*,*,#11822,.T.);
#11822 = EDGE_CURVE('',#5909,#5978,#11823,.T.);
#11823 = LINE('',#11824,#11825);
#11824 = CARTESIAN_POINT('',(3.13215991531,96.86784008469,13.6));
#11825 = VECTOR('',#11826,1.);
#11826 = DIRECTION('',(0.,0.,1.));
#11827 = ORIENTED_EDGE('',*,*,#5985,.T.);
#11828 = ORIENTED_EDGE('',*,*,#5877,.F.);
#11829 = ORIENTED_EDGE('',*,*,#5908,.F.);
#11830 = PLANE('',#11831);
#11831 = AXIS2_PLACEMENT_3D('',#11832,#11833,#11834);
#11832 = CARTESIAN_POINT('',(3.13215991531,96.86784008469,13.6));
#11833 = DIRECTION('',(0.965925826289,-0.258819045103,0.));
#11834 = DIRECTION('',(-0.258819045103,-0.965925826289,0.));
#11835 = ADVANCED_FACE('',(#11836),#11842,.T.);
#11836 = FACE_BOUND('',#11837,.T.);
#11837 = EDGE_LOOP('',(#11838,#11839,#11840,#11841));
#11838 = ORIENTED_EDGE('',*,*,#5952,.T.);
#11839 = ORIENTED_EDGE('',*,*,#5977,.T.);
#11840 = ORIENTED_EDGE('',*,*,#11822,.F.);
#11841 = ORIENTED_EDGE('',*,*,#5916,.F.);
#11842 = PLANE('',#11843);
#11843 = AXIS2_PLACEMENT_3D('',#11844,#11845,#11846);
#11844 = CARTESIAN_POINT('',(6.366689623096,97.734529707786,13.6));
#11845 = DIRECTION('',(0.258819045103,-0.965925826289,0.));
#11846 = DIRECTION('',(-0.965925826289,-0.258819045103,0.));
#11847 = ADVANCED_FACE('',(#11848),#11867,.F.);
#11848 = FACE_BOUND('',#11849,.F.);
#11849 = EDGE_LOOP('',(#11850,#11858,#11859,#11860));
#11850 = ORIENTED_EDGE('',*,*,#11851,.T.);
#11851 = EDGE_CURVE('',#11852,#5935,#11854,.T.);
#11852 = VERTEX_POINT('',#11853);
#11853 = CARTESIAN_POINT('',(7.2,94.5,8.6));
#11854 = LINE('',#11855,#11856);
#11855 = CARTESIAN_POINT('',(7.2,94.5,7.6));
#11856 = VECTOR('',#11857,1.);
#11857 = DIRECTION('',(0.,0.,1.));
#11858 = ORIENTED_EDGE('',*,*,#5934,.F.);
#11859 = ORIENTED_EDGE('',*,*,#11851,.F.);
#11860 = ORIENTED_EDGE('',*,*,#11861,.T.);
#11861 = EDGE_CURVE('',#11852,#11852,#11862,.T.);
#11862 = CIRCLE('',#11863,1.7);
#11863 = AXIS2_PLACEMENT_3D('',#11864,#11865,#11866);
#11864 = CARTESIAN_POINT('',(5.5,94.5,8.6));
#11865 = DIRECTION('',(0.,0.,1.));
#11866 = DIRECTION('',(1.,0.,-0.));
#11867 = CYLINDRICAL_SURFACE('',#11868,1.7);
#11868 = AXIS2_PLACEMENT_3D('',#11869,#11870,#11871);
#11869 = CARTESIAN_POINT('',(5.5,94.5,7.6));
#11870 = DIRECTION('',(0.,0.,1.));
#11871 = DIRECTION('',(1.,0.,-0.));
#11872 = ADVANCED_FACE('',(#11873),#11892,.F.);
#11873 = FACE_BOUND('',#11874,.F.);
#11874 = EDGE_LOOP('',(#11875,#11883,#11890,#11891));
#11875 = ORIENTED_EDGE('',*,*,#11876,.T.);
#11876 = EDGE_CURVE('',#5995,#11877,#11879,.T.);
#11877 = VERTEX_POINT('',#11878);
#11878 = CARTESIAN_POINT('',(7.2,94.5,24.6));
#11879 = LINE('',#11880,#11881);
#11880 = CARTESIAN_POINT('',(7.2,94.5,7.6));
#11881 = VECTOR('',#11882,1.);
#11882 = DIRECTION('',(0.,0.,1.));
#11883 = ORIENTED_EDGE('',*,*,#11884,.F.);
#11884 = EDGE_CURVE('',#11877,#11877,#11885,.T.);
#11885 = CIRCLE('',#11886,1.7);
#11886 = AXIS2_PLACEMENT_3D('',#11887,#11888,#11889);
#11887 = CARTESIAN_POINT('',(5.5,94.5,24.6));
#11888 = DIRECTION('',(0.,0.,1.));
#11889 = DIRECTION('',(1.,0.,-0.));
#11890 = ORIENTED_EDGE('',*,*,#11876,.F.);
#11891 = ORIENTED_EDGE('',*,*,#5994,.T.);
#11892 = CYLINDRICAL_SURFACE('',#11893,1.7);
#11893 = AXIS2_PLACEMENT_3D('',#11894,#11895,#11896);
#11894 = CARTESIAN_POINT('',(5.5,94.5,7.6));
#11895 = DIRECTION('',(0.,0.,1.));
#11896 = DIRECTION('',(1.,0.,-0.));
#11897 = ADVANCED_FACE('',(#11898),#11917,.T.);
#11898 = FACE_BOUND('',#11899,.T.);
#11899 = EDGE_LOOP('',(#11900,#11901,#11909,#11916));
#11900 = ORIENTED_EDGE('',*,*,#6014,.F.);
#11901 = ORIENTED_EDGE('',*,*,#11902,.F.);
#11902 = EDGE_CURVE('',#11903,#6015,#11905,.T.);
#11903 = VERTEX_POINT('',#11904);
#11904 = CARTESIAN_POINT('',(98.5,94.5,8.6));
#11905 = LINE('',#11906,#11907);
#11906 = CARTESIAN_POINT('',(98.5,94.5,8.6));
#11907 = VECTOR('',#11908,1.);
#11908 = DIRECTION('',(0.,0.,1.));
#11909 = ORIENTED_EDGE('',*,*,#11910,.T.);
#11910 = EDGE_CURVE('',#11903,#11903,#11911,.T.);
#11911 = CIRCLE('',#11912,4.);
#11912 = AXIS2_PLACEMENT_3D('',#11913,#11914,#11915);
#11913 = CARTESIAN_POINT('',(94.5,94.5,8.6));
#11914 = DIRECTION('',(0.,0.,1.));
#11915 = DIRECTION('',(1.,0.,-0.));
#11916 = ORIENTED_EDGE('',*,*,#11902,.T.);
#11917 = CYLINDRICAL_SURFACE('',#11918,4.);
#11918 = AXIS2_PLACEMENT_3D('',#11919,#11920,#11921);
#11919 = CARTESIAN_POINT('',(94.5,94.5,8.6));
#11920 = DIRECTION('',(0.,0.,1.));
#11921 = DIRECTION('',(1.,0.,-0.));
#11922 = ADVANCED_FACE('',(#11923),#11934,.T.);
#11923 = FACE_BOUND('',#11924,.T.);
#11924 = EDGE_LOOP('',(#11925,#11931,#11932,#11933));
#11925 = ORIENTED_EDGE('',*,*,#11926,.T.);
#11926 = EDGE_CURVE('',#6063,#6132,#11927,.T.);
#11927 = LINE('',#11928,#11929);
#11928 = CARTESIAN_POINT('',(96.86784008469,96.86784008469,13.6));
#11929 = VECTOR('',#11930,1.);
#11930 = DIRECTION('',(0.,0.,1.));
#11931 = ORIENTED_EDGE('',*,*,#6139,.T.);
#11932 = ORIENTED_EDGE('',*,*,#6031,.F.);
#11933 = ORIENTED_EDGE('',*,*,#6062,.F.);
#11934 = PLANE('',#11935);
#11935 = AXIS2_PLACEMENT_3D('',#11936,#11937,#11938);
#11936 = CARTESIAN_POINT('',(96.86784008469,96.86784008469,13.6));
#11937 = DIRECTION('',(-0.258819045103,-0.965925826289,0.));
#11938 = DIRECTION('',(-0.965925826289,0.258819045103,0.));
#11939 = ADVANCED_FACE('',(#11940),#11946,.T.);
#11940 = FACE_BOUND('',#11941,.T.);
#11941 = EDGE_LOOP('',(#11942,#11943,#11944,#11945));
#11942 = ORIENTED_EDGE('',*,*,#6106,.T.);
#11943 = ORIENTED_EDGE('',*,*,#6131,.T.);
#11944 = ORIENTED_EDGE('',*,*,#11926,.F.);
#11945 = ORIENTED_EDGE('',*,*,#6070,.F.);
#11946 = PLANE('',#11947);
#11947 = AXIS2_PLACEMENT_3D('',#11948,#11949,#11950);
#11948 = CARTESIAN_POINT('',(97.734529707786,93.633310376904,13.6));
#11949 = DIRECTION('',(-0.965925826289,-0.258819045103,0.));
#11950 = DIRECTION('',(-0.258819045103,0.965925826289,0.));
#11951 = ADVANCED_FACE('',(#11952),#11971,.F.);
#11952 = FACE_BOUND('',#11953,.F.);
#11953 = EDGE_LOOP('',(#11954,#11962,#11963,#11964));
#11954 = ORIENTED_EDGE('',*,*,#11955,.T.);
#11955 = EDGE_CURVE('',#11956,#6089,#11958,.T.);
#11956 = VERTEX_POINT('',#11957);
#11957 = CARTESIAN_POINT('',(96.2,94.5,8.6));
#11958 = LINE('',#11959,#11960);
#11959 = CARTESIAN_POINT('',(96.2,94.5,7.6));
#11960 = VECTOR('',#11961,1.);
#11961 = DIRECTION('',(0.,0.,1.));
#11962 = ORIENTED_EDGE('',*,*,#6088,.F.);
#11963 = ORIENTED_EDGE('',*,*,#11955,.F.);
#11964 = ORIENTED_EDGE('',*,*,#11965,.T.);
#11965 = EDGE_CURVE('',#11956,#11956,#11966,.T.);
#11966 = CIRCLE('',#11967,1.7);
#11967 = AXIS2_PLACEMENT_3D('',#11968,#11969,#11970);
#11968 = CARTESIAN_POINT('',(94.5,94.5,8.6));
#11969 = DIRECTION('',(0.,0.,1.));
#11970 = DIRECTION('',(1.,0.,-0.));
#11971 = CYLINDRICAL_SURFACE('',#11972,1.7);
#11972 = AXIS2_PLACEMENT_3D('',#11973,#11974,#11975);
#11973 = CARTESIAN_POINT('',(94.5,94.5,7.6));
#11974 = DIRECTION('',(0.,0.,1.));
#11975 = DIRECTION('',(1.,0.,-0.));
#11976 = ADVANCED_FACE('',(#11977),#11996,.F.);
#11977 = FACE_BOUND('',#11978,.F.);
#11978 = EDGE_LOOP('',(#11979,#11987,#11994,#11995));
#11979 = ORIENTED_EDGE('',*,*,#11980,.T.);
#11980 = EDGE_CURVE('',#6149,#11981,#11983,.T.);
#11981 = VERTEX_POINT('',#11982);
#11982 = CARTESIAN_POINT('',(96.2,94.5,24.6));
#11983 = LINE('',#11984,#11985);
#11984 = CARTESIAN_POINT('',(96.2,94.5,7.6));
#11985 = VECTOR('',#11986,1.);
#11986 = DIRECTION('',(0.,0.,1.));
#11987 = ORIENTED_EDGE('',*,*,#11988,.F.);
#11988 = EDGE_CURVE('',#11981,#11981,#11989,.T.);
#11989 = CIRCLE('',#11990,1.7);
#11990 = AXIS2_PLACEMENT_3D('',#11991,#11992,#11993);
#11991 = CARTESIAN_POINT('',(94.5,94.5,24.6));
#11992 = DIRECTION('',(0.,0.,1.));
#11993 = DIRECTION('',(1.,0.,-0.));
#11994 = ORIENTED_EDGE('',*,*,#11980,.F.);
#11995 = ORIENTED_EDGE('',*,*,#6148,.T.);
#11996 = CYLINDRICAL_SURFACE('',#11997,1.7);
#11997 = AXIS2_PLACEMENT_3D('',#11998,#11999,#12000);
#11998 = CARTESIAN_POINT('',(94.5,94.5,7.6));
#11999 = DIRECTION('',(0.,0.,1.));
#12000 = DIRECTION('',(1.,0.,-0.));
#12001 = ADVANCED_FACE('',(#12002,#12026),#12099,.F.);
#12002 = FACE_BOUND('',#12003,.F.);
#12003 = EDGE_LOOP('',(#12004,#12005,#12006,#12007,#12008,#12009,#12010,
    #12011,#12012,#12013,#12014,#12015,#12016,#12017,#12018,#12019,
    #12020,#12021,#12022,#12023,#12024,#12025));
#12004 = ORIENTED_EDGE('',*,*,#6165,.T.);
#12005 = ORIENTED_EDGE('',*,*,#6712,.T.);
#12006 = ORIENTED_EDGE('',*,*,#6688,.T.);
#12007 = ORIENTED_EDGE('',*,*,#6662,.T.);
#12008 = ORIENTED_EDGE('',*,*,#6636,.T.);
#12009 = ORIENTED_EDGE('',*,*,#6610,.T.);
#12010 = ORIENTED_EDGE('',*,*,#6584,.T.);
#12011 = ORIENTED_EDGE('',*,*,#6558,.T.);
#12012 = ORIENTED_EDGE('',*,*,#6532,.T.);
#12013 = ORIENTED_EDGE('',*,*,#6508,.T.);
#12014 = ORIENTED_EDGE('',*,*,#6482,.T.);
#12015 = ORIENTED_EDGE('',*,*,#6456,.T.);
#12016 = ORIENTED_EDGE('',*,*,#6430,.T.);
#12017 = ORIENTED_EDGE('',*,*,#6404,.T.);
#12018 = ORIENTED_EDGE('',*,*,#6378,.T.);
#12019 = ORIENTED_EDGE('',*,*,#6352,.T.);
#12020 = ORIENTED_EDGE('',*,*,#6326,.T.);
#12021 = ORIENTED_EDGE('',*,*,#6300,.T.);
#12022 = ORIENTED_EDGE('',*,*,#6274,.T.);
#12023 = ORIENTED_EDGE('',*,*,#6248,.T.);
#12024 = ORIENTED_EDGE('',*,*,#6222,.T.);
#12025 = ORIENTED_EDGE('',*,*,#6196,.T.);
#12026 = FACE_BOUND('',#12027,.F.);
#12027 = EDGE_LOOP('',(#12028,#12038,#12046,#12054,#12061,#12069,#12077,
    #12085,#12093));
#12028 = ORIENTED_EDGE('',*,*,#12029,.T.);
#12029 = EDGE_CURVE('',#12030,#12032,#12034,.T.);
#12030 = VERTEX_POINT('',#12031);
#12031 = CARTESIAN_POINT('',(38.346205908114,50.445895373835,26.));
#12032 = VERTEX_POINT('',#12033);
#12033 = CARTESIAN_POINT('',(38.059558882077,49.885341189585,26.));
#12034 = B_SPLINE_CURVE_WITH_KNOTS('',2,(#12035,#12036,#12037),
  .UNSPECIFIED.,.F.,.F.,(3,3),(0.,1.),.PIECEWISE_BEZIER_KNOTS.);
#12035 = CARTESIAN_POINT('',(38.346205908114,50.445895373835,26.));
#12036 = CARTESIAN_POINT('',(38.123258221196,50.242057488654,26.));
#12037 = CARTESIAN_POINT('',(38.059558882077,49.885341189585,26.));
#12038 = ORIENTED_EDGE('',*,*,#12039,.T.);
#12039 = EDGE_CURVE('',#12032,#12040,#12042,.T.);
#12040 = VERTEX_POINT('',#12041);
#12041 = CARTESIAN_POINT('',(38.021339278605,49.401226212278,26.));
#12042 = B_SPLINE_CURVE_WITH_KNOTS('',2,(#12043,#12044,#12045),
  .UNSPECIFIED.,.F.,.F.,(3,3),(0.,1.),.PIECEWISE_BEZIER_KNOTS.);
#12043 = CARTESIAN_POINT('',(38.059558882077,49.885341189585,26.));
#12044 = CARTESIAN_POINT('',(38.021339278605,49.656023568755,26.));
#12045 = CARTESIAN_POINT('',(38.021339278605,49.401226212278,26.));
#12046 = ORIENTED_EDGE('',*,*,#12047,.T.);
#12047 = EDGE_CURVE('',#12040,#12048,#12050,.T.);
#12048 = VERTEX_POINT('',#12049);
#12049 = CARTESIAN_POINT('',(38.085038617724,49.337526873159,26.));
#12050 = B_SPLINE_CURVE_WITH_KNOTS('',2,(#12051,#12052,#12053),
  .UNSPECIFIED.,.F.,.F.,(3,3),(0.,1.),.PIECEWISE_BEZIER_KNOTS.);
#12051 = CARTESIAN_POINT('',(38.021339278605,49.401226212278,26.));
#12052 = CARTESIAN_POINT('',(38.021339278605,49.337526873159,26.));
#12053 = CARTESIAN_POINT('',(38.085038617724,49.337526873159,26.));
#12054 = ORIENTED_EDGE('',*,*,#12055,.T.);
#12055 = EDGE_CURVE('',#12048,#12056,#12058,.T.);
#12056 = VERTEX_POINT('',#12057);
#12057 = CARTESIAN_POINT('',(39.741221434828,49.337526873159,26.));
#12058 = B_SPLINE_CURVE_WITH_KNOTS('',1,(#12059,#12060),.UNSPECIFIED.,
  .F.,.F.,(2,2),(0.,13.),.PIECEWISE_BEZIER_KNOTS.);
#12059 = CARTESIAN_POINT('',(38.085038617724,49.337526873159,26.));
#12060 = CARTESIAN_POINT('',(39.741221434828,49.337526873159,26.));
#12061 = ORIENTED_EDGE('',*,*,#12062,.T.);
#12062 = EDGE_CURVE('',#12056,#12063,#12065,.T.);
#12063 = VERTEX_POINT('',#12064);
#12064 = CARTESIAN_POINT('',(39.804920773947,49.401226212278,26.));
#12065 = B_SPLINE_CURVE_WITH_KNOTS('',2,(#12066,#12067,#12068),
  .UNSPECIFIED.,.F.,.F.,(3,3),(0.,1.),.PIECEWISE_BEZIER_KNOTS.);
#12066 = CARTESIAN_POINT('',(39.741221434828,49.337526873159,26.));
#12067 = CARTESIAN_POINT('',(39.804920773947,49.337526873159,26.));
#12068 = CARTESIAN_POINT('',(39.804920773947,49.401226212278,26.));
#12069 = ORIENTED_EDGE('',*,*,#12070,.T.);
#12070 = EDGE_CURVE('',#12063,#12071,#12073,.T.);
#12071 = VERTEX_POINT('',#12072);
#12072 = CARTESIAN_POINT('',(39.766701170475,49.885341189585,26.));
#12073 = B_SPLINE_CURVE_WITH_KNOTS('',2,(#12074,#12075,#12076),
  .UNSPECIFIED.,.F.,.F.,(3,3),(0.,1.),.PIECEWISE_BEZIER_KNOTS.);
#12074 = CARTESIAN_POINT('',(39.804920773947,49.401226212278,26.));
#12075 = CARTESIAN_POINT('',(39.804920773947,49.656023568755,26.));
#12076 = CARTESIAN_POINT('',(39.766701170475,49.885341189585,26.));
#12077 = ORIENTED_EDGE('',*,*,#12078,.T.);
#12078 = EDGE_CURVE('',#12071,#12079,#12081,.T.);
#12079 = VERTEX_POINT('',#12080);
#12080 = CARTESIAN_POINT('',(39.48642407835,50.439525439924,26.));
#12081 = B_SPLINE_CURVE_WITH_KNOTS('',2,(#12082,#12083,#12084),
  .UNSPECIFIED.,.F.,.F.,(3,3),(0.,1.),.PIECEWISE_BEZIER_KNOTS.);
#12082 = CARTESIAN_POINT('',(39.766701170475,49.885341189585,26.));
#12083 = CARTESIAN_POINT('',(39.71574169918,50.22931762083,26.));
#12084 = CARTESIAN_POINT('',(39.48642407835,50.439525439924,26.));
#12085 = ORIENTED_EDGE('',*,*,#12086,.T.);
#12086 = EDGE_CURVE('',#12079,#12087,#12089,.T.);
#12087 = VERTEX_POINT('',#12088);
#12088 = CARTESIAN_POINT('',(38.913130026276,50.649733259017,26.));
#12089 = B_SPLINE_CURVE_WITH_KNOTS('',2,(#12090,#12091,#12092),
  .UNSPECIFIED.,.F.,.F.,(3,3),(0.,1.),.PIECEWISE_BEZIER_KNOTS.);
#12090 = CARTESIAN_POINT('',(39.48642407835,50.439525439924,26.));
#12091 = CARTESIAN_POINT('',(39.257106457521,50.649733259017,26.));
#12092 = CARTESIAN_POINT('',(38.913130026276,50.649733259017,26.));
#12093 = ORIENTED_EDGE('',*,*,#12094,.T.);
#12094 = EDGE_CURVE('',#12087,#12030,#12095,.T.);
#12095 = B_SPLINE_CURVE_WITH_KNOTS('',2,(#12096,#12097,#12098),
  .UNSPECIFIED.,.F.,.F.,(3,3),(0.,1.),.PIECEWISE_BEZIER_KNOTS.);
#12096 = CARTESIAN_POINT('',(38.913130026276,50.649733259017,26.));
#12097 = CARTESIAN_POINT('',(38.569153595031,50.649733259017,26.));
#12098 = CARTESIAN_POINT('',(38.346205908114,50.445895373835,26.));
#12099 = B_SPLINE_SURFACE_WITH_KNOTS('',1,1,(
    (#12100,#12101)
    ,(#12102,#12103
    )),.UNSPECIFIED.,.F.,.F.,.F.,(2,2),(2,2),(-20.26740901661,
    22.232590983385),(-24.23822845062,28.761771549371),
  .PIECEWISE_BEZIER_KNOTS.);
#12100 = CARTESIAN_POINT('',(41.626721872761,45.439127319054,26.));
#12101 = CARTESIAN_POINT('',(41.626721872761,52.191257265706,26.));
#12102 = CARTESIAN_POINT('',(36.212278047615,45.439127319054,26.));
#12103 = CARTESIAN_POINT('',(36.212278047615,52.191257265706,26.));
#12104 = ADVANCED_FACE('',(#12105),#12123,.F.);
#12105 = FACE_BOUND('',#12106,.F.);
#12106 = EDGE_LOOP('',(#12107,#12108,#12109,#12110,#12111,#12112,#12113,
    #12114,#12115,#12116,#12117,#12118,#12119,#12120,#12121,#12122));
#12107 = ORIENTED_EDGE('',*,*,#6731,.T.);
#12108 = ORIENTED_EDGE('',*,*,#7114,.T.);
#12109 = ORIENTED_EDGE('',*,*,#7088,.T.);
#12110 = ORIENTED_EDGE('',*,*,#7064,.T.);
#12111 = ORIENTED_EDGE('',*,*,#7038,.T.);
#12112 = ORIENTED_EDGE('',*,*,#7014,.T.);
#12113 = ORIENTED_EDGE('',*,*,#6988,.T.);
#12114 = ORIENTED_EDGE('',*,*,#6962,.T.);
#12115 = ORIENTED_EDGE('',*,*,#6938,.T.);
#12116 = ORIENTED_EDGE('',*,*,#6912,.T.);
#12117 = ORIENTED_EDGE('',*,*,#6888,.T.);
#12118 = ORIENTED_EDGE('',*,*,#6862,.T.);
#12119 = ORIENTED_EDGE('',*,*,#6838,.T.);
#12120 = ORIENTED_EDGE('',*,*,#6812,.T.);
#12121 = ORIENTED_EDGE('',*,*,#6788,.T.);
#12122 = ORIENTED_EDGE('',*,*,#6762,.T.);
#12123 = B_SPLINE_SURFACE_WITH_KNOTS('',1,1,(
    (#12124,#12125)
    ,(#12126,#12127
    )),.UNSPECIFIED.,.F.,.F.,.F.,(2,2),(2,2),(-22.13474395788,
    21.96525604212),(-30.35691964801,21.143080351985),
  .PIECEWISE_BEZIER_KNOTS.);
#12124 = CARTESIAN_POINT('',(47.61445974998,45.541046261645,26.));
#12125 = CARTESIAN_POINT('',(47.61445974998,52.102078190939,26.));
#12126 = CARTESIAN_POINT('',(41.996178039653,45.541046261645,26.));
#12127 = CARTESIAN_POINT('',(41.996178039653,52.102078190939,26.));
#12128 = ADVANCED_FACE('',(#12129,#12143),#12241,.F.);
#12129 = FACE_BOUND('',#12130,.F.);
#12130 = EDGE_LOOP('',(#12131,#12132,#12133,#12134,#12135,#12136,#12137,
    #12138,#12139,#12140,#12141,#12142));
#12131 = ORIENTED_EDGE('',*,*,#7131,.T.);
#12132 = ORIENTED_EDGE('',*,*,#7424,.T.);
#12133 = ORIENTED_EDGE('',*,*,#7398,.T.);
#12134 = ORIENTED_EDGE('',*,*,#7372,.T.);
#12135 = ORIENTED_EDGE('',*,*,#7346,.T.);
#12136 = ORIENTED_EDGE('',*,*,#7320,.T.);
#12137 = ORIENTED_EDGE('',*,*,#7294,.T.);
#12138 = ORIENTED_EDGE('',*,*,#7268,.T.);
#12139 = ORIENTED_EDGE('',*,*,#7242,.T.);
#12140 = ORIENTED_EDGE('',*,*,#7216,.T.);
#12141 = ORIENTED_EDGE('',*,*,#7190,.T.);
#12142 = ORIENTED_EDGE('',*,*,#7164,.T.);
#12143 = FACE_BOUND('',#12144,.F.);
#12144 = EDGE_LOOP('',(#12145,#12155,#12163,#12171,#12179,#12187,#12195,
    #12203,#12211,#12219,#12227,#12235));
#12145 = ORIENTED_EDGE('',*,*,#12146,.T.);
#12146 = EDGE_CURVE('',#12147,#12149,#12151,.T.);
#12147 = VERTEX_POINT('',#12148);
#12148 = CARTESIAN_POINT('',(51.302651484991,47.197229078748,26.));
#12149 = VERTEX_POINT('',#12150);
#12150 = CARTESIAN_POINT('',(51.614778246676,47.783262998646,26.));
#12151 = B_SPLINE_CURVE_WITH_KNOTS('',2,(#12152,#12153,#12154),
  .UNSPECIFIED.,.F.,.F.,(3,3),(0.,1.),.PIECEWISE_BEZIER_KNOTS.);
#12152 = CARTESIAN_POINT('',(51.302651484991,47.197229078748,26.));
#12153 = CARTESIAN_POINT('',(51.538339039732,47.413806831754,26.));
#12154 = CARTESIAN_POINT('',(51.614778246676,47.783262998646,26.));
#12155 = ORIENTED_EDGE('',*,*,#12156,.T.);
#12156 = EDGE_CURVE('',#12149,#12157,#12159,.T.);
#12157 = VERTEX_POINT('',#12158);
#12158 = CARTESIAN_POINT('',(51.678477585795,48.827932160204,26.));
#12159 = B_SPLINE_CURVE_WITH_KNOTS('',2,(#12160,#12161,#12162),
  .UNSPECIFIED.,.F.,.F.,(3,3),(0.,1.),.PIECEWISE_BEZIER_KNOTS.);
#12160 = CARTESIAN_POINT('',(51.614778246676,47.783262998646,26.));
#12161 = CARTESIAN_POINT('',(51.678477585795,48.318337447249,26.));
#12162 = CARTESIAN_POINT('',(51.678477585795,48.827932160204,26.));
#12163 = ORIENTED_EDGE('',*,*,#12164,.T.);
#12164 = EDGE_CURVE('',#12157,#12165,#12167,.T.);
#12165 = VERTEX_POINT('',#12166);
#12166 = CARTESIAN_POINT('',(51.614778246676,49.859861453937,26.));
#12167 = B_SPLINE_CURVE_WITH_KNOTS('',2,(#12168,#12169,#12170),
  .UNSPECIFIED.,.F.,.F.,(3,3),(0.,1.),.PIECEWISE_BEZIER_KNOTS.);
#12168 = CARTESIAN_POINT('',(51.678477585795,48.827932160204,26.));
#12169 = CARTESIAN_POINT('',(51.678477585795,49.350266740983,26.));
#12170 = CARTESIAN_POINT('',(51.614778246676,49.859861453937,26.));
#12171 = ORIENTED_EDGE('',*,*,#12172,.T.);
#12172 = EDGE_CURVE('',#12165,#12173,#12175,.T.);
#12173 = VERTEX_POINT('',#12174);
#12174 = CARTESIAN_POINT('',(51.315391352815,50.439525439924,26.));
#12175 = B_SPLINE_CURVE_WITH_KNOTS('',2,(#12176,#12177,#12178),
  .UNSPECIFIED.,.F.,.F.,(3,3),(0.,1.),.PIECEWISE_BEZIER_KNOTS.);
#12176 = CARTESIAN_POINT('',(51.614778246676,49.859861453937,26.));
#12177 = CARTESIAN_POINT('',(51.551078907556,50.22931762083,26.));
#12178 = CARTESIAN_POINT('',(51.315391352815,50.439525439924,26.));
#12179 = ORIENTED_EDGE('',*,*,#12180,.T.);
#12180 = EDGE_CURVE('',#12173,#12181,#12183,.T.);
#12181 = VERTEX_POINT('',#12182);
#12182 = CARTESIAN_POINT('',(50.722987499005,50.649733259017,26.));
#12183 = B_SPLINE_CURVE_WITH_KNOTS('',2,(#12184,#12185,#12186),
  .UNSPECIFIED.,.F.,.F.,(3,3),(0.,1.),.PIECEWISE_BEZIER_KNOTS.);
#12184 = CARTESIAN_POINT('',(51.315391352815,50.439525439924,26.));
#12185 = CARTESIAN_POINT('',(51.079703798073,50.649733259017,26.));
#12186 = CARTESIAN_POINT('',(50.722987499005,50.649733259017,26.));
#12187 = ORIENTED_EDGE('',*,*,#12188,.T.);
#12188 = EDGE_CURVE('',#12181,#12189,#12191,.T.);
#12189 = VERTEX_POINT('',#12190);
#12190 = CARTESIAN_POINT('',(50.143323513019,50.439525439924,26.));
#12191 = B_SPLINE_CURVE_WITH_KNOTS('',2,(#12192,#12193,#12194),
  .UNSPECIFIED.,.F.,.F.,(3,3),(0.,1.),.PIECEWISE_BEZIER_KNOTS.);
#12192 = CARTESIAN_POINT('',(50.722987499005,50.649733259017,26.));
#12193 = CARTESIAN_POINT('',(50.37901106776,50.649733259017,26.));
#12194 = CARTESIAN_POINT('',(50.143323513019,50.439525439924,26.));
#12195 = ORIENTED_EDGE('',*,*,#12196,.T.);
#12196 = EDGE_CURVE('',#12189,#12197,#12199,.T.);
#12197 = VERTEX_POINT('',#12198);
#12198 = CARTESIAN_POINT('',(49.843936619158,49.859861453937,26.));
#12199 = B_SPLINE_CURVE_WITH_KNOTS('',2,(#12200,#12201,#12202),
  .UNSPECIFIED.,.F.,.F.,(3,3),(0.,1.),.PIECEWISE_BEZIER_KNOTS.);
#12200 = CARTESIAN_POINT('',(50.143323513019,50.439525439924,26.));
#12201 = CARTESIAN_POINT('',(49.907635958277,50.22931762083,26.));
#12202 = CARTESIAN_POINT('',(49.843936619158,49.859861453937,26.));
#12203 = ORIENTED_EDGE('',*,*,#12204,.T.);
#12204 = EDGE_CURVE('',#12197,#12205,#12207,.T.);
#12205 = VERTEX_POINT('',#12206);
#12206 = CARTESIAN_POINT('',(49.780237280038,48.827932160204,26.));
#12207 = B_SPLINE_CURVE_WITH_KNOTS('',2,(#12208,#12209,#12210),
  .UNSPECIFIED.,.F.,.F.,(3,3),(0.,1.),.PIECEWISE_BEZIER_KNOTS.);
#12208 = CARTESIAN_POINT('',(49.843936619158,49.859861453937,26.));
#12209 = CARTESIAN_POINT('',(49.780237280038,49.477665419221,26.));
#12210 = CARTESIAN_POINT('',(49.780237280038,48.827932160204,26.));
#12211 = ORIENTED_EDGE('',*,*,#12212,.T.);
#12212 = EDGE_CURVE('',#12205,#12213,#12215,.T.);
#12213 = VERTEX_POINT('',#12214);
#12214 = CARTESIAN_POINT('',(49.831196751334,47.783262998646,26.));
#12215 = B_SPLINE_CURVE_WITH_KNOTS('',2,(#12216,#12217,#12218),
  .UNSPECIFIED.,.F.,.F.,(3,3),(0.,1.),.PIECEWISE_BEZIER_KNOTS.);
#12216 = CARTESIAN_POINT('',(49.780237280038,48.827932160204,26.));
#12217 = CARTESIAN_POINT('',(49.780237280038,48.19093876901,26.));
#12218 = CARTESIAN_POINT('',(49.831196751334,47.783262998646,26.));
#12219 = ORIENTED_EDGE('',*,*,#12220,.T.);
#12220 = EDGE_CURVE('',#12213,#12221,#12223,.T.);
#12221 = VERTEX_POINT('',#12222);
#12222 = CARTESIAN_POINT('',(50.14969344693,47.197229078748,26.));
#12223 = B_SPLINE_CURVE_WITH_KNOTS('',2,(#12224,#12225,#12226),
  .UNSPECIFIED.,.F.,.F.,(3,3),(0.,1.),.PIECEWISE_BEZIER_KNOTS.);
#12224 = CARTESIAN_POINT('',(49.831196751334,47.783262998646,26.));
#12225 = CARTESIAN_POINT('',(49.907635958277,47.413806831754,26.));
#12226 = CARTESIAN_POINT('',(50.14969344693,47.197229078748,26.));
#12227 = ORIENTED_EDGE('',*,*,#12228,.T.);
#12228 = EDGE_CURVE('',#12221,#12229,#12231,.T.);
#12229 = VERTEX_POINT('',#12230);
#12230 = CARTESIAN_POINT('',(50.735727366829,46.980651325742,26.));
#12231 = B_SPLINE_CURVE_WITH_KNOTS('',2,(#12232,#12233,#12234),
  .UNSPECIFIED.,.F.,.F.,(3,3),(0.,1.),.PIECEWISE_BEZIER_KNOTS.);
#12232 = CARTESIAN_POINT('',(50.14969344693,47.197229078748,26.));
#12233 = CARTESIAN_POINT('',(50.391750935584,46.980651325742,26.));
#12234 = CARTESIAN_POINT('',(50.735727366829,46.980651325742,26.));
#12235 = ORIENTED_EDGE('',*,*,#12236,.T.);
#12236 = EDGE_CURVE('',#12229,#12147,#12237,.T.);
#12237 = B_SPLINE_CURVE_WITH_KNOTS('',2,(#12238,#12239,#12240),
  .UNSPECIFIED.,.F.,.F.,(3,3),(0.,1.),.PIECEWISE_BEZIER_KNOTS.);
#12238 = CARTESIAN_POINT('',(50.735727366829,46.980651325742,26.));
#12239 = CARTESIAN_POINT('',(51.066963930249,46.980651325742,26.));
#12240 = CARTESIAN_POINT('',(51.302651484991,47.197229078748,26.));
#12241 = B_SPLINE_SURFACE_WITH_KNOTS('',1,1,(
    (#12242,#12243)
    ,(#12244,#12245
    )),.UNSPECIFIED.,.F.,.F.,.F.,(2,2),(2,2),(-21.59744077226,
    21.602559227735),(-26.49531399406,26.504686005932),
  .PIECEWISE_BEZIER_KNOTS.);
#12242 = CARTESIAN_POINT('',(53.474798948961,45.439127319054,26.));
#12243 = CARTESIAN_POINT('',(53.474798948961,52.191257265706,26.));
#12244 = CARTESIAN_POINT('',(47.971176049048,45.439127319054,26.));
#12245 = CARTESIAN_POINT('',(47.971176049048,52.191257265706,26.));
#12246 = ADVANCED_FACE('',(#12247),#12265,.F.);
#12247 = FACE_BOUND('',#12248,.F.);
#12248 = EDGE_LOOP('',(#12249,#12250,#12251,#12252,#12253,#12254,#12255,
    #12256,#12257,#12258,#12259,#12260,#12261,#12262,#12263,#12264));
#12249 = ORIENTED_EDGE('',*,*,#7443,.T.);
#12250 = ORIENTED_EDGE('',*,*,#7826,.T.);
#12251 = ORIENTED_EDGE('',*,*,#7800,.T.);
#12252 = ORIENTED_EDGE('',*,*,#7776,.T.);
#12253 = ORIENTED_EDGE('',*,*,#7750,.T.);
#12254 = ORIENTED_EDGE('',*,*,#7726,.T.);
#12255 = ORIENTED_EDGE('',*,*,#7700,.T.);
#12256 = ORIENTED_EDGE('',*,*,#7674,.T.);
#12257 = ORIENTED_EDGE('',*,*,#7650,.T.);
#12258 = ORIENTED_EDGE('',*,*,#7624,.T.);
#12259 = ORIENTED_EDGE('',*,*,#7600,.T.);
#12260 = ORIENTED_EDGE('',*,*,#7574,.T.);
#12261 = ORIENTED_EDGE('',*,*,#7550,.T.);
#12262 = ORIENTED_EDGE('',*,*,#7524,.T.);
#12263 = ORIENTED_EDGE('',*,*,#7500,.T.);
#12264 = ORIENTED_EDGE('',*,*,#7474,.T.);
#12265 = B_SPLINE_SURFACE_WITH_KNOTS('',1,1,(
    (#12266,#12267)
    ,(#12268,#12269
    )),.UNSPECIFIED.,.F.,.F.,.F.,(2,2),(2,2),(-22.13474395788,
    21.96525604212),(-30.35691964801,21.143080351985),
  .PIECEWISE_BEZIER_KNOTS.);
#12266 = CARTESIAN_POINT('',(62.68572338562,45.541046261645,26.));
#12267 = CARTESIAN_POINT('',(62.68572338562,52.102078190939,26.));
#12268 = CARTESIAN_POINT('',(57.067441675293,45.541046261645,26.));
#12269 = CARTESIAN_POINT('',(57.067441675293,52.102078190939,26.));
#12270 = ADVANCED_FACE('',(#12271,#12295),#12368,.F.);
#12271 = FACE_BOUND('',#12272,.F.);
#12272 = EDGE_LOOP('',(#12273,#12274,#12275,#12276,#12277,#12278,#12279,
    #12280,#12281,#12282,#12283,#12284,#12285,#12286,#12287,#12288,
    #12289,#12290,#12291,#12292,#12293,#12294));
#12273 = ORIENTED_EDGE('',*,*,#7843,.T.);
#12274 = ORIENTED_EDGE('',*,*,#8390,.T.);
#12275 = ORIENTED_EDGE('',*,*,#8366,.T.);
#12276 = ORIENTED_EDGE('',*,*,#8340,.T.);
#12277 = ORIENTED_EDGE('',*,*,#8314,.T.);
#12278 = ORIENTED_EDGE('',*,*,#8288,.T.);
#12279 = ORIENTED_EDGE('',*,*,#8262,.T.);
#12280 = ORIENTED_EDGE('',*,*,#8236,.T.);
#12281 = ORIENTED_EDGE('',*,*,#8210,.T.);
#12282 = ORIENTED_EDGE('',*,*,#8186,.T.);
#12283 = ORIENTED_EDGE('',*,*,#8160,.T.);
#12284 = ORIENTED_EDGE('',*,*,#8134,.T.);
#12285 = ORIENTED_EDGE('',*,*,#8108,.T.);
#12286 = ORIENTED_EDGE('',*,*,#8082,.T.);
#12287 = ORIENTED_EDGE('',*,*,#8056,.T.);
#12288 = ORIENTED_EDGE('',*,*,#8030,.T.);
#12289 = ORIENTED_EDGE('',*,*,#8004,.T.);
#12290 = ORIENTED_EDGE('',*,*,#7978,.T.);
#12291 = ORIENTED_EDGE('',*,*,#7952,.T.);
#12292 = ORIENTED_EDGE('',*,*,#7926,.T.);
#12293 = ORIENTED_EDGE('',*,*,#7900,.T.);
#12294 = ORIENTED_EDGE('',*,*,#7874,.T.);
#12295 = FACE_BOUND('',#12296,.F.);
#12296 = EDGE_LOOP('',(#12297,#12307,#12315,#12323,#12330,#12338,#12346,
    #12354,#12362));
#12297 = ORIENTED_EDGE('',*,*,#12298,.T.);
#12298 = EDGE_CURVE('',#12299,#12301,#12303,.T.);
#12299 = VERTEX_POINT('',#12300);
#12300 = CARTESIAN_POINT('',(65.189107413011,50.445895373835,26.));
#12301 = VERTEX_POINT('',#12302);
#12302 = CARTESIAN_POINT('',(64.902460386973,49.885341189585,26.));
#12303 = B_SPLINE_CURVE_WITH_KNOTS('',2,(#12304,#12305,#12306),
  .UNSPECIFIED.,.F.,.F.,(3,3),(0.,1.),.PIECEWISE_BEZIER_KNOTS.);
#12304 = CARTESIAN_POINT('',(65.189107413011,50.445895373835,26.));
#12305 = CARTESIAN_POINT('',(64.966159726093,50.242057488654,26.));
#12306 = CARTESIAN_POINT('',(64.902460386973,49.885341189585,26.));
#12307 = ORIENTED_EDGE('',*,*,#12308,.T.);
#12308 = EDGE_CURVE('',#12301,#12309,#12311,.T.);
#12309 = VERTEX_POINT('',#12310);
#12310 = CARTESIAN_POINT('',(64.864240783502,49.401226212278,26.));
#12311 = B_SPLINE_CURVE_WITH_KNOTS('',2,(#12312,#12313,#12314),
  .UNSPECIFIED.,.F.,.F.,(3,3),(0.,1.),.PIECEWISE_BEZIER_KNOTS.);
#12312 = CARTESIAN_POINT('',(64.902460386973,49.885341189585,26.));
#12313 = CARTESIAN_POINT('',(64.864240783502,49.656023568755,26.));
#12314 = CARTESIAN_POINT('',(64.864240783502,49.401226212278,26.));
#12315 = ORIENTED_EDGE('',*,*,#12316,.T.);
#12316 = EDGE_CURVE('',#12309,#12317,#12319,.T.);
#12317 = VERTEX_POINT('',#12318);
#12318 = CARTESIAN_POINT('',(64.927940122621,49.337526873159,26.));
#12319 = B_SPLINE_CURVE_WITH_KNOTS('',2,(#12320,#12321,#12322),
  .UNSPECIFIED.,.F.,.F.,(3,3),(0.,1.),.PIECEWISE_BEZIER_KNOTS.);
#12320 = CARTESIAN_POINT('',(64.864240783502,49.401226212278,26.));
#12321 = CARTESIAN_POINT('',(64.864240783502,49.337526873159,26.));
#12322 = CARTESIAN_POINT('',(64.927940122621,49.337526873159,26.));
#12323 = ORIENTED_EDGE('',*,*,#12324,.T.);
#12324 = EDGE_CURVE('',#12317,#12325,#12327,.T.);
#12325 = VERTEX_POINT('',#12326);
#12326 = CARTESIAN_POINT('',(66.584122939724,49.337526873159,26.));
#12327 = B_SPLINE_CURVE_WITH_KNOTS('',1,(#12328,#12329),.UNSPECIFIED.,
  .F.,.F.,(2,2),(0.,13.),.PIECEWISE_BEZIER_KNOTS.);
#12328 = CARTESIAN_POINT('',(64.927940122621,49.337526873159,26.));
#12329 = CARTESIAN_POINT('',(66.584122939724,49.337526873159,26.));
#12330 = ORIENTED_EDGE('',*,*,#12331,.T.);
#12331 = EDGE_CURVE('',#12325,#12332,#12334,.T.);
#12332 = VERTEX_POINT('',#12333);
#12333 = CARTESIAN_POINT('',(66.647822278844,49.401226212278,26.));
#12334 = B_SPLINE_CURVE_WITH_KNOTS('',2,(#12335,#12336,#12337),
  .UNSPECIFIED.,.F.,.F.,(3,3),(0.,1.),.PIECEWISE_BEZIER_KNOTS.);
#12335 = CARTESIAN_POINT('',(66.584122939724,49.337526873159,26.));
#12336 = CARTESIAN_POINT('',(66.647822278844,49.337526873159,26.));
#12337 = CARTESIAN_POINT('',(66.647822278844,49.401226212278,26.));
#12338 = ORIENTED_EDGE('',*,*,#12339,.T.);
#12339 = EDGE_CURVE('',#12332,#12340,#12342,.T.);
#12340 = VERTEX_POINT('',#12341);
#12341 = CARTESIAN_POINT('',(66.609602675372,49.885341189585,26.));
#12342 = B_SPLINE_CURVE_WITH_KNOTS('',2,(#12343,#12344,#12345),
  .UNSPECIFIED.,.F.,.F.,(3,3),(0.,1.),.PIECEWISE_BEZIER_KNOTS.);
#12343 = CARTESIAN_POINT('',(66.647822278844,49.401226212278,26.));
#12344 = CARTESIAN_POINT('',(66.647822278844,49.656023568755,26.));
#12345 = CARTESIAN_POINT('',(66.609602675372,49.885341189585,26.));
#12346 = ORIENTED_EDGE('',*,*,#12347,.T.);
#12347 = EDGE_CURVE('',#12340,#12348,#12350,.T.);
#12348 = VERTEX_POINT('',#12349);
#12349 = CARTESIAN_POINT('',(66.329325583247,50.439525439924,26.));
#12350 = B_SPLINE_CURVE_WITH_KNOTS('',2,(#12351,#12352,#12353),
  .UNSPECIFIED.,.F.,.F.,(3,3),(0.,1.),.PIECEWISE_BEZIER_KNOTS.);
#12351 = CARTESIAN_POINT('',(66.609602675372,49.885341189585,26.));
#12352 = CARTESIAN_POINT('',(66.558643204077,50.22931762083,26.));
#12353 = CARTESIAN_POINT('',(66.329325583247,50.439525439924,26.));
#12354 = ORIENTED_EDGE('',*,*,#12355,.T.);
#12355 = EDGE_CURVE('',#12348,#12356,#12358,.T.);
#12356 = VERTEX_POINT('',#12357);
#12357 = CARTESIAN_POINT('',(65.756031531173,50.649733259017,26.));
#12358 = B_SPLINE_CURVE_WITH_KNOTS('',2,(#12359,#12360,#12361),
  .UNSPECIFIED.,.F.,.F.,(3,3),(0.,1.),.PIECEWISE_BEZIER_KNOTS.);
#12359 = CARTESIAN_POINT('',(66.329325583247,50.439525439924,26.));
#12360 = CARTESIAN_POINT('',(66.100007962417,50.649733259017,26.));
#12361 = CARTESIAN_POINT('',(65.756031531173,50.649733259017,26.));
#12362 = ORIENTED_EDGE('',*,*,#12363,.T.);
#12363 = EDGE_CURVE('',#12356,#12299,#12364,.T.);
#12364 = B_SPLINE_CURVE_WITH_KNOTS('',2,(#12365,#12366,#12367),
  .UNSPECIFIED.,.F.,.F.,(3,3),(0.,1.),.PIECEWISE_BEZIER_KNOTS.);
#12365 = CARTESIAN_POINT('',(65.756031531173,50.649733259017,26.));
#12366 = CARTESIAN_POINT('',(65.412055099928,50.649733259017,26.));
#12367 = CARTESIAN_POINT('',(65.189107413011,50.445895373835,26.));
#12368 = B_SPLINE_SURFACE_WITH_KNOTS('',1,1,(
    (#12369,#12370)
    ,(#12371,#12372
    )),.UNSPECIFIED.,.F.,.F.,.F.,(2,2),(2,2),(-20.26740901661,
    22.232590983385),(-24.23822845062,28.761771549371),
  .PIECEWISE_BEZIER_KNOTS.);
#12369 = CARTESIAN_POINT('',(68.469623377657,45.439127319054,26.));
#12370 = CARTESIAN_POINT('',(68.469623377657,52.191257265706,26.));
#12371 = CARTESIAN_POINT('',(63.055179552512,45.439127319054,26.));
#12372 = CARTESIAN_POINT('',(63.055179552512,52.191257265706,26.));
#12373 = ADVANCED_FACE('',(#12374,#12388),#12486,.F.);
#12374 = FACE_BOUND('',#12375,.F.);
#12375 = EDGE_LOOP('',(#12376,#12377,#12378,#12379,#12380,#12381,#12382,
    #12383,#12384,#12385,#12386,#12387));
#12376 = ORIENTED_EDGE('',*,*,#8409,.T.);
#12377 = ORIENTED_EDGE('',*,*,#8702,.T.);
#12378 = ORIENTED_EDGE('',*,*,#8676,.T.);
#12379 = ORIENTED_EDGE('',*,*,#8650,.T.);
#12380 = ORIENTED_EDGE('',*,*,#8624,.T.);
#12381 = ORIENTED_EDGE('',*,*,#8598,.T.);
#12382 = ORIENTED_EDGE('',*,*,#8572,.T.);
#12383 = ORIENTED_EDGE('',*,*,#8546,.T.);
#12384 = ORIENTED_EDGE('',*,*,#8520,.T.);
#12385 = ORIENTED_EDGE('',*,*,#8494,.T.);
#12386 = ORIENTED_EDGE('',*,*,#8468,.T.);
#12387 = ORIENTED_EDGE('',*,*,#8442,.T.);
#12388 = FACE_BOUND('',#12389,.F.);
#12389 = EDGE_LOOP('',(#12390,#12400,#12408,#12416,#12424,#12432,#12440,
    #12448,#12456,#12464,#12472,#12480));
#12390 = ORIENTED_EDGE('',*,*,#12391,.T.);
#12391 = EDGE_CURVE('',#12392,#12394,#12396,.T.);
#12392 = VERTEX_POINT('',#12393);
#12393 = CARTESIAN_POINT('',(80.298590652122,46.566605621467,26.));
#12394 = VERTEX_POINT('',#12395);
#12395 = CARTESIAN_POINT('',(80.750855959869,47.46476630305,26.));
#12396 = B_SPLINE_CURVE_WITH_KNOTS('',2,(#12397,#12398,#12399),
  .UNSPECIFIED.,.F.,.F.,(3,3),(0.,1.),.PIECEWISE_BEZIER_KNOTS.);
#12397 = CARTESIAN_POINT('',(80.298590652122,46.566605621467,26.));
#12398 = CARTESIAN_POINT('',(80.674416752926,46.904212118799,26.));
#12399 = CARTESIAN_POINT('',(80.750855959869,47.46476630305,26.));
#12400 = ORIENTED_EDGE('',*,*,#12401,.T.);
#12401 = EDGE_CURVE('',#12394,#12402,#12404,.T.);
#12402 = VERTEX_POINT('',#12403);
#12403 = CARTESIAN_POINT('',(80.801815431165,48.764232821084,26.));
#12404 = B_SPLINE_CURVE_WITH_KNOTS('',2,(#12405,#12406,#12407),
  .UNSPECIFIED.,.F.,.F.,(3,3),(0.,1.),.PIECEWISE_BEZIER_KNOTS.);
#12405 = CARTESIAN_POINT('',(80.750855959869,47.46476630305,26.));
#12406 = CARTESIAN_POINT('',(80.801815431165,47.936141412533,26.));
#12407 = CARTESIAN_POINT('',(80.801815431165,48.764232821084,26.));
#12408 = ORIENTED_EDGE('',*,*,#12409,.T.);
#12409 = EDGE_CURVE('',#12402,#12410,#12412,.T.);
#12410 = VERTEX_POINT('',#12411);
#12411 = CARTESIAN_POINT('',(80.750855959869,50.063699339119,26.));
#12412 = B_SPLINE_CURVE_WITH_KNOTS('',2,(#12413,#12414,#12415),
  .UNSPECIFIED.,.F.,.F.,(3,3),(0.,1.),.PIECEWISE_BEZIER_KNOTS.);
#12413 = CARTESIAN_POINT('',(80.801815431165,48.764232821084,26.));
#12414 = CARTESIAN_POINT('',(80.801815431165,49.60506409746,26.));
#12415 = CARTESIAN_POINT('',(80.750855959869,50.063699339119,26.));
#12416 = ORIENTED_EDGE('',*,*,#12417,.T.);
#12417 = EDGE_CURVE('',#12410,#12418,#12420,.T.);
#12418 = VERTEX_POINT('',#12419);
#12419 = CARTESIAN_POINT('',(80.311330519946,50.961860020702,26.));
#12420 = B_SPLINE_CURVE_WITH_KNOTS('',2,(#12421,#12422,#12423),
  .UNSPECIFIED.,.F.,.F.,(3,3),(0.,1.),.PIECEWISE_BEZIER_KNOTS.);
#12421 = CARTESIAN_POINT('',(80.750855959869,50.063699339119,26.));
#12422 = CARTESIAN_POINT('',(80.68715662075,50.62425352337,26.));
#12423 = CARTESIAN_POINT('',(80.311330519946,50.961860020702,26.));
#12424 = ORIENTED_EDGE('',*,*,#12425,.T.);
#12425 = EDGE_CURVE('',#12418,#12426,#12428,.T.);
#12426 = VERTEX_POINT('',#12427);
#12427 = CARTESIAN_POINT('',(79.374950234891,51.299466518035,26.));
#12428 = B_SPLINE_CURVE_WITH_KNOTS('',2,(#12429,#12430,#12431),
  .UNSPECIFIED.,.F.,.F.,(3,3),(0.,1.),.PIECEWISE_BEZIER_KNOTS.);
#12429 = CARTESIAN_POINT('',(80.311330519946,50.961860020702,26.));
#12430 = CARTESIAN_POINT('',(79.935504419142,51.299466518035,26.));
#12431 = CARTESIAN_POINT('',(79.374950234891,51.299466518035,26.));
#12432 = ORIENTED_EDGE('',*,*,#12433,.T.);
#12433 = EDGE_CURVE('',#12426,#12434,#12436,.T.);
#12434 = VERTEX_POINT('',#12435);
#12435 = CARTESIAN_POINT('',(78.444939883749,50.961860020702,26.));
#12436 = B_SPLINE_CURVE_WITH_KNOTS('',2,(#12437,#12438,#12439),
  .UNSPECIFIED.,.F.,.F.,(3,3),(0.,1.),.PIECEWISE_BEZIER_KNOTS.);
#12437 = CARTESIAN_POINT('',(79.374950234891,51.299466518035,26.));
#12438 = CARTESIAN_POINT('',(78.814396050641,51.299466518035,26.));
#12439 = CARTESIAN_POINT('',(78.444939883749,50.961860020702,26.));
#12440 = ORIENTED_EDGE('',*,*,#12441,.T.);
#12441 = EDGE_CURVE('',#12434,#12442,#12444,.T.);
#12442 = VERTEX_POINT('',#12443);
#12443 = CARTESIAN_POINT('',(77.999044509913,50.063699339119,26.));
#12444 = B_SPLINE_CURVE_WITH_KNOTS('',2,(#12445,#12446,#12447),
  .UNSPECIFIED.,.F.,.F.,(3,3),(0.,1.),.PIECEWISE_BEZIER_KNOTS.);
#12445 = CARTESIAN_POINT('',(78.444939883749,50.961860020702,26.));
#12446 = CARTESIAN_POINT('',(78.075483716856,50.62425352337,26.));
#12447 = CARTESIAN_POINT('',(77.999044509913,50.063699339119,26.));
#12448 = ORIENTED_EDGE('',*,*,#12449,.T.);
#12449 = EDGE_CURVE('',#12442,#12450,#12452,.T.);
#12450 = VERTEX_POINT('',#12451);
#12451 = CARTESIAN_POINT('',(77.948085038618,48.764232821084,26.));
#12452 = B_SPLINE_CURVE_WITH_KNOTS('',2,(#12453,#12454,#12455),
  .UNSPECIFIED.,.F.,.F.,(3,3),(0.,1.),.PIECEWISE_BEZIER_KNOTS.);
#12453 = CARTESIAN_POINT('',(77.999044509913,50.063699339119,26.));
#12454 = CARTESIAN_POINT('',(77.948085038618,49.60506409746,26.));
#12455 = CARTESIAN_POINT('',(77.948085038618,48.764232821084,26.));
#12456 = ORIENTED_EDGE('',*,*,#12457,.T.);
#12457 = EDGE_CURVE('',#12450,#12458,#12460,.T.);
#12458 = VERTEX_POINT('',#12459);
#12459 = CARTESIAN_POINT('',(77.999044509913,47.46476630305,26.));
#12460 = B_SPLINE_CURVE_WITH_KNOTS('',2,(#12461,#12462,#12463),
  .UNSPECIFIED.,.F.,.F.,(3,3),(0.,1.),.PIECEWISE_BEZIER_KNOTS.);
#12461 = CARTESIAN_POINT('',(77.948085038618,48.764232821084,26.));
#12462 = CARTESIAN_POINT('',(77.948085038618,47.923401544709,26.));
#12463 = CARTESIAN_POINT('',(77.999044509913,47.46476630305,26.));
#12464 = ORIENTED_EDGE('',*,*,#12465,.T.);
#12465 = EDGE_CURVE('',#12458,#12466,#12468,.T.);
#12466 = VERTEX_POINT('',#12467);
#12467 = CARTESIAN_POINT('',(78.438569949837,46.566605621467,26.));
#12468 = B_SPLINE_CURVE_WITH_KNOTS('',2,(#12469,#12470,#12471),
  .UNSPECIFIED.,.F.,.F.,(3,3),(0.,1.),.PIECEWISE_BEZIER_KNOTS.);
#12469 = CARTESIAN_POINT('',(77.999044509913,47.46476630305,26.));
#12470 = CARTESIAN_POINT('',(78.062743849033,46.904212118799,26.));
#12471 = CARTESIAN_POINT('',(78.438569949837,46.566605621467,26.));
#12472 = ORIENTED_EDGE('',*,*,#12473,.T.);
#12473 = EDGE_CURVE('',#12466,#12474,#12476,.T.);
#12474 = VERTEX_POINT('',#12475);
#12475 = CARTESIAN_POINT('',(79.374950234891,46.228999124134,26.));
#12476 = B_SPLINE_CURVE_WITH_KNOTS('',2,(#12477,#12478,#12479),
  .UNSPECIFIED.,.F.,.F.,(3,3),(0.,1.),.PIECEWISE_BEZIER_KNOTS.);
#12477 = CARTESIAN_POINT('',(78.438569949837,46.566605621467,26.));
#12478 = CARTESIAN_POINT('',(78.814396050641,46.228999124134,26.));
#12479 = CARTESIAN_POINT('',(79.374950234891,46.228999124134,26.));
#12480 = ORIENTED_EDGE('',*,*,#12481,.T.);
#12481 = EDGE_CURVE('',#12474,#12392,#12482,.T.);
#12482 = B_SPLINE_CURVE_WITH_KNOTS('',2,(#12483,#12484,#12485),
  .UNSPECIFIED.,.F.,.F.,(3,3),(0.,1.),.PIECEWISE_BEZIER_KNOTS.);
#12483 = CARTESIAN_POINT('',(79.374950234891,46.228999124134,26.));
#12484 = CARTESIAN_POINT('',(79.922764551318,46.228999124134,26.));
#12485 = CARTESIAN_POINT('',(80.298590652122,46.566605621467,26.));
#12486 = B_SPLINE_SURFACE_WITH_KNOTS('',1,1,(
    (#12487,#12488)
    ,(#12489,#12490
    )),.UNSPECIFIED.,.F.,.F.,.F.,(2,2),(2,2),(-18.29155574869,
    18.308444251304),(-26.09357362399,26.106426376004),
  .PIECEWISE_BEZIER_KNOTS.);
#12487 = CARTESIAN_POINT('',(81.70634604666,45.439127319054,26.));
#12488 = CARTESIAN_POINT('',(81.70634604666,52.089338323115,26.));
#12489 = CARTESIAN_POINT('',(77.043554423123,45.439127319054,26.));
#12490 = CARTESIAN_POINT('',(77.043554423123,52.089338323115,26.));
#12491 = ADVANCED_FACE('',(#12492),#12525,.F.);
#12492 = FACE_BOUND('',#12493,.F.);
#12493 = EDGE_LOOP('',(#12494,#12495,#12496,#12497,#12498,#12499,#12500,
    #12501,#12502,#12503,#12504,#12505,#12506,#12507,#12508,#12509,
    #12510,#12511,#12512,#12513,#12514,#12515,#12516,#12517,#12518,
    #12519,#12520,#12521,#12522,#12523,#12524));
#12494 = ORIENTED_EDGE('',*,*,#8721,.T.);
#12495 = ORIENTED_EDGE('',*,*,#9482,.T.);
#12496 = ORIENTED_EDGE('',*,*,#9456,.T.);
#12497 = ORIENTED_EDGE('',*,*,#9432,.T.);
#12498 = ORIENTED_EDGE('',*,*,#9406,.T.);
#12499 = ORIENTED_EDGE('',*,*,#9382,.T.);
#12500 = ORIENTED_EDGE('',*,*,#9356,.T.);
#12501 = ORIENTED_EDGE('',*,*,#9330,.T.);
#12502 = ORIENTED_EDGE('',*,*,#9306,.T.);
#12503 = ORIENTED_EDGE('',*,*,#9280,.T.);
#12504 = ORIENTED_EDGE('',*,*,#9256,.T.);
#12505 = ORIENTED_EDGE('',*,*,#9230,.T.);
#12506 = ORIENTED_EDGE('',*,*,#9206,.T.);
#12507 = ORIENTED_EDGE('',*,*,#9180,.T.);
#12508 = ORIENTED_EDGE('',*,*,#9154,.T.);
#12509 = ORIENTED_EDGE('',*,*,#9130,.T.);
#12510 = ORIENTED_EDGE('',*,*,#9104,.T.);
#12511 = ORIENTED_EDGE('',*,*,#9080,.T.);
#12512 = ORIENTED_EDGE('',*,*,#9054,.T.);
#12513 = ORIENTED_EDGE('',*,*,#9028,.T.);
#12514 = ORIENTED_EDGE('',*,*,#9004,.T.);
#12515 = ORIENTED_EDGE('',*,*,#8978,.T.);
#12516 = ORIENTED_EDGE('',*,*,#8954,.T.);
#12517 = ORIENTED_EDGE('',*,*,#8928,.T.);
#12518 = ORIENTED_EDGE('',*,*,#8904,.T.);
#12519 = ORIENTED_EDGE('',*,*,#8878,.T.);
#12520 = ORIENTED_EDGE('',*,*,#8852,.T.);
#12521 = ORIENTED_EDGE('',*,*,#8828,.T.);
#12522 = ORIENTED_EDGE('',*,*,#8802,.T.);
#12523 = ORIENTED_EDGE('',*,*,#8778,.T.);
#12524 = ORIENTED_EDGE('',*,*,#8752,.T.);
#12525 = B_SPLINE_SURFACE_WITH_KNOTS('',1,1,(
    (#12526,#12527)
    ,(#12528,#12529
    )),.UNSPECIFIED.,.F.,.F.,.F.,(2,2),(2,2),(-29.30576411532,
    28.994235884678),(-26.74078038887,23.859219611125),
  .PIECEWISE_BEZIER_KNOTS.);
#12526 = CARTESIAN_POINT('',(90.,45.541046261645,26.));
#12527 = CARTESIAN_POINT('',(90.,51.987419380524,26.));
#12528 = CARTESIAN_POINT('',(82.572657058683,45.541046261645,26.));
#12529 = CARTESIAN_POINT('',(82.572657058683,51.987419380524,26.));
#12530 = ADVANCED_FACE('',(#12531,#12541),#12563,.F.);
#12531 = FACE_BOUND('',#12532,.F.);
#12532 = EDGE_LOOP('',(#12533,#12534,#12535,#12536,#12537,#12538,#12539,
    #12540));
#12533 = ORIENTED_EDGE('',*,*,#9499,.T.);
#12534 = ORIENTED_EDGE('',*,*,#9680,.F.);
#12535 = ORIENTED_EDGE('',*,*,#9656,.T.);
#12536 = ORIENTED_EDGE('',*,*,#9630,.F.);
#12537 = ORIENTED_EDGE('',*,*,#9606,.T.);
#12538 = ORIENTED_EDGE('',*,*,#9580,.F.);
#12539 = ORIENTED_EDGE('',*,*,#9556,.T.);
#12540 = ORIENTED_EDGE('',*,*,#9530,.F.);
#12541 = FACE_BOUND('',#12542,.F.);
#12542 = EDGE_LOOP('',(#12543,#12555));
#12543 = ORIENTED_EDGE('',*,*,#12544,.T.);
#12544 = EDGE_CURVE('',#12545,#12547,#12549,.T.);
#12545 = VERTEX_POINT('',#12546);
#12546 = CARTESIAN_POINT('',(14.347479894896,51.481009634525,26.));
#12547 = VERTEX_POINT('',#12548);
#12548 = CARTESIAN_POINT('',(10.907715582451,51.481009634525,26.));
#12549 = ( BOUNDED_CURVE() B_SPLINE_CURVE(2,(#12550,#12551,#12552,#12553
,#12554),.UNSPECIFIED.,.F.,.F.) B_SPLINE_CURVE_WITH_KNOTS((3,2,3),(0.,
1.570796326795,3.14159265359),.PIECEWISE_BEZIER_KNOTS.) CURVE() 
GEOMETRIC_REPRESENTATION_ITEM() RATIONAL_B_SPLINE_CURVE((1.,
0.707106781187,1.,0.707106781187,1.)) REPRESENTATION_ITEM('') );
#12550 = CARTESIAN_POINT('',(14.347479894896,51.481009634525,26.));
#12551 = CARTESIAN_POINT('',(14.347479894896,53.200891790748,26.));
#12552 = CARTESIAN_POINT('',(12.627597738673,53.200891790748,26.));
#12553 = CARTESIAN_POINT('',(10.907715582451,53.200891790748,26.));
#12554 = CARTESIAN_POINT('',(10.907715582451,51.481009634525,26.));
#12555 = ORIENTED_EDGE('',*,*,#12556,.T.);
#12556 = EDGE_CURVE('',#12547,#12545,#12557,.T.);
#12557 = ( BOUNDED_CURVE() B_SPLINE_CURVE(2,(#12558,#12559,#12560,#12561
,#12562),.UNSPECIFIED.,.F.,.F.) B_SPLINE_CURVE_WITH_KNOTS((3,2,3),(
    3.14159265359,4.712388980385,6.28318530718),
.PIECEWISE_BEZIER_KNOTS.) CURVE() GEOMETRIC_REPRESENTATION_ITEM() 
RATIONAL_B_SPLINE_CURVE((1.,0.707106781187,1.,0.707106781187,1.)) 
REPRESENTATION_ITEM('') );
#12558 = CARTESIAN_POINT('',(10.907715582451,51.481009634525,26.));
#12559 = CARTESIAN_POINT('',(10.907715582451,49.761127478302,26.));
#12560 = CARTESIAN_POINT('',(12.627597738673,49.761127478302,26.));
#12561 = CARTESIAN_POINT('',(14.347479894896,49.761127478302,26.));
#12562 = CARTESIAN_POINT('',(14.347479894896,51.481009634525,26.));
#12563 = B_SPLINE_SURFACE_WITH_KNOTS('',1,1,(
    (#12564,#12565)
    ,(#12566,#12567
    )),.UNSPECIFIED.,.F.,.F.,.F.,(2,2),(2,2),(-5.5,5.5),(-13.,13.),
  .PIECEWISE_BEZIER_KNOTS.);
#12564 = CARTESIAN_POINT('',(15.255195477347,43.789314435863,26.));
#12565 = CARTESIAN_POINT('',(15.255195477347,56.210685564137,26.));
#12566 = CARTESIAN_POINT('',(10.,43.789314435863,26.));
#12567 = CARTESIAN_POINT('',(10.,56.210685564137,26.));
#12568 = ADVANCED_FACE('',(#12569,#12579),#12601,.F.);
#12569 = FACE_BOUND('',#12570,.F.);
#12570 = EDGE_LOOP('',(#12571,#12572,#12573,#12574,#12575,#12576,#12577,
    #12578));
#12571 = ORIENTED_EDGE('',*,*,#9699,.T.);
#12572 = ORIENTED_EDGE('',*,*,#9880,.T.);
#12573 = ORIENTED_EDGE('',*,*,#9856,.T.);
#12574 = ORIENTED_EDGE('',*,*,#9830,.T.);
#12575 = ORIENTED_EDGE('',*,*,#9806,.T.);
#12576 = ORIENTED_EDGE('',*,*,#9780,.T.);
#12577 = ORIENTED_EDGE('',*,*,#9756,.T.);
#12578 = ORIENTED_EDGE('',*,*,#9730,.T.);
#12579 = FACE_BOUND('',#12580,.F.);
#12580 = EDGE_LOOP('',(#12581,#12593));
#12581 = ORIENTED_EDGE('',*,*,#12582,.T.);
#12582 = EDGE_CURVE('',#12583,#12585,#12587,.T.);
#12583 = VERTEX_POINT('',#12584);
#12584 = CARTESIAN_POINT('',(19.93709690262,51.337686121506,26.));
#12585 = VERTEX_POINT('',#12586);
#12586 = CARTESIAN_POINT('',(17.548371685644,51.337686121506,26.));
#12587 = ( BOUNDED_CURVE() B_SPLINE_CURVE(2,(#12588,#12589,#12590,#12591
,#12592),.UNSPECIFIED.,.F.,.F.) B_SPLINE_CURVE_WITH_KNOTS((3,2,3),(
    4.712388980385,6.28318530718,7.853981633974),
.PIECEWISE_BEZIER_KNOTS.) CURVE() GEOMETRIC_REPRESENTATION_ITEM() 
RATIONAL_B_SPLINE_CURVE((1.,0.707106781187,1.,0.707106781187,1.)) 
REPRESENTATION_ITEM('') );
#12588 = CARTESIAN_POINT('',(19.93709690262,51.337686121506,26.));
#12589 = CARTESIAN_POINT('',(19.93709690262,53.630862329803,26.));
#12590 = CARTESIAN_POINT('',(18.742734294132,53.630862329803,26.));
#12591 = CARTESIAN_POINT('',(17.548371685644,53.630862329803,26.));
#12592 = CARTESIAN_POINT('',(17.548371685644,51.337686121506,26.));
#12593 = ORIENTED_EDGE('',*,*,#12594,.T.);
#12594 = EDGE_CURVE('',#12585,#12583,#12595,.T.);
#12595 = ( BOUNDED_CURVE() B_SPLINE_CURVE(2,(#12596,#12597,#12598,#12599
,#12600),.UNSPECIFIED.,.F.,.F.) B_SPLINE_CURVE_WITH_KNOTS((3,2,3),(
    1.570796326795,3.14159265359,4.712388980385),
.PIECEWISE_BEZIER_KNOTS.) CURVE() GEOMETRIC_REPRESENTATION_ITEM() 
RATIONAL_B_SPLINE_CURVE((1.,0.707106781187,1.,0.707106781187,1.)) 
REPRESENTATION_ITEM('') );
#12596 = CARTESIAN_POINT('',(17.548371685644,51.337686121506,26.));
#12597 = CARTESIAN_POINT('',(17.548371685644,49.04450991321,26.));
#12598 = CARTESIAN_POINT('',(18.742734294132,49.04450991321,26.));
#12599 = CARTESIAN_POINT('',(19.93709690262,49.04450991321,26.));
#12600 = CARTESIAN_POINT('',(19.93709690262,51.337686121506,26.));
#12601 = B_SPLINE_SURFACE_WITH_KNOTS('',1,1,(
    (#12602,#12603)
    ,(#12604,#12605
    )),.UNSPECIFIED.,.F.,.F.,.F.,(2,2),(2,2),(-4.9316742081,4.0683257919
    ),(-13.5,13.5),.PIECEWISE_BEZIER_KNOTS.);
#12602 = CARTESIAN_POINT('',(20.749263476391,43.550441914165,26.));
#12603 = CARTESIAN_POINT('',(20.749263476391,56.449558085835,26.));
#12604 = CARTESIAN_POINT('',(16.449558085835,43.550441914165,26.));
#12605 = CARTESIAN_POINT('',(16.449558085835,56.449558085835,26.));
#12606 = ADVANCED_FACE('',(#12607),#12617,.T.);
#12607 = FACE_BOUND('',#12608,.T.);
#12608 = EDGE_LOOP('',(#12609,#12610,#12611,#12612,#12613,#12614,#12615,
    #12616));
#12609 = ORIENTED_EDGE('',*,*,#10082,.T.);
#12610 = ORIENTED_EDGE('',*,*,#9899,.T.);
#12611 = ORIENTED_EDGE('',*,*,#9932,.T.);
#12612 = ORIENTED_EDGE('',*,*,#9956,.T.);
#12613 = ORIENTED_EDGE('',*,*,#9982,.T.);
#12614 = ORIENTED_EDGE('',*,*,#10006,.T.);
#12615 = ORIENTED_EDGE('',*,*,#10032,.T.);
#12616 = ORIENTED_EDGE('',*,*,#10056,.T.);
#12617 = B_SPLINE_SURFACE_WITH_KNOTS('',1,1,(
    (#12618,#12619)
    ,(#12620,#12621
  )),.UNSPECIFIED.,.F.,.F.,.F.,(2,2),(2,2),(-1.75,1.75),(-13.,13.),
  .PIECEWISE_BEZIER_KNOTS.);
#12618 = CARTESIAN_POINT('',(22.182498606577,43.789314435863,26.));
#12619 = CARTESIAN_POINT('',(22.182498606577,56.210685564137,26.));
#12620 = CARTESIAN_POINT('',(23.85460625846,43.789314435863,26.));
#12621 = CARTESIAN_POINT('',(23.85460625846,56.210685564137,26.));
#12622 = ADVANCED_FACE('',(#12623,#12650),#12721,.F.);
#12623 = FACE_BOUND('',#12624,.F.);
#12624 = EDGE_LOOP('',(#12625,#12626,#12627,#12628,#12629,#12630,#12631,
    #12632,#12633,#12634,#12635,#12636,#12637,#12638,#12639,#12640,
    #12641,#12642,#12643,#12644,#12645,#12646,#12647,#12648,#12649));
#12625 = ORIENTED_EDGE('',*,*,#10099,.T.);
#12626 = ORIENTED_EDGE('',*,*,#10714,.T.);
#12627 = ORIENTED_EDGE('',*,*,#10690,.T.);
#12628 = ORIENTED_EDGE('',*,*,#10664,.T.);
#12629 = ORIENTED_EDGE('',*,*,#10640,.T.);
#12630 = ORIENTED_EDGE('',*,*,#10614,.T.);
#12631 = ORIENTED_EDGE('',*,*,#10588,.T.);
#12632 = ORIENTED_EDGE('',*,*,#10564,.T.);
#12633 = ORIENTED_EDGE('',*,*,#10538,.T.);
#12634 = ORIENTED_EDGE('',*,*,#10512,.T.);
#12635 = ORIENTED_EDGE('',*,*,#10488,.T.);
#12636 = ORIENTED_EDGE('',*,*,#10462,.T.);
#12637 = ORIENTED_EDGE('',*,*,#10436,.T.);
#12638 = ORIENTED_EDGE('',*,*,#10412,.T.);
#12639 = ORIENTED_EDGE('',*,*,#10386,.T.);
#12640 = ORIENTED_EDGE('',*,*,#10360,.T.);
#12641 = ORIENTED_EDGE('',*,*,#10334,.T.);
#12642 = ORIENTED_EDGE('',*,*,#10308,.T.);
#12643 = ORIENTED_EDGE('',*,*,#10282,.T.);
#12644 = ORIENTED_EDGE('',*,*,#10256,.T.);
#12645 = ORIENTED_EDGE('',*,*,#10232,.T.);
#12646 = ORIENTED_EDGE('',*,*,#10206,.T.);
#12647 = ORIENTED_EDGE('',*,*,#10180,.T.);
#12648 = ORIENTED_EDGE('',*,*,#10156,.T.);
#12649 = ORIENTED_EDGE('',*,*,#10130,.T.);
#12650 = FACE_BOUND('',#12651,.F.);
#12651 = EDGE_LOOP('',(#12652,#12662,#12669,#12677,#12684,#12692,#12700,
    #12708,#12716));
#12652 = ORIENTED_EDGE('',*,*,#12653,.T.);
#12653 = EDGE_CURVE('',#12654,#12656,#12658,.T.);
#12654 = VERTEX_POINT('',#12655);
#12655 = CARTESIAN_POINT('',(31.42208774584,52.917429731667,26.));
#12656 = VERTEX_POINT('',#12657);
#12657 = CARTESIAN_POINT('',(31.35838840672,52.853730392547,26.));
#12658 = B_SPLINE_CURVE_WITH_KNOTS('',2,(#12659,#12660,#12661),
  .UNSPECIFIED.,.F.,.F.,(3,3),(0.,1.),.PIECEWISE_BEZIER_KNOTS.);
#12659 = CARTESIAN_POINT('',(31.42208774584,52.917429731667,26.));
#12660 = CARTESIAN_POINT('',(31.35838840672,52.917429731667,26.));
#12661 = CARTESIAN_POINT('',(31.35838840672,52.853730392547,26.));
#12662 = ORIENTED_EDGE('',*,*,#12663,.T.);
#12663 = EDGE_CURVE('',#12656,#12664,#12666,.T.);
#12664 = VERTEX_POINT('',#12665);
#12665 = CARTESIAN_POINT('',(31.35838840672,50.675212994665,26.));
#12666 = B_SPLINE_CURVE_WITH_KNOTS('',1,(#12667,#12668),.UNSPECIFIED.,
  .F.,.F.,(2,2),(0.,17.1),.PIECEWISE_BEZIER_KNOTS.);
#12667 = CARTESIAN_POINT('',(31.35838840672,52.853730392547,26.));
#12668 = CARTESIAN_POINT('',(31.35838840672,50.675212994665,26.));
#12669 = ORIENTED_EDGE('',*,*,#12670,.T.);
#12670 = EDGE_CURVE('',#12664,#12671,#12673,.T.);
#12671 = VERTEX_POINT('',#12672);
#12672 = CARTESIAN_POINT('',(31.42208774584,50.611513655546,26.));
#12673 = B_SPLINE_CURVE_WITH_KNOTS('',2,(#12674,#12675,#12676),
  .UNSPECIFIED.,.F.,.F.,(3,3),(0.,1.),.PIECEWISE_BEZIER_KNOTS.);
#12674 = CARTESIAN_POINT('',(31.35838840672,50.675212994665,26.));
#12675 = CARTESIAN_POINT('',(31.35838840672,50.611513655546,26.));
#12676 = CARTESIAN_POINT('',(31.42208774584,50.611513655546,26.));
#12677 = ORIENTED_EDGE('',*,*,#12678,.T.);
#12678 = EDGE_CURVE('',#12671,#12679,#12681,.T.);
#12679 = VERTEX_POINT('',#12680);
#12680 = CARTESIAN_POINT('',(32.530456246516,50.611513655546,26.));
#12681 = B_SPLINE_CURVE_WITH_KNOTS('',1,(#12682,#12683),.UNSPECIFIED.,
  .F.,.F.,(2,2),(0.,8.7),.PIECEWISE_BEZIER_KNOTS.);
#12682 = CARTESIAN_POINT('',(31.42208774584,50.611513655546,26.));
#12683 = CARTESIAN_POINT('',(32.530456246516,50.611513655546,26.));
#12684 = ORIENTED_EDGE('',*,*,#12685,.T.);
#12685 = EDGE_CURVE('',#12679,#12686,#12688,.T.);
#12686 = VERTEX_POINT('',#12687);
#12687 = CARTESIAN_POINT('',(33.294848315949,50.923640417231,26.));
#12688 = B_SPLINE_CURVE_WITH_KNOTS('',2,(#12689,#12690,#12691),
  .UNSPECIFIED.,.F.,.F.,(3,3),(0.,1.),.PIECEWISE_BEZIER_KNOTS.);
#12689 = CARTESIAN_POINT('',(32.530456246516,50.611513655546,26.));
#12690 = CARTESIAN_POINT('',(33.001831356,50.611513655546,26.));
#12691 = CARTESIAN_POINT('',(33.294848315949,50.923640417231,26.));
#12692 = ORIENTED_EDGE('',*,*,#12693,.T.);
#12693 = EDGE_CURVE('',#12686,#12694,#12696,.T.);
#12694 = VERTEX_POINT('',#12695);
#12695 = CARTESIAN_POINT('',(33.587865275898,51.758101759694,26.));
#12696 = B_SPLINE_CURVE_WITH_KNOTS('',2,(#12697,#12698,#12699),
  .UNSPECIFIED.,.F.,.F.,(3,3),(0.,1.),.PIECEWISE_BEZIER_KNOTS.);
#12697 = CARTESIAN_POINT('',(33.294848315949,50.923640417231,26.));
#12698 = CARTESIAN_POINT('',(33.587865275898,51.235767178916,26.));
#12699 = CARTESIAN_POINT('',(33.587865275898,51.758101759694,26.));
#12700 = ORIENTED_EDGE('',*,*,#12701,.T.);
#12701 = EDGE_CURVE('',#12694,#12702,#12704,.T.);
#12702 = VERTEX_POINT('',#12703);
#12703 = CARTESIAN_POINT('',(33.294848315949,52.605302969982,26.));
#12704 = B_SPLINE_CURVE_WITH_KNOTS('',2,(#12705,#12706,#12707),
  .UNSPECIFIED.,.F.,.F.,(3,3),(0.,1.),.PIECEWISE_BEZIER_KNOTS.);
#12705 = CARTESIAN_POINT('',(33.587865275898,51.758101759694,26.));
#12706 = CARTESIAN_POINT('',(33.587865275898,52.293176208297,26.));
#12707 = CARTESIAN_POINT('',(33.294848315949,52.605302969982,26.));
#12708 = ORIENTED_EDGE('',*,*,#12709,.T.);
#12709 = EDGE_CURVE('',#12702,#12710,#12712,.T.);
#12710 = VERTEX_POINT('',#12711);
#12711 = CARTESIAN_POINT('',(32.530456246516,52.917429731667,26.));
#12712 = B_SPLINE_CURVE_WITH_KNOTS('',2,(#12713,#12714,#12715),
  .UNSPECIFIED.,.F.,.F.,(3,3),(0.,1.),.PIECEWISE_BEZIER_KNOTS.);
#12713 = CARTESIAN_POINT('',(33.294848315949,52.605302969982,26.));
#12714 = CARTESIAN_POINT('',(33.001831356,52.917429731667,26.));
#12715 = CARTESIAN_POINT('',(32.530456246516,52.917429731667,26.));
#12716 = ORIENTED_EDGE('',*,*,#12717,.T.);
#12717 = EDGE_CURVE('',#12710,#12654,#12718,.T.);
#12718 = B_SPLINE_CURVE_WITH_KNOTS('',1,(#12719,#12720),.UNSPECIFIED.,
  .F.,.F.,(2,2),(0.,8.7),.PIECEWISE_BEZIER_KNOTS.);
#12719 = CARTESIAN_POINT('',(32.530456246516,52.917429731667,26.));
#12720 = CARTESIAN_POINT('',(31.42208774584,52.917429731667,26.));
#12721 = B_SPLINE_SURFACE_WITH_KNOTS('',1,1,(
    (#12722,#12723)
    ,(#12724,#12725
    )),.UNSPECIFIED.,.F.,.F.,.F.,(2,2),(2,2),(-25.07755601498,
    21.122443985018),(-31.40565398976,38.59434601024),
  .PIECEWISE_BEZIER_KNOTS.);
#12722 = CARTESIAN_POINT('',(35.447885978183,45.541046261645,26.));
#12723 = CARTESIAN_POINT('',(35.447885978183,54.458953738355,26.));
#12724 = CARTESIAN_POINT('',(29.562067043554,45.541046261645,26.));
#12725 = CARTESIAN_POINT('',(29.562067043554,54.458953738355,26.));
#12726 = ADVANCED_FACE('',(#12727),#12741,.F.);
#12727 = FACE_BOUND('',#12728,.F.);
#12728 = EDGE_LOOP('',(#12729,#12730,#12731,#12732,#12733,#12734,#12735,
    #12736,#12737,#12738,#12739,#12740));
#12729 = ORIENTED_EDGE('',*,*,#10733,.T.);
#12730 = ORIENTED_EDGE('',*,*,#11018,.T.);
#12731 = ORIENTED_EDGE('',*,*,#10992,.T.);
#12732 = ORIENTED_EDGE('',*,*,#10968,.T.);
#12733 = ORIENTED_EDGE('',*,*,#10942,.T.);
#12734 = ORIENTED_EDGE('',*,*,#10916,.T.);
#12735 = ORIENTED_EDGE('',*,*,#10892,.T.);
#12736 = ORIENTED_EDGE('',*,*,#10866,.T.);
#12737 = ORIENTED_EDGE('',*,*,#10840,.T.);
#12738 = ORIENTED_EDGE('',*,*,#10816,.T.);
#12739 = ORIENTED_EDGE('',*,*,#10790,.T.);
#12740 = ORIENTED_EDGE('',*,*,#10764,.T.);
#12741 = B_SPLINE_SURFACE_WITH_KNOTS('',1,1,(
    (#12742,#12743)
    ,(#12744,#12745
  )),.UNSPECIFIED.,.F.,.F.,.F.,(2,2),(2,2),(-7.05,7.05),(-35.,35.),
  .PIECEWISE_BEZIER_KNOTS.);
#12742 = CARTESIAN_POINT('',(56.277569870213,45.541046261645,26.));
#12743 = CARTESIAN_POINT('',(56.277569870213,54.458953738355,26.));
#12744 = CARTESIAN_POINT('',(54.481248507047,45.541046261645,26.));
#12745 = CARTESIAN_POINT('',(54.481248507047,54.458953738355,26.));
#12746 = ADVANCED_FACE('',(#12747),#12771,.F.);
#12747 = FACE_BOUND('',#12748,.F.);
#12748 = EDGE_LOOP('',(#12749,#12750,#12751,#12752,#12753,#12754,#12755,
    #12756,#12757,#12758,#12759,#12760,#12761,#12762,#12763,#12764,
    #12765,#12766,#12767,#12768,#12769,#12770));
#12749 = ORIENTED_EDGE('',*,*,#11037,.T.);
#12750 = ORIENTED_EDGE('',*,*,#11570,.T.);
#12751 = ORIENTED_EDGE('',*,*,#11546,.T.);
#12752 = ORIENTED_EDGE('',*,*,#11520,.T.);
#12753 = ORIENTED_EDGE('',*,*,#11496,.T.);
#12754 = ORIENTED_EDGE('',*,*,#11470,.T.);
#12755 = ORIENTED_EDGE('',*,*,#11446,.T.);
#12756 = ORIENTED_EDGE('',*,*,#11420,.T.);
#12757 = ORIENTED_EDGE('',*,*,#11394,.T.);
#12758 = ORIENTED_EDGE('',*,*,#11370,.T.);
#12759 = ORIENTED_EDGE('',*,*,#11344,.T.);
#12760 = ORIENTED_EDGE('',*,*,#11320,.T.);
#12761 = ORIENTED_EDGE('',*,*,#11294,.T.);
#12762 = ORIENTED_EDGE('',*,*,#11270,.T.);
#12763 = ORIENTED_EDGE('',*,*,#11244,.T.);
#12764 = ORIENTED_EDGE('',*,*,#11220,.T.);
#12765 = ORIENTED_EDGE('',*,*,#11194,.T.);
#12766 = ORIENTED_EDGE('',*,*,#11170,.T.);
#12767 = ORIENTED_EDGE('',*,*,#11144,.T.);
#12768 = ORIENTED_EDGE('',*,*,#11118,.T.);
#12769 = ORIENTED_EDGE('',*,*,#11094,.T.);
#12770 = ORIENTED_EDGE('',*,*,#11068,.T.);
#12771 = B_SPLINE_SURFACE_WITH_KNOTS('',1,1,(
    (#12772,#12773)
    ,(#12774,#12775
    )),.UNSPECIFIED.,.F.,.F.,.F.,(2,2),(2,2),(-20.94297868524,
    20.957021314757),(-34.97823389177,35.021766108223),
  .PIECEWISE_BEZIER_KNOTS.);
#12772 = CARTESIAN_POINT('',(75.259972927781,45.541046261645,26.));
#12773 = CARTESIAN_POINT('',(75.259972927781,54.458953738355,26.));
#12774 = CARTESIAN_POINT('',(69.921968309579,45.541046261645,26.));
#12775 = CARTESIAN_POINT('',(69.921968309579,54.458953738355,26.));
#12776 = ADVANCED_FACE('',(#12777,#12780),#12783,.F.);
#12777 = FACE_BOUND('',#12778,.F.);
#12778 = EDGE_LOOP('',(#12779));
#12779 = ORIENTED_EDGE('',*,*,#11598,.T.);
#12780 = FACE_BOUND('',#12781,.F.);
#12781 = EDGE_LOOP('',(#12782));
#12782 = ORIENTED_EDGE('',*,*,#11653,.F.);
#12783 = PLANE('',#12784);
#12784 = AXIS2_PLACEMENT_3D('',#12785,#12786,#12787);
#12785 = CARTESIAN_POINT('',(5.5,5.5,8.6));
#12786 = DIRECTION('',(0.,0.,1.));
#12787 = DIRECTION('',(1.,0.,-0.));
#12788 = ADVANCED_FACE('',(#12789),#12792,.F.);
#12789 = FACE_BOUND('',#12790,.F.);
#12790 = EDGE_LOOP('',(#12791));
#12791 = ORIENTED_EDGE('',*,*,#11676,.T.);
#12792 = PLANE('',#12793);
#12793 = AXIS2_PLACEMENT_3D('',#12794,#12795,#12796);
#12794 = CARTESIAN_POINT('',(5.5,5.5,24.6));
#12795 = DIRECTION('',(0.,0.,1.));
#12796 = DIRECTION('',(1.,0.,-0.));
#12797 = ADVANCED_FACE('',(#12798,#12801),#12804,.F.);
#12798 = FACE_BOUND('',#12799,.F.);
#12799 = EDGE_LOOP('',(#12800));
#12800 = ORIENTED_EDGE('',*,*,#11702,.T.);
#12801 = FACE_BOUND('',#12802,.F.);
#12802 = EDGE_LOOP('',(#12803));
#12803 = ORIENTED_EDGE('',*,*,#11757,.F.);
#12804 = PLANE('',#12805);
#12805 = AXIS2_PLACEMENT_3D('',#12806,#12807,#12808);
#12806 = CARTESIAN_POINT('',(94.5,5.5,8.6));
#12807 = DIRECTION('',(0.,0.,1.));
#12808 = DIRECTION('',(1.,0.,-0.));
#12809 = ADVANCED_FACE('',(#12810),#12813,.F.);
#12810 = FACE_BOUND('',#12811,.F.);
#12811 = EDGE_LOOP('',(#12812));
#12812 = ORIENTED_EDGE('',*,*,#11780,.T.);
#12813 = PLANE('',#12814);
#12814 = AXIS2_PLACEMENT_3D('',#12815,#12816,#12817);
#12815 = CARTESIAN_POINT('',(94.5,5.5,24.6));
#12816 = DIRECTION('',(0.,0.,1.));
#12817 = DIRECTION('',(1.,0.,-0.));
#12818 = ADVANCED_FACE('',(#12819,#12822),#12825,.F.);
#12819 = FACE_BOUND('',#12820,.F.);
#12820 = EDGE_LOOP('',(#12821));
#12821 = ORIENTED_EDGE('',*,*,#11806,.T.);
#12822 = FACE_BOUND('',#12823,.F.);
#12823 = EDGE_LOOP('',(#12824));
#12824 = ORIENTED_EDGE('',*,*,#11861,.F.);
#12825 = PLANE('',#12826);
#12826 = AXIS2_PLACEMENT_3D('',#12827,#12828,#12829);
#12827 = CARTESIAN_POINT('',(5.5,94.5,8.6));
#12828 = DIRECTION('',(0.,0.,1.));
#12829 = DIRECTION('',(1.,0.,-0.));
#12830 = ADVANCED_FACE('',(#12831),#12834,.F.);
#12831 = FACE_BOUND('',#12832,.F.);
#12832 = EDGE_LOOP('',(#12833));
#12833 = ORIENTED_EDGE('',*,*,#11884,.T.);
#12834 = PLANE('',#12835);
#12835 = AXIS2_PLACEMENT_3D('',#12836,#12837,#12838);
#12836 = CARTESIAN_POINT('',(5.5,94.5,24.6));
#12837 = DIRECTION('',(0.,0.,1.));
#12838 = DIRECTION('',(1.,0.,-0.));
#12839 = ADVANCED_FACE('',(#12840,#12843),#12846,.F.);
#12840 = FACE_BOUND('',#12841,.F.);
#12841 = EDGE_LOOP('',(#12842));
#12842 = ORIENTED_EDGE('',*,*,#11910,.T.);
#12843 = FACE_BOUND('',#12844,.F.);
#12844 = EDGE_LOOP('',(#12845));
#12845 = ORIENTED_EDGE('',*,*,#11965,.F.);
#12846 = PLANE('',#12847);
#12847 = AXIS2_PLACEMENT_3D('',#12848,#12849,#12850);
#12848 = CARTESIAN_POINT('',(94.5,94.5,8.6));
#12849 = DIRECTION('',(0.,0.,1.));
#12850 = DIRECTION('',(1.,0.,-0.));
#12851 = ADVANCED_FACE('',(#12852),#12855,.F.);
#12852 = FACE_BOUND('',#12853,.F.);
#12853 = EDGE_LOOP('',(#12854));
#12854 = ORIENTED_EDGE('',*,*,#11988,.T.);
#12855 = PLANE('',#12856);
#12856 = AXIS2_PLACEMENT_3D('',#12857,#12858,#12859);
#12857 = CARTESIAN_POINT('',(94.5,94.5,24.6));
#12858 = DIRECTION('',(0.,0.,1.));
#12859 = DIRECTION('',(1.,0.,-0.));
#12860 = ADVANCED_FACE('',(#12861),#12897,.F.);
#12861 = FACE_BOUND('',#12862,.F.);
#12862 = EDGE_LOOP('',(#12863,#12864,#12872,#12891));
#12863 = ORIENTED_EDGE('',*,*,#12029,.F.);
#12864 = ORIENTED_EDGE('',*,*,#12865,.T.);
#12865 = EDGE_CURVE('',#12030,#12866,#12868,.T.);
#12866 = VERTEX_POINT('',#12867);
#12867 = CARTESIAN_POINT('',(38.346205908114,50.445895373835,26.6));
#12868 = LINE('',#12869,#12870);
#12869 = CARTESIAN_POINT('',(38.346205908114,50.445895373835,26.));
#12870 = VECTOR('',#12871,1.);
#12871 = DIRECTION('',(0.,0.,1.));
#12872 = ORIENTED_EDGE('',*,*,#12873,.F.);
#12873 = EDGE_CURVE('',#12874,#12866,#12876,.T.);
#12874 = VERTEX_POINT('',#12875);
#12875 = CARTESIAN_POINT('',(38.059558882077,49.885341189585,26.6));
#12876 = B_SPLINE_CURVE_WITH_KNOTS('',5,(#12877,#12878,#12879,#12880,
    #12881,#12882,#12883,#12884,#12885,#12886,#12887,#12888,#12889,
    #12890),.UNSPECIFIED.,.F.,.F.,(6,4,4,6),(0.,0.463261518091,
    0.911550102645,1.),.UNSPECIFIED.);
#12877 = CARTESIAN_POINT('',(38.059558882077,49.885341189585,26.6));
#12878 = CARTESIAN_POINT('',(38.070916917103,49.948946185731,26.6));
#12879 = CARTESIAN_POINT('',(38.085586969086,50.010339705633,26.6));
#12880 = CARTESIAN_POINT('',(38.103718870068,50.069283919732,26.6));
#12881 = CARTESIAN_POINT('',(38.12543063951,50.125535636814,26.6));
#12882 = CARTESIAN_POINT('',(38.175282787024,50.230495373187,26.6));
#12883 = CARTESIAN_POINT('',(38.203193765477,50.279390824597,26.6));
#12884 = CARTESIAN_POINT('',(38.234538002236,50.325364055944,26.6));
#12885 = CARTESIAN_POINT('',(38.269294582283,50.368256513124,26.6));
#12886 = CARTESIAN_POINT('',(38.314876793455,50.415801195068,26.6));
#12887 = CARTESIAN_POINT('',(38.322517412655,50.423512296174,26.6));
#12888 = CARTESIAN_POINT('',(38.3302863687,50.431098783807,26.6));
#12889 = CARTESIAN_POINT('',(38.338182839952,50.43855999723,26.6));
#12890 = CARTESIAN_POINT('',(38.346205908114,50.445895373835,26.6));
#12891 = ORIENTED_EDGE('',*,*,#12892,.F.);
#12892 = EDGE_CURVE('',#12032,#12874,#12893,.T.);
#12893 = LINE('',#12894,#12895);
#12894 = CARTESIAN_POINT('',(38.059558882077,49.885341189585,26.));
#12895 = VECTOR('',#12896,1.);
#12896 = DIRECTION('',(0.,0.,1.));
#12897 = SURFACE_OF_LINEAR_EXTRUSION('',#12898,#12902);
#12898 = B_SPLINE_CURVE_WITH_KNOTS('',2,(#12899,#12900,#12901),
  .UNSPECIFIED.,.F.,.F.,(3,3),(0.,1.),.PIECEWISE_BEZIER_KNOTS.);
#12899 = CARTESIAN_POINT('',(38.346205908114,50.445895373835,26.));
#12900 = CARTESIAN_POINT('',(38.123258221196,50.242057488654,26.));
#12901 = CARTESIAN_POINT('',(38.059558882077,49.885341189585,26.));
#12902 = VECTOR('',#12903,1.);
#12903 = DIRECTION('',(-0.,-0.,-1.));
#12904 = ADVANCED_FACE('',(#12905),#12930,.F.);
#12905 = FACE_BOUND('',#12906,.F.);
#12906 = EDGE_LOOP('',(#12907,#12908,#12916,#12929));
#12907 = ORIENTED_EDGE('',*,*,#12094,.F.);
#12908 = ORIENTED_EDGE('',*,*,#12909,.T.);
#12909 = EDGE_CURVE('',#12087,#12910,#12912,.T.);
#12910 = VERTEX_POINT('',#12911);
#12911 = CARTESIAN_POINT('',(38.913130026276,50.649733259017,26.6));
#12912 = LINE('',#12913,#12914);
#12913 = CARTESIAN_POINT('',(38.913130026276,50.649733259017,26.));
#12914 = VECTOR('',#12915,1.);
#12915 = DIRECTION('',(0.,0.,1.));
#12916 = ORIENTED_EDGE('',*,*,#12917,.F.);
#12917 = EDGE_CURVE('',#12866,#12910,#12918,.T.);
#12918 = B_SPLINE_CURVE_WITH_KNOTS('',5,(#12919,#12920,#12921,#12922,
    #12923,#12924,#12925,#12926,#12927,#12928),.UNSPECIFIED.,.F.,.F.,(6,
    4,6),(0.,0.257498446075,1.),.UNSPECIFIED.);
#12919 = CARTESIAN_POINT('',(38.346205908114,50.445895373835,26.6));
#12920 = CARTESIAN_POINT('',(38.36930660256,50.467016008757,26.6));
#12921 = CARTESIAN_POINT('',(38.393283349009,50.486827434128,26.6));
#12922 = CARTESIAN_POINT('',(38.418124610563,50.505295389633,26.6));
#12923 = CARTESIAN_POINT('',(38.443811993729,50.522395171618,26.6));
#12924 = CARTESIAN_POINT('',(38.546757293409,50.583430341784,26.6));
#12925 = CARTESIAN_POINT('',(38.630037081959,50.617257861345,26.6));
#12926 = CARTESIAN_POINT('',(38.719507468247,50.639197015571,26.6));
#12927 = CARTESIAN_POINT('',(38.814210254675,50.649733259017,26.6));
#12928 = CARTESIAN_POINT('',(38.913130026276,50.649733259017,26.6));
#12929 = ORIENTED_EDGE('',*,*,#12865,.F.);
#12930 = SURFACE_OF_LINEAR_EXTRUSION('',#12931,#12935);
#12931 = B_SPLINE_CURVE_WITH_KNOTS('',2,(#12932,#12933,#12934),
  .UNSPECIFIED.,.F.,.F.,(3,3),(0.,1.),.PIECEWISE_BEZIER_KNOTS.);
#12932 = CARTESIAN_POINT('',(38.913130026276,50.649733259017,26.));
#12933 = CARTESIAN_POINT('',(38.569153595031,50.649733259017,26.));
#12934 = CARTESIAN_POINT('',(38.346205908114,50.445895373835,26.));
#12935 = VECTOR('',#12936,1.);
#12936 = DIRECTION('',(-0.,-0.,-1.));
#12937 = ADVANCED_FACE('',(#12938),#12963,.F.);
#12938 = FACE_BOUND('',#12939,.F.);
#12939 = EDGE_LOOP('',(#12940,#12941,#12949,#12962));
#12940 = ORIENTED_EDGE('',*,*,#12086,.F.);
#12941 = ORIENTED_EDGE('',*,*,#12942,.T.);
#12942 = EDGE_CURVE('',#12079,#12943,#12945,.T.);
#12943 = VERTEX_POINT('',#12944);
#12944 = CARTESIAN_POINT('',(39.48642407835,50.439525439924,26.6));
#12945 = LINE('',#12946,#12947);
#12946 = CARTESIAN_POINT('',(39.48642407835,50.439525439924,26.));
#12947 = VECTOR('',#12948,1.);
#12948 = DIRECTION('',(0.,0.,1.));
#12949 = ORIENTED_EDGE('',*,*,#12950,.F.);
#12950 = EDGE_CURVE('',#12910,#12943,#12951,.T.);
#12951 = B_SPLINE_CURVE_WITH_KNOTS('',5,(#12952,#12953,#12954,#12955,
    #12956,#12957,#12958,#12959,#12960,#12961),.UNSPECIFIED.,.F.,.F.,(6,
    4,6),(0.,0.69019907971,1.),.UNSPECIFIED.);
#12952 = CARTESIAN_POINT('',(38.913130026276,50.649733259017,26.6));
#12953 = CARTESIAN_POINT('',(39.005427042929,50.649733259017,26.6));
#12954 = CARTESIAN_POINT('',(39.094243167576,50.640274088221,26.6));
#12955 = CARTESIAN_POINT('',(39.178772666422,50.620668545997,26.6));
#12956 = CARTESIAN_POINT('',(39.258262253389,50.590552916153,26.6));
#12957 = CARTESIAN_POINT('',(39.365341912715,50.532134601435,26.6));
#12958 = CARTESIAN_POINT('',(39.397393251299,50.511978853384,26.6));
#12959 = CARTESIAN_POINT('',(39.428276452111,50.489791293975,26.6));
#12960 = CARTESIAN_POINT('',(39.457959422867,50.465618040783,26.6));
#12961 = CARTESIAN_POINT('',(39.48642407835,50.439525439924,26.6));
#12962 = ORIENTED_EDGE('',*,*,#12909,.F.);
#12963 = SURFACE_OF_LINEAR_EXTRUSION('',#12964,#12968);
#12964 = B_SPLINE_CURVE_WITH_KNOTS('',2,(#12965,#12966,#12967),
  .UNSPECIFIED.,.F.,.F.,(3,3),(0.,1.),.PIECEWISE_BEZIER_KNOTS.);
#12965 = CARTESIAN_POINT('',(39.48642407835,50.439525439924,26.));
#12966 = CARTESIAN_POINT('',(39.257106457521,50.649733259017,26.));
#12967 = CARTESIAN_POINT('',(38.913130026276,50.649733259017,26.));
#12968 = VECTOR('',#12969,1.);
#12969 = DIRECTION('',(-0.,-0.,-1.));
#12970 = ADVANCED_FACE('',(#12971),#12996,.F.);
#12971 = FACE_BOUND('',#12972,.F.);
#12972 = EDGE_LOOP('',(#12973,#12974,#12982,#12995));
#12973 = ORIENTED_EDGE('',*,*,#12078,.F.);
#12974 = ORIENTED_EDGE('',*,*,#12975,.T.);
#12975 = EDGE_CURVE('',#12071,#12976,#12978,.T.);
#12976 = VERTEX_POINT('',#12977);
#12977 = CARTESIAN_POINT('',(39.766701170475,49.885341189585,26.6));
#12978 = LINE('',#12979,#12980);
#12979 = CARTESIAN_POINT('',(39.766701170475,49.885341189585,26.));
#12980 = VECTOR('',#12981,1.);
#12981 = DIRECTION('',(0.,0.,1.));
#12982 = ORIENTED_EDGE('',*,*,#12983,.F.);
#12983 = EDGE_CURVE('',#12943,#12976,#12984,.T.);
#12984 = B_SPLINE_CURVE_WITH_KNOTS('',5,(#12985,#12986,#12987,#12988,
    #12989,#12990,#12991,#12992,#12993,#12994),.UNSPECIFIED.,.F.,.F.,(6,
    4,6),(0.,0.255810854652,1.),.UNSPECIFIED.);
#12985 = CARTESIAN_POINT('',(39.48642407835,50.439525439924,26.6));
#12986 = CARTESIAN_POINT('',(39.510014602882,50.417900792436,26.6));
#12987 = CARTESIAN_POINT('',(39.532481451759,50.395340063077,26.6));
#12988 = CARTESIAN_POINT('',(39.553795106246,50.371851413821,26.6));
#12989 = CARTESIAN_POINT('',(39.573933043953,50.347449212213,26.6));
#12990 = CARTESIAN_POINT('',(39.647998293864,50.248566852917,26.6));
#12991 = CARTESIAN_POINT('',(39.6930457093,50.167408785085,26.6));
#12992 = CARTESIAN_POINT('',(39.727607410263,50.07922128074,26.6));
#12993 = CARTESIAN_POINT('',(39.751955576344,49.984873949974,26.6));
#12994 = CARTESIAN_POINT('',(39.766701170475,49.885341189585,26.6));
#12995 = ORIENTED_EDGE('',*,*,#12942,.F.);
#12996 = SURFACE_OF_LINEAR_EXTRUSION('',#12997,#13001);
#12997 = B_SPLINE_CURVE_WITH_KNOTS('',2,(#12998,#12999,#13000),
  .UNSPECIFIED.,.F.,.F.,(3,3),(0.,1.),.PIECEWISE_BEZIER_KNOTS.);
#12998 = CARTESIAN_POINT('',(39.766701170475,49.885341189585,26.));
#12999 = CARTESIAN_POINT('',(39.71574169918,50.22931762083,26.));
#13000 = CARTESIAN_POINT('',(39.48642407835,50.439525439924,26.));
#13001 = VECTOR('',#13002,1.);
#13002 = DIRECTION('',(-0.,-0.,-1.));
#13003 = ADVANCED_FACE('',(#13004),#13024,.F.);
#13004 = FACE_BOUND('',#13005,.F.);
#13005 = EDGE_LOOP('',(#13006,#13007,#13015,#13023));
#13006 = ORIENTED_EDGE('',*,*,#12070,.F.);
#13007 = ORIENTED_EDGE('',*,*,#13008,.T.);
#13008 = EDGE_CURVE('',#12063,#13009,#13011,.T.);
#13009 = VERTEX_POINT('',#13010);
#13010 = CARTESIAN_POINT('',(39.804920773947,49.401226212278,26.6));
#13011 = LINE('',#13012,#13013);
#13012 = CARTESIAN_POINT('',(39.804920773947,49.401226212278,26.));
#13013 = VECTOR('',#13014,1.);
#13014 = DIRECTION('',(0.,0.,1.));
#13015 = ORIENTED_EDGE('',*,*,#13016,.F.);
#13016 = EDGE_CURVE('',#12976,#13009,#13017,.T.);
#13017 = B_SPLINE_CURVE_WITH_KNOTS('',4,(#13018,#13019,#13020,#13021,
    #13022),.UNSPECIFIED.,.F.,.F.,(5,5),(0.,1.),
  .PIECEWISE_BEZIER_KNOTS.);
#13018 = CARTESIAN_POINT('',(39.766701170475,49.885341189585,26.6));
#13019 = CARTESIAN_POINT('',(39.785969874352,49.769728966327,26.6));
#13020 = CARTESIAN_POINT('',(39.798668520126,49.650358887081,26.6));
#13021 = CARTESIAN_POINT('',(39.804920773947,49.527446868057,26.6));
#13022 = CARTESIAN_POINT('',(39.804920773947,49.401226212278,26.6));
#13023 = ORIENTED_EDGE('',*,*,#12975,.F.);
#13024 = SURFACE_OF_LINEAR_EXTRUSION('',#13025,#13029);
#13025 = B_SPLINE_CURVE_WITH_KNOTS('',2,(#13026,#13027,#13028),
  .UNSPECIFIED.,.F.,.F.,(3,3),(0.,1.),.PIECEWISE_BEZIER_KNOTS.);
#13026 = CARTESIAN_POINT('',(39.804920773947,49.401226212278,26.));
#13027 = CARTESIAN_POINT('',(39.804920773947,49.656023568755,26.));
#13028 = CARTESIAN_POINT('',(39.766701170475,49.885341189585,26.));
#13029 = VECTOR('',#13030,1.);
#13030 = DIRECTION('',(-0.,-0.,-1.));
#13031 = ADVANCED_FACE('',(#13032),#13055,.F.);
#13032 = FACE_BOUND('',#13033,.F.);
#13033 = EDGE_LOOP('',(#13034,#13035,#13043,#13054));
#13034 = ORIENTED_EDGE('',*,*,#12062,.F.);
#13035 = ORIENTED_EDGE('',*,*,#13036,.T.);
#13036 = EDGE_CURVE('',#12056,#13037,#13039,.T.);
#13037 = VERTEX_POINT('',#13038);
#13038 = CARTESIAN_POINT('',(39.741221434828,49.337526873159,26.6));
#13039 = LINE('',#13040,#13041);
#13040 = CARTESIAN_POINT('',(39.741221434828,49.337526873159,26.));
#13041 = VECTOR('',#13042,1.);
#13042 = DIRECTION('',(0.,0.,1.));
#13043 = ORIENTED_EDGE('',*,*,#13044,.F.);
#13044 = EDGE_CURVE('',#13009,#13037,#13045,.T.);
#13045 = B_SPLINE_CURVE_WITH_KNOTS('',4,(#13046,#13047,#13048,#13049,
    #13050,#13051,#13052,#13053),.UNSPECIFIED.,.F.,.F.,(5,3,5),(0.,
    0.49999999985,1.),.UNSPECIFIED.);
#13046 = CARTESIAN_POINT('',(39.804920773947,49.401226212278,26.6));
#13047 = CARTESIAN_POINT('',(39.804920773947,49.385343845494,26.6));
#13048 = CARTESIAN_POINT('',(39.80228082677,49.372059203424,26.6));
#13049 = CARTESIAN_POINT('',(39.796969022423,49.361424791195,26.6));
#13050 = CARTESIAN_POINT('',(39.781022855906,49.345478624678,26.6));
#13051 = CARTESIAN_POINT('',(39.770388443729,49.340166820311,26.6));
#13052 = CARTESIAN_POINT('',(39.757103801598,49.337526873159,26.6));
#13053 = CARTESIAN_POINT('',(39.741221434828,49.337526873159,26.6));
#13054 = ORIENTED_EDGE('',*,*,#13008,.F.);
#13055 = SURFACE_OF_LINEAR_EXTRUSION('',#13056,#13060);
#13056 = B_SPLINE_CURVE_WITH_KNOTS('',2,(#13057,#13058,#13059),
  .UNSPECIFIED.,.F.,.F.,(3,3),(0.,1.),.PIECEWISE_BEZIER_KNOTS.);
#13057 = CARTESIAN_POINT('',(39.741221434828,49.337526873159,26.));
#13058 = CARTESIAN_POINT('',(39.804920773947,49.337526873159,26.));
#13059 = CARTESIAN_POINT('',(39.804920773947,49.401226212278,26.));
#13060 = VECTOR('',#13061,1.);
#13061 = DIRECTION('',(-0.,-0.,-1.));
#13062 = ADVANCED_FACE('',(#13063),#13083,.F.);
#13063 = FACE_BOUND('',#13064,.F.);
#13064 = EDGE_LOOP('',(#13065,#13066,#13074,#13082));
#13065 = ORIENTED_EDGE('',*,*,#12055,.F.);
#13066 = ORIENTED_EDGE('',*,*,#13067,.T.);
#13067 = EDGE_CURVE('',#12048,#13068,#13070,.T.);
#13068 = VERTEX_POINT('',#13069);
#13069 = CARTESIAN_POINT('',(38.085038617724,49.337526873159,26.6));
#13070 = LINE('',#13071,#13072);
#13071 = CARTESIAN_POINT('',(38.085038617724,49.337526873159,26.));
#13072 = VECTOR('',#13073,1.);
#13073 = DIRECTION('',(0.,0.,1.));
#13074 = ORIENTED_EDGE('',*,*,#13075,.F.);
#13075 = EDGE_CURVE('',#13037,#13068,#13076,.T.);
#13076 = B_SPLINE_CURVE_WITH_KNOTS('',4,(#13077,#13078,#13079,#13080,
    #13081),.UNSPECIFIED.,.F.,.F.,(5,5),(0.,1.),
  .PIECEWISE_BEZIER_KNOTS.);
#13077 = CARTESIAN_POINT('',(39.741221434828,49.337526873159,26.6));
#13078 = CARTESIAN_POINT('',(39.327175730552,49.337526873159,26.6));
#13079 = CARTESIAN_POINT('',(38.913130026276,49.337526873159,26.6));
#13080 = CARTESIAN_POINT('',(38.499084322,49.337526873159,26.6));
#13081 = CARTESIAN_POINT('',(38.085038617724,49.337526873159,26.6));
#13082 = ORIENTED_EDGE('',*,*,#13036,.F.);
#13083 = SURFACE_OF_LINEAR_EXTRUSION('',#13084,#13087);
#13084 = B_SPLINE_CURVE_WITH_KNOTS('',1,(#13085,#13086),.UNSPECIFIED.,
  .F.,.F.,(2,2),(0.,13.),.PIECEWISE_BEZIER_KNOTS.);
#13085 = CARTESIAN_POINT('',(38.085038617724,49.337526873159,26.));
#13086 = CARTESIAN_POINT('',(39.741221434828,49.337526873159,26.));
#13087 = VECTOR('',#13088,1.);
#13088 = DIRECTION('',(-0.,-0.,-1.));
#13089 = ADVANCED_FACE('',(#13090),#13113,.F.);
#13090 = FACE_BOUND('',#13091,.F.);
#13091 = EDGE_LOOP('',(#13092,#13093,#13101,#13112));
#13092 = ORIENTED_EDGE('',*,*,#12047,.F.);
#13093 = ORIENTED_EDGE('',*,*,#13094,.T.);
#13094 = EDGE_CURVE('',#12040,#13095,#13097,.T.);
#13095 = VERTEX_POINT('',#13096);
#13096 = CARTESIAN_POINT('',(38.021339278605,49.401226212278,26.6));
#13097 = LINE('',#13098,#13099);
#13098 = CARTESIAN_POINT('',(38.021339278605,49.401226212278,26.));
#13099 = VECTOR('',#13100,1.);
#13100 = DIRECTION('',(0.,0.,1.));
#13101 = ORIENTED_EDGE('',*,*,#13102,.F.);
#13102 = EDGE_CURVE('',#13068,#13095,#13103,.T.);
#13103 = B_SPLINE_CURVE_WITH_KNOTS('',4,(#13104,#13105,#13106,#13107,
    #13108,#13109,#13110,#13111),.UNSPECIFIED.,.F.,.F.,(5,3,5),(0.,
    0.49999999985,1.),.UNSPECIFIED.);
#13104 = CARTESIAN_POINT('',(38.085038617724,49.337526873159,26.6));
#13105 = CARTESIAN_POINT('',(38.069156250941,49.337526873159,26.6));
#13106 = CARTESIAN_POINT('',(38.05587160887,49.340166820336,26.6));
#13107 = CARTESIAN_POINT('',(38.045237196641,49.345478624682,26.6));
#13108 = CARTESIAN_POINT('',(38.029291030124,49.3614247912,26.6));
#13109 = CARTESIAN_POINT('',(38.023979225757,49.372059203377,26.6));
#13110 = CARTESIAN_POINT('',(38.021339278605,49.385343845507,26.6));
#13111 = CARTESIAN_POINT('',(38.021339278605,49.401226212278,26.6));
#13112 = ORIENTED_EDGE('',*,*,#13067,.F.);
#13113 = SURFACE_OF_LINEAR_EXTRUSION('',#13114,#13118);
#13114 = B_SPLINE_CURVE_WITH_KNOTS('',2,(#13115,#13116,#13117),
  .UNSPECIFIED.,.F.,.F.,(3,3),(0.,1.),.PIECEWISE_BEZIER_KNOTS.);
#13115 = CARTESIAN_POINT('',(38.021339278605,49.401226212278,26.));
#13116 = CARTESIAN_POINT('',(38.021339278605,49.337526873159,26.));
#13117 = CARTESIAN_POINT('',(38.085038617724,49.337526873159,26.));
#13118 = VECTOR('',#13119,1.);
#13119 = DIRECTION('',(-0.,-0.,-1.));
#13120 = ADVANCED_FACE('',(#13121),#13134,.F.);
#13121 = FACE_BOUND('',#13122,.F.);
#13122 = EDGE_LOOP('',(#13123,#13124,#13125,#13133));
#13123 = ORIENTED_EDGE('',*,*,#12039,.F.);
#13124 = ORIENTED_EDGE('',*,*,#12892,.T.);
#13125 = ORIENTED_EDGE('',*,*,#13126,.F.);
#13126 = EDGE_CURVE('',#13095,#12874,#13127,.T.);
#13127 = B_SPLINE_CURVE_WITH_KNOTS('',4,(#13128,#13129,#13130,#13131,
    #13132),.UNSPECIFIED.,.F.,.F.,(5,5),(0.,1.),
  .PIECEWISE_BEZIER_KNOTS.);
#13128 = CARTESIAN_POINT('',(38.021339278605,49.401226212278,26.6));
#13129 = CARTESIAN_POINT('',(38.021339278605,49.527446868057,26.6));
#13130 = CARTESIAN_POINT('',(38.027591532426,49.650358887081,26.6));
#13131 = CARTESIAN_POINT('',(38.0402901782,49.769728966327,26.6));
#13132 = CARTESIAN_POINT('',(38.059558882077,49.885341189585,26.6));
#13133 = ORIENTED_EDGE('',*,*,#13094,.F.);
#13134 = SURFACE_OF_LINEAR_EXTRUSION('',#13135,#13139);
#13135 = B_SPLINE_CURVE_WITH_KNOTS('',2,(#13136,#13137,#13138),
  .UNSPECIFIED.,.F.,.F.,(3,3),(0.,1.),.PIECEWISE_BEZIER_KNOTS.);
#13136 = CARTESIAN_POINT('',(38.059558882077,49.885341189585,26.));
#13137 = CARTESIAN_POINT('',(38.021339278605,49.656023568755,26.));
#13138 = CARTESIAN_POINT('',(38.021339278605,49.401226212278,26.));
#13139 = VECTOR('',#13140,1.);
#13140 = DIRECTION('',(-0.,-0.,-1.));
#13141 = ADVANCED_FACE('',(#13142),#13178,.F.);
#13142 = FACE_BOUND('',#13143,.F.);
#13143 = EDGE_LOOP('',(#13144,#13145,#13153,#13172));
#13144 = ORIENTED_EDGE('',*,*,#12146,.F.);
#13145 = ORIENTED_EDGE('',*,*,#13146,.T.);
#13146 = EDGE_CURVE('',#12147,#13147,#13149,.T.);
#13147 = VERTEX_POINT('',#13148);
#13148 = CARTESIAN_POINT('',(51.302651484991,47.197229078748,26.6));
#13149 = LINE('',#13150,#13151);
#13150 = CARTESIAN_POINT('',(51.302651484991,47.197229078748,26.));
#13151 = VECTOR('',#13152,1.);
#13152 = DIRECTION('',(0.,0.,1.));
#13153 = ORIENTED_EDGE('',*,*,#13154,.F.);
#13154 = EDGE_CURVE('',#13155,#13147,#13157,.T.);
#13155 = VERTEX_POINT('',#13156);
#13156 = CARTESIAN_POINT('',(51.614778246676,47.783262998646,26.6));
#13157 = B_SPLINE_CURVE_WITH_KNOTS('',5,(#13158,#13159,#13160,#13161,
    #13162,#13163,#13164,#13165,#13166,#13167,#13168,#13169,#13170,
    #13171),.UNSPECIFIED.,.F.,.F.,(6,4,4,6),(0.,0.463012888907,
    0.911493560548,1.),.UNSPECIFIED.);
#13158 = CARTESIAN_POINT('',(51.614778246676,47.783262998646,26.6));
#13159 = CARTESIAN_POINT('',(51.601138999427,47.717339970278,26.6));
#13160 = CARTESIAN_POINT('',(51.584158819608,47.653627619581,26.6));
#13161 = CARTESIAN_POINT('',(51.563695225346,47.592361927294,26.6));
#13162 = CARTESIAN_POINT('',(51.539638559489,47.533783461524,26.6));
#13163 = CARTESIAN_POINT('',(51.485134860446,47.424179783653,26.6));
#13164 = CARTESIAN_POINT('',(51.454910985907,47.37297284644,26.6));
#13165 = CARTESIAN_POINT('',(51.421248171959,47.324685864036,26.6));
#13166 = CARTESIAN_POINT('',(51.384172582638,47.279477373289,26.6));
#13167 = CARTESIAN_POINT('',(51.33581501952,47.229157675955,26.6));
#13168 = CARTESIAN_POINT('',(51.32771568359,47.220987860632,26.6));
#13169 = CARTESIAN_POINT('',(51.319488072986,47.21294271857,26.6));
#13170 = CARTESIAN_POINT('',(51.311133028665,47.205022929692,26.6));
#13171 = CARTESIAN_POINT('',(51.302651484991,47.197229078748,26.6));
#13172 = ORIENTED_EDGE('',*,*,#13173,.F.);
#13173 = EDGE_CURVE('',#12149,#13155,#13174,.T.);
#13174 = LINE('',#13175,#13176);
#13175 = CARTESIAN_POINT('',(51.614778246676,47.783262998646,26.));
#13176 = VECTOR('',#13177,1.);
#13177 = DIRECTION('',(0.,0.,1.));
#13178 = SURFACE_OF_LINEAR_EXTRUSION('',#13179,#13183);
#13179 = B_SPLINE_CURVE_WITH_KNOTS('',2,(#13180,#13181,#13182),
  .UNSPECIFIED.,.F.,.F.,(3,3),(0.,1.),.PIECEWISE_BEZIER_KNOTS.);
#13180 = CARTESIAN_POINT('',(51.302651484991,47.197229078748,26.));
#13181 = CARTESIAN_POINT('',(51.538339039732,47.413806831754,26.));
#13182 = CARTESIAN_POINT('',(51.614778246676,47.783262998646,26.));
#13183 = VECTOR('',#13184,1.);
#13184 = DIRECTION('',(-0.,-0.,-1.));
#13185 = ADVANCED_FACE('',(#13186),#13211,.F.);
#13186 = FACE_BOUND('',#13187,.F.);
#13187 = EDGE_LOOP('',(#13188,#13189,#13197,#13210));
#13188 = ORIENTED_EDGE('',*,*,#12236,.F.);
#13189 = ORIENTED_EDGE('',*,*,#13190,.T.);
#13190 = EDGE_CURVE('',#12229,#13191,#13193,.T.);
#13191 = VERTEX_POINT('',#13192);
#13192 = CARTESIAN_POINT('',(50.735727366829,46.980651325742,26.6));
#13193 = LINE('',#13194,#13195);
#13194 = CARTESIAN_POINT('',(50.735727366829,46.980651325742,26.));
#13195 = VECTOR('',#13196,1.);
#13196 = DIRECTION('',(0.,0.,1.));
#13197 = ORIENTED_EDGE('',*,*,#13198,.F.);
#13198 = EDGE_CURVE('',#13147,#13191,#13199,.T.);
#13199 = B_SPLINE_CURVE_WITH_KNOTS('',5,(#13200,#13201,#13202,#13203,
    #13204,#13205,#13206,#13207,#13208,#13209),.UNSPECIFIED.,.F.,.F.,(6,
    4,6),(0.,0.435142981187,1.),.UNSPECIFIED.);
#13200 = CARTESIAN_POINT('',(51.302651484991,47.197229078748,26.6));
#13201 = CARTESIAN_POINT('',(51.261963401397,47.15984002896,26.6));
#13202 = CARTESIAN_POINT('',(51.219190243807,47.126204606045,26.6));
#13203 = CARTESIAN_POINT('',(51.174371018961,47.096528906646,26.6));
#13204 = CARTESIAN_POINT('',(51.127586071204,47.070956140517,26.6));
#13205 = CARTESIAN_POINT('',(51.015858155545,47.021748641419,26.6));
#13206 = CARTESIAN_POINT('',(50.9496514499,47.000960403238,26.6));
#13207 = CARTESIAN_POINT('',(50.880643972128,46.987311772322,26.6));
#13208 = CARTESIAN_POINT('',(50.809202977993,46.980651325742,26.6));
#13209 = CARTESIAN_POINT('',(50.735727366829,46.980651325742,26.6));
#13210 = ORIENTED_EDGE('',*,*,#13146,.F.);
#13211 = SURFACE_OF_LINEAR_EXTRUSION('',#13212,#13216);
#13212 = B_SPLINE_CURVE_WITH_KNOTS('',2,(#13213,#13214,#13215),
  .UNSPECIFIED.,.F.,.F.,(3,3),(0.,1.),.PIECEWISE_BEZIER_KNOTS.);
#13213 = CARTESIAN_POINT('',(50.735727366829,46.980651325742,26.));
#13214 = CARTESIAN_POINT('',(51.066963930249,46.980651325742,26.));
#13215 = CARTESIAN_POINT('',(51.302651484991,47.197229078748,26.));
#13216 = VECTOR('',#13217,1.);
#13217 = DIRECTION('',(-0.,-0.,-1.));
#13218 = ADVANCED_FACE('',(#13219),#13244,.F.);
#13219 = FACE_BOUND('',#13220,.F.);
#13220 = EDGE_LOOP('',(#13221,#13222,#13230,#13243));
#13221 = ORIENTED_EDGE('',*,*,#12228,.F.);
#13222 = ORIENTED_EDGE('',*,*,#13223,.T.);
#13223 = EDGE_CURVE('',#12221,#13224,#13226,.T.);
#13224 = VERTEX_POINT('',#13225);
#13225 = CARTESIAN_POINT('',(50.14969344693,47.197229078748,26.6));
#13226 = LINE('',#13227,#13228);
#13227 = CARTESIAN_POINT('',(50.14969344693,47.197229078748,26.));
#13228 = VECTOR('',#13229,1.);
#13229 = DIRECTION('',(0.,0.,1.));
#13230 = ORIENTED_EDGE('',*,*,#13231,.F.);
#13231 = EDGE_CURVE('',#13191,#13224,#13232,.T.);
#13232 = B_SPLINE_CURVE_WITH_KNOTS('',5,(#13233,#13234,#13235,#13236,
    #13237,#13238,#13239,#13240,#13241,#13242),.UNSPECIFIED.,.F.,.F.,(6,
    4,6),(0.,0.613428367653,1.),.UNSPECIFIED.);
#13233 = CARTESIAN_POINT('',(50.735727366829,46.980651325742,26.6));
#13234 = CARTESIAN_POINT('',(50.653179329287,46.980651325742,26.6));
#13235 = CARTESIAN_POINT('',(50.573109543572,46.988446951895,26.6));
#13236 = CARTESIAN_POINT('',(50.496054393697,47.004487681236,26.6));
#13237 = CARTESIAN_POINT('',(50.422511979091,47.028991429349,26.6));
#13238 = CARTESIAN_POINT('',(50.308988315459,47.08242520588,26.6));
#13239 = CARTESIAN_POINT('',(50.266649392541,47.106369028894,26.6));
#13240 = CARTESIAN_POINT('',(50.225951400163,47.133556452199,26.6));
#13241 = CARTESIAN_POINT('',(50.186955123349,47.163889684058,26.6));
#13242 = CARTESIAN_POINT('',(50.14969344693,47.197229078748,26.6));
#13243 = ORIENTED_EDGE('',*,*,#13190,.F.);
#13244 = SURFACE_OF_LINEAR_EXTRUSION('',#13245,#13249);
#13245 = B_SPLINE_CURVE_WITH_KNOTS('',2,(#13246,#13247,#13248),
  .UNSPECIFIED.,.F.,.F.,(3,3),(0.,1.),.PIECEWISE_BEZIER_KNOTS.);
#13246 = CARTESIAN_POINT('',(50.14969344693,47.197229078748,26.));
#13247 = CARTESIAN_POINT('',(50.391750935584,46.980651325742,26.));
#13248 = CARTESIAN_POINT('',(50.735727366829,46.980651325742,26.));
#13249 = VECTOR('',#13250,1.);
#13250 = DIRECTION('',(-0.,-0.,-1.));
#13251 = ADVANCED_FACE('',(#13252),#13277,.F.);
#13252 = FACE_BOUND('',#13253,.F.);
#13253 = EDGE_LOOP('',(#13254,#13255,#13263,#13276));
#13254 = ORIENTED_EDGE('',*,*,#12220,.F.);
#13255 = ORIENTED_EDGE('',*,*,#13256,.T.);
#13256 = EDGE_CURVE('',#12213,#13257,#13259,.T.);
#13257 = VERTEX_POINT('',#13258);
#13258 = CARTESIAN_POINT('',(49.831196751334,47.783262998646,26.6));
#13259 = LINE('',#13260,#13261);
#13260 = CARTESIAN_POINT('',(49.831196751334,47.783262998646,26.));
#13261 = VECTOR('',#13262,1.);
#13262 = DIRECTION('',(0.,0.,1.));
#13263 = ORIENTED_EDGE('',*,*,#13264,.F.);
#13264 = EDGE_CURVE('',#13224,#13257,#13265,.T.);
#13265 = B_SPLINE_CURVE_WITH_KNOTS('',5,(#13266,#13267,#13268,#13269,
    #13270,#13271,#13272,#13273,#13274,#13275),.UNSPECIFIED.,.F.,.F.,(6,
    4,6),(0.,0.136005832918,1.),.UNSPECIFIED.);
#13266 = CARTESIAN_POINT('',(50.14969344693,47.197229078748,26.6));
#13267 = CARTESIAN_POINT('',(50.136343920141,47.209173392191,26.6));
#13268 = CARTESIAN_POINT('',(50.123300190077,47.221416408071,26.6));
#13269 = CARTESIAN_POINT('',(50.110566113265,47.233956231031,26.6));
#13270 = CARTESIAN_POINT('',(50.098145000055,47.24679041338,26.6));
#13271 = CARTESIAN_POINT('',(50.00913863043,47.343297610389,26.6));
#13272 = CARTESIAN_POINT('',(49.944958418211,47.438460555328,26.6));
#13273 = CARTESIAN_POINT('',(49.894292415213,47.544565397377,26.6));
#13274 = CARTESIAN_POINT('',(49.856687125029,47.660059525785,26.6));
#13275 = CARTESIAN_POINT('',(49.831196751334,47.783262998646,26.6));
#13276 = ORIENTED_EDGE('',*,*,#13223,.F.);
#13277 = SURFACE_OF_LINEAR_EXTRUSION('',#13278,#13282);
#13278 = B_SPLINE_CURVE_WITH_KNOTS('',2,(#13279,#13280,#13281),
  .UNSPECIFIED.,.F.,.F.,(3,3),(0.,1.),.PIECEWISE_BEZIER_KNOTS.);
#13279 = CARTESIAN_POINT('',(49.831196751334,47.783262998646,26.));
#13280 = CARTESIAN_POINT('',(49.907635958277,47.413806831754,26.));
#13281 = CARTESIAN_POINT('',(50.14969344693,47.197229078748,26.));
#13282 = VECTOR('',#13283,1.);
#13283 = DIRECTION('',(-0.,-0.,-1.));
#13284 = ADVANCED_FACE('',(#13285),#13307,.F.);
#13285 = FACE_BOUND('',#13286,.F.);
#13286 = EDGE_LOOP('',(#13287,#13288,#13296,#13306));
#13287 = ORIENTED_EDGE('',*,*,#12212,.F.);
#13288 = ORIENTED_EDGE('',*,*,#13289,.T.);
#13289 = EDGE_CURVE('',#12205,#13290,#13292,.T.);
#13290 = VERTEX_POINT('',#13291);
#13291 = CARTESIAN_POINT('',(49.780237280038,48.827932160204,26.6));
#13292 = LINE('',#13293,#13294);
#13293 = CARTESIAN_POINT('',(49.780237280038,48.827932160204,26.));
#13294 = VECTOR('',#13295,1.);
#13295 = DIRECTION('',(0.,0.,1.));
#13296 = ORIENTED_EDGE('',*,*,#13297,.F.);
#13297 = EDGE_CURVE('',#13257,#13290,#13298,.T.);
#13298 = B_SPLINE_CURVE_WITH_KNOTS('',6,(#13299,#13300,#13301,#13302,
    #13303,#13304,#13305),.UNSPECIFIED.,.F.,.F.,(7,7),(0.,1.),
  .PIECEWISE_BEZIER_KNOTS.);
#13299 = CARTESIAN_POINT('',(49.831196751334,47.783262998646,26.6));
#13300 = CARTESIAN_POINT('',(49.812159878018,47.93555798517,26.6));
#13301 = CARTESIAN_POINT('',(49.798325931972,48.099564676027,26.6));
#13302 = CARTESIAN_POINT('',(49.788815017486,48.272499290664,26.6));
#13303 = CARTESIAN_POINT('',(49.782962554619,48.452360302563,26.6));
#13304 = CARTESIAN_POINT('',(49.780237280038,48.637762668719,26.6));
#13305 = CARTESIAN_POINT('',(49.780237280038,48.827932160204,26.6));
#13306 = ORIENTED_EDGE('',*,*,#13256,.F.);
#13307 = SURFACE_OF_LINEAR_EXTRUSION('',#13308,#13312);
#13308 = B_SPLINE_CURVE_WITH_KNOTS('',2,(#13309,#13310,#13311),
  .UNSPECIFIED.,.F.,.F.,(3,3),(0.,1.),.PIECEWISE_BEZIER_KNOTS.);
#13309 = CARTESIAN_POINT('',(49.780237280038,48.827932160204,26.));
#13310 = CARTESIAN_POINT('',(49.780237280038,48.19093876901,26.));
#13311 = CARTESIAN_POINT('',(49.831196751334,47.783262998646,26.));
#13312 = VECTOR('',#13313,1.);
#13313 = DIRECTION('',(-0.,-0.,-1.));
#13314 = ADVANCED_FACE('',(#13315),#13337,.F.);
#13315 = FACE_BOUND('',#13316,.F.);
#13316 = EDGE_LOOP('',(#13317,#13318,#13326,#13336));
#13317 = ORIENTED_EDGE('',*,*,#12204,.F.);
#13318 = ORIENTED_EDGE('',*,*,#13319,.T.);
#13319 = EDGE_CURVE('',#12197,#13320,#13322,.T.);
#13320 = VERTEX_POINT('',#13321);
#13321 = CARTESIAN_POINT('',(49.843936619158,49.859861453937,26.6));
#13322 = LINE('',#13323,#13324);
#13323 = CARTESIAN_POINT('',(49.843936619158,49.859861453937,26.));
#13324 = VECTOR('',#13325,1.);
#13325 = DIRECTION('',(0.,0.,1.));
#13326 = ORIENTED_EDGE('',*,*,#13327,.F.);
#13327 = EDGE_CURVE('',#13290,#13320,#13328,.T.);
#13328 = B_SPLINE_CURVE_WITH_KNOTS('',6,(#13329,#13330,#13331,#13332,
    #13333,#13334,#13335),.UNSPECIFIED.,.F.,.F.,(7,7),(0.,1.),
  .PIECEWISE_BEZIER_KNOTS.);
#13329 = CARTESIAN_POINT('',(49.780237280038,48.827932160204,26.6));
#13330 = CARTESIAN_POINT('',(49.780237280038,49.018588448202,26.6));
#13331 = CARTESIAN_POINT('',(49.783528482564,49.203926156211,26.6));
#13332 = CARTESIAN_POINT('',(49.790659554031,49.383089300799,26.6));
#13333 = CARTESIAN_POINT('',(49.802394535577,49.554229147974,26.6));
#13334 = CARTESIAN_POINT('',(49.819711628601,49.714511510596,26.6));
#13335 = CARTESIAN_POINT('',(49.843936619158,49.859861453937,26.6));
#13336 = ORIENTED_EDGE('',*,*,#13289,.F.);
#13337 = SURFACE_OF_LINEAR_EXTRUSION('',#13338,#13342);
#13338 = B_SPLINE_CURVE_WITH_KNOTS('',2,(#13339,#13340,#13341),
  .UNSPECIFIED.,.F.,.F.,(3,3),(0.,1.),.PIECEWISE_BEZIER_KNOTS.);
#13339 = CARTESIAN_POINT('',(49.843936619158,49.859861453937,26.));
#13340 = CARTESIAN_POINT('',(49.780237280038,49.477665419221,26.));
#13341 = CARTESIAN_POINT('',(49.780237280038,48.827932160204,26.));
#13342 = VECTOR('',#13343,1.);
#13343 = DIRECTION('',(-0.,-0.,-1.));
#13344 = ADVANCED_FACE('',(#13345),#13372,.F.);
#13345 = FACE_BOUND('',#13346,.F.);
#13346 = EDGE_LOOP('',(#13347,#13348,#13356,#13371));
#13347 = ORIENTED_EDGE('',*,*,#12196,.F.);
#13348 = ORIENTED_EDGE('',*,*,#13349,.T.);
#13349 = EDGE_CURVE('',#12189,#13350,#13352,.T.);
#13350 = VERTEX_POINT('',#13351);
#13351 = CARTESIAN_POINT('',(50.143323513019,50.439525439924,26.6));
#13352 = LINE('',#13353,#13354);
#13353 = CARTESIAN_POINT('',(50.143323513019,50.439525439924,26.));
#13354 = VECTOR('',#13355,1.);
#13355 = DIRECTION('',(0.,0.,1.));
#13356 = ORIENTED_EDGE('',*,*,#13357,.F.);
#13357 = EDGE_CURVE('',#13320,#13350,#13358,.T.);
#13358 = B_SPLINE_CURVE_WITH_KNOTS('',6,(#13359,#13360,#13361,#13362,
    #13363,#13364,#13365,#13366,#13367,#13368,#13369,#13370),
  .UNSPECIFIED.,.F.,.F.,(7,5,7),(0.,0.874095899188,1.),.UNSPECIFIED.);
#13359 = CARTESIAN_POINT('',(49.843936619158,49.859861453937,26.6));
#13360 = CARTESIAN_POINT('',(49.861775148333,49.963324923153,26.6));
#13361 = CARTESIAN_POINT('',(49.888080962769,50.061466781168,26.6));
#13362 = CARTESIAN_POINT('',(49.923428537,50.153336890244,26.6));
#13363 = CARTESIAN_POINT('',(49.968208669026,50.238024221327,26.6));
#13364 = CARTESIAN_POINT('',(50.022484529327,50.314768572088,26.6));
#13365 = CARTESIAN_POINT('',(50.094926036788,50.392945968047,26.6));
#13366 = CARTESIAN_POINT('',(50.104234723718,50.402614711327,26.6));
#13367 = CARTESIAN_POINT('',(50.113730230277,50.412108069795,26.6));
#13368 = CARTESIAN_POINT('',(50.123411218005,50.421424925909,26.6));
#13369 = CARTESIAN_POINT('',(50.133276194419,50.43056431793,26.6));
#13370 = CARTESIAN_POINT('',(50.143323513019,50.439525439924,26.6));
#13371 = ORIENTED_EDGE('',*,*,#13319,.F.);
#13372 = SURFACE_OF_LINEAR_EXTRUSION('',#13373,#13377);
#13373 = B_SPLINE_CURVE_WITH_KNOTS('',2,(#13374,#13375,#13376),
  .UNSPECIFIED.,.F.,.F.,(3,3),(0.,1.),.PIECEWISE_BEZIER_KNOTS.);
#13374 = CARTESIAN_POINT('',(50.143323513019,50.439525439924,26.));
#13375 = CARTESIAN_POINT('',(49.907635958277,50.22931762083,26.));
#13376 = CARTESIAN_POINT('',(49.843936619158,49.859861453937,26.));
#13377 = VECTOR('',#13378,1.);
#13378 = DIRECTION('',(-0.,-0.,-1.));
#13379 = ADVANCED_FACE('',(#13380),#13405,.F.);
#13380 = FACE_BOUND('',#13381,.F.);
#13381 = EDGE_LOOP('',(#13382,#13383,#13391,#13404));
#13382 = ORIENTED_EDGE('',*,*,#12188,.F.);
#13383 = ORIENTED_EDGE('',*,*,#13384,.T.);
#13384 = EDGE_CURVE('',#12181,#13385,#13387,.T.);
#13385 = VERTEX_POINT('',#13386);
#13386 = CARTESIAN_POINT('',(50.722987499005,50.649733259017,26.6));
#13387 = LINE('',#13388,#13389);
#13388 = CARTESIAN_POINT('',(50.722987499005,50.649733259017,26.));
#13389 = VECTOR('',#13390,1.);
#13390 = DIRECTION('',(0.,0.,1.));
#13391 = ORIENTED_EDGE('',*,*,#13392,.F.);
#13392 = EDGE_CURVE('',#13350,#13385,#13393,.T.);
#13393 = B_SPLINE_CURVE_WITH_KNOTS('',5,(#13394,#13395,#13396,#13397,
    #13398,#13399,#13400,#13401,#13402,#13403),.UNSPECIFIED.,.F.,.F.,(6,
    4,6),(0.,0.3320427483,1.),.UNSPECIFIED.);
#13394 = CARTESIAN_POINT('',(50.143323513019,50.439525439924,26.6));
#13395 = CARTESIAN_POINT('',(50.174623553877,50.467441692582,26.6));
#13396 = CARTESIAN_POINT('',(50.207256211094,50.493165118664,26.6));
#13397 = CARTESIAN_POINT('',(50.241199353009,50.516614492708,26.6));
#13398 = CARTESIAN_POINT('',(50.276413749803,50.537734216606,26.6));
#13399 = CARTESIAN_POINT('',(50.38612650178,50.594233276144,26.6));
#13400 = CARTESIAN_POINT('',(50.464338689544,50.622430782941,26.6));
#13401 = CARTESIAN_POINT('',(50.546993961793,50.64082985993,26.6));
#13402 = CARTESIAN_POINT('',(50.633442703624,50.649733259017,26.6));
#13403 = CARTESIAN_POINT('',(50.722987499005,50.649733259017,26.6));
#13404 = ORIENTED_EDGE('',*,*,#13349,.F.);
#13405 = SURFACE_OF_LINEAR_EXTRUSION('',#13406,#13410);
#13406 = B_SPLINE_CURVE_WITH_KNOTS('',2,(#13407,#13408,#13409),
  .UNSPECIFIED.,.F.,.F.,(3,3),(0.,1.),.PIECEWISE_BEZIER_KNOTS.);
#13407 = CARTESIAN_POINT('',(50.722987499005,50.649733259017,26.));
#13408 = CARTESIAN_POINT('',(50.37901106776,50.649733259017,26.));
#13409 = CARTESIAN_POINT('',(50.143323513019,50.439525439924,26.));
#13410 = VECTOR('',#13411,1.);
#13411 = DIRECTION('',(-0.,-0.,-1.));
#13412 = ADVANCED_FACE('',(#13413),#13438,.F.);
#13413 = FACE_BOUND('',#13414,.F.);
#13414 = EDGE_LOOP('',(#13415,#13416,#13424,#13437));
#13415 = ORIENTED_EDGE('',*,*,#12180,.F.);
#13416 = ORIENTED_EDGE('',*,*,#13417,.T.);
#13417 = EDGE_CURVE('',#12173,#13418,#13420,.T.);
#13418 = VERTEX_POINT('',#13419);
#13419 = CARTESIAN_POINT('',(51.315391352815,50.439525439924,26.6));
#13420 = LINE('',#13421,#13422);
#13421 = CARTESIAN_POINT('',(51.315391352815,50.439525439924,26.));
#13422 = VECTOR('',#13423,1.);
#13423 = DIRECTION('',(0.,0.,1.));
#13424 = ORIENTED_EDGE('',*,*,#13425,.F.);
#13425 = EDGE_CURVE('',#13385,#13418,#13426,.T.);
#13426 = B_SPLINE_CURVE_WITH_KNOTS('',5,(#13427,#13428,#13429,#13430,
    #13431,#13432,#13433,#13434,#13435,#13436),.UNSPECIFIED.,.F.,.F.,(6,
    4,6),(0.,0.736514229449,1.),.UNSPECIFIED.);
#13427 = CARTESIAN_POINT('',(50.722987499005,50.649733259017,26.6));
#13428 = CARTESIAN_POINT('',(50.824728203264,50.649733259017,26.6));
#13429 = CARTESIAN_POINT('',(50.922421432092,50.63904554942,26.6));
#13430 = CARTESIAN_POINT('',(51.015041191221,50.61678724798,26.6));
#13431 = CARTESIAN_POINT('',(51.101609714305,50.582463872821,26.6));
#13432 = CARTESIAN_POINT('',(51.210001848987,50.52003284875,26.6));
#13433 = CARTESIAN_POINT('',(51.23770188759,50.502089725259,26.6));
#13434 = CARTESIAN_POINT('',(51.264513077107,50.482670241338,26.6));
#13435 = CARTESIAN_POINT('',(51.290414085812,50.461802461845,26.6));
#13436 = CARTESIAN_POINT('',(51.315391352815,50.439525439924,26.6));
#13437 = ORIENTED_EDGE('',*,*,#13384,.F.);
#13438 = SURFACE_OF_LINEAR_EXTRUSION('',#13439,#13443);
#13439 = B_SPLINE_CURVE_WITH_KNOTS('',2,(#13440,#13441,#13442),
  .UNSPECIFIED.,.F.,.F.,(3,3),(0.,1.),.PIECEWISE_BEZIER_KNOTS.);
#13440 = CARTESIAN_POINT('',(51.315391352815,50.439525439924,26.));
#13441 = CARTESIAN_POINT('',(51.079703798073,50.649733259017,26.));
#13442 = CARTESIAN_POINT('',(50.722987499005,50.649733259017,26.));
#13443 = VECTOR('',#13444,1.);
#13444 = DIRECTION('',(-0.,-0.,-1.));
#13445 = ADVANCED_FACE('',(#13446),#13473,.F.);
#13446 = FACE_BOUND('',#13447,.F.);
#13447 = EDGE_LOOP('',(#13448,#13449,#13457,#13472));
#13448 = ORIENTED_EDGE('',*,*,#12172,.F.);
#13449 = ORIENTED_EDGE('',*,*,#13450,.T.);
#13450 = EDGE_CURVE('',#12165,#13451,#13453,.T.);
#13451 = VERTEX_POINT('',#13452);
#13452 = CARTESIAN_POINT('',(51.614778246676,49.859861453937,26.6));
#13453 = LINE('',#13454,#13455);
#13454 = CARTESIAN_POINT('',(51.614778246676,49.859861453937,26.));
#13455 = VECTOR('',#13456,1.);
#13456 = DIRECTION('',(0.,0.,1.));
#13457 = ORIENTED_EDGE('',*,*,#13458,.F.);
#13458 = EDGE_CURVE('',#13418,#13451,#13459,.T.);
#13459 = B_SPLINE_CURVE_WITH_KNOTS('',6,(#13460,#13461,#13462,#13463,
    #13464,#13465,#13466,#13467,#13468,#13469,#13470,#13471),
  .UNSPECIFIED.,.F.,.F.,(7,5,7),(0.,0.125904100812,1.),.UNSPECIFIED.);
#13460 = CARTESIAN_POINT('',(51.315391352815,50.439525439924,26.6));
#13461 = CARTESIAN_POINT('',(51.325438671414,50.43056431793,26.6));
#13462 = CARTESIAN_POINT('',(51.335303647828,50.421424925909,26.6));
#13463 = CARTESIAN_POINT('',(51.344984635556,50.412108069795,26.6));
#13464 = CARTESIAN_POINT('',(51.354480142116,50.402614711327,26.6));
#13465 = CARTESIAN_POINT('',(51.363788829046,50.392945968047,26.6));
#13466 = CARTESIAN_POINT('',(51.436230336506,50.314768572088,26.6));
#13467 = CARTESIAN_POINT('',(51.490506196808,50.238024221327,26.6));
#13468 = CARTESIAN_POINT('',(51.535286328833,50.153336890245,26.6));
#13469 = CARTESIAN_POINT('',(51.570633903065,50.061466781168,26.6));
#13470 = CARTESIAN_POINT('',(51.596939717501,49.963324923153,26.6));
#13471 = CARTESIAN_POINT('',(51.614778246676,49.859861453937,26.6));
#13472 = ORIENTED_EDGE('',*,*,#13417,.F.);
#13473 = SURFACE_OF_LINEAR_EXTRUSION('',#13474,#13478);
#13474 = B_SPLINE_CURVE_WITH_KNOTS('',2,(#13475,#13476,#13477),
  .UNSPECIFIED.,.F.,.F.,(3,3),(0.,1.),.PIECEWISE_BEZIER_KNOTS.);
#13475 = CARTESIAN_POINT('',(51.614778246676,49.859861453937,26.));
#13476 = CARTESIAN_POINT('',(51.551078907556,50.22931762083,26.));
#13477 = CARTESIAN_POINT('',(51.315391352815,50.439525439924,26.));
#13478 = VECTOR('',#13479,1.);
#13479 = DIRECTION('',(-0.,-0.,-1.));
#13480 = ADVANCED_FACE('',(#13481),#13501,.F.);
#13481 = FACE_BOUND('',#13482,.F.);
#13482 = EDGE_LOOP('',(#13483,#13484,#13492,#13500));
#13483 = ORIENTED_EDGE('',*,*,#12164,.F.);
#13484 = ORIENTED_EDGE('',*,*,#13485,.T.);
#13485 = EDGE_CURVE('',#12157,#13486,#13488,.T.);
#13486 = VERTEX_POINT('',#13487);
#13487 = CARTESIAN_POINT('',(51.678477585795,48.827932160204,26.6));
#13488 = LINE('',#13489,#13490);
#13489 = CARTESIAN_POINT('',(51.678477585795,48.827932160204,26.));
#13490 = VECTOR('',#13491,1.);
#13491 = DIRECTION('',(0.,0.,1.));
#13492 = ORIENTED_EDGE('',*,*,#13493,.F.);
#13493 = EDGE_CURVE('',#13451,#13486,#13494,.T.);
#13494 = B_SPLINE_CURVE_WITH_KNOTS('',4,(#13495,#13496,#13497,#13498,
    #13499),.UNSPECIFIED.,.F.,.F.,(5,5),(0.,1.),
  .PIECEWISE_BEZIER_KNOTS.);
#13495 = CARTESIAN_POINT('',(51.614778246676,49.859861453937,26.6));
#13496 = CARTESIAN_POINT('',(51.646746643837,49.604114276645,26.6));
#13497 = CARTESIAN_POINT('',(51.667968135474,49.346632593807,26.6));
#13498 = CARTESIAN_POINT('',(51.678477585795,49.087784423058,26.6));
#13499 = CARTESIAN_POINT('',(51.678477585795,48.827932160204,26.6));
#13500 = ORIENTED_EDGE('',*,*,#13450,.F.);
#13501 = SURFACE_OF_LINEAR_EXTRUSION('',#13502,#13506);
#13502 = B_SPLINE_CURVE_WITH_KNOTS('',2,(#13503,#13504,#13505),
  .UNSPECIFIED.,.F.,.F.,(3,3),(0.,1.),.PIECEWISE_BEZIER_KNOTS.);
#13503 = CARTESIAN_POINT('',(51.678477585795,48.827932160204,26.));
#13504 = CARTESIAN_POINT('',(51.678477585795,49.350266740983,26.));
#13505 = CARTESIAN_POINT('',(51.614778246676,49.859861453937,26.));
#13506 = VECTOR('',#13507,1.);
#13507 = DIRECTION('',(-0.,-0.,-1.));
#13508 = ADVANCED_FACE('',(#13509),#13523,.F.);
#13509 = FACE_BOUND('',#13510,.F.);
#13510 = EDGE_LOOP('',(#13511,#13512,#13513,#13522));
#13511 = ORIENTED_EDGE('',*,*,#12156,.F.);
#13512 = ORIENTED_EDGE('',*,*,#13173,.T.);
#13513 = ORIENTED_EDGE('',*,*,#13514,.F.);
#13514 = EDGE_CURVE('',#13486,#13155,#13515,.T.);
#13515 = B_SPLINE_CURVE_WITH_KNOTS('',5,(#13516,#13517,#13518,#13519,
    #13520,#13521),.UNSPECIFIED.,.F.,.F.,(6,6),(0.,1.),
  .PIECEWISE_BEZIER_KNOTS.);
#13516 = CARTESIAN_POINT('',(51.678477585795,48.827932160204,26.6));
#13517 = CARTESIAN_POINT('',(51.678477585795,48.621212018164,26.6));
#13518 = CARTESIAN_POINT('',(51.671926223248,48.413206393134,26.6));
#13519 = CARTESIAN_POINT('',(51.658992830098,48.204101102434,26.6));
#13520 = CARTESIAN_POINT('',(51.639874094883,47.994068123587,26.6));
#13521 = CARTESIAN_POINT('',(51.614778246676,47.783262998646,26.6));
#13522 = ORIENTED_EDGE('',*,*,#13485,.F.);
#13523 = SURFACE_OF_LINEAR_EXTRUSION('',#13524,#13528);
#13524 = B_SPLINE_CURVE_WITH_KNOTS('',2,(#13525,#13526,#13527),
  .UNSPECIFIED.,.F.,.F.,(3,3),(0.,1.),.PIECEWISE_BEZIER_KNOTS.);
#13525 = CARTESIAN_POINT('',(51.614778246676,47.783262998646,26.));
#13526 = CARTESIAN_POINT('',(51.678477585795,48.318337447249,26.));
#13527 = CARTESIAN_POINT('',(51.678477585795,48.827932160204,26.));
#13528 = VECTOR('',#13529,1.);
#13529 = DIRECTION('',(-0.,-0.,-1.));
#13530 = ADVANCED_FACE('',(#13531),#13567,.F.);
#13531 = FACE_BOUND('',#13532,.F.);
#13532 = EDGE_LOOP('',(#13533,#13534,#13542,#13561));
#13533 = ORIENTED_EDGE('',*,*,#12298,.F.);
#13534 = ORIENTED_EDGE('',*,*,#13535,.T.);
#13535 = EDGE_CURVE('',#12299,#13536,#13538,.T.);
#13536 = VERTEX_POINT('',#13537);
#13537 = CARTESIAN_POINT('',(65.189107413011,50.445895373835,26.6));
#13538 = LINE('',#13539,#13540);
#13539 = CARTESIAN_POINT('',(65.189107413011,50.445895373835,26.));
#13540 = VECTOR('',#13541,1.);
#13541 = DIRECTION('',(0.,0.,1.));
#13542 = ORIENTED_EDGE('',*,*,#13543,.F.);
#13543 = EDGE_CURVE('',#13544,#13536,#13546,.T.);
#13544 = VERTEX_POINT('',#13545);
#13545 = CARTESIAN_POINT('',(64.902460386973,49.885341189585,26.6));
#13546 = B_SPLINE_CURVE_WITH_KNOTS('',5,(#13547,#13548,#13549,#13550,
    #13551,#13552,#13553,#13554,#13555,#13556,#13557,#13558,#13559,
    #13560),.UNSPECIFIED.,.F.,.F.,(6,4,4,6),(0.,0.463261518091,
    0.911550102645,1.),.UNSPECIFIED.);
#13547 = CARTESIAN_POINT('',(64.902460386973,49.885341189585,26.6));
#13548 = CARTESIAN_POINT('',(64.913818421999,49.948946185731,26.6));
#13549 = CARTESIAN_POINT('',(64.928488473983,50.010339705633,26.6));
#13550 = CARTESIAN_POINT('',(64.946620374965,50.069283919732,26.6));
#13551 = CARTESIAN_POINT('',(64.968332144407,50.125535636814,26.6));
#13552 = CARTESIAN_POINT('',(65.018184291921,50.230495373187,26.6));
#13553 = CARTESIAN_POINT('',(65.046095270374,50.279390824597,26.6));
#13554 = CARTESIAN_POINT('',(65.077439507133,50.325364055944,26.6));
#13555 = CARTESIAN_POINT('',(65.11219608718,50.368256513124,26.6));
#13556 = CARTESIAN_POINT('',(65.157778298352,50.415801195068,26.6));
#13557 = CARTESIAN_POINT('',(65.165418917551,50.423512296174,26.6));
#13558 = CARTESIAN_POINT('',(65.173187873597,50.431098783807,26.6));
#13559 = CARTESIAN_POINT('',(65.181084344849,50.43855999723,26.6));
#13560 = CARTESIAN_POINT('',(65.189107413011,50.445895373835,26.6));
#13561 = ORIENTED_EDGE('',*,*,#13562,.F.);
#13562 = EDGE_CURVE('',#12301,#13544,#13563,.T.);
#13563 = LINE('',#13564,#13565);
#13564 = CARTESIAN_POINT('',(64.902460386973,49.885341189585,26.));
#13565 = VECTOR('',#13566,1.);
#13566 = DIRECTION('',(0.,0.,1.));
#13567 = SURFACE_OF_LINEAR_EXTRUSION('',#13568,#13572);
#13568 = B_SPLINE_CURVE_WITH_KNOTS('',2,(#13569,#13570,#13571),
  .UNSPECIFIED.,.F.,.F.,(3,3),(0.,1.),.PIECEWISE_BEZIER_KNOTS.);
#13569 = CARTESIAN_POINT('',(65.189107413011,50.445895373835,26.));
#13570 = CARTESIAN_POINT('',(64.966159726093,50.242057488654,26.));
#13571 = CARTESIAN_POINT('',(64.902460386973,49.885341189585,26.));
#13572 = VECTOR('',#13573,1.);
#13573 = DIRECTION('',(-0.,-0.,-1.));
#13574 = ADVANCED_FACE('',(#13575),#13600,.F.);
#13575 = FACE_BOUND('',#13576,.F.);
#13576 = EDGE_LOOP('',(#13577,#13578,#13586,#13599));
#13577 = ORIENTED_EDGE('',*,*,#12363,.F.);
#13578 = ORIENTED_EDGE('',*,*,#13579,.T.);
#13579 = EDGE_CURVE('',#12356,#13580,#13582,.T.);
#13580 = VERTEX_POINT('',#13581);
#13581 = CARTESIAN_POINT('',(65.756031531173,50.649733259017,26.6));
#13582 = LINE('',#13583,#13584);
#13583 = CARTESIAN_POINT('',(65.756031531173,50.649733259017,26.));
#13584 = VECTOR('',#13585,1.);
#13585 = DIRECTION('',(0.,0.,1.));
#13586 = ORIENTED_EDGE('',*,*,#13587,.F.);
#13587 = EDGE_CURVE('',#13536,#13580,#13588,.T.);
#13588 = B_SPLINE_CURVE_WITH_KNOTS('',5,(#13589,#13590,#13591,#13592,
    #13593,#13594,#13595,#13596,#13597,#13598),.UNSPECIFIED.,.F.,.F.,(6,
    4,6),(0.,0.257498446075,1.),.UNSPECIFIED.);
#13589 = CARTESIAN_POINT('',(65.189107413011,50.445895373835,26.6));
#13590 = CARTESIAN_POINT('',(65.212208107456,50.467016008757,26.6));
#13591 = CARTESIAN_POINT('',(65.236184853906,50.486827434128,26.6));
#13592 = CARTESIAN_POINT('',(65.26102611546,50.505295389633,26.6));
#13593 = CARTESIAN_POINT('',(65.286713498626,50.522395171618,26.6));
#13594 = CARTESIAN_POINT('',(65.389658798306,50.583430341784,26.6));
#13595 = CARTESIAN_POINT('',(65.472938586856,50.617257861345,26.6));
#13596 = CARTESIAN_POINT('',(65.562408973144,50.639197015571,26.6));
#13597 = CARTESIAN_POINT('',(65.657111759572,50.649733259017,26.6));
#13598 = CARTESIAN_POINT('',(65.756031531173,50.649733259017,26.6));
#13599 = ORIENTED_EDGE('',*,*,#13535,.F.);
#13600 = SURFACE_OF_LINEAR_EXTRUSION('',#13601,#13605);
#13601 = B_SPLINE_CURVE_WITH_KNOTS('',2,(#13602,#13603,#13604),
  .UNSPECIFIED.,.F.,.F.,(3,3),(0.,1.),.PIECEWISE_BEZIER_KNOTS.);
#13602 = CARTESIAN_POINT('',(65.756031531173,50.649733259017,26.));
#13603 = CARTESIAN_POINT('',(65.412055099928,50.649733259017,26.));
#13604 = CARTESIAN_POINT('',(65.189107413011,50.445895373835,26.));
#13605 = VECTOR('',#13606,1.);
#13606 = DIRECTION('',(-0.,-0.,-1.));
#13607 = ADVANCED_FACE('',(#13608),#13633,.F.);
#13608 = FACE_BOUND('',#13609,.F.);
#13609 = EDGE_LOOP('',(#13610,#13611,#13619,#13632));
#13610 = ORIENTED_EDGE('',*,*,#12355,.F.);
#13611 = ORIENTED_EDGE('',*,*,#13612,.T.);
#13612 = EDGE_CURVE('',#12348,#13613,#13615,.T.);
#13613 = VERTEX_POINT('',#13614);
#13614 = CARTESIAN_POINT('',(66.329325583247,50.439525439924,26.6));
#13615 = LINE('',#13616,#13617);
#13616 = CARTESIAN_POINT('',(66.329325583247,50.439525439924,26.));
#13617 = VECTOR('',#13618,1.);
#13618 = DIRECTION('',(0.,0.,1.));
#13619 = ORIENTED_EDGE('',*,*,#13620,.F.);
#13620 = EDGE_CURVE('',#13580,#13613,#13621,.T.);
#13621 = B_SPLINE_CURVE_WITH_KNOTS('',5,(#13622,#13623,#13624,#13625,
    #13626,#13627,#13628,#13629,#13630,#13631),.UNSPECIFIED.,.F.,.F.,(6,
    4,6),(0.,0.69019907971,1.),.UNSPECIFIED.);
#13622 = CARTESIAN_POINT('',(65.756031531173,50.649733259017,26.6));
#13623 = CARTESIAN_POINT('',(65.848328547826,50.649733259017,26.6));
#13624 = CARTESIAN_POINT('',(65.937144672473,50.640274088221,26.6));
#13625 = CARTESIAN_POINT('',(66.021674171319,50.620668545997,26.6));
#13626 = CARTESIAN_POINT('',(66.101163758286,50.590552916153,26.6));
#13627 = CARTESIAN_POINT('',(66.208243417612,50.532134601435,26.6));
#13628 = CARTESIAN_POINT('',(66.240294756196,50.511978853384,26.6));
#13629 = CARTESIAN_POINT('',(66.271177957008,50.489791293975,26.6));
#13630 = CARTESIAN_POINT('',(66.300860927764,50.465618040783,26.6));
#13631 = CARTESIAN_POINT('',(66.329325583247,50.439525439924,26.6));
#13632 = ORIENTED_EDGE('',*,*,#13579,.F.);
#13633 = SURFACE_OF_LINEAR_EXTRUSION('',#13634,#13638);
#13634 = B_SPLINE_CURVE_WITH_KNOTS('',2,(#13635,#13636,#13637),
  .UNSPECIFIED.,.F.,.F.,(3,3),(0.,1.),.PIECEWISE_BEZIER_KNOTS.);
#13635 = CARTESIAN_POINT('',(66.329325583247,50.439525439924,26.));
#13636 = CARTESIAN_POINT('',(66.100007962417,50.649733259017,26.));
#13637 = CARTESIAN_POINT('',(65.756031531173,50.649733259017,26.));
#13638 = VECTOR('',#13639,1.);
#13639 = DIRECTION('',(-0.,-0.,-1.));
#13640 = ADVANCED_FACE('',(#13641),#13666,.F.);
#13641 = FACE_BOUND('',#13642,.F.);
#13642 = EDGE_LOOP('',(#13643,#13644,#13652,#13665));
#13643 = ORIENTED_EDGE('',*,*,#12347,.F.);
#13644 = ORIENTED_EDGE('',*,*,#13645,.T.);
#13645 = EDGE_CURVE('',#12340,#13646,#13648,.T.);
#13646 = VERTEX_POINT('',#13647);
#13647 = CARTESIAN_POINT('',(66.609602675372,49.885341189585,26.6));
#13648 = LINE('',#13649,#13650);
#13649 = CARTESIAN_POINT('',(66.609602675372,49.885341189585,26.));
#13650 = VECTOR('',#13651,1.);
#13651 = DIRECTION('',(0.,0.,1.));
#13652 = ORIENTED_EDGE('',*,*,#13653,.F.);
#13653 = EDGE_CURVE('',#13613,#13646,#13654,.T.);
#13654 = B_SPLINE_CURVE_WITH_KNOTS('',5,(#13655,#13656,#13657,#13658,
    #13659,#13660,#13661,#13662,#13663,#13664),.UNSPECIFIED.,.F.,.F.,(6,
    4,6),(0.,0.255810854652,1.),.UNSPECIFIED.);
#13655 = CARTESIAN_POINT('',(66.329325583247,50.439525439924,26.6));
#13656 = CARTESIAN_POINT('',(66.352916107779,50.417900792436,26.6));
#13657 = CARTESIAN_POINT('',(66.375382956656,50.395340063077,26.6));
#13658 = CARTESIAN_POINT('',(66.396696611143,50.371851413821,26.6));
#13659 = CARTESIAN_POINT('',(66.41683454885,50.347449212213,26.6));
#13660 = CARTESIAN_POINT('',(66.490899798761,50.248566852917,26.6));
#13661 = CARTESIAN_POINT('',(66.535947214197,50.167408785085,26.6));
#13662 = CARTESIAN_POINT('',(66.57050891516,50.07922128074,26.6));
#13663 = CARTESIAN_POINT('',(66.594857081241,49.984873949974,26.6));
#13664 = CARTESIAN_POINT('',(66.609602675372,49.885341189585,26.6));
#13665 = ORIENTED_EDGE('',*,*,#13612,.F.);
#13666 = SURFACE_OF_LINEAR_EXTRUSION('',#13667,#13671);
#13667 = B_SPLINE_CURVE_WITH_KNOTS('',2,(#13668,#13669,#13670),
  .UNSPECIFIED.,.F.,.F.,(3,3),(0.,1.),.PIECEWISE_BEZIER_KNOTS.);
#13668 = CARTESIAN_POINT('',(66.609602675372,49.885341189585,26.));
#13669 = CARTESIAN_POINT('',(66.558643204077,50.22931762083,26.));
#13670 = CARTESIAN_POINT('',(66.329325583247,50.439525439924,26.));
#13671 = VECTOR('',#13672,1.);
#13672 = DIRECTION('',(-0.,-0.,-1.));
#13673 = ADVANCED_FACE('',(#13674),#13694,.F.);
#13674 = FACE_BOUND('',#13675,.F.);
#13675 = EDGE_LOOP('',(#13676,#13677,#13685,#13693));
#13676 = ORIENTED_EDGE('',*,*,#12339,.F.);
#13677 = ORIENTED_EDGE('',*,*,#13678,.T.);
#13678 = EDGE_CURVE('',#12332,#13679,#13681,.T.);
#13679 = VERTEX_POINT('',#13680);
#13680 = CARTESIAN_POINT('',(66.647822278844,49.401226212278,26.6));
#13681 = LINE('',#13682,#13683);
#13682 = CARTESIAN_POINT('',(66.647822278844,49.401226212278,26.));
#13683 = VECTOR('',#13684,1.);
#13684 = DIRECTION('',(0.,0.,1.));
#13685 = ORIENTED_EDGE('',*,*,#13686,.F.);
#13686 = EDGE_CURVE('',#13646,#13679,#13687,.T.);
#13687 = B_SPLINE_CURVE_WITH_KNOTS('',4,(#13688,#13689,#13690,#13691,
    #13692),.UNSPECIFIED.,.F.,.F.,(5,5),(0.,1.),
  .PIECEWISE_BEZIER_KNOTS.);
#13688 = CARTESIAN_POINT('',(66.609602675372,49.885341189585,26.6));
#13689 = CARTESIAN_POINT('',(66.628871379249,49.769728966327,26.6));
#13690 = CARTESIAN_POINT('',(66.641570025023,49.650358887081,26.6));
#13691 = CARTESIAN_POINT('',(66.647822278844,49.527446868057,26.6));
#13692 = CARTESIAN_POINT('',(66.647822278844,49.401226212278,26.6));
#13693 = ORIENTED_EDGE('',*,*,#13645,.F.);
#13694 = SURFACE_OF_LINEAR_EXTRUSION('',#13695,#13699);
#13695 = B_SPLINE_CURVE_WITH_KNOTS('',2,(#13696,#13697,#13698),
  .UNSPECIFIED.,.F.,.F.,(3,3),(0.,1.),.PIECEWISE_BEZIER_KNOTS.);
#13696 = CARTESIAN_POINT('',(66.647822278844,49.401226212278,26.));
#13697 = CARTESIAN_POINT('',(66.647822278844,49.656023568755,26.));
#13698 = CARTESIAN_POINT('',(66.609602675372,49.885341189585,26.));
#13699 = VECTOR('',#13700,1.);
#13700 = DIRECTION('',(-0.,-0.,-1.));
#13701 = ADVANCED_FACE('',(#13702),#13725,.F.);
#13702 = FACE_BOUND('',#13703,.F.);
#13703 = EDGE_LOOP('',(#13704,#13705,#13713,#13724));
#13704 = ORIENTED_EDGE('',*,*,#12331,.F.);
#13705 = ORIENTED_EDGE('',*,*,#13706,.T.);
#13706 = EDGE_CURVE('',#12325,#13707,#13709,.T.);
#13707 = VERTEX_POINT('',#13708);
#13708 = CARTESIAN_POINT('',(66.584122939724,49.337526873159,26.6));
#13709 = LINE('',#13710,#13711);
#13710 = CARTESIAN_POINT('',(66.584122939724,49.337526873159,26.));
#13711 = VECTOR('',#13712,1.);
#13712 = DIRECTION('',(0.,0.,1.));
#13713 = ORIENTED_EDGE('',*,*,#13714,.F.);
#13714 = EDGE_CURVE('',#13679,#13707,#13715,.T.);
#13715 = B_SPLINE_CURVE_WITH_KNOTS('',4,(#13716,#13717,#13718,#13719,
    #13720,#13721,#13722,#13723),.UNSPECIFIED.,.F.,.F.,(5,3,5),(0.,
    0.49999999985,1.),.UNSPECIFIED.);
#13716 = CARTESIAN_POINT('',(66.647822278844,49.401226212278,26.6));
#13717 = CARTESIAN_POINT('',(66.647822278844,49.385343845494,26.6));
#13718 = CARTESIAN_POINT('',(66.645182331666,49.372059203424,26.6));
#13719 = CARTESIAN_POINT('',(66.63987052732,49.361424791195,26.6));
#13720 = CARTESIAN_POINT('',(66.623924360803,49.345478624678,26.6));
#13721 = CARTESIAN_POINT('',(66.613289948626,49.340166820311,26.6));
#13722 = CARTESIAN_POINT('',(66.600005306495,49.337526873159,26.6));
#13723 = CARTESIAN_POINT('',(66.584122939724,49.337526873159,26.6));
#13724 = ORIENTED_EDGE('',*,*,#13678,.F.);
#13725 = SURFACE_OF_LINEAR_EXTRUSION('',#13726,#13730);
#13726 = B_SPLINE_CURVE_WITH_KNOTS('',2,(#13727,#13728,#13729),
  .UNSPECIFIED.,.F.,.F.,(3,3),(0.,1.),.PIECEWISE_BEZIER_KNOTS.);
#13727 = CARTESIAN_POINT('',(66.584122939724,49.337526873159,26.));
#13728 = CARTESIAN_POINT('',(66.647822278844,49.337526873159,26.));
#13729 = CARTESIAN_POINT('',(66.647822278844,49.401226212278,26.));
#13730 = VECTOR('',#13731,1.);
#13731 = DIRECTION('',(-0.,-0.,-1.));
#13732 = ADVANCED_FACE('',(#13733),#13753,.F.);
#13733 = FACE_BOUND('',#13734,.F.);
#13734 = EDGE_LOOP('',(#13735,#13736,#13744,#13752));
#13735 = ORIENTED_EDGE('',*,*,#12324,.F.);
#13736 = ORIENTED_EDGE('',*,*,#13737,.T.);
#13737 = EDGE_CURVE('',#12317,#13738,#13740,.T.);
#13738 = VERTEX_POINT('',#13739);
#13739 = CARTESIAN_POINT('',(64.927940122621,49.337526873159,26.6));
#13740 = LINE('',#13741,#13742);
#13741 = CARTESIAN_POINT('',(64.927940122621,49.337526873159,26.));
#13742 = VECTOR('',#13743,1.);
#13743 = DIRECTION('',(0.,0.,1.));
#13744 = ORIENTED_EDGE('',*,*,#13745,.F.);
#13745 = EDGE_CURVE('',#13707,#13738,#13746,.T.);
#13746 = B_SPLINE_CURVE_WITH_KNOTS('',4,(#13747,#13748,#13749,#13750,
    #13751),.UNSPECIFIED.,.F.,.F.,(5,5),(0.,1.),
  .PIECEWISE_BEZIER_KNOTS.);
#13747 = CARTESIAN_POINT('',(66.584122939724,49.337526873159,26.6));
#13748 = CARTESIAN_POINT('',(66.170077235449,49.337526873159,26.6));
#13749 = CARTESIAN_POINT('',(65.756031531173,49.337526873159,26.6));
#13750 = CARTESIAN_POINT('',(65.341985826897,49.337526873159,26.6));
#13751 = CARTESIAN_POINT('',(64.927940122621,49.337526873159,26.6));
#13752 = ORIENTED_EDGE('',*,*,#13706,.F.);
#13753 = SURFACE_OF_LINEAR_EXTRUSION('',#13754,#13757);
#13754 = B_SPLINE_CURVE_WITH_KNOTS('',1,(#13755,#13756),.UNSPECIFIED.,
  .F.,.F.,(2,2),(0.,13.),.PIECEWISE_BEZIER_KNOTS.);
#13755 = CARTESIAN_POINT('',(64.927940122621,49.337526873159,26.));
#13756 = CARTESIAN_POINT('',(66.584122939724,49.337526873159,26.));
#13757 = VECTOR('',#13758,1.);
#13758 = DIRECTION('',(-0.,-0.,-1.));
#13759 = ADVANCED_FACE('',(#13760),#13783,.F.);
#13760 = FACE_BOUND('',#13761,.F.);
#13761 = EDGE_LOOP('',(#13762,#13763,#13771,#13782));
#13762 = ORIENTED_EDGE('',*,*,#12316,.F.);
#13763 = ORIENTED_EDGE('',*,*,#13764,.T.);
#13764 = EDGE_CURVE('',#12309,#13765,#13767,.T.);
#13765 = VERTEX_POINT('',#13766);
#13766 = CARTESIAN_POINT('',(64.864240783502,49.401226212278,26.6));
#13767 = LINE('',#13768,#13769);
#13768 = CARTESIAN_POINT('',(64.864240783502,49.401226212278,26.));
#13769 = VECTOR('',#13770,1.);
#13770 = DIRECTION('',(0.,0.,1.));
#13771 = ORIENTED_EDGE('',*,*,#13772,.F.);
#13772 = EDGE_CURVE('',#13738,#13765,#13773,.T.);
#13773 = B_SPLINE_CURVE_WITH_KNOTS('',4,(#13774,#13775,#13776,#13777,
    #13778,#13779,#13780,#13781),.UNSPECIFIED.,.F.,.F.,(5,3,5),(0.,
    0.49999999985,1.),.UNSPECIFIED.);
#13774 = CARTESIAN_POINT('',(64.927940122621,49.337526873159,26.6));
#13775 = CARTESIAN_POINT('',(64.912057755838,49.337526873159,26.6));
#13776 = CARTESIAN_POINT('',(64.898773113767,49.340166820336,26.6));
#13777 = CARTESIAN_POINT('',(64.888138701538,49.345478624682,26.6));
#13778 = CARTESIAN_POINT('',(64.872192535021,49.3614247912,26.6));
#13779 = CARTESIAN_POINT('',(64.866880730654,49.372059203377,26.6));
#13780 = CARTESIAN_POINT('',(64.864240783502,49.385343845507,26.6));
#13781 = CARTESIAN_POINT('',(64.864240783502,49.401226212278,26.6));
#13782 = ORIENTED_EDGE('',*,*,#13737,.F.);
#13783 = SURFACE_OF_LINEAR_EXTRUSION('',#13784,#13788);
#13784 = B_SPLINE_CURVE_WITH_KNOTS('',2,(#13785,#13786,#13787),
  .UNSPECIFIED.,.F.,.F.,(3,3),(0.,1.),.PIECEWISE_BEZIER_KNOTS.);
#13785 = CARTESIAN_POINT('',(64.864240783502,49.401226212278,26.));
#13786 = CARTESIAN_POINT('',(64.864240783502,49.337526873159,26.));
#13787 = CARTESIAN_POINT('',(64.927940122621,49.337526873159,26.));
#13788 = VECTOR('',#13789,1.);
#13789 = DIRECTION('',(-0.,-0.,-1.));
#13790 = ADVANCED_FACE('',(#13791),#13804,.F.);
#13791 = FACE_BOUND('',#13792,.F.);
#13792 = EDGE_LOOP('',(#13793,#13794,#13795,#13803));
#13793 = ORIENTED_EDGE('',*,*,#12308,.F.);
#13794 = ORIENTED_EDGE('',*,*,#13562,.T.);
#13795 = ORIENTED_EDGE('',*,*,#13796,.F.);
#13796 = EDGE_CURVE('',#13765,#13544,#13797,.T.);
#13797 = B_SPLINE_CURVE_WITH_KNOTS('',4,(#13798,#13799,#13800,#13801,
    #13802),.UNSPECIFIED.,.F.,.F.,(5,5),(0.,1.),
  .PIECEWISE_BEZIER_KNOTS.);
#13798 = CARTESIAN_POINT('',(64.864240783502,49.401226212278,26.6));
#13799 = CARTESIAN_POINT('',(64.864240783502,49.527446868057,26.6));
#13800 = CARTESIAN_POINT('',(64.870493037323,49.650358887081,26.6));
#13801 = CARTESIAN_POINT('',(64.883191683097,49.769728966327,26.6));
#13802 = CARTESIAN_POINT('',(64.902460386973,49.885341189585,26.6));
#13803 = ORIENTED_EDGE('',*,*,#13764,.F.);
#13804 = SURFACE_OF_LINEAR_EXTRUSION('',#13805,#13809);
#13805 = B_SPLINE_CURVE_WITH_KNOTS('',2,(#13806,#13807,#13808),
  .UNSPECIFIED.,.F.,.F.,(3,3),(0.,1.),.PIECEWISE_BEZIER_KNOTS.);
#13806 = CARTESIAN_POINT('',(64.902460386973,49.885341189585,26.));
#13807 = CARTESIAN_POINT('',(64.864240783502,49.656023568755,26.));
#13808 = CARTESIAN_POINT('',(64.864240783502,49.401226212278,26.));
#13809 = VECTOR('',#13810,1.);
#13810 = DIRECTION('',(-0.,-0.,-1.));
#13811 = ADVANCED_FACE('',(#13812),#13846,.F.);
#13812 = FACE_BOUND('',#13813,.F.);
#13813 = EDGE_LOOP('',(#13814,#13815,#13823,#13840));
#13814 = ORIENTED_EDGE('',*,*,#12391,.F.);
#13815 = ORIENTED_EDGE('',*,*,#13816,.T.);
#13816 = EDGE_CURVE('',#12392,#13817,#13819,.T.);
#13817 = VERTEX_POINT('',#13818);
#13818 = CARTESIAN_POINT('',(80.298590652122,46.566605621467,26.6));
#13819 = LINE('',#13820,#13821);
#13820 = CARTESIAN_POINT('',(80.298590652122,46.566605621467,26.));
#13821 = VECTOR('',#13822,1.);
#13822 = DIRECTION('',(0.,0.,1.));
#13823 = ORIENTED_EDGE('',*,*,#13824,.F.);
#13824 = EDGE_CURVE('',#13825,#13817,#13827,.T.);
#13825 = VERTEX_POINT('',#13826);
#13826 = CARTESIAN_POINT('',(80.750855959869,47.46476630305,26.6));
#13827 = B_SPLINE_CURVE_WITH_KNOTS('',6,(#13828,#13829,#13830,#13831,
    #13832,#13833,#13834,#13835,#13836,#13837,#13838,#13839),
  .UNSPECIFIED.,.F.,.F.,(7,5,7),(0.,0.736095555918,1.),.UNSPECIFIED.);
#13828 = CARTESIAN_POINT('',(80.750855959869,47.46476630305,26.6));
#13829 = CARTESIAN_POINT('',(80.733046566318,47.334164083672,26.6));
#13830 = CARTESIAN_POINT('',(80.705029723063,47.207476863901,26.6));
#13831 = CARTESIAN_POINT('',(80.665935661555,47.085890018686,26.6));
#13832 = CARTESIAN_POINT('',(80.615123410518,46.970648243384,26.6));
#13833 = CARTESIAN_POINT('',(80.552428673635,46.862915883313,26.6));
#13834 = CARTESIAN_POINT('',(80.452036278718,46.727960327866,26.6));
#13835 = CARTESIAN_POINT('',(80.424098443263,46.693418983073,26.6));
#13836 = CARTESIAN_POINT('',(80.394744779638,46.659988506582,26.6));
#13837 = CARTESIAN_POINT('',(80.364011412704,46.62769740145,26.6));
#13838 = CARTESIAN_POINT('',(80.331942584077,46.596565831528,26.6));
#13839 = CARTESIAN_POINT('',(80.298590652122,46.566605621467,26.6));
#13840 = ORIENTED_EDGE('',*,*,#13841,.F.);
#13841 = EDGE_CURVE('',#12394,#13825,#13842,.T.);
#13842 = LINE('',#13843,#13844);
#13843 = CARTESIAN_POINT('',(80.750855959869,47.46476630305,26.));
#13844 = VECTOR('',#13845,1.);
#13845 = DIRECTION('',(0.,0.,1.));
#13846 = SURFACE_OF_LINEAR_EXTRUSION('',#13847,#13851);
#13847 = B_SPLINE_CURVE_WITH_KNOTS('',2,(#13848,#13849,#13850),
  .UNSPECIFIED.,.F.,.F.,(3,3),(0.,1.),.PIECEWISE_BEZIER_KNOTS.);
#13848 = CARTESIAN_POINT('',(80.298590652122,46.566605621467,26.));
#13849 = CARTESIAN_POINT('',(80.674416752926,46.904212118799,26.));
#13850 = CARTESIAN_POINT('',(80.750855959869,47.46476630305,26.));
#13851 = VECTOR('',#13852,1.);
#13852 = DIRECTION('',(-0.,-0.,-1.));
#13853 = ADVANCED_FACE('',(#13854),#13881,.F.);
#13854 = FACE_BOUND('',#13855,.F.);
#13855 = EDGE_LOOP('',(#13856,#13857,#13865,#13880));
#13856 = ORIENTED_EDGE('',*,*,#12481,.F.);
#13857 = ORIENTED_EDGE('',*,*,#13858,.T.);
#13858 = EDGE_CURVE('',#12474,#13859,#13861,.T.);
#13859 = VERTEX_POINT('',#13860);
#13860 = CARTESIAN_POINT('',(79.374950234891,46.228999124134,26.6));
#13861 = LINE('',#13862,#13863);
#13862 = CARTESIAN_POINT('',(79.374950234891,46.228999124134,26.));
#13863 = VECTOR('',#13864,1.);
#13864 = DIRECTION('',(0.,0.,1.));
#13865 = ORIENTED_EDGE('',*,*,#13866,.F.);
#13866 = EDGE_CURVE('',#13817,#13859,#13867,.T.);
#13867 = B_SPLINE_CURVE_WITH_KNOTS('',6,(#13868,#13869,#13870,#13871,
    #13872,#13873,#13874,#13875,#13876,#13877,#13878,#13879),
  .UNSPECIFIED.,.F.,.F.,(7,5,7),(0.,0.340680608655,1.),.UNSPECIFIED.);
#13868 = CARTESIAN_POINT('',(80.298590652122,46.566605621467,26.6));
#13869 = CARTESIAN_POINT('',(80.255982071357,46.528330116711,26.6));
#13870 = CARTESIAN_POINT('',(80.211762444925,46.492402539588,26.6));
#13871 = CARTESIAN_POINT('',(80.165962345356,46.458945480447,26.6));
#13872 = CARTESIAN_POINT('',(80.118630266574,46.428060667621,26.6));
#13873 = CARTESIAN_POINT('',(80.069835314438,46.399824462363,26.6));
#13874 = CARTESIAN_POINT('',(79.922584734632,46.324853630611,26.6));
#13875 = CARTESIAN_POINT('',(79.820333243846,46.285501023571,26.6));
#13876 = CARTESIAN_POINT('',(79.713628535309,46.256602072869,26.6));
#13877 = CARTESIAN_POINT('',(79.603283303105,46.237953582785,26.6));
#13878 = CARTESIAN_POINT('',(79.49012846189,46.228999124134,26.6));
#13879 = CARTESIAN_POINT('',(79.374950234891,46.228999124134,26.6));
#13880 = ORIENTED_EDGE('',*,*,#13816,.F.);
#13881 = SURFACE_OF_LINEAR_EXTRUSION('',#13882,#13886);
#13882 = B_SPLINE_CURVE_WITH_KNOTS('',2,(#13883,#13884,#13885),
  .UNSPECIFIED.,.F.,.F.,(3,3),(0.,1.),.PIECEWISE_BEZIER_KNOTS.);
#13883 = CARTESIAN_POINT('',(79.374950234891,46.228999124134,26.));
#13884 = CARTESIAN_POINT('',(79.922764551318,46.228999124134,26.));
#13885 = CARTESIAN_POINT('',(80.298590652122,46.566605621467,26.));
#13886 = VECTOR('',#13887,1.);
#13887 = DIRECTION('',(-0.,-0.,-1.));
#13888 = ADVANCED_FACE('',(#13889),#13916,.F.);
#13889 = FACE_BOUND('',#13890,.F.);
#13890 = EDGE_LOOP('',(#13891,#13892,#13900,#13915));
#13891 = ORIENTED_EDGE('',*,*,#12473,.F.);
#13892 = ORIENTED_EDGE('',*,*,#13893,.T.);
#13893 = EDGE_CURVE('',#12466,#13894,#13896,.T.);
#13894 = VERTEX_POINT('',#13895);
#13895 = CARTESIAN_POINT('',(78.438569949837,46.566605621467,26.6));
#13896 = LINE('',#13897,#13898);
#13897 = CARTESIAN_POINT('',(78.438569949837,46.566605621467,26.));
#13898 = VECTOR('',#13899,1.);
#13899 = DIRECTION('',(0.,0.,1.));
#13900 = ORIENTED_EDGE('',*,*,#13901,.F.);
#13901 = EDGE_CURVE('',#13859,#13894,#13902,.T.);
#13902 = B_SPLINE_CURVE_WITH_KNOTS('',6,(#13903,#13904,#13905,#13906,
    #13907,#13908,#13909,#13910,#13911,#13912,#13913,#13914),
  .UNSPECIFIED.,.F.,.F.,(7,5,7),(0.,0.70400340705,1.),.UNSPECIFIED.);
#13903 = CARTESIAN_POINT('',(79.374950234891,46.228999124134,26.6));
#13904 = CARTESIAN_POINT('',(79.249929393091,46.228999124134,26.6));
#13905 = CARTESIAN_POINT('',(79.127280424622,46.239075302674,26.6));
#13906 = CARTESIAN_POINT('',(79.007989683964,46.260176490283,26.6));
#13907 = CARTESIAN_POINT('',(78.893121730448,46.29304289893,26.6));
#13908 = CARTESIAN_POINT('',(78.783723727702,46.337963839817,26.6));
#13909 = CARTESIAN_POINT('',(78.637371325369,46.418165821007,26.6));
#13910 = CARTESIAN_POINT('',(78.595169677037,46.443949508638,26.6));
#13911 = CARTESIAN_POINT('',(78.554147554241,46.471743837793,26.6));
#13912 = CARTESIAN_POINT('',(78.514352316044,46.501497775281,26.6));
#13913 = CARTESIAN_POINT('',(78.475818657809,46.533144917695,26.6));
#13914 = CARTESIAN_POINT('',(78.438569949837,46.566605621467,26.6));
#13915 = ORIENTED_EDGE('',*,*,#13858,.F.);
#13916 = SURFACE_OF_LINEAR_EXTRUSION('',#13917,#13921);
#13917 = B_SPLINE_CURVE_WITH_KNOTS('',2,(#13918,#13919,#13920),
  .UNSPECIFIED.,.F.,.F.,(3,3),(0.,1.),.PIECEWISE_BEZIER_KNOTS.);
#13918 = CARTESIAN_POINT('',(78.438569949837,46.566605621467,26.));
#13919 = CARTESIAN_POINT('',(78.814396050641,46.228999124134,26.));
#13920 = CARTESIAN_POINT('',(79.374950234891,46.228999124134,26.));
#13921 = VECTOR('',#13922,1.);
#13922 = DIRECTION('',(-0.,-0.,-1.));
#13923 = ADVANCED_FACE('',(#13924),#13951,.F.);
#13924 = FACE_BOUND('',#13925,.F.);
#13925 = EDGE_LOOP('',(#13926,#13927,#13935,#13950));
#13926 = ORIENTED_EDGE('',*,*,#12465,.F.);
#13927 = ORIENTED_EDGE('',*,*,#13928,.T.);
#13928 = EDGE_CURVE('',#12458,#13929,#13931,.T.);
#13929 = VERTEX_POINT('',#13930);
#13930 = CARTESIAN_POINT('',(77.999044509913,47.46476630305,26.6));
#13931 = LINE('',#13932,#13933);
#13932 = CARTESIAN_POINT('',(77.999044509913,47.46476630305,26.));
#13933 = VECTOR('',#13934,1.);
#13934 = DIRECTION('',(0.,0.,1.));
#13935 = ORIENTED_EDGE('',*,*,#13936,.F.);
#13936 = EDGE_CURVE('',#13894,#13929,#13937,.T.);
#13937 = B_SPLINE_CURVE_WITH_KNOTS('',6,(#13938,#13939,#13940,#13941,
    #13942,#13943,#13944,#13945,#13946,#13947,#13948,#13949),
  .UNSPECIFIED.,.F.,.F.,(7,5,7),(0.,0.28184311707,1.),.UNSPECIFIED.);
#13938 = CARTESIAN_POINT('',(78.438569949837,46.566605621467,26.6));
#13939 = CARTESIAN_POINT('',(78.403026811901,46.598534203002,26.6));
#13940 = CARTESIAN_POINT('',(78.368990211885,46.631810569778,26.6));
#13941 = CARTESIAN_POINT('',(78.336528999835,46.66642091233,26.6));
#13942 = CARTESIAN_POINT('',(78.305702064003,46.70234088818,26.6));
#13943 = CARTESIAN_POINT('',(78.27655689347,46.739534465529,26.6));
#13944 = CARTESIAN_POINT('',(78.179237672125,46.875845409755,26.6));
#13945 = CARTESIAN_POINT('',(78.120463707542,46.981728299271,26.6));
#13946 = CARTESIAN_POINT('',(78.073455959739,47.094723110483,26.6));
#13947 = CARTESIAN_POINT('',(78.03802609681,47.213689787271,26.6));
#13948 = CARTESIAN_POINT('',(78.013515773535,47.337419183175,26.6));
#13949 = CARTESIAN_POINT('',(77.999044509913,47.46476630305,26.6));
#13950 = ORIENTED_EDGE('',*,*,#13893,.F.);
#13951 = SURFACE_OF_LINEAR_EXTRUSION('',#13952,#13956);
#13952 = B_SPLINE_CURVE_WITH_KNOTS('',2,(#13953,#13954,#13955),
  .UNSPECIFIED.,.F.,.F.,(3,3),(0.,1.),.PIECEWISE_BEZIER_KNOTS.);
#13953 = CARTESIAN_POINT('',(77.999044509913,47.46476630305,26.));
#13954 = CARTESIAN_POINT('',(78.062743849033,46.904212118799,26.));
#13955 = CARTESIAN_POINT('',(78.438569949837,46.566605621467,26.));
#13956 = VECTOR('',#13957,1.);
#13957 = DIRECTION('',(-0.,-0.,-1.));
#13958 = ADVANCED_FACE('',(#13959),#13983,.F.);
#13959 = FACE_BOUND('',#13960,.F.);
#13960 = EDGE_LOOP('',(#13961,#13962,#13970,#13982));
#13961 = ORIENTED_EDGE('',*,*,#12457,.F.);
#13962 = ORIENTED_EDGE('',*,*,#13963,.T.);
#13963 = EDGE_CURVE('',#12450,#13964,#13966,.T.);
#13964 = VERTEX_POINT('',#13965);
#13965 = CARTESIAN_POINT('',(77.948085038618,48.764232821084,26.6));
#13966 = LINE('',#13967,#13968);
#13967 = CARTESIAN_POINT('',(77.948085038618,48.764232821084,26.));
#13968 = VECTOR('',#13969,1.);
#13969 = DIRECTION('',(0.,0.,1.));
#13970 = ORIENTED_EDGE('',*,*,#13971,.F.);
#13971 = EDGE_CURVE('',#13929,#13964,#13972,.T.);
#13972 = B_SPLINE_CURVE_WITH_KNOTS('',8,(#13973,#13974,#13975,#13976,
    #13977,#13978,#13979,#13980,#13981),.UNSPECIFIED.,.F.,.F.,(9,9),(0.,
    1.),.PIECEWISE_BEZIER_KNOTS.);
#13973 = CARTESIAN_POINT('',(77.999044509913,47.46476630305,26.6));
#13974 = CARTESIAN_POINT('',(77.983623322962,47.603556985609,26.6));
#13975 = CARTESIAN_POINT('',(77.971888784691,47.75316668851,26.6));
#13976 = CARTESIAN_POINT('',(77.963041434634,47.910617081472,26.6));
#13977 = CARTESIAN_POINT('',(77.956589345877,48.073958477004,26.6));
#13978 = CARTESIAN_POINT('',(77.952132293348,48.241726652713,26.6));
#13979 = CARTESIAN_POINT('',(77.949376079043,48.4129842055,26.6));
#13980 = CARTESIAN_POINT('',(77.948085038618,48.587194265583,26.6));
#13981 = CARTESIAN_POINT('',(77.948085038618,48.764232821084,26.6));
#13982 = ORIENTED_EDGE('',*,*,#13928,.F.);
#13983 = SURFACE_OF_LINEAR_EXTRUSION('',#13984,#13988);
#13984 = B_SPLINE_CURVE_WITH_KNOTS('',2,(#13985,#13986,#13987),
  .UNSPECIFIED.,.F.,.F.,(3,3),(0.,1.),.PIECEWISE_BEZIER_KNOTS.);
#13985 = CARTESIAN_POINT('',(77.948085038618,48.764232821084,26.));
#13986 = CARTESIAN_POINT('',(77.948085038618,47.923401544709,26.));
#13987 = CARTESIAN_POINT('',(77.999044509913,47.46476630305,26.));
#13988 = VECTOR('',#13989,1.);
#13989 = DIRECTION('',(-0.,-0.,-1.));
#13990 = ADVANCED_FACE('',(#13991),#14015,.F.);
#13991 = FACE_BOUND('',#13992,.F.);
#13992 = EDGE_LOOP('',(#13993,#13994,#14002,#14014));
#13993 = ORIENTED_EDGE('',*,*,#12449,.F.);
#13994 = ORIENTED_EDGE('',*,*,#13995,.T.);
#13995 = EDGE_CURVE('',#12442,#13996,#13998,.T.);
#13996 = VERTEX_POINT('',#13997);
#13997 = CARTESIAN_POINT('',(77.999044509913,50.063699339119,26.6));
#13998 = LINE('',#13999,#14000);
#13999 = CARTESIAN_POINT('',(77.999044509913,50.063699339119,26.));
#14000 = VECTOR('',#14001,1.);
#14001 = DIRECTION('',(0.,0.,1.));
#14002 = ORIENTED_EDGE('',*,*,#14003,.F.);
#14003 = EDGE_CURVE('',#13964,#13996,#14004,.T.);
#14004 = B_SPLINE_CURVE_WITH_KNOTS('',8,(#14005,#14006,#14007,#14008,
    #14009,#14010,#14011,#14012,#14013),.UNSPECIFIED.,.F.,.F.,(9,9),(0.,
    1.),.PIECEWISE_BEZIER_KNOTS.);
#14005 = CARTESIAN_POINT('',(77.948085038618,48.764232821084,26.6));
#14006 = CARTESIAN_POINT('',(77.948085038618,48.941271365276,26.6));
#14007 = CARTESIAN_POINT('',(77.949376078862,49.115481433548,26.6));
#14008 = CARTESIAN_POINT('',(77.952132293369,49.286738996587,26.6));
#14009 = CARTESIAN_POINT('',(77.956589346086,49.454507175692,26.6));
#14010 = CARTESIAN_POINT('',(77.963041435186,49.617848565397,26.6));
#14011 = CARTESIAN_POINT('',(77.971888784752,49.775298946701,26.6));
#14012 = CARTESIAN_POINT('',(77.983623321539,49.924908643751,26.6));
#14013 = CARTESIAN_POINT('',(77.999044509913,50.063699339119,26.6));
#14014 = ORIENTED_EDGE('',*,*,#13963,.F.);
#14015 = SURFACE_OF_LINEAR_EXTRUSION('',#14016,#14020);
#14016 = B_SPLINE_CURVE_WITH_KNOTS('',2,(#14017,#14018,#14019),
  .UNSPECIFIED.,.F.,.F.,(3,3),(0.,1.),.PIECEWISE_BEZIER_KNOTS.);
#14017 = CARTESIAN_POINT('',(77.999044509913,50.063699339119,26.));
#14018 = CARTESIAN_POINT('',(77.948085038618,49.60506409746,26.));
#14019 = CARTESIAN_POINT('',(77.948085038618,48.764232821084,26.));
#14020 = VECTOR('',#14021,1.);
#14021 = DIRECTION('',(-0.,-0.,-1.));
#14022 = ADVANCED_FACE('',(#14023),#14050,.F.);
#14023 = FACE_BOUND('',#14024,.F.);
#14024 = EDGE_LOOP('',(#14025,#14026,#14034,#14049));
#14025 = ORIENTED_EDGE('',*,*,#12441,.F.);
#14026 = ORIENTED_EDGE('',*,*,#14027,.T.);
#14027 = EDGE_CURVE('',#12434,#14028,#14030,.T.);
#14028 = VERTEX_POINT('',#14029);
#14029 = CARTESIAN_POINT('',(78.444939883749,50.961860020702,26.6));
#14030 = LINE('',#14031,#14032);
#14031 = CARTESIAN_POINT('',(78.444939883749,50.961860020702,26.));
#14032 = VECTOR('',#14033,1.);
#14033 = DIRECTION('',(0.,0.,1.));
#14034 = ORIENTED_EDGE('',*,*,#14035,.F.);
#14035 = EDGE_CURVE('',#13996,#14028,#14036,.T.);
#14036 = B_SPLINE_CURVE_WITH_KNOTS('',6,(#14037,#14038,#14039,#14040,
    #14041,#14042,#14043,#14044,#14045,#14046,#14047,#14048),
  .UNSPECIFIED.,.F.,.F.,(7,5,7),(0.,0.760150477819,1.),.UNSPECIFIED.);
#14037 = CARTESIAN_POINT('',(77.999044509913,50.063699339119,26.6));
#14038 = CARTESIAN_POINT('',(78.017403900048,50.198334866773,26.6));
#14039 = CARTESIAN_POINT('',(78.046393219363,50.32883009767,26.6));
#14040 = CARTESIAN_POINT('',(78.086952979242,50.453909645707,26.6));
#14041 = CARTESIAN_POINT('',(78.139785115932,50.572225549734,26.6));
#14042 = CARTESIAN_POINT('',(78.205078280932,50.682515121706,26.6));
#14043 = CARTESIAN_POINT('',(78.306389867714,50.815803881979,26.6));
#14044 = CARTESIAN_POINT('',(78.331859187154,50.846883901101,26.6));
#14045 = CARTESIAN_POINT('',(78.358477654967,50.877047957196,26.6));
#14046 = CARTESIAN_POINT('',(78.386219188364,50.906274849595,26.6));
#14047 = CARTESIAN_POINT('',(78.415052257155,50.934548913642,26.6));
#14048 = CARTESIAN_POINT('',(78.444939883749,50.961860020702,26.6));
#14049 = ORIENTED_EDGE('',*,*,#13995,.F.);
#14050 = SURFACE_OF_LINEAR_EXTRUSION('',#14051,#14055);
#14051 = B_SPLINE_CURVE_WITH_KNOTS('',2,(#14052,#14053,#14054),
  .UNSPECIFIED.,.F.,.F.,(3,3),(0.,1.),.PIECEWISE_BEZIER_KNOTS.);
#14052 = CARTESIAN_POINT('',(78.444939883749,50.961860020702,26.));
#14053 = CARTESIAN_POINT('',(78.075483716856,50.62425352337,26.));
#14054 = CARTESIAN_POINT('',(77.999044509913,50.063699339119,26.));
#14055 = VECTOR('',#14056,1.);
#14056 = DIRECTION('',(-0.,-0.,-1.));
#14057 = ADVANCED_FACE('',(#14058),#14085,.F.);
#14058 = FACE_BOUND('',#14059,.F.);
#14059 = EDGE_LOOP('',(#14060,#14061,#14069,#14084));
#14060 = ORIENTED_EDGE('',*,*,#12433,.F.);
#14061 = ORIENTED_EDGE('',*,*,#14062,.T.);
#14062 = EDGE_CURVE('',#12426,#14063,#14065,.T.);
#14063 = VERTEX_POINT('',#14064);
#14064 = CARTESIAN_POINT('',(79.374950234891,51.299466518035,26.6));
#14065 = LINE('',#14066,#14067);
#14066 = CARTESIAN_POINT('',(79.374950234891,51.299466518035,26.));
#14067 = VECTOR('',#14068,1.);
#14068 = DIRECTION('',(0.,0.,1.));
#14069 = ORIENTED_EDGE('',*,*,#14070,.F.);
#14070 = EDGE_CURVE('',#14028,#14063,#14071,.T.);
#14071 = B_SPLINE_CURVE_WITH_KNOTS('',6,(#14072,#14073,#14074,#14075,
    #14076,#14077,#14078,#14079,#14080,#14081,#14082,#14083),
  .UNSPECIFIED.,.F.,.F.,(7,5,7),(0.,0.283744663843,1.),.UNSPECIFIED.);
#14072 = CARTESIAN_POINT('',(78.444939883749,50.961860020702,26.6));
#14073 = CARTESIAN_POINT('',(78.480110761257,50.993998926011,26.6));
#14074 = CARTESIAN_POINT('',(78.516495546162,51.024461891569,26.6));
#14075 = CARTESIAN_POINT('',(78.554073323971,51.053177859554,26.6));
#14076 = CARTESIAN_POINT('',(78.592813071801,51.080087454848,26.6));
#14077 = CARTESIAN_POINT('',(78.632672529343,51.105144733275,26.6));
#14078 = CARTESIAN_POINT('',(78.776902697174,51.186817446559,26.6));
#14079 = CARTESIAN_POINT('',(78.887037335976,51.233340900015,26.6));
#14080 = CARTESIAN_POINT('',(79.003043334197,51.26732360875,26.6));
#14081 = CARTESIAN_POINT('',(79.123784171741,51.289094327449,26.6));
#14082 = CARTESIAN_POINT('',(79.248106333555,51.299466518035,26.6));
#14083 = CARTESIAN_POINT('',(79.374950234891,51.299466518035,26.6));
#14084 = ORIENTED_EDGE('',*,*,#14027,.F.);
#14085 = SURFACE_OF_LINEAR_EXTRUSION('',#14086,#14090);
#14086 = B_SPLINE_CURVE_WITH_KNOTS('',2,(#14087,#14088,#14089),
  .UNSPECIFIED.,.F.,.F.,(3,3),(0.,1.),.PIECEWISE_BEZIER_KNOTS.);
#14087 = CARTESIAN_POINT('',(79.374950234891,51.299466518035,26.));
#14088 = CARTESIAN_POINT('',(78.814396050641,51.299466518035,26.));
#14089 = CARTESIAN_POINT('',(78.444939883749,50.961860020702,26.));
#14090 = VECTOR('',#14091,1.);
#14091 = DIRECTION('',(-0.,-0.,-1.));
#14092 = ADVANCED_FACE('',(#14093),#14120,.F.);
#14093 = FACE_BOUND('',#14094,.F.);
#14094 = EDGE_LOOP('',(#14095,#14096,#14104,#14119));
#14095 = ORIENTED_EDGE('',*,*,#12425,.F.);
#14096 = ORIENTED_EDGE('',*,*,#14097,.T.);
#14097 = EDGE_CURVE('',#12418,#14098,#14100,.T.);
#14098 = VERTEX_POINT('',#14099);
#14099 = CARTESIAN_POINT('',(80.311330519946,50.961860020702,26.6));
#14100 = LINE('',#14101,#14102);
#14101 = CARTESIAN_POINT('',(80.311330519946,50.961860020702,26.));
#14102 = VECTOR('',#14103,1.);
#14103 = DIRECTION('',(0.,0.,1.));
#14104 = ORIENTED_EDGE('',*,*,#14105,.F.);
#14105 = EDGE_CURVE('',#14063,#14098,#14106,.T.);
#14106 = B_SPLINE_CURVE_WITH_KNOTS('',6,(#14107,#14108,#14109,#14110,
    #14111,#14112,#14113,#14114,#14115,#14116,#14117,#14118),
  .UNSPECIFIED.,.F.,.F.,(7,5,7),(0.,0.70400340705,1.),.UNSPECIFIED.);
#14107 = CARTESIAN_POINT('',(79.374950234891,51.299466518035,26.6));
#14108 = CARTESIAN_POINT('',(79.499971076691,51.299466518035,26.6));
#14109 = CARTESIAN_POINT('',(79.622620045161,51.289390339495,26.6));
#14110 = CARTESIAN_POINT('',(79.741910785819,51.268289151886,26.6));
#14111 = CARTESIAN_POINT('',(79.856778739334,51.235422743239,26.6));
#14112 = CARTESIAN_POINT('',(79.96617674208,51.190501802352,26.6));
#14113 = CARTESIAN_POINT('',(80.112529144414,51.110299821162,26.6));
#14114 = CARTESIAN_POINT('',(80.154730792746,51.084516133531,26.6));
#14115 = CARTESIAN_POINT('',(80.195752915542,51.056721804376,26.6));
#14116 = CARTESIAN_POINT('',(80.235548153739,51.026967866888,26.6));
#14117 = CARTESIAN_POINT('',(80.274081811974,50.995320724474,26.6));
#14118 = CARTESIAN_POINT('',(80.311330519946,50.961860020702,26.6));
#14119 = ORIENTED_EDGE('',*,*,#14062,.F.);
#14120 = SURFACE_OF_LINEAR_EXTRUSION('',#14121,#14125);
#14121 = B_SPLINE_CURVE_WITH_KNOTS('',2,(#14122,#14123,#14124),
  .UNSPECIFIED.,.F.,.F.,(3,3),(0.,1.),.PIECEWISE_BEZIER_KNOTS.);
#14122 = CARTESIAN_POINT('',(80.311330519946,50.961860020702,26.));
#14123 = CARTESIAN_POINT('',(79.935504419142,51.299466518035,26.));
#14124 = CARTESIAN_POINT('',(79.374950234891,51.299466518035,26.));
#14125 = VECTOR('',#14126,1.);
#14126 = DIRECTION('',(-0.,-0.,-1.));
#14127 = ADVANCED_FACE('',(#14128),#14155,.F.);
#14128 = FACE_BOUND('',#14129,.F.);
#14129 = EDGE_LOOP('',(#14130,#14131,#14139,#14154));
#14130 = ORIENTED_EDGE('',*,*,#12417,.F.);
#14131 = ORIENTED_EDGE('',*,*,#14132,.T.);
#14132 = EDGE_CURVE('',#12410,#14133,#14135,.T.);
#14133 = VERTEX_POINT('',#14134);
#14134 = CARTESIAN_POINT('',(80.750855959869,50.063699339119,26.6));
#14135 = LINE('',#14136,#14137);
#14136 = CARTESIAN_POINT('',(80.750855959869,50.063699339119,26.));
#14137 = VECTOR('',#14138,1.);
#14138 = DIRECTION('',(0.,0.,1.));
#14139 = ORIENTED_EDGE('',*,*,#14140,.F.);
#14140 = EDGE_CURVE('',#14098,#14133,#14141,.T.);
#14141 = B_SPLINE_CURVE_WITH_KNOTS('',6,(#14142,#14143,#14144,#14145,
    #14146,#14147,#14148,#14149,#14150,#14151,#14152,#14153),
  .UNSPECIFIED.,.F.,.F.,(7,5,7),(0.,0.28184311707,1.),.UNSPECIFIED.);
#14142 = CARTESIAN_POINT('',(80.311330519946,50.961860020702,26.6));
#14143 = CARTESIAN_POINT('',(80.346873657882,50.929931439167,26.6));
#14144 = CARTESIAN_POINT('',(80.380910257898,50.896655072391,26.6));
#14145 = CARTESIAN_POINT('',(80.413371469948,50.862044729839,26.6));
#14146 = CARTESIAN_POINT('',(80.44419840578,50.826124753989,26.6));
#14147 = CARTESIAN_POINT('',(80.473343576312,50.78893117664,26.6));
#14148 = CARTESIAN_POINT('',(80.570662797657,50.652620232414,26.6));
#14149 = CARTESIAN_POINT('',(80.62943676224,50.546737342898,26.6));
#14150 = CARTESIAN_POINT('',(80.676444510044,50.433742531686,26.6));
#14151 = CARTESIAN_POINT('',(80.711874372973,50.314775854898,26.6));
#14152 = CARTESIAN_POINT('',(80.736384696247,50.191046458994,26.6));
#14153 = CARTESIAN_POINT('',(80.750855959869,50.063699339119,26.6));
#14154 = ORIENTED_EDGE('',*,*,#14097,.F.);
#14155 = SURFACE_OF_LINEAR_EXTRUSION('',#14156,#14160);
#14156 = B_SPLINE_CURVE_WITH_KNOTS('',2,(#14157,#14158,#14159),
  .UNSPECIFIED.,.F.,.F.,(3,3),(0.,1.),.PIECEWISE_BEZIER_KNOTS.);
#14157 = CARTESIAN_POINT('',(80.750855959869,50.063699339119,26.));
#14158 = CARTESIAN_POINT('',(80.68715662075,50.62425352337,26.));
#14159 = CARTESIAN_POINT('',(80.311330519946,50.961860020702,26.));
#14160 = VECTOR('',#14161,1.);
#14161 = DIRECTION('',(-0.,-0.,-1.));
#14162 = ADVANCED_FACE('',(#14163),#14187,.F.);
#14163 = FACE_BOUND('',#14164,.F.);
#14164 = EDGE_LOOP('',(#14165,#14166,#14174,#14186));
#14165 = ORIENTED_EDGE('',*,*,#12409,.F.);
#14166 = ORIENTED_EDGE('',*,*,#14167,.T.);
#14167 = EDGE_CURVE('',#12402,#14168,#14170,.T.);
#14168 = VERTEX_POINT('',#14169);
#14169 = CARTESIAN_POINT('',(80.801815431165,48.764232821084,26.6));
#14170 = LINE('',#14171,#14172);
#14171 = CARTESIAN_POINT('',(80.801815431165,48.764232821084,26.));
#14172 = VECTOR('',#14173,1.);
#14173 = DIRECTION('',(0.,0.,1.));
#14174 = ORIENTED_EDGE('',*,*,#14175,.F.);
#14175 = EDGE_CURVE('',#14133,#14168,#14176,.T.);
#14176 = B_SPLINE_CURVE_WITH_KNOTS('',8,(#14177,#14178,#14179,#14180,
    #14181,#14182,#14183,#14184,#14185),.UNSPECIFIED.,.F.,.F.,(9,9),(0.,
    1.),.PIECEWISE_BEZIER_KNOTS.);
#14177 = CARTESIAN_POINT('',(80.750855959869,50.063699339119,26.6));
#14178 = CARTESIAN_POINT('',(80.76627714682,49.92490865656,26.6));
#14179 = CARTESIAN_POINT('',(80.778011685092,49.775298953659,26.6));
#14180 = CARTESIAN_POINT('',(80.786859035148,49.617848560698,26.6));
#14181 = CARTESIAN_POINT('',(80.793311123905,49.454507165163,26.6));
#14182 = CARTESIAN_POINT('',(80.797768176435,49.286738989457,26.6));
#14183 = CARTESIAN_POINT('',(80.800524390739,49.115481436669,26.6));
#14184 = CARTESIAN_POINT('',(80.801815431165,48.941271376586,26.6));
#14185 = CARTESIAN_POINT('',(80.801815431165,48.764232821084,26.6));
#14186 = ORIENTED_EDGE('',*,*,#14132,.F.);
#14187 = SURFACE_OF_LINEAR_EXTRUSION('',#14188,#14192);
#14188 = B_SPLINE_CURVE_WITH_KNOTS('',2,(#14189,#14190,#14191),
  .UNSPECIFIED.,.F.,.F.,(3,3),(0.,1.),.PIECEWISE_BEZIER_KNOTS.);
#14189 = CARTESIAN_POINT('',(80.801815431165,48.764232821084,26.));
#14190 = CARTESIAN_POINT('',(80.801815431165,49.60506409746,26.));
#14191 = CARTESIAN_POINT('',(80.750855959869,50.063699339119,26.));
#14192 = VECTOR('',#14193,1.);
#14193 = DIRECTION('',(-0.,-0.,-1.));
#14194 = ADVANCED_FACE('',(#14195),#14212,.F.);
#14195 = FACE_BOUND('',#14196,.F.);
#14196 = EDGE_LOOP('',(#14197,#14198,#14199,#14211));
#14197 = ORIENTED_EDGE('',*,*,#12401,.F.);
#14198 = ORIENTED_EDGE('',*,*,#13841,.T.);
#14199 = ORIENTED_EDGE('',*,*,#14200,.F.);
#14200 = EDGE_CURVE('',#14168,#13825,#14201,.T.);
#14201 = B_SPLINE_CURVE_WITH_KNOTS('',8,(#14202,#14203,#14204,#14205,
    #14206,#14207,#14208,#14209,#14210),.UNSPECIFIED.,.F.,.F.,(9,9),(0.,
    1.),.PIECEWISE_BEZIER_KNOTS.);
#14202 = CARTESIAN_POINT('',(80.801815431165,48.764232821084,26.6));
#14203 = CARTESIAN_POINT('',(80.801815431165,48.58802168732,26.6));
#14204 = CARTESIAN_POINT('',(80.800496815883,48.414502316686,26.6));
#14205 = CARTESIAN_POINT('',(80.79768883632,48.243849634278,26.6));
#14206 = CARTESIAN_POINT('',(80.793166741957,48.07657375547,26.6));
#14207 = CARTESIAN_POINT('',(80.786650944393,47.913519432703,26.6));
#14208 = CARTESIAN_POINT('',(80.777772596849,47.755950939256,26.6));
#14209 = CARTESIAN_POINT('',(80.766075292257,47.605545127637,26.6));
#14210 = CARTESIAN_POINT('',(80.750855959869,47.46476630305,26.6));
#14211 = ORIENTED_EDGE('',*,*,#14167,.F.);
#14212 = SURFACE_OF_LINEAR_EXTRUSION('',#14213,#14217);
#14213 = B_SPLINE_CURVE_WITH_KNOTS('',2,(#14214,#14215,#14216),
  .UNSPECIFIED.,.F.,.F.,(3,3),(0.,1.),.PIECEWISE_BEZIER_KNOTS.);
#14214 = CARTESIAN_POINT('',(80.750855959869,47.46476630305,26.));
#14215 = CARTESIAN_POINT('',(80.801815431165,47.936141412533,26.));
#14216 = CARTESIAN_POINT('',(80.801815431165,48.764232821084,26.));
#14217 = VECTOR('',#14218,1.);
#14218 = DIRECTION('',(-0.,-0.,-1.));
#14219 = ADVANCED_FACE('',(#14220),#14308,.F.);
#14220 = FACE_BOUND('',#14221,.F.);
#14221 = EDGE_LOOP('',(#14222,#14223,#14231,#14302));
#14222 = ORIENTED_EDGE('',*,*,#12544,.F.);
#14223 = ORIENTED_EDGE('',*,*,#14224,.T.);
#14224 = EDGE_CURVE('',#12545,#14225,#14227,.T.);
#14225 = VERTEX_POINT('',#14226);
#14226 = CARTESIAN_POINT('',(14.347479894896,51.481009634525,26.6));
#14227 = LINE('',#14228,#14229);
#14228 = CARTESIAN_POINT('',(14.347479894896,51.481009634525,26.));
#14229 = VECTOR('',#14230,1.);
#14230 = DIRECTION('',(0.,0.,1.));
#14231 = ORIENTED_EDGE('',*,*,#14232,.F.);
#14232 = EDGE_CURVE('',#14233,#14225,#14235,.T.);
#14233 = VERTEX_POINT('',#14234);
#14234 = CARTESIAN_POINT('',(10.907715582451,51.481009634525,26.6));
#14235 = B_SPLINE_CURVE_WITH_KNOTS('',5,(#14236,#14237,#14238,#14239,
    #14240,#14241,#14242,#14243,#14244,#14245,#14246,#14247,#14248,
    #14249,#14250,#14251,#14252,#14253,#14254,#14255,#14256,#14257,
    #14258,#14259,#14260,#14261,#14262,#14263,#14264,#14265,#14266,
    #14267,#14268,#14269,#14270,#14271,#14272,#14273,#14274,#14275,
    #14276,#14277,#14278,#14279,#14280,#14281,#14282,#14283,#14284,
    #14285,#14286,#14287,#14288,#14289,#14290,#14291,#14292,#14293,
    #14294,#14295,#14296,#14297,#14298,#14299,#14300,#14301),
  .UNSPECIFIED.,.F.,.F.,(6,4,4,4,4,4,4,4,4,4,4,4,4,4,4,4,6),(0.,
    7.251375717559E-02,0.124290375507,0.160933438811,0.250000315716,
    0.355420111375,0.398799197415,0.459475987287,0.5,0.540524012713,
    0.601200802585,0.644579888625,0.749999684284,0.839066561189,
    0.875709624493,0.927486242824,1.),.UNSPECIFIED.);
#14236 = CARTESIAN_POINT('',(10.907715582451,51.481009634525,26.6));
#14237 = CARTESIAN_POINT('',(10.907715582451,51.557170587637,26.6));
#14238 = CARTESIAN_POINT('',(10.911931387551,51.633846502999,26.6));
#14239 = CARTESIAN_POINT('',(10.920476741621,51.710656720732,26.6));
#14240 = CARTESIAN_POINT('',(10.933402912895,51.7872091959,26.6));
#14241 = CARTESIAN_POINT('',(10.963045544477,51.91730084757,26.6));
#14242 = CARTESIAN_POINT('',(10.977621098512,51.971161405764,26.6));
#14243 = CARTESIAN_POINT('',(10.99441913692,52.024545226508,26.6));
#14244 = CARTESIAN_POINT('',(11.013419150296,52.077310646876,26.6));
#14245 = CARTESIAN_POINT('',(11.049563909935,52.166124929959,26.6));
#14246 = CARTESIAN_POINT('',(11.065627789941,52.20255216365,26.6));
#14247 = CARTESIAN_POINT('',(11.082763487636,52.238550783004,26.6));
#14248 = CARTESIAN_POINT('',(11.10095438078,52.274072831753,26.6));
#14249 = CARTESIAN_POINT('',(11.166911321853,52.394141925923,26.6));
#14250 = CARTESIAN_POINT('',(11.219758091196,52.476123563435,26.6));
#14251 = CARTESIAN_POINT('',(11.278424379417,52.554341066669,26.6));
#14252 = CARTESIAN_POINT('',(11.342497945626,52.628190512491,26.6));
#14253 = CARTESIAN_POINT('',(11.49307800305,52.778770569915,26.6));
#14254 = CARTESIAN_POINT('',(11.581551056761,52.853548099913,26.6));
#14255 = CARTESIAN_POINT('',(11.676007142086,52.920614574942,26.6));
#14256 = CARTESIAN_POINT('',(11.775420554088,52.979320357365,26.6));
#14257 = CARTESIAN_POINT('',(11.921107243165,53.049796360679,26.6));
#14258 = CARTESIAN_POINT('',(11.964223777136,53.068856810849,26.6));
#14259 = CARTESIAN_POINT('',(12.007905401237,53.086403588928,26.6));
#14260 = CARTESIAN_POINT('',(12.05207052717,53.102415917927,26.6));
#14261 = CARTESIAN_POINT('',(12.158971365012,53.137113210737,26.6));
#14262 = CARTESIAN_POINT('',(12.222090384404,53.154318007156,26.6));
#14263 = CARTESIAN_POINT('',(12.285763228859,53.168458850809,26.6));
#14264 = CARTESIAN_POINT('',(12.349759603735,53.179530287969,26.6));
#14265 = CARTESIAN_POINT('',(12.456651140858,53.192918718121,26.6));
#14266 = CARTESIAN_POINT('',(12.499495436177,53.196922063018,26.6));
#14267 = CARTESIAN_POINT('',(12.54231268131,53.199575176841,26.6));
#14268 = CARTESIAN_POINT('',(12.585035503368,53.200891790748,26.6));
#14269 = CARTESIAN_POINT('',(12.670159973979,53.200891790748,26.6));
#14270 = CARTESIAN_POINT('',(12.712882796037,53.199575176841,26.6));
#14271 = CARTESIAN_POINT('',(12.75570004117,53.196922063018,26.6));
#14272 = CARTESIAN_POINT('',(12.798544336489,53.192918718121,26.6));
#14273 = CARTESIAN_POINT('',(12.905435873611,53.179530287969,26.6));
#14274 = CARTESIAN_POINT('',(12.969432248488,53.168458850809,26.6));
#14275 = CARTESIAN_POINT('',(13.033105092943,53.154318007156,26.6));
#14276 = CARTESIAN_POINT('',(13.096224112335,53.137113210737,26.6));
#14277 = CARTESIAN_POINT('',(13.203124950177,53.102415917927,26.6));
#14278 = CARTESIAN_POINT('',(13.24729007611,53.086403588928,26.6));
#14279 = CARTESIAN_POINT('',(13.29097170021,53.068856810849,26.6));
#14280 = CARTESIAN_POINT('',(13.334088234181,53.049796360679,26.6));
#14281 = CARTESIAN_POINT('',(13.479774923258,52.979320357365,26.6));
#14282 = CARTESIAN_POINT('',(13.579188335261,52.920614574942,26.6));
#14283 = CARTESIAN_POINT('',(13.673644420585,52.853548099913,26.6));
#14284 = CARTESIAN_POINT('',(13.762117474297,52.778770569915,26.6));
#14285 = CARTESIAN_POINT('',(13.912697531721,52.628190512491,26.6));
#14286 = CARTESIAN_POINT('',(13.97677109793,52.554341066669,26.6));
#14287 = CARTESIAN_POINT('',(14.035437386151,52.476123563435,26.6));
#14288 = CARTESIAN_POINT('',(14.088284155494,52.394141925923,26.6));
#14289 = CARTESIAN_POINT('',(14.154241096567,52.274072831754,26.6));
#14290 = CARTESIAN_POINT('',(14.17243198971,52.238550783004,26.6));
#14291 = CARTESIAN_POINT('',(14.189567687406,52.20255216365,26.6));
#14292 = CARTESIAN_POINT('',(14.205631567412,52.16612492996,26.6));
#14293 = CARTESIAN_POINT('',(14.24177632705,52.077310646876,26.6));
#14294 = CARTESIAN_POINT('',(14.260776340426,52.024545226509,26.6));
#14295 = CARTESIAN_POINT('',(14.277574378835,51.971161405764,26.6));
#14296 = CARTESIAN_POINT('',(14.29214993287,51.91730084757,26.6));
#14297 = CARTESIAN_POINT('',(14.321792564452,51.7872091959,26.6));
#14298 = CARTESIAN_POINT('',(14.334718735726,51.710656720732,26.6));
#14299 = CARTESIAN_POINT('',(14.343264089796,51.633846502999,26.6));
#14300 = CARTESIAN_POINT('',(14.347479894896,51.557170587637,26.6));
#14301 = CARTESIAN_POINT('',(14.347479894896,51.481009634525,26.6));
#14302 = ORIENTED_EDGE('',*,*,#14303,.F.);
#14303 = EDGE_CURVE('',#12547,#14233,#14304,.T.);
#14304 = LINE('',#14305,#14306);
#14305 = CARTESIAN_POINT('',(10.907715582451,51.481009634525,26.));
#14306 = VECTOR('',#14307,1.);
#14307 = DIRECTION('',(0.,0.,1.));
#14308 = SURFACE_OF_LINEAR_EXTRUSION('',#14309,#14315);
#14309 = ( BOUNDED_CURVE() B_SPLINE_CURVE(2,(#14310,#14311,#14312,#14313
,#14314),.UNSPECIFIED.,.F.,.F.) B_SPLINE_CURVE_WITH_KNOTS((3,2,3),(0.,
1.570796326795,3.14159265359),.PIECEWISE_BEZIER_KNOTS.) CURVE() 
GEOMETRIC_REPRESENTATION_ITEM() RATIONAL_B_SPLINE_CURVE((1.,
0.707106781187,1.,0.707106781187,1.)) REPRESENTATION_ITEM('') );
#14310 = CARTESIAN_POINT('',(14.347479894896,51.481009634525,26.));
#14311 = CARTESIAN_POINT('',(14.347479894896,53.200891790748,26.));
#14312 = CARTESIAN_POINT('',(12.627597738673,53.200891790748,26.));
#14313 = CARTESIAN_POINT('',(10.907715582451,53.200891790748,26.));
#14314 = CARTESIAN_POINT('',(10.907715582451,51.481009634525,26.));
#14315 = VECTOR('',#14316,1.);
#14316 = DIRECTION('',(-0.,-0.,-1.));
#14317 = ADVANCED_FACE('',(#14318),#14392,.F.);
#14318 = FACE_BOUND('',#14319,.F.);
#14319 = EDGE_LOOP('',(#14320,#14321,#14322,#14391));
#14320 = ORIENTED_EDGE('',*,*,#12556,.F.);
#14321 = ORIENTED_EDGE('',*,*,#14303,.T.);
#14322 = ORIENTED_EDGE('',*,*,#14323,.F.);
#14323 = EDGE_CURVE('',#14225,#14233,#14324,.T.);
#14324 = B_SPLINE_CURVE_WITH_KNOTS('',5,(#14325,#14326,#14327,#14328,
    #14329,#14330,#14331,#14332,#14333,#14334,#14335,#14336,#14337,
    #14338,#14339,#14340,#14341,#14342,#14343,#14344,#14345,#14346,
    #14347,#14348,#14349,#14350,#14351,#14352,#14353,#14354,#14355,
    #14356,#14357,#14358,#14359,#14360,#14361,#14362,#14363,#14364,
    #14365,#14366,#14367,#14368,#14369,#14370,#14371,#14372,#14373,
    #14374,#14375,#14376,#14377,#14378,#14379,#14380,#14381,#14382,
    #14383,#14384,#14385,#14386,#14387,#14388,#14389,#14390),
  .UNSPECIFIED.,.F.,.F.,(6,4,4,4,4,4,4,4,4,4,4,4,4,4,4,4,6),(0.,
    7.251375717564E-02,0.124290375507,0.160933438811,0.250000315716,
    0.355420111375,0.398799197415,0.459475987287,0.5,0.540524012713,
    0.601200802585,0.644579888625,0.749999684284,0.839066561189,
    0.875709624493,0.927486242824,1.),.UNSPECIFIED.);
#14325 = CARTESIAN_POINT('',(14.347479894896,51.481009634525,26.6));
#14326 = CARTESIAN_POINT('',(14.347479894896,51.404848681413,26.6));
#14327 = CARTESIAN_POINT('',(14.343264089796,51.328172766051,26.6));
#14328 = CARTESIAN_POINT('',(14.334718735726,51.251362548318,26.6));
#14329 = CARTESIAN_POINT('',(14.321792564452,51.17481007315,26.6));
#14330 = CARTESIAN_POINT('',(14.29214993287,51.04471842148,26.6));
#14331 = CARTESIAN_POINT('',(14.277574378835,50.990857863286,26.6));
#14332 = CARTESIAN_POINT('',(14.260776340427,50.937474042542,26.6));
#14333 = CARTESIAN_POINT('',(14.241776327051,50.884708622175,26.6));
#14334 = CARTESIAN_POINT('',(14.205631567412,50.795894339091,26.6));
#14335 = CARTESIAN_POINT('',(14.189567687406,50.7594671054,26.6));
#14336 = CARTESIAN_POINT('',(14.17243198971,50.723468486046,26.6));
#14337 = CARTESIAN_POINT('',(14.154241096567,50.687946437297,26.6));
#14338 = CARTESIAN_POINT('',(14.088284155494,50.567877343127,26.6));
#14339 = CARTESIAN_POINT('',(14.035437386151,50.485895705615,26.6));
#14340 = CARTESIAN_POINT('',(13.97677109793,50.407678202381,26.6));
#14341 = CARTESIAN_POINT('',(13.912697531721,50.333828756559,26.6));
#14342 = CARTESIAN_POINT('',(13.762117474297,50.183248699135,26.6));
#14343 = CARTESIAN_POINT('',(13.673644420586,50.108471169137,26.6));
#14344 = CARTESIAN_POINT('',(13.579188335261,50.041404694108,26.6));
#14345 = CARTESIAN_POINT('',(13.479774923259,49.982698911685,26.6));
#14346 = CARTESIAN_POINT('',(13.334088234181,49.912222908371,26.6));
#14347 = CARTESIAN_POINT('',(13.290971700211,49.893162458201,26.6));
#14348 = CARTESIAN_POINT('',(13.24729007611,49.875615680122,26.6));
#14349 = CARTESIAN_POINT('',(13.203124950177,49.859603351123,26.6));
#14350 = CARTESIAN_POINT('',(13.096224112335,49.824906058313,26.6));
#14351 = CARTESIAN_POINT('',(13.033105092943,49.807701261894,26.6));
#14352 = CARTESIAN_POINT('',(12.969432248488,49.793560418241,26.6));
#14353 = CARTESIAN_POINT('',(12.905435873612,49.782488981082,26.6));
#14354 = CARTESIAN_POINT('',(12.798544336489,49.769100550929,26.6));
#14355 = CARTESIAN_POINT('',(12.75570004117,49.765097206032,26.6));
#14356 = CARTESIAN_POINT('',(12.712882796037,49.762444092209,26.6));
#14357 = CARTESIAN_POINT('',(12.670159973979,49.761127478302,26.6));
#14358 = CARTESIAN_POINT('',(12.585035503368,49.761127478302,26.6));
#14359 = CARTESIAN_POINT('',(12.54231268131,49.762444092209,26.6));
#14360 = CARTESIAN_POINT('',(12.499495436177,49.765097206032,26.6));
#14361 = CARTESIAN_POINT('',(12.456651140858,49.769100550929,26.6));
#14362 = CARTESIAN_POINT('',(12.349759603736,49.782488981082,26.6));
#14363 = CARTESIAN_POINT('',(12.285763228859,49.793560418241,26.6));
#14364 = CARTESIAN_POINT('',(12.222090384404,49.807701261894,26.6));
#14365 = CARTESIAN_POINT('',(12.158971365012,49.824906058313,26.6));
#14366 = CARTESIAN_POINT('',(12.05207052717,49.859603351123,26.6));
#14367 = CARTESIAN_POINT('',(12.007905401237,49.875615680122,26.6));
#14368 = CARTESIAN_POINT('',(11.964223777137,49.893162458201,26.6));
#14369 = CARTESIAN_POINT('',(11.921107243166,49.912222908371,26.6));
#14370 = CARTESIAN_POINT('',(11.775420554089,49.982698911685,26.6));
#14371 = CARTESIAN_POINT('',(11.676007142086,50.041404694108,26.6));
#14372 = CARTESIAN_POINT('',(11.581551056762,50.108471169137,26.6));
#14373 = CARTESIAN_POINT('',(11.49307800305,50.183248699135,26.6));
#14374 = CARTESIAN_POINT('',(11.342497945626,50.333828756559,26.6));
#14375 = CARTESIAN_POINT('',(11.278424379417,50.407678202381,26.6));
#14376 = CARTESIAN_POINT('',(11.219758091196,50.485895705615,26.6));
#14377 = CARTESIAN_POINT('',(11.166911321853,50.567877343127,26.6));
#14378 = CARTESIAN_POINT('',(11.10095438078,50.687946437296,26.6));
#14379 = CARTESIAN_POINT('',(11.082763487637,50.723468486045,26.6));
#14380 = CARTESIAN_POINT('',(11.065627789941,50.7594671054,26.6));
#14381 = CARTESIAN_POINT('',(11.049563909935,50.79589433909,26.6));
#14382 = CARTESIAN_POINT('',(11.013419150297,50.884708622174,26.6));
#14383 = CARTESIAN_POINT('',(10.994419136921,50.937474042541,26.6));
#14384 = CARTESIAN_POINT('',(10.977621098512,50.990857863286,26.6));
#14385 = CARTESIAN_POINT('',(10.963045544477,51.04471842148,26.6));
#14386 = CARTESIAN_POINT('',(10.933402912895,51.17481007315,26.6));
#14387 = CARTESIAN_POINT('',(10.920476741621,51.251362548318,26.6));
#14388 = CARTESIAN_POINT('',(10.911931387551,51.328172766051,26.6));
#14389 = CARTESIAN_POINT('',(10.907715582451,51.404848681413,26.6));
#14390 = CARTESIAN_POINT('',(10.907715582451,51.481009634525,26.6));
#14391 = ORIENTED_EDGE('',*,*,#14224,.F.);
#14392 = SURFACE_OF_LINEAR_EXTRUSION('',#14393,#14399);
#14393 = ( BOUNDED_CURVE() B_SPLINE_CURVE(2,(#14394,#14395,#14396,#14397
,#14398),.UNSPECIFIED.,.F.,.F.) B_SPLINE_CURVE_WITH_KNOTS((3,2,3),(
    3.14159265359,4.712388980385,6.28318530718),
.PIECEWISE_BEZIER_KNOTS.) CURVE() GEOMETRIC_REPRESENTATION_ITEM() 
RATIONAL_B_SPLINE_CURVE((1.,0.707106781187,1.,0.707106781187,1.)) 
REPRESENTATION_ITEM('') );
#14394 = CARTESIAN_POINT('',(10.907715582451,51.481009634525,26.));
#14395 = CARTESIAN_POINT('',(10.907715582451,49.761127478302,26.));
#14396 = CARTESIAN_POINT('',(12.627597738673,49.761127478302,26.));
#14397 = CARTESIAN_POINT('',(14.347479894896,49.761127478302,26.));
#14398 = CARTESIAN_POINT('',(14.347479894896,51.481009634525,26.));
#14399 = VECTOR('',#14400,1.);
#14400 = DIRECTION('',(-0.,-0.,-1.));
#14401 = ADVANCED_FACE('',(#14402),#14498,.F.);
#14402 = FACE_BOUND('',#14403,.F.);
#14403 = EDGE_LOOP('',(#14404,#14405,#14413,#14492));
#14404 = ORIENTED_EDGE('',*,*,#12582,.F.);
#14405 = ORIENTED_EDGE('',*,*,#14406,.T.);
#14406 = EDGE_CURVE('',#12583,#14407,#14409,.T.);
#14407 = VERTEX_POINT('',#14408);
#14408 = CARTESIAN_POINT('',(19.93709690262,51.337686121506,26.6));
#14409 = LINE('',#14410,#14411);
#14410 = CARTESIAN_POINT('',(19.93709690262,51.337686121506,26.));
#14411 = VECTOR('',#14412,1.);
#14412 = DIRECTION('',(0.,0.,1.));
#14413 = ORIENTED_EDGE('',*,*,#14414,.F.);
#14414 = EDGE_CURVE('',#14415,#14407,#14417,.T.);
#14415 = VERTEX_POINT('',#14416);
#14416 = CARTESIAN_POINT('',(17.548371685644,51.337686121506,26.6));
#14417 = B_SPLINE_CURVE_WITH_KNOTS('',7,(#14418,#14419,#14420,#14421,
    #14422,#14423,#14424,#14425,#14426,#14427,#14428,#14429,#14430,
    #14431,#14432,#14433,#14434,#14435,#14436,#14437,#14438,#14439,
    #14440,#14441,#14442,#14443,#14444,#14445,#14446,#14447,#14448,
    #14449,#14450,#14451,#14452,#14453,#14454,#14455,#14456,#14457,
    #14458,#14459,#14460,#14461,#14462,#14463,#14464,#14465,#14466,
    #14467,#14468,#14469,#14470,#14471,#14472,#14473,#14474,#14475,
    #14476,#14477,#14478,#14479,#14480,#14481,#14482,#14483,#14484,
    #14485,#14486,#14487,#14488,#14489,#14490,#14491),.UNSPECIFIED.,.F.,
  .F.,(8,6,6,6,6,6,6,6,6,6,6,6,8),(0.,2.930940352123E-02,0.199516208638,
    0.354795906288,0.404454169874,0.479098582679,0.500000777739,
    0.520902972799,0.595547385603,0.645205649189,0.799332776128,
    0.970690607689,1.),.UNSPECIFIED.);
#14418 = CARTESIAN_POINT('',(17.548371685644,51.337686121507,26.6));
#14419 = CARTESIAN_POINT('',(17.548371685644,51.362056969562,26.6));
#14420 = CARTESIAN_POINT('',(17.548529067467,51.386451596255,26.6));
#14421 = CARTESIAN_POINT('',(17.548844379503,51.410867487152,26.6));
#14422 = CARTESIAN_POINT('',(17.549318209494,51.435302144732,26.6));
#14423 = CARTESIAN_POINT('',(17.549951184539,51.459753088385,26.6));
#14424 = CARTESIAN_POINT('',(17.550743971086,51.484217854416,26.6));
#14425 = CARTESIAN_POINT('',(17.557233341317,51.650832878667,26.6));
#14426 = CARTESIAN_POINT('',(17.568181568134,51.793312808874,26.6));
#14427 = CARTESIAN_POINT('',(17.58467550623,51.935720065747,26.6));
#14428 = CARTESIAN_POINT('',(17.60691903559,52.077575958282,26.6));
#14429 = CARTESIAN_POINT('',(17.635170068912,52.218327795013,26.6));
#14430 = CARTESIAN_POINT('',(17.669772601539,52.357314098783,26.6));
#14431 = CARTESIAN_POINT('',(17.749065183904,52.618132657866,26.6));
#14432 = CARTESIAN_POINT('',(17.792544207496,52.740200601428,26.6));
#14433 = CARTESIAN_POINT('',(17.842091495172,52.859482116087,26.6));
#14434 = CARTESIAN_POINT('',(17.898193263224,52.9750860647,26.6));
#14435 = CARTESIAN_POINT('',(17.961347830794,53.08562309797,26.6));
#14436 = CARTESIAN_POINT('',(18.032007960349,53.189216229901,26.6));
#14437 = CARTESIAN_POINT('',(18.135724773053,53.313438748107,26.6));
#14438 = CARTESIAN_POINT('',(18.161652606037,53.342553194482,26.6));
#14439 = CARTESIAN_POINT('',(18.188381258523,53.370592612645,26.6));
#14440 = CARTESIAN_POINT('',(18.215908056689,53.397455402943,26.6));
#14441 = CARTESIAN_POINT('',(18.244220909232,53.423031039271,26.6));
#14442 = CARTESIAN_POINT('',(18.27329604267,53.447203472224,26.6));
#14443 = CARTESIAN_POINT('',(18.347889503046,53.503902744041,26.6));
#14444 = CARTESIAN_POINT('',(18.394344964006,53.534532358522,26.6));
#14445 = CARTESIAN_POINT('',(18.442296213714,53.561306388176,26.6));
#14446 = CARTESIAN_POINT('',(18.491511703798,53.583811020631,26.6));
#14447 = CARTESIAN_POINT('',(18.541682722308,53.601696807436,26.6));
#14448 = CARTESIAN_POINT('',(18.592418451075,53.614735570657,26.6));
#14449 = CARTESIAN_POINT('',(18.657480961725,53.62517730743,26.6));
#14450 = CARTESIAN_POINT('',(18.671722997409,53.627079018827,26.6));
#14451 = CARTESIAN_POINT('',(18.685964169748,53.628597453318,26.6));
#14452 = CARTESIAN_POINT('',(18.700195078359,53.62973299048,26.6));
#14453 = CARTESIAN_POINT('',(18.714406461266,53.630487097625,26.6));
#14454 = CARTESIAN_POINT('',(18.728589194908,53.630862329803,26.6));
#14455 = CARTESIAN_POINT('',(18.756879393355,53.630862329803,26.6));
#14456 = CARTESIAN_POINT('',(18.771062126997,53.630487097625,26.6));
#14457 = CARTESIAN_POINT('',(18.785273509904,53.62973299048,26.6));
#14458 = CARTESIAN_POINT('',(18.799504418515,53.628597453318,26.6));
#14459 = CARTESIAN_POINT('',(18.813745590854,53.627079018827,26.6));
#14460 = CARTESIAN_POINT('',(18.827987626538,53.62517730743,26.6));
#14461 = CARTESIAN_POINT('',(18.893050137188,53.614735570657,26.6));
#14462 = CARTESIAN_POINT('',(18.943785865955,53.601696807436,26.6));
#14463 = CARTESIAN_POINT('',(18.993956884465,53.583811020631,26.6));
#14464 = CARTESIAN_POINT('',(19.04317237455,53.561306388176,26.6));
#14465 = CARTESIAN_POINT('',(19.091123624257,53.534532358522,26.6));
#14466 = CARTESIAN_POINT('',(19.137579085217,53.503902744041,26.6));
#14467 = CARTESIAN_POINT('',(19.212172545593,53.447203472224,26.6));
#14468 = CARTESIAN_POINT('',(19.241247679031,53.423031039271,26.6));
#14469 = CARTESIAN_POINT('',(19.269560531574,53.397455402943,26.6));
#14470 = CARTESIAN_POINT('',(19.29708732974,53.370592612645,26.6));
#14471 = CARTESIAN_POINT('',(19.323815982226,53.342553194483,26.6));
#14472 = CARTESIAN_POINT('',(19.34974381521,53.313438748108,26.6));
#14473 = CARTESIAN_POINT('',(19.452877324753,53.189914857112,26.6));
#14474 = CARTESIAN_POINT('',(19.523073398235,53.087157973959,26.6));
#14475 = CARTESIAN_POINT('',(19.585870630147,52.977541208407,26.6));
#14476 = CARTESIAN_POINT('',(19.641711585004,52.862906942429,26.6));
#14477 = CARTESIAN_POINT('',(19.69108379249,52.744620671118,26.6));
#14478 = CARTESIAN_POINT('',(19.73446409122,52.623561692056,26.6));
#14479 = CARTESIAN_POINT('',(19.814288089512,52.362950264193,26.6));
#14480 = CARTESIAN_POINT('',(19.849340946624,52.223084443913,26.6));
#14481 = CARTESIAN_POINT('',(19.8779467065,52.081410772901,26.6));
#14482 = CARTESIAN_POINT('',(19.900457941541,51.93860719875,26.6));
#14483 = CARTESIAN_POINT('',(19.917138715323,51.79523883841,26.6));
#14484 = CARTESIAN_POINT('',(19.92819780707,51.651794150038,26.6));
#14485 = CARTESIAN_POINT('',(19.934724617177,51.484217854416,26.6));
#14486 = CARTESIAN_POINT('',(19.935517403725,51.459753088386,26.6));
#14487 = CARTESIAN_POINT('',(19.936150378769,51.435302144732,26.6));
#14488 = CARTESIAN_POINT('',(19.936624208761,51.410867487152,26.6));
#14489 = CARTESIAN_POINT('',(19.936939520797,51.386451596255,26.6));
#14490 = CARTESIAN_POINT('',(19.93709690262,51.362056969562,26.6));
#14491 = CARTESIAN_POINT('',(19.93709690262,51.337686121507,26.6));
#14492 = ORIENTED_EDGE('',*,*,#14493,.F.);
#14493 = EDGE_CURVE('',#12585,#14415,#14494,.T.);
#14494 = LINE('',#14495,#14496);
#14495 = CARTESIAN_POINT('',(17.548371685644,51.337686121506,26.));
#14496 = VECTOR('',#14497,1.);
#14497 = DIRECTION('',(0.,0.,1.));
#14498 = SURFACE_OF_LINEAR_EXTRUSION('',#14499,#14505);
#14499 = ( BOUNDED_CURVE() B_SPLINE_CURVE(2,(#14500,#14501,#14502,#14503
,#14504),.UNSPECIFIED.,.F.,.F.) B_SPLINE_CURVE_WITH_KNOTS((3,2,3),(
    4.712388980385,6.28318530718,7.853981633974),
.PIECEWISE_BEZIER_KNOTS.) CURVE() GEOMETRIC_REPRESENTATION_ITEM() 
RATIONAL_B_SPLINE_CURVE((1.,0.707106781187,1.,0.707106781187,1.)) 
REPRESENTATION_ITEM('') );
#14500 = CARTESIAN_POINT('',(19.93709690262,51.337686121506,26.));
#14501 = CARTESIAN_POINT('',(19.93709690262,53.630862329803,26.));
#14502 = CARTESIAN_POINT('',(18.742734294132,53.630862329803,26.));
#14503 = CARTESIAN_POINT('',(17.548371685644,53.630862329803,26.));
#14504 = CARTESIAN_POINT('',(17.548371685644,51.337686121506,26.));
#14505 = VECTOR('',#14506,1.);
#14506 = DIRECTION('',(-0.,-0.,-1.));
#14507 = ADVANCED_FACE('',(#14508),#14590,.F.);
#14508 = FACE_BOUND('',#14509,.F.);
#14509 = EDGE_LOOP('',(#14510,#14511,#14512,#14589));
#14510 = ORIENTED_EDGE('',*,*,#12594,.F.);
#14511 = ORIENTED_EDGE('',*,*,#14493,.T.);
#14512 = ORIENTED_EDGE('',*,*,#14513,.F.);
#14513 = EDGE_CURVE('',#14407,#14415,#14514,.T.);
#14514 = B_SPLINE_CURVE_WITH_KNOTS('',7,(#14515,#14516,#14517,#14518,
    #14519,#14520,#14521,#14522,#14523,#14524,#14525,#14526,#14527,
    #14528,#14529,#14530,#14531,#14532,#14533,#14534,#14535,#14536,
    #14537,#14538,#14539,#14540,#14541,#14542,#14543,#14544,#14545,
    #14546,#14547,#14548,#14549,#14550,#14551,#14552,#14553,#14554,
    #14555,#14556,#14557,#14558,#14559,#14560,#14561,#14562,#14563,
    #14564,#14565,#14566,#14567,#14568,#14569,#14570,#14571,#14572,
    #14573,#14574,#14575,#14576,#14577,#14578,#14579,#14580,#14581,
    #14582,#14583,#14584,#14585,#14586,#14587,#14588),.UNSPECIFIED.,.F.,
  .F.,(8,6,6,6,6,6,6,6,6,6,6,6,8),(0.,2.930940352121E-02,0.199516208638,
    0.354795906288,0.404454169874,0.479098582679,0.500000777739,
    0.520902972799,0.595547385604,0.645205649189,0.799332776128,
    0.970690607689,1.),.UNSPECIFIED.);
#14515 = CARTESIAN_POINT('',(19.93709690262,51.337686121507,26.6));
#14516 = CARTESIAN_POINT('',(19.93709690262,51.313315273451,26.6));
#14517 = CARTESIAN_POINT('',(19.936939520797,51.288920646758,26.6));
#14518 = CARTESIAN_POINT('',(19.936624208761,51.264504755861,26.6));
#14519 = CARTESIAN_POINT('',(19.936150378769,51.240070098281,26.6));
#14520 = CARTESIAN_POINT('',(19.935517403725,51.215619154628,26.6));
#14521 = CARTESIAN_POINT('',(19.934724617177,51.191154388597,26.6));
#14522 = CARTESIAN_POINT('',(19.928235246946,51.024539364346,26.6));
#14523 = CARTESIAN_POINT('',(19.91728702013,50.882059434139,26.6));
#14524 = CARTESIAN_POINT('',(19.900793082033,50.739652177266,26.6));
#14525 = CARTESIAN_POINT('',(19.878549552673,50.59779628473,26.6));
#14526 = CARTESIAN_POINT('',(19.850298519351,50.457044448,26.6));
#14527 = CARTESIAN_POINT('',(19.815695986724,50.31805814423,26.6));
#14528 = CARTESIAN_POINT('',(19.73640340436,50.057239585147,26.6));
#14529 = CARTESIAN_POINT('',(19.692924380767,49.935171641585,26.6));
#14530 = CARTESIAN_POINT('',(19.643377093092,49.815890126926,26.6));
#14531 = CARTESIAN_POINT('',(19.587275325039,49.700286178312,26.6));
#14532 = CARTESIAN_POINT('',(19.52412075747,49.589749145043,26.6));
#14533 = CARTESIAN_POINT('',(19.453460627915,49.486156013112,26.6));
#14534 = CARTESIAN_POINT('',(19.34974381521,49.361933494906,26.6));
#14535 = CARTESIAN_POINT('',(19.323815982227,49.332819048531,26.6));
#14536 = CARTESIAN_POINT('',(19.29708732974,49.304779630368,26.6));
#14537 = CARTESIAN_POINT('',(19.269560531574,49.27791684007,26.6));
#14538 = CARTESIAN_POINT('',(19.241247679031,49.252341203742,26.6));
#14539 = CARTESIAN_POINT('',(19.212172545593,49.228168770789,26.6));
#14540 = CARTESIAN_POINT('',(19.137579085217,49.171469498972,26.6));
#14541 = CARTESIAN_POINT('',(19.091123624257,49.140839884491,26.6));
#14542 = CARTESIAN_POINT('',(19.04317237455,49.114065854837,26.6));
#14543 = CARTESIAN_POINT('',(18.993956884465,49.091561222382,26.6));
#14544 = CARTESIAN_POINT('',(18.943785865956,49.073675435577,26.6));
#14545 = CARTESIAN_POINT('',(18.893050137188,49.060636672356,26.6));
#14546 = CARTESIAN_POINT('',(18.827987626538,49.050194935583,26.6));
#14547 = CARTESIAN_POINT('',(18.813745590854,49.048293224186,26.6));
#14548 = CARTESIAN_POINT('',(18.799504418515,49.046774789695,26.6));
#14549 = CARTESIAN_POINT('',(18.785273509904,49.045639252533,26.6));
#14550 = CARTESIAN_POINT('',(18.771062126997,49.044885145388,26.6));
#14551 = CARTESIAN_POINT('',(18.756879393356,49.04450991321,26.6));
#14552 = CARTESIAN_POINT('',(18.728589194908,49.04450991321,26.6));
#14553 = CARTESIAN_POINT('',(18.714406461267,49.044885145388,26.6));
#14554 = CARTESIAN_POINT('',(18.700195078359,49.045639252533,26.6));
#14555 = CARTESIAN_POINT('',(18.685964169749,49.046774789695,26.6));
#14556 = CARTESIAN_POINT('',(18.671722997409,49.048293224186,26.6));
#14557 = CARTESIAN_POINT('',(18.657480961725,49.050194935583,26.6));
#14558 = CARTESIAN_POINT('',(18.592418451076,49.060636672356,26.6));
#14559 = CARTESIAN_POINT('',(18.541682722308,49.073675435577,26.6));
#14560 = CARTESIAN_POINT('',(18.491511703798,49.091561222382,26.6));
#14561 = CARTESIAN_POINT('',(18.442296213714,49.114065854837,26.6));
#14562 = CARTESIAN_POINT('',(18.394344964007,49.140839884491,26.6));
#14563 = CARTESIAN_POINT('',(18.347889503046,49.171469498972,26.6));
#14564 = CARTESIAN_POINT('',(18.273296042671,49.228168770789,26.6));
#14565 = CARTESIAN_POINT('',(18.244220909232,49.252341203742,26.6));
#14566 = CARTESIAN_POINT('',(18.215908056689,49.27791684007,26.6));
#14567 = CARTESIAN_POINT('',(18.188381258523,49.304779630368,26.6));
#14568 = CARTESIAN_POINT('',(18.161652606037,49.33281904853,26.6));
#14569 = CARTESIAN_POINT('',(18.135724773053,49.361933494905,26.6));
#14570 = CARTESIAN_POINT('',(18.03259126351,49.485457385901,26.6));
#14571 = CARTESIAN_POINT('',(17.962395190029,49.588214269054,26.6));
#14572 = CARTESIAN_POINT('',(17.899597958116,49.697831034606,26.6));
#14573 = CARTESIAN_POINT('',(17.84375700326,49.812465300583,26.6));
#14574 = CARTESIAN_POINT('',(17.794384795773,49.930751571896,26.6));
#14575 = CARTESIAN_POINT('',(17.751004497044,50.051810550957,26.6));
#14576 = CARTESIAN_POINT('',(17.671180498751,50.312421978821,26.6));
#14577 = CARTESIAN_POINT('',(17.636127641639,50.4522877991,26.6));
#14578 = CARTESIAN_POINT('',(17.607521881763,50.593961470113,26.6));
#14579 = CARTESIAN_POINT('',(17.585010646722,50.736765044263,26.6));
#14580 = CARTESIAN_POINT('',(17.56832987294,50.880133404603,26.6));
#14581 = CARTESIAN_POINT('',(17.557270781193,51.023578092975,26.6));
#14582 = CARTESIAN_POINT('',(17.550743971086,51.191154388597,26.6));
#14583 = CARTESIAN_POINT('',(17.549951184539,51.215619154627,26.6));
#14584 = CARTESIAN_POINT('',(17.549318209494,51.240070098281,26.6));
#14585 = CARTESIAN_POINT('',(17.548844379503,51.264504755861,26.6));
#14586 = CARTESIAN_POINT('',(17.548529067467,51.288920646758,26.6));
#14587 = CARTESIAN_POINT('',(17.548371685644,51.313315273451,26.6));
#14588 = CARTESIAN_POINT('',(17.548371685644,51.337686121507,26.6));
#14589 = ORIENTED_EDGE('',*,*,#14406,.F.);
#14590 = SURFACE_OF_LINEAR_EXTRUSION('',#14591,#14597);
#14591 = ( BOUNDED_CURVE() B_SPLINE_CURVE(2,(#14592,#14593,#14594,#14595
,#14596),.UNSPECIFIED.,.F.,.F.) B_SPLINE_CURVE_WITH_KNOTS((3,2,3),(
    1.570796326795,3.14159265359,4.712388980385),
.PIECEWISE_BEZIER_KNOTS.) CURVE() GEOMETRIC_REPRESENTATION_ITEM() 
RATIONAL_B_SPLINE_CURVE((1.,0.707106781187,1.,0.707106781187,1.)) 
REPRESENTATION_ITEM('') );
#14592 = CARTESIAN_POINT('',(17.548371685644,51.337686121506,26.));
#14593 = CARTESIAN_POINT('',(17.548371685644,49.04450991321,26.));
#14594 = CARTESIAN_POINT('',(18.742734294132,49.04450991321,26.));
#14595 = CARTESIAN_POINT('',(19.93709690262,49.04450991321,26.));
#14596 = CARTESIAN_POINT('',(19.93709690262,51.337686121506,26.));
#14597 = VECTOR('',#14598,1.);
#14598 = DIRECTION('',(-0.,-0.,-1.));
#14599 = ADVANCED_FACE('',(#14600),#14630,.F.);
#14600 = FACE_BOUND('',#14601,.F.);
#14601 = EDGE_LOOP('',(#14602,#14603,#14611,#14624));
#14602 = ORIENTED_EDGE('',*,*,#12653,.F.);
#14603 = ORIENTED_EDGE('',*,*,#14604,.T.);
#14604 = EDGE_CURVE('',#12654,#14605,#14607,.T.);
#14605 = VERTEX_POINT('',#14606);
#14606 = CARTESIAN_POINT('',(31.42208774584,52.917429731667,26.6));
#14607 = LINE('',#14608,#14609);
#14608 = CARTESIAN_POINT('',(31.42208774584,52.917429731667,26.));
#14609 = VECTOR('',#14610,1.);
#14610 = DIRECTION('',(0.,0.,1.));
#14611 = ORIENTED_EDGE('',*,*,#14612,.F.);
#14612 = EDGE_CURVE('',#14613,#14605,#14615,.T.);
#14613 = VERTEX_POINT('',#14614);
#14614 = CARTESIAN_POINT('',(31.35838840672,52.853730392547,26.6));
#14615 = B_SPLINE_CURVE_WITH_KNOTS('',4,(#14616,#14617,#14618,#14619,
    #14620,#14621,#14622,#14623),.UNSPECIFIED.,.F.,.F.,(5,3,5),(0.,
    0.49999999985,1.),.UNSPECIFIED.);
#14616 = CARTESIAN_POINT('',(31.35838840672,52.853730392547,26.6));
#14617 = CARTESIAN_POINT('',(31.35838840672,52.869612759331,26.6));
#14618 = CARTESIAN_POINT('',(31.361028353898,52.882897401401,26.6));
#14619 = CARTESIAN_POINT('',(31.366340158244,52.893531813631,26.6));
#14620 = CARTESIAN_POINT('',(31.382286324761,52.909477980148,26.6));
#14621 = CARTESIAN_POINT('',(31.392920736938,52.914789784514,26.6));
#14622 = CARTESIAN_POINT('',(31.406205379069,52.917429731667,26.6));
#14623 = CARTESIAN_POINT('',(31.42208774584,52.917429731667,26.6));
#14624 = ORIENTED_EDGE('',*,*,#14625,.F.);
#14625 = EDGE_CURVE('',#12656,#14613,#14626,.T.);
#14626 = LINE('',#14627,#14628);
#14627 = CARTESIAN_POINT('',(31.35838840672,52.853730392547,26.));
#14628 = VECTOR('',#14629,1.);
#14629 = DIRECTION('',(0.,0.,1.));
#14630 = SURFACE_OF_LINEAR_EXTRUSION('',#14631,#14635);
#14631 = B_SPLINE_CURVE_WITH_KNOTS('',2,(#14632,#14633,#14634),
  .UNSPECIFIED.,.F.,.F.,(3,3),(0.,1.),.PIECEWISE_BEZIER_KNOTS.);
#14632 = CARTESIAN_POINT('',(31.42208774584,52.917429731667,26.));
#14633 = CARTESIAN_POINT('',(31.35838840672,52.917429731667,26.));
#14634 = CARTESIAN_POINT('',(31.35838840672,52.853730392547,26.));
#14635 = VECTOR('',#14636,1.);
#14636 = DIRECTION('',(-0.,-0.,-1.));
#14637 = ADVANCED_FACE('',(#14638),#14658,.F.);
#14638 = FACE_BOUND('',#14639,.F.);
#14639 = EDGE_LOOP('',(#14640,#14641,#14649,#14657));
#14640 = ORIENTED_EDGE('',*,*,#12717,.F.);
#14641 = ORIENTED_EDGE('',*,*,#14642,.T.);
#14642 = EDGE_CURVE('',#12710,#14643,#14645,.T.);
#14643 = VERTEX_POINT('',#14644);
#14644 = CARTESIAN_POINT('',(32.530456246516,52.917429731667,26.6));
#14645 = LINE('',#14646,#14647);
#14646 = CARTESIAN_POINT('',(32.530456246516,52.917429731667,26.));
#14647 = VECTOR('',#14648,1.);
#14648 = DIRECTION('',(0.,0.,1.));
#14649 = ORIENTED_EDGE('',*,*,#14650,.F.);
#14650 = EDGE_CURVE('',#14605,#14643,#14651,.T.);
#14651 = B_SPLINE_CURVE_WITH_KNOTS('',4,(#14652,#14653,#14654,#14655,
    #14656),.UNSPECIFIED.,.F.,.F.,(5,5),(0.,1.),
  .PIECEWISE_BEZIER_KNOTS.);
#14652 = CARTESIAN_POINT('',(31.42208774584,52.917429731667,26.6));
#14653 = CARTESIAN_POINT('',(31.699179871009,52.917429731667,26.6));
#14654 = CARTESIAN_POINT('',(31.976271996178,52.917429731667,26.6));
#14655 = CARTESIAN_POINT('',(32.253364121347,52.917429731667,26.6));
#14656 = CARTESIAN_POINT('',(32.530456246516,52.917429731667,26.6));
#14657 = ORIENTED_EDGE('',*,*,#14604,.F.);
#14658 = SURFACE_OF_LINEAR_EXTRUSION('',#14659,#14662);
#14659 = B_SPLINE_CURVE_WITH_KNOTS('',1,(#14660,#14661),.UNSPECIFIED.,
  .F.,.F.,(2,2),(0.,8.7),.PIECEWISE_BEZIER_KNOTS.);
#14660 = CARTESIAN_POINT('',(32.530456246516,52.917429731667,26.));
#14661 = CARTESIAN_POINT('',(31.42208774584,52.917429731667,26.));
#14662 = VECTOR('',#14663,1.);
#14663 = DIRECTION('',(-0.,-0.,-1.));
#14664 = ADVANCED_FACE('',(#14665),#14692,.F.);
#14665 = FACE_BOUND('',#14666,.F.);
#14666 = EDGE_LOOP('',(#14667,#14668,#14676,#14691));
#14667 = ORIENTED_EDGE('',*,*,#12709,.F.);
#14668 = ORIENTED_EDGE('',*,*,#14669,.T.);
#14669 = EDGE_CURVE('',#12702,#14670,#14672,.T.);
#14670 = VERTEX_POINT('',#14671);
#14671 = CARTESIAN_POINT('',(33.294848315949,52.605302969982,26.6));
#14672 = LINE('',#14673,#14674);
#14673 = CARTESIAN_POINT('',(33.294848315949,52.605302969982,26.));
#14674 = VECTOR('',#14675,1.);
#14675 = DIRECTION('',(0.,0.,1.));
#14676 = ORIENTED_EDGE('',*,*,#14677,.F.);
#14677 = EDGE_CURVE('',#14643,#14670,#14678,.T.);
#14678 = B_SPLINE_CURVE_WITH_KNOTS('',6,(#14679,#14680,#14681,#14682,
    #14683,#14684,#14685,#14686,#14687,#14688,#14689,#14690),
  .UNSPECIFIED.,.F.,.F.,(7,5,7),(0.,0.653391291192,1.),.UNSPECIFIED.);
#14679 = CARTESIAN_POINT('',(32.530456246516,52.917429731667,26.6));
#14680 = CARTESIAN_POINT('',(32.628534244536,52.917429731667,26.6));
#14681 = CARTESIAN_POINT('',(32.724204278319,52.909322070305,26.6));
#14682 = CARTESIAN_POINT('',(32.816719923241,52.892417444399,26.6));
#14683 = CARTESIAN_POINT('',(32.905305655162,52.866192952818,26.6));
#14684 = CARTESIAN_POINT('',(32.989227655596,52.830454352184,26.6));
#14685 = CARTESIAN_POINT('',(33.10961480512,52.76173874802,26.6));
#14686 = CARTESIAN_POINT('',(33.149869342482,52.735339137592,26.6));
#14687 = CARTESIAN_POINT('',(33.188566940801,52.706404711519,26.6));
#14688 = CARTESIAN_POINT('',(33.225649536582,52.675013982882,26.6));
#14689 = CARTESIAN_POINT('',(33.261081904305,52.641271538907,26.6));
#14690 = CARTESIAN_POINT('',(33.294848315949,52.605302969982,26.6));
#14691 = ORIENTED_EDGE('',*,*,#14642,.F.);
#14692 = SURFACE_OF_LINEAR_EXTRUSION('',#14693,#14697);
#14693 = B_SPLINE_CURVE_WITH_KNOTS('',2,(#14694,#14695,#14696),
  .UNSPECIFIED.,.F.,.F.,(3,3),(0.,1.),.PIECEWISE_BEZIER_KNOTS.);
#14694 = CARTESIAN_POINT('',(33.294848315949,52.605302969982,26.));
#14695 = CARTESIAN_POINT('',(33.001831356,52.917429731667,26.));
#14696 = CARTESIAN_POINT('',(32.530456246516,52.917429731667,26.));
#14697 = VECTOR('',#14698,1.);
#14698 = DIRECTION('',(-0.,-0.,-1.));
#14699 = ADVANCED_FACE('',(#14700),#14727,.F.);
#14700 = FACE_BOUND('',#14701,.F.);
#14701 = EDGE_LOOP('',(#14702,#14703,#14711,#14726));
#14702 = ORIENTED_EDGE('',*,*,#12701,.F.);
#14703 = ORIENTED_EDGE('',*,*,#14704,.T.);
#14704 = EDGE_CURVE('',#12694,#14705,#14707,.T.);
#14705 = VERTEX_POINT('',#14706);
#14706 = CARTESIAN_POINT('',(33.587865275898,51.758101759694,26.6));
#14707 = LINE('',#14708,#14709);
#14708 = CARTESIAN_POINT('',(33.587865275898,51.758101759694,26.));
#14709 = VECTOR('',#14710,1.);
#14710 = DIRECTION('',(0.,0.,1.));
#14711 = ORIENTED_EDGE('',*,*,#14712,.F.);
#14712 = EDGE_CURVE('',#14670,#14705,#14713,.T.);
#14713 = B_SPLINE_CURVE_WITH_KNOTS('',6,(#14714,#14715,#14716,#14717,
    #14718,#14719,#14720,#14721,#14722,#14723,#14724,#14725),
  .UNSPECIFIED.,.F.,.F.,(7,5,7),(0.,0.11607373477,1.),.UNSPECIFIED.);
#14714 = CARTESIAN_POINT('',(33.294848315949,52.605302969982,26.6));
#14715 = CARTESIAN_POINT('',(33.306551368636,52.592836674728,26.6));
#14716 = CARTESIAN_POINT('',(33.317984511835,52.580145767369,26.6));
#14717 = CARTESIAN_POINT('',(33.329144195197,52.56723229019,26.6));
#14718 = CARTESIAN_POINT('',(33.340027265663,52.554098634669,26.6));
#14719 = CARTESIAN_POINT('',(33.350630967462,52.54074754148,26.6));
#14720 = CARTESIAN_POINT('',(33.439556982219,52.423878371888,26.6));
#14721 = CARTESIAN_POINT('',(33.501862284062,52.308093723889,26.6));
#14722 = CARTESIAN_POINT('',(33.546629850249,52.18139019906,26.6));
#14723 = CARTESIAN_POINT('',(33.574739770337,52.046038414765,26.6));
#14724 = CARTESIAN_POINT('',(33.587865275898,51.904302387851,26.6));
#14725 = CARTESIAN_POINT('',(33.587865275898,51.758101759694,26.6));
#14726 = ORIENTED_EDGE('',*,*,#14669,.F.);
#14727 = SURFACE_OF_LINEAR_EXTRUSION('',#14728,#14732);
#14728 = B_SPLINE_CURVE_WITH_KNOTS('',2,(#14729,#14730,#14731),
  .UNSPECIFIED.,.F.,.F.,(3,3),(0.,1.),.PIECEWISE_BEZIER_KNOTS.);
#14729 = CARTESIAN_POINT('',(33.587865275898,51.758101759694,26.));
#14730 = CARTESIAN_POINT('',(33.587865275898,52.293176208297,26.));
#14731 = CARTESIAN_POINT('',(33.294848315949,52.605302969982,26.));
#14732 = VECTOR('',#14733,1.);
#14733 = DIRECTION('',(-0.,-0.,-1.));
#14734 = ADVANCED_FACE('',(#14735),#14762,.F.);
#14735 = FACE_BOUND('',#14736,.F.);
#14736 = EDGE_LOOP('',(#14737,#14738,#14746,#14761));
#14737 = ORIENTED_EDGE('',*,*,#12693,.F.);
#14738 = ORIENTED_EDGE('',*,*,#14739,.T.);
#14739 = EDGE_CURVE('',#12686,#14740,#14742,.T.);
#14740 = VERTEX_POINT('',#14741);
#14741 = CARTESIAN_POINT('',(33.294848315949,50.923640417231,26.6));
#14742 = LINE('',#14743,#14744);
#14743 = CARTESIAN_POINT('',(33.294848315949,50.923640417231,26.));
#14744 = VECTOR('',#14745,1.);
#14745 = DIRECTION('',(0.,0.,1.));
#14746 = ORIENTED_EDGE('',*,*,#14747,.F.);
#14747 = EDGE_CURVE('',#14705,#14740,#14748,.T.);
#14748 = B_SPLINE_CURVE_WITH_KNOTS('',6,(#14749,#14750,#14751,#14752,
    #14753,#14754,#14755,#14756,#14757,#14758,#14759,#14760),
  .UNSPECIFIED.,.F.,.F.,(7,5,7),(0.,0.84829959721,1.),.UNSPECIFIED.);
#14749 = CARTESIAN_POINT('',(33.587865275898,51.758101759694,26.6));
#14750 = CARTESIAN_POINT('',(33.587865275898,51.620225758175,26.6));
#14751 = CARTESIAN_POINT('',(33.575615502691,51.486403709507,26.6));
#14752 = CARTESIAN_POINT('',(33.549539444479,51.35827474715,26.6));
#14753 = CARTESIAN_POINT('',(33.508269041494,51.237711235251,26.6));
#14754 = CARTESIAN_POINT('',(33.451138237239,51.126557583869,26.6));
#14755 = CARTESIAN_POINT('',(33.366263163904,51.008181953564,26.6));
#14756 = CARTESIAN_POINT('',(33.35291096622,50.990566118865,26.6));
#14757 = CARTESIAN_POINT('',(33.33908696368,50.97329875774,26.6));
#14758 = CARTESIAN_POINT('',(33.324797038892,50.956385622774,26.6));
#14759 = CARTESIAN_POINT('',(33.310048147052,50.939831541667,26.6));
#14760 = CARTESIAN_POINT('',(33.294848315949,50.923640417231,26.6));
#14761 = ORIENTED_EDGE('',*,*,#14704,.F.);
#14762 = SURFACE_OF_LINEAR_EXTRUSION('',#14763,#14767);
#14763 = B_SPLINE_CURVE_WITH_KNOTS('',2,(#14764,#14765,#14766),
  .UNSPECIFIED.,.F.,.F.,(3,3),(0.,1.),.PIECEWISE_BEZIER_KNOTS.);
#14764 = CARTESIAN_POINT('',(33.294848315949,50.923640417231,26.));
#14765 = CARTESIAN_POINT('',(33.587865275898,51.235767178916,26.));
#14766 = CARTESIAN_POINT('',(33.587865275898,51.758101759694,26.));
#14767 = VECTOR('',#14768,1.);
#14768 = DIRECTION('',(-0.,-0.,-1.));
#14769 = ADVANCED_FACE('',(#14770),#14797,.F.);
#14770 = FACE_BOUND('',#14771,.F.);
#14771 = EDGE_LOOP('',(#14772,#14773,#14781,#14796));
#14772 = ORIENTED_EDGE('',*,*,#12685,.F.);
#14773 = ORIENTED_EDGE('',*,*,#14774,.T.);
#14774 = EDGE_CURVE('',#12679,#14775,#14777,.T.);
#14775 = VERTEX_POINT('',#14776);
#14776 = CARTESIAN_POINT('',(32.530456246516,50.611513655546,26.6));
#14777 = LINE('',#14778,#14779);
#14778 = CARTESIAN_POINT('',(32.530456246516,50.611513655546,26.));
#14779 = VECTOR('',#14780,1.);
#14780 = DIRECTION('',(0.,0.,1.));
#14781 = ORIENTED_EDGE('',*,*,#14782,.F.);
#14782 = EDGE_CURVE('',#14740,#14775,#14783,.T.);
#14783 = B_SPLINE_CURVE_WITH_KNOTS('',6,(#14784,#14785,#14786,#14787,
    #14788,#14789,#14790,#14791,#14792,#14793,#14794,#14795),
  .UNSPECIFIED.,.F.,.F.,(7,5,7),(0.,0.346608708808,1.),.UNSPECIFIED.);
#14784 = CARTESIAN_POINT('',(33.294848315949,50.923640417231,26.6));
#14785 = CARTESIAN_POINT('',(33.261081904305,50.887671848306,26.6));
#14786 = CARTESIAN_POINT('',(33.225649536582,50.85392940433,26.6));
#14787 = CARTESIAN_POINT('',(33.188566940801,50.822538675693,26.6));
#14788 = CARTESIAN_POINT('',(33.149869342482,50.79360424962,26.6));
#14789 = CARTESIAN_POINT('',(33.10961480512,50.767204639192,26.6));
#14790 = CARTESIAN_POINT('',(32.989227655596,50.698489035028,26.6));
#14791 = CARTESIAN_POINT('',(32.905305655162,50.662750434394,26.6));
#14792 = CARTESIAN_POINT('',(32.816719923241,50.636525942813,26.6));
#14793 = CARTESIAN_POINT('',(32.724204278319,50.619621316907,26.6));
#14794 = CARTESIAN_POINT('',(32.628534244536,50.611513655546,26.6));
#14795 = CARTESIAN_POINT('',(32.530456246516,50.611513655546,26.6));
#14796 = ORIENTED_EDGE('',*,*,#14739,.F.);
#14797 = SURFACE_OF_LINEAR_EXTRUSION('',#14798,#14802);
#14798 = B_SPLINE_CURVE_WITH_KNOTS('',2,(#14799,#14800,#14801),
  .UNSPECIFIED.,.F.,.F.,(3,3),(0.,1.),.PIECEWISE_BEZIER_KNOTS.);
#14799 = CARTESIAN_POINT('',(32.530456246516,50.611513655546,26.));
#14800 = CARTESIAN_POINT('',(33.001831356,50.611513655546,26.));
#14801 = CARTESIAN_POINT('',(33.294848315949,50.923640417231,26.));
#14802 = VECTOR('',#14803,1.);
#14803 = DIRECTION('',(-0.,-0.,-1.));
#14804 = ADVANCED_FACE('',(#14805),#14825,.F.);
#14805 = FACE_BOUND('',#14806,.F.);
#14806 = EDGE_LOOP('',(#14807,#14808,#14816,#14824));
#14807 = ORIENTED_EDGE('',*,*,#12678,.F.);
#14808 = ORIENTED_EDGE('',*,*,#14809,.T.);
#14809 = EDGE_CURVE('',#12671,#14810,#14812,.T.);
#14810 = VERTEX_POINT('',#14811);
#14811 = CARTESIAN_POINT('',(31.42208774584,50.611513655546,26.6));
#14812 = LINE('',#14813,#14814);
#14813 = CARTESIAN_POINT('',(31.42208774584,50.611513655546,26.));
#14814 = VECTOR('',#14815,1.);
#14815 = DIRECTION('',(0.,0.,1.));
#14816 = ORIENTED_EDGE('',*,*,#14817,.F.);
#14817 = EDGE_CURVE('',#14775,#14810,#14818,.T.);
#14818 = B_SPLINE_CURVE_WITH_KNOTS('',4,(#14819,#14820,#14821,#14822,
    #14823),.UNSPECIFIED.,.F.,.F.,(5,5),(0.,1.),
  .PIECEWISE_BEZIER_KNOTS.);
#14819 = CARTESIAN_POINT('',(32.530456246516,50.611513655546,26.6));
#14820 = CARTESIAN_POINT('',(32.253364121347,50.611513655546,26.6));
#14821 = CARTESIAN_POINT('',(31.976271996178,50.611513655546,26.6));
#14822 = CARTESIAN_POINT('',(31.699179871009,50.611513655546,26.6));
#14823 = CARTESIAN_POINT('',(31.42208774584,50.611513655546,26.6));
#14824 = ORIENTED_EDGE('',*,*,#14774,.F.);
#14825 = SURFACE_OF_LINEAR_EXTRUSION('',#14826,#14829);
#14826 = B_SPLINE_CURVE_WITH_KNOTS('',1,(#14827,#14828),.UNSPECIFIED.,
  .F.,.F.,(2,2),(0.,8.7),.PIECEWISE_BEZIER_KNOTS.);
#14827 = CARTESIAN_POINT('',(31.42208774584,50.611513655546,26.));
#14828 = CARTESIAN_POINT('',(32.530456246516,50.611513655546,26.));
#14829 = VECTOR('',#14830,1.);
#14830 = DIRECTION('',(-0.,-0.,-1.));
#14831 = ADVANCED_FACE('',(#14832),#14855,.F.);
#14832 = FACE_BOUND('',#14833,.F.);
#14833 = EDGE_LOOP('',(#14834,#14835,#14843,#14854));
#14834 = ORIENTED_EDGE('',*,*,#12670,.F.);
#14835 = ORIENTED_EDGE('',*,*,#14836,.T.);
#14836 = EDGE_CURVE('',#12664,#14837,#14839,.T.);
#14837 = VERTEX_POINT('',#14838);
#14838 = CARTESIAN_POINT('',(31.35838840672,50.675212994665,26.6));
#14839 = LINE('',#14840,#14841);
#14840 = CARTESIAN_POINT('',(31.35838840672,50.675212994665,26.));
#14841 = VECTOR('',#14842,1.);
#14842 = DIRECTION('',(0.,0.,1.));
#14843 = ORIENTED_EDGE('',*,*,#14844,.F.);
#14844 = EDGE_CURVE('',#14810,#14837,#14845,.T.);
#14845 = B_SPLINE_CURVE_WITH_KNOTS('',4,(#14846,#14847,#14848,#14849,
    #14850,#14851,#14852,#14853),.UNSPECIFIED.,.F.,.F.,(5,3,5),(0.,
    0.49999999985,1.),.UNSPECIFIED.);
#14846 = CARTESIAN_POINT('',(31.42208774584,50.611513655546,26.6));
#14847 = CARTESIAN_POINT('',(31.406205379056,50.611513655546,26.6));
#14848 = CARTESIAN_POINT('',(31.392920736986,50.614153602723,26.6));
#14849 = CARTESIAN_POINT('',(31.382286324756,50.619465407069,26.6));
#14850 = CARTESIAN_POINT('',(31.366340158239,50.635411573587,26.6));
#14851 = CARTESIAN_POINT('',(31.361028353872,50.646045985764,26.6));
#14852 = CARTESIAN_POINT('',(31.35838840672,50.659330627895,26.6));
#14853 = CARTESIAN_POINT('',(31.35838840672,50.675212994665,26.6));
#14854 = ORIENTED_EDGE('',*,*,#14809,.F.);
#14855 = SURFACE_OF_LINEAR_EXTRUSION('',#14856,#14860);
#14856 = B_SPLINE_CURVE_WITH_KNOTS('',2,(#14857,#14858,#14859),
  .UNSPECIFIED.,.F.,.F.,(3,3),(0.,1.),.PIECEWISE_BEZIER_KNOTS.);
#14857 = CARTESIAN_POINT('',(31.35838840672,50.675212994665,26.));
#14858 = CARTESIAN_POINT('',(31.35838840672,50.611513655546,26.));
#14859 = CARTESIAN_POINT('',(31.42208774584,50.611513655546,26.));
#14860 = VECTOR('',#14861,1.);
#14861 = DIRECTION('',(-0.,-0.,-1.));
#14862 = ADVANCED_FACE('',(#14863),#14876,.F.);
#14863 = FACE_BOUND('',#14864,.F.);
#14864 = EDGE_LOOP('',(#14865,#14866,#14867,#14875));
#14865 = ORIENTED_EDGE('',*,*,#12663,.F.);
#14866 = ORIENTED_EDGE('',*,*,#14625,.T.);
#14867 = ORIENTED_EDGE('',*,*,#14868,.F.);
#14868 = EDGE_CURVE('',#14837,#14613,#14869,.T.);
#14869 = B_SPLINE_CURVE_WITH_KNOTS('',4,(#14870,#14871,#14872,#14873,
    #14874),.UNSPECIFIED.,.F.,.F.,(5,5),(0.,1.),
  .PIECEWISE_BEZIER_KNOTS.);
#14870 = CARTESIAN_POINT('',(31.35838840672,50.675212994665,26.6));
#14871 = CARTESIAN_POINT('',(31.35838840672,51.219842344136,26.6));
#14872 = CARTESIAN_POINT('',(31.35838840672,51.764471693606,26.6));
#14873 = CARTESIAN_POINT('',(31.35838840672,52.309101043077,26.6));
#14874 = CARTESIAN_POINT('',(31.35838840672,52.853730392547,26.6));
#14875 = ORIENTED_EDGE('',*,*,#14836,.F.);
#14876 = SURFACE_OF_LINEAR_EXTRUSION('',#14877,#14880);
#14877 = B_SPLINE_CURVE_WITH_KNOTS('',1,(#14878,#14879),.UNSPECIFIED.,
  .F.,.F.,(2,2),(0.,17.1),.PIECEWISE_BEZIER_KNOTS.);
#14878 = CARTESIAN_POINT('',(31.35838840672,52.853730392547,26.));
#14879 = CARTESIAN_POINT('',(31.35838840672,50.675212994665,26.));
#14880 = VECTOR('',#14881,1.);
#14881 = DIRECTION('',(-0.,-0.,-1.));
#14882 = ADVANCED_FACE('',(#14883),#14894,.T.);
#14883 = FACE_BOUND('',#14884,.T.);
#14884 = EDGE_LOOP('',(#14885,#14886,#14887,#14888,#14889,#14890,#14891,
    #14892,#14893));
#14885 = ORIENTED_EDGE('',*,*,#12873,.F.);
#14886 = ORIENTED_EDGE('',*,*,#13126,.F.);
#14887 = ORIENTED_EDGE('',*,*,#13102,.F.);
#14888 = ORIENTED_EDGE('',*,*,#13075,.F.);
#14889 = ORIENTED_EDGE('',*,*,#13044,.F.);
#14890 = ORIENTED_EDGE('',*,*,#13016,.F.);
#14891 = ORIENTED_EDGE('',*,*,#12983,.F.);
#14892 = ORIENTED_EDGE('',*,*,#12950,.F.);
#14893 = ORIENTED_EDGE('',*,*,#12917,.F.);
#14894 = PLANE('',#14895);
#14895 = AXIS2_PLACEMENT_3D('',#14896,#14897,#14898);
#14896 = CARTESIAN_POINT('',(-2.5,-2.5,26.6));
#14897 = DIRECTION('',(0.,0.,1.));
#14898 = DIRECTION('',(1.,0.,-0.));
#14899 = ADVANCED_FACE('',(#14900),#14914,.T.);
#14900 = FACE_BOUND('',#14901,.T.);
#14901 = EDGE_LOOP('',(#14902,#14903,#14904,#14905,#14906,#14907,#14908,
    #14909,#14910,#14911,#14912,#14913));
#14902 = ORIENTED_EDGE('',*,*,#13154,.F.);
#14903 = ORIENTED_EDGE('',*,*,#13514,.F.);
#14904 = ORIENTED_EDGE('',*,*,#13493,.F.);
#14905 = ORIENTED_EDGE('',*,*,#13458,.F.);
#14906 = ORIENTED_EDGE('',*,*,#13425,.F.);
#14907 = ORIENTED_EDGE('',*,*,#13392,.F.);
#14908 = ORIENTED_EDGE('',*,*,#13357,.F.);
#14909 = ORIENTED_EDGE('',*,*,#13327,.F.);
#14910 = ORIENTED_EDGE('',*,*,#13297,.F.);
#14911 = ORIENTED_EDGE('',*,*,#13264,.F.);
#14912 = ORIENTED_EDGE('',*,*,#13231,.F.);
#14913 = ORIENTED_EDGE('',*,*,#13198,.F.);
#14914 = PLANE('',#14915);
#14915 = AXIS2_PLACEMENT_3D('',#14916,#14917,#14918);
#14916 = CARTESIAN_POINT('',(-2.5,-2.5,26.6));
#14917 = DIRECTION('',(0.,0.,1.));
#14918 = DIRECTION('',(1.,0.,-0.));
#14919 = ADVANCED_FACE('',(#14920),#14931,.T.);
#14920 = FACE_BOUND('',#14921,.T.);
#14921 = EDGE_LOOP('',(#14922,#14923,#14924,#14925,#14926,#14927,#14928,
    #14929,#14930));
#14922 = ORIENTED_EDGE('',*,*,#13543,.F.);
#14923 = ORIENTED_EDGE('',*,*,#13796,.F.);
#14924 = ORIENTED_EDGE('',*,*,#13772,.F.);
#14925 = ORIENTED_EDGE('',*,*,#13745,.F.);
#14926 = ORIENTED_EDGE('',*,*,#13714,.F.);
#14927 = ORIENTED_EDGE('',*,*,#13686,.F.);
#14928 = ORIENTED_EDGE('',*,*,#13653,.F.);
#14929 = ORIENTED_EDGE('',*,*,#13620,.F.);
#14930 = ORIENTED_EDGE('',*,*,#13587,.F.);
#14931 = PLANE('',#14932);
#14932 = AXIS2_PLACEMENT_3D('',#14933,#14934,#14935);
#14933 = CARTESIAN_POINT('',(-2.5,-2.5,26.6));
#14934 = DIRECTION('',(0.,0.,1.));
#14935 = DIRECTION('',(1.,0.,-0.));
#14936 = ADVANCED_FACE('',(#14937),#14951,.T.);
#14937 = FACE_BOUND('',#14938,.T.);
#14938 = EDGE_LOOP('',(#14939,#14940,#14941,#14942,#14943,#14944,#14945,
    #14946,#14947,#14948,#14949,#14950));
#14939 = ORIENTED_EDGE('',*,*,#13824,.F.);
#14940 = ORIENTED_EDGE('',*,*,#14200,.F.);
#14941 = ORIENTED_EDGE('',*,*,#14175,.F.);
#14942 = ORIENTED_EDGE('',*,*,#14140,.F.);
#14943 = ORIENTED_EDGE('',*,*,#14105,.F.);
#14944 = ORIENTED_EDGE('',*,*,#14070,.F.);
#14945 = ORIENTED_EDGE('',*,*,#14035,.F.);
#14946 = ORIENTED_EDGE('',*,*,#14003,.F.);
#14947 = ORIENTED_EDGE('',*,*,#13971,.F.);
#14948 = ORIENTED_EDGE('',*,*,#13936,.F.);
#14949 = ORIENTED_EDGE('',*,*,#13901,.F.);
#14950 = ORIENTED_EDGE('',*,*,#13866,.F.);
#14951 = PLANE('',#14952);
#14952 = AXIS2_PLACEMENT_3D('',#14953,#14954,#14955);
#14953 = CARTESIAN_POINT('',(-2.5,-2.5,26.6));
#14954 = DIRECTION('',(0.,0.,1.));
#14955 = DIRECTION('',(1.,0.,-0.));
#14956 = ADVANCED_FACE('',(#14957,#14961),#15077,.T.);
#14957 = FACE_BOUND('',#14958,.T.);
#14958 = EDGE_LOOP('',(#14959,#14960));
#14959 = ORIENTED_EDGE('',*,*,#14232,.F.);
#14960 = ORIENTED_EDGE('',*,*,#14323,.F.);
#14961 = FACE_BOUND('',#14962,.T.);
#14962 = EDGE_LOOP('',(#14963,#15022));
#14963 = ORIENTED_EDGE('',*,*,#14964,.T.);
#14964 = EDGE_CURVE('',#14965,#14967,#14969,.T.);
#14965 = VERTEX_POINT('',#14966);
#14966 = CARTESIAN_POINT('',(11.863205669241,51.481009634525,26.6));
#14967 = VERTEX_POINT('',#14968);
#14968 = CARTESIAN_POINT('',(13.391989808106,51.481009634525,26.6));
#14969 = B_SPLINE_CURVE_WITH_KNOTS('',6,(#14970,#14971,#14972,#14973,
    #14974,#14975,#14976,#14977,#14978,#14979,#14980,#14981,#14982,
    #14983,#14984,#14985,#14986,#14987,#14988,#14989,#14990,#14991,
    #14992,#14993,#14994,#14995,#14996,#14997,#14998,#14999,#15000,
    #15001,#15002,#15003,#15004,#15005,#15006,#15007,#15008,#15009,
    #15010,#15011,#15012,#15013,#15014,#15015,#15016,#15017,#15018,
    #15019,#15020,#15021),.UNSPECIFIED.,.F.,.F.,(7,5,5,5,5,5,5,5,5,5,7),
  (0.,7.726713941692E-02,0.249997125701,0.390866654005,0.451344009779,
    0.5,0.54865599022,0.609133345995,0.750002874299,0.922732860583,1.),
  .UNSPECIFIED.);
#14970 = CARTESIAN_POINT('',(11.863205669241,51.481009634525,26.6));
#14971 = CARTESIAN_POINT('',(11.863205669241,51.50988429306,26.6));
#14972 = CARTESIAN_POINT('',(11.86451453981,51.539127141898,26.6));
#14973 = CARTESIAN_POINT('',(11.867194901477,51.568640211498,26.6));
#14974 = CARTESIAN_POINT('',(11.871297792175,51.598314719165,26.6));
#14975 = CARTESIAN_POINT('',(11.876859889569,51.628033453169,26.6));
#14976 = CARTESIAN_POINT('',(11.899640475569,51.723932444449,26.6));
#14977 = CARTESIAN_POINT('',(11.922775972818,51.789821810695,26.6));
#14978 = CARTESIAN_POINT('',(11.953526656064,51.853920776068,26.6));
#14979 = CARTESIAN_POINT('',(11.991674387864,51.914759776649,26.6));
#14980 = CARTESIAN_POINT('',(12.036555013673,51.970980541086,26.6));
#14981 = CARTESIAN_POINT('',(12.128305363115,52.062730890528,26.6));
#14982 = CARTESIAN_POINT('',(12.173296772441,52.100179951677,26.6));
#14983 = CARTESIAN_POINT('',(12.221491287019,52.133285766995,26.6));
#14984 = CARTESIAN_POINT('',(12.272184891652,52.161647390508,26.6));
#14985 = CARTESIAN_POINT('',(12.324603006927,52.185052464857,26.6));
#14986 = CARTESIAN_POINT('',(12.400867049268,52.21140391665,26.6));
#14987 = CARTESIAN_POINT('',(12.423948871195,52.218403585845,26.6));
#14988 = CARTESIAN_POINT('',(12.447144119129,52.224487384697,26.6));
#14989 = CARTESIAN_POINT('',(12.470393119511,52.229661062663,26.6));
#14990 = CARTESIAN_POINT('',(12.493637948216,52.233936630693,26.6));
#14991 = CARTESIAN_POINT('',(12.535475097026,52.240064336349,26.6));
#14992 = CARTESIAN_POINT('',(12.554088945247,52.242226696165,26.6));
#14993 = CARTESIAN_POINT('',(12.572634920947,52.243828954569,26.6));
#14994 = CARTESIAN_POINT('',(12.591085481084,52.244882721705,26.6));
#14995 = CARTESIAN_POINT('',(12.609414593851,52.245401703957,26.6));
#14996 = CARTESIAN_POINT('',(12.645780883496,52.245401703957,26.6));
#14997 = CARTESIAN_POINT('',(12.664109996263,52.244882721705,26.6));
#14998 = CARTESIAN_POINT('',(12.682560556399,52.243828954569,26.6));
#14999 = CARTESIAN_POINT('',(12.701106532099,52.242226696165,26.6));
#15000 = CARTESIAN_POINT('',(12.719720380321,52.240064336349,26.6));
#15001 = CARTESIAN_POINT('',(12.761557529131,52.233936630693,26.6));
#15002 = CARTESIAN_POINT('',(12.784802357836,52.229661062664,26.6));
#15003 = CARTESIAN_POINT('',(12.808051358217,52.224487384697,26.6));
#15004 = CARTESIAN_POINT('',(12.831246606152,52.218403585845,26.6));
#15005 = CARTESIAN_POINT('',(12.854328428079,52.21140391665,26.6));
#15006 = CARTESIAN_POINT('',(12.93059247042,52.185052464857,26.6));
#15007 = CARTESIAN_POINT('',(12.983010585695,52.161647390508,26.6));
#15008 = CARTESIAN_POINT('',(13.033704190328,52.133285766995,26.6));
#15009 = CARTESIAN_POINT('',(13.081898704906,52.100179951677,26.6));
#15010 = CARTESIAN_POINT('',(13.126890114232,52.062730890528,26.6));
#15011 = CARTESIAN_POINT('',(13.218640463674,51.970980541086,26.6));
#15012 = CARTESIAN_POINT('',(13.263521089483,51.91475977665,26.6));
#15013 = CARTESIAN_POINT('',(13.301668821283,51.853920776068,26.6));
#15014 = CARTESIAN_POINT('',(13.332419504529,51.789821810695,26.6));
#15015 = CARTESIAN_POINT('',(13.355555001778,51.723932444449,26.6));
#15016 = CARTESIAN_POINT('',(13.378335587778,51.628033453169,26.6));
#15017 = CARTESIAN_POINT('',(13.383897685172,51.598314719165,26.6));
#15018 = CARTESIAN_POINT('',(13.38800057587,51.568640211498,26.6));
#15019 = CARTESIAN_POINT('',(13.390680937537,51.539127141898,26.6));
#15020 = CARTESIAN_POINT('',(13.391989808106,51.50988429306,26.6));
#15021 = CARTESIAN_POINT('',(13.391989808106,51.481009634525,26.6));
#15022 = ORIENTED_EDGE('',*,*,#15023,.T.);
#15023 = EDGE_CURVE('',#14967,#14965,#15024,.T.);
#15024 = B_SPLINE_CURVE_WITH_KNOTS('',6,(#15025,#15026,#15027,#15028,
    #15029,#15030,#15031,#15032,#15033,#15034,#15035,#15036,#15037,
    #15038,#15039,#15040,#15041,#15042,#15043,#15044,#15045,#15046,
    #15047,#15048,#15049,#15050,#15051,#15052,#15053,#15054,#15055,
    #15056,#15057,#15058,#15059,#15060,#15061,#15062,#15063,#15064,
    #15065,#15066,#15067,#15068,#15069,#15070,#15071,#15072,#15073,
    #15074,#15075,#15076),.UNSPECIFIED.,.F.,.F.,(7,5,5,5,5,5,5,5,5,5,7),
  (0.,7.726713941723E-02,0.249997125702,0.390866654006,0.45134400978,0.5
    ,0.548655990221,0.609133345995,0.750002874299,0.922732860583,1.),
  .UNSPECIFIED.);
#15025 = CARTESIAN_POINT('',(13.391989808106,51.481009634525,26.6));
#15026 = CARTESIAN_POINT('',(13.391989808106,51.452134975991,26.6));
#15027 = CARTESIAN_POINT('',(13.390680937537,51.422892127152,26.6));
#15028 = CARTESIAN_POINT('',(13.38800057587,51.393379057552,26.6));
#15029 = CARTESIAN_POINT('',(13.383897685172,51.363704549885,26.6));
#15030 = CARTESIAN_POINT('',(13.378335587778,51.333985815881,26.6));
#15031 = CARTESIAN_POINT('',(13.355555001778,51.238086824602,26.6));
#15032 = CARTESIAN_POINT('',(13.332419504528,51.172197458355,26.6));
#15033 = CARTESIAN_POINT('',(13.301668821283,51.108098492983,26.6));
#15034 = CARTESIAN_POINT('',(13.263521089483,51.0472594924,26.6));
#15035 = CARTESIAN_POINT('',(13.218640463674,50.991038727964,26.6));
#15036 = CARTESIAN_POINT('',(13.126890114232,50.899288378522,26.6));
#15037 = CARTESIAN_POINT('',(13.081898704906,50.861839317373,26.6));
#15038 = CARTESIAN_POINT('',(13.033704190328,50.828733502055,26.6));
#15039 = CARTESIAN_POINT('',(12.983010585695,50.800371878542,26.6));
#15040 = CARTESIAN_POINT('',(12.93059247042,50.776966804193,26.6));
#15041 = CARTESIAN_POINT('',(12.854328428079,50.7506153524,26.6));
#15042 = CARTESIAN_POINT('',(12.831246606152,50.743615683205,26.6));
#15043 = CARTESIAN_POINT('',(12.808051358217,50.737531884353,26.6));
#15044 = CARTESIAN_POINT('',(12.784802357836,50.732358206387,26.6));
#15045 = CARTESIAN_POINT('',(12.761557529131,50.728082638357,26.6));
#15046 = CARTESIAN_POINT('',(12.719720380321,50.721954932701,26.6));
#15047 = CARTESIAN_POINT('',(12.701106532099,50.719792572885,26.6));
#15048 = CARTESIAN_POINT('',(12.682560556399,50.718190314481,26.6));
#15049 = CARTESIAN_POINT('',(12.664109996263,50.717136547345,26.6));
#15050 = CARTESIAN_POINT('',(12.645780883496,50.716617565093,26.6));
#15051 = CARTESIAN_POINT('',(12.609414593851,50.716617565093,26.6));
#15052 = CARTESIAN_POINT('',(12.591085481084,50.717136547345,26.6));
#15053 = CARTESIAN_POINT('',(12.572634920948,50.718190314481,26.6));
#15054 = CARTESIAN_POINT('',(12.554088945248,50.719792572885,26.6));
#15055 = CARTESIAN_POINT('',(12.535475097026,50.721954932701,26.6));
#15056 = CARTESIAN_POINT('',(12.493637948216,50.728082638357,26.6));
#15057 = CARTESIAN_POINT('',(12.470393119511,50.732358206387,26.6));
#15058 = CARTESIAN_POINT('',(12.44714411913,50.737531884353,26.6));
#15059 = CARTESIAN_POINT('',(12.423948871195,50.743615683205,26.6));
#15060 = CARTESIAN_POINT('',(12.400867049268,50.7506153524,26.6));
#15061 = CARTESIAN_POINT('',(12.324603006927,50.776966804193,26.6));
#15062 = CARTESIAN_POINT('',(12.272184891652,50.800371878542,26.6));
#15063 = CARTESIAN_POINT('',(12.221491287019,50.828733502055,26.6));
#15064 = CARTESIAN_POINT('',(12.173296772441,50.861839317373,26.6));
#15065 = CARTESIAN_POINT('',(12.128305363115,50.899288378522,26.6));
#15066 = CARTESIAN_POINT('',(12.036555013673,50.991038727964,26.6));
#15067 = CARTESIAN_POINT('',(11.991674387864,51.0472594924,26.6));
#15068 = CARTESIAN_POINT('',(11.953526656064,51.108098492983,26.6));
#15069 = CARTESIAN_POINT('',(11.922775972818,51.172197458355,26.6));
#15070 = CARTESIAN_POINT('',(11.899640475569,51.238086824601,26.6));
#15071 = CARTESIAN_POINT('',(11.876859889569,51.333985815881,26.6));
#15072 = CARTESIAN_POINT('',(11.871297792175,51.363704549885,26.6));
#15073 = CARTESIAN_POINT('',(11.867194901477,51.393379057552,26.6));
#15074 = CARTESIAN_POINT('',(11.86451453981,51.422892127152,26.6));
#15075 = CARTESIAN_POINT('',(11.863205669241,51.45213497599,26.6));
#15076 = CARTESIAN_POINT('',(11.863205669241,51.481009634525,26.6));
#15077 = PLANE('',#15078);
#15078 = AXIS2_PLACEMENT_3D('',#15079,#15080,#15081);
#15079 = CARTESIAN_POINT('',(-2.5,-2.5,26.6));
#15080 = DIRECTION('',(0.,0.,1.));
#15081 = DIRECTION('',(1.,0.,-0.));
#15082 = ADVANCED_FACE('',(#15083,#15087),#15223,.T.);
#15083 = FACE_BOUND('',#15084,.T.);
#15084 = EDGE_LOOP('',(#15085,#15086));
#15085 = ORIENTED_EDGE('',*,*,#14414,.F.);
#15086 = ORIENTED_EDGE('',*,*,#14513,.F.);
#15087 = FACE_BOUND('',#15088,.T.);
#15088 = EDGE_LOOP('',(#15089,#15158));
#15089 = ORIENTED_EDGE('',*,*,#15090,.T.);
#15090 = EDGE_CURVE('',#15091,#15093,#15095,.T.);
#15091 = VERTEX_POINT('',#15092);
#15092 = CARTESIAN_POINT('',(18.193327494227,51.337686121506,26.6));
#15093 = VERTEX_POINT('',#15094);
#15094 = CARTESIAN_POINT('',(19.244366589697,51.337686121506,26.6));
#15095 = B_SPLINE_CURVE_WITH_KNOTS('',7,(#15096,#15097,#15098,#15099,
    #15100,#15101,#15102,#15103,#15104,#15105,#15106,#15107,#15108,
    #15109,#15110,#15111,#15112,#15113,#15114,#15115,#15116,#15117,
    #15118,#15119,#15120,#15121,#15122,#15123,#15124,#15125,#15126,
    #15127,#15128,#15129,#15130,#15131,#15132,#15133,#15134,#15135,
    #15136,#15137,#15138,#15139,#15140,#15141,#15142,#15143,#15144,
    #15145,#15146,#15147,#15148,#15149,#15150,#15151,#15152,#15153,
    #15154,#15155,#15156,#15157),.UNSPECIFIED.,.F.,.F.,(8,6,6,6,6,6,6,6,
    6,6,8),(0.,5.139427989391E-02,0.281847864951,0.338165902165,
    0.433858787391,0.5,0.566141212609,0.661834097835,0.718152135049,
    0.948605720106,1.),.UNSPECIFIED.);
#15096 = CARTESIAN_POINT('',(18.193327494227,51.337686121506,26.6));
#15097 = CARTESIAN_POINT('',(18.193327494227,51.357837421998,26.6));
#15098 = CARTESIAN_POINT('',(18.193563483858,51.378091679605,26.6));
#15099 = CARTESIAN_POINT('',(18.194039777195,51.398436759275,26.6));
#15100 = CARTESIAN_POINT('',(18.194760568684,51.418860302295,26.6));
#15101 = CARTESIAN_POINT('',(18.19572993314,51.439349726287,26.6));
#15102 = CARTESIAN_POINT('',(18.196951825752,51.459892225211,26.6));
#15103 = CARTESIAN_POINT('',(18.205058630439,51.572767551749,26.6));
#15104 = CARTESIAN_POINT('',(18.216834774674,51.66576295251,26.6));
#15105 = CARTESIAN_POINT('',(18.234097408706,51.758451452447,26.6));
#15106 = CARTESIAN_POINT('',(18.257193723534,51.849541444174,26.6));
#15107 = CARTESIAN_POINT('',(18.286415129339,51.93739616239,26.6));
#15108 = CARTESIAN_POINT('',(18.321942748078,52.019910692166,26.6));
#15109 = CARTESIAN_POINT('',(18.373772212631,52.112842560406,26.6));
#15110 = CARTESIAN_POINT('',(18.384312236292,52.130617672467,26.6));
#15111 = CARTESIAN_POINT('',(18.395208651991,52.147878570362,26.6));
#15112 = CARTESIAN_POINT('',(18.406454033743,52.164584332905,26.6));
#15113 = CARTESIAN_POINT('',(18.418038125753,52.180692849415,26.6));
#15114 = CARTESIAN_POINT('',(18.429947407241,52.196161777209,26.6));
#15115 = CARTESIAN_POINT('',(18.462923617677,52.236076080975,26.6));
#15116 = CARTESIAN_POINT('',(18.484576489443,52.259241700123,26.6));
#15117 = CARTESIAN_POINT('',(18.507032306878,52.280232721601,26.6));
#15118 = CARTESIAN_POINT('',(18.530172783142,52.298852069253,26.6));
#15119 = CARTESIAN_POINT('',(18.553849740593,52.314938821334,26.6));
#15120 = CARTESIAN_POINT('',(18.577888167673,52.32838770062,26.6));
#15121 = CARTESIAN_POINT('',(18.618826164847,52.346619926604,26.6));
#15122 = CARTESIAN_POINT('',(18.635640696685,52.352798033292,26.6));
#15123 = CARTESIAN_POINT('',(18.652475732214,52.357692114733,26.6));
#15124 = CARTESIAN_POINT('',(18.669269991197,52.36131078308,26.6));
#15125 = CARTESIAN_POINT('',(18.68596508139,52.363679469186,26.6));
#15126 = CARTESIAN_POINT('',(18.702506901137,52.364837964806,26.6));
#15127 = CARTESIAN_POINT('',(18.735187182787,52.364837964806,26.6));
#15128 = CARTESIAN_POINT('',(18.751729002534,52.363679469186,26.6));
#15129 = CARTESIAN_POINT('',(18.768424092727,52.36131078308,26.6));
#15130 = CARTESIAN_POINT('',(18.78521835171,52.357692114733,26.6));
#15131 = CARTESIAN_POINT('',(18.802053387238,52.352798033292,26.6));
#15132 = CARTESIAN_POINT('',(18.818867919077,52.346619926604,26.6));
#15133 = CARTESIAN_POINT('',(18.859805916251,52.32838770062,26.6));
#15134 = CARTESIAN_POINT('',(18.88384434333,52.314938821334,26.6));
#15135 = CARTESIAN_POINT('',(18.907521300781,52.298852069253,26.6));
#15136 = CARTESIAN_POINT('',(18.930661777046,52.280232721601,26.6));
#15137 = CARTESIAN_POINT('',(18.953117594481,52.259241700124,26.6));
#15138 = CARTESIAN_POINT('',(18.974770466247,52.236076080976,26.6));
#15139 = CARTESIAN_POINT('',(19.007746676682,52.196161777209,26.6));
#15140 = CARTESIAN_POINT('',(19.019655958171,52.180692849416,26.6));
#15141 = CARTESIAN_POINT('',(19.031240050181,52.164584332905,26.6));
#15142 = CARTESIAN_POINT('',(19.042485431932,52.147878570362,26.6));
#15143 = CARTESIAN_POINT('',(19.053381847632,52.130617672467,26.6));
#15144 = CARTESIAN_POINT('',(19.063921871293,52.112842560406,26.6));
#15145 = CARTESIAN_POINT('',(19.115751335846,52.019910692166,26.6));
#15146 = CARTESIAN_POINT('',(19.151278954585,51.93739616239,26.6));
#15147 = CARTESIAN_POINT('',(19.18050036039,51.849541444175,26.6));
#15148 = CARTESIAN_POINT('',(19.203596675218,51.758451452446,26.6));
#15149 = CARTESIAN_POINT('',(19.22085930925,51.665762952511,26.6));
#15150 = CARTESIAN_POINT('',(19.232635453485,51.57276755175,26.6));
#15151 = CARTESIAN_POINT('',(19.240742258172,51.459892225212,26.6));
#15152 = CARTESIAN_POINT('',(19.241964150783,51.439349726287,26.6));
#15153 = CARTESIAN_POINT('',(19.24293351524,51.418860302295,26.6));
#15154 = CARTESIAN_POINT('',(19.243654306729,51.398436759275,26.6));
#15155 = CARTESIAN_POINT('',(19.244130600066,51.378091679605,26.6));
#15156 = CARTESIAN_POINT('',(19.244366589697,51.357837421998,26.6));
#15157 = CARTESIAN_POINT('',(19.244366589697,51.337686121506,26.6));
#15158 = ORIENTED_EDGE('',*,*,#15159,.T.);
#15159 = EDGE_CURVE('',#15093,#15091,#15160,.T.);
#15160 = B_SPLINE_CURVE_WITH_KNOTS('',7,(#15161,#15162,#15163,#15164,
    #15165,#15166,#15167,#15168,#15169,#15170,#15171,#15172,#15173,
    #15174,#15175,#15176,#15177,#15178,#15179,#15180,#15181,#15182,
    #15183,#15184,#15185,#15186,#15187,#15188,#15189,#15190,#15191,
    #15192,#15193,#15194,#15195,#15196,#15197,#15198,#15199,#15200,
    #15201,#15202,#15203,#15204,#15205,#15206,#15207,#15208,#15209,
    #15210,#15211,#15212,#15213,#15214,#15215,#15216,#15217,#15218,
    #15219,#15220,#15221,#15222),.UNSPECIFIED.,.F.,.F.,(8,6,6,6,6,6,6,6,
    6,6,8),(0.,5.139427989399E-02,0.281847864952,0.338165902166,
    0.433858787392,0.500000000001,0.566141212609,0.661834097835,
    0.71815213505,0.948605720106,1.),.UNSPECIFIED.);
#15161 = CARTESIAN_POINT('',(19.244366589697,51.337686121506,26.6));
#15162 = CARTESIAN_POINT('',(19.244366589697,51.317534821015,26.6));
#15163 = CARTESIAN_POINT('',(19.244130600066,51.297280563408,26.6));
#15164 = CARTESIAN_POINT('',(19.243654306729,51.276935483738,26.6));
#15165 = CARTESIAN_POINT('',(19.24293351524,51.256511940718,26.6));
#15166 = CARTESIAN_POINT('',(19.241964150783,51.236022516726,26.6));
#15167 = CARTESIAN_POINT('',(19.240742258172,51.215480017802,26.6));
#15168 = CARTESIAN_POINT('',(19.232635453485,51.102604691263,26.6));
#15169 = CARTESIAN_POINT('',(19.22085930925,51.009609290503,26.6));
#15170 = CARTESIAN_POINT('',(19.203596675218,50.916920790565,26.6));
#15171 = CARTESIAN_POINT('',(19.18050036039,50.825830798839,26.6));
#15172 = CARTESIAN_POINT('',(19.151278954584,50.737976080623,26.6));
#15173 = CARTESIAN_POINT('',(19.115751335846,50.655461550847,26.6));
#15174 = CARTESIAN_POINT('',(19.063921871293,50.562529682607,26.6));
#15175 = CARTESIAN_POINT('',(19.053381847632,50.544754570546,26.6));
#15176 = CARTESIAN_POINT('',(19.042485431933,50.527493672651,26.6));
#15177 = CARTESIAN_POINT('',(19.031240050181,50.510787910108,26.6));
#15178 = CARTESIAN_POINT('',(19.019655958171,50.494679393597,26.6));
#15179 = CARTESIAN_POINT('',(19.007746676683,50.479210465804,26.6));
#15180 = CARTESIAN_POINT('',(18.974770466247,50.439296162038,26.6));
#15181 = CARTESIAN_POINT('',(18.953117594481,50.416130542889,26.6));
#15182 = CARTESIAN_POINT('',(18.930661777046,50.395139521412,26.6));
#15183 = CARTESIAN_POINT('',(18.907521300782,50.37652017376,26.6));
#15184 = CARTESIAN_POINT('',(18.88384434333,50.360433421679,26.6));
#15185 = CARTESIAN_POINT('',(18.859805916251,50.346984542393,26.6));
#15186 = CARTESIAN_POINT('',(18.818867919077,50.328752316409,26.6));
#15187 = CARTESIAN_POINT('',(18.802053387238,50.322574209721,26.6));
#15188 = CARTESIAN_POINT('',(18.78521835171,50.31768012828,26.6));
#15189 = CARTESIAN_POINT('',(18.768424092727,50.314061459933,26.6));
#15190 = CARTESIAN_POINT('',(18.751729002534,50.311692773827,26.6));
#15191 = CARTESIAN_POINT('',(18.735187182787,50.310534278207,26.6));
#15192 = CARTESIAN_POINT('',(18.702506901137,50.310534278207,26.6));
#15193 = CARTESIAN_POINT('',(18.68596508139,50.311692773827,26.6));
#15194 = CARTESIAN_POINT('',(18.669269991197,50.314061459932,26.6));
#15195 = CARTESIAN_POINT('',(18.652475732214,50.31768012828,26.6));
#15196 = CARTESIAN_POINT('',(18.635640696686,50.322574209721,26.6));
#15197 = CARTESIAN_POINT('',(18.618826164847,50.328752316409,26.6));
#15198 = CARTESIAN_POINT('',(18.577888167673,50.346984542393,26.6));
#15199 = CARTESIAN_POINT('',(18.553849740594,50.360433421679,26.6));
#15200 = CARTESIAN_POINT('',(18.530172783142,50.37652017376,26.6));
#15201 = CARTESIAN_POINT('',(18.507032306878,50.395139521412,26.6));
#15202 = CARTESIAN_POINT('',(18.484576489443,50.416130542889,26.6));
#15203 = CARTESIAN_POINT('',(18.462923617677,50.439296162037,26.6));
#15204 = CARTESIAN_POINT('',(18.429947407241,50.479210465804,26.6));
#15205 = CARTESIAN_POINT('',(18.418038125753,50.494679393597,26.6));
#15206 = CARTESIAN_POINT('',(18.406454033743,50.510787910108,26.6));
#15207 = CARTESIAN_POINT('',(18.395208651991,50.527493672651,26.6));
#15208 = CARTESIAN_POINT('',(18.384312236292,50.544754570546,26.6));
#15209 = CARTESIAN_POINT('',(18.373772212631,50.562529682607,26.6));
#15210 = CARTESIAN_POINT('',(18.321942748078,50.655461550847,26.6));
#15211 = CARTESIAN_POINT('',(18.286415129339,50.737976080623,26.6));
#15212 = CARTESIAN_POINT('',(18.257193723534,50.825830798838,26.6));
#15213 = CARTESIAN_POINT('',(18.234097408705,50.916920790566,26.6));
#15214 = CARTESIAN_POINT('',(18.216834774674,51.009609290502,26.6));
#15215 = CARTESIAN_POINT('',(18.205058630439,51.102604691263,26.6));
#15216 = CARTESIAN_POINT('',(18.196951825752,51.215480017801,26.6));
#15217 = CARTESIAN_POINT('',(18.19572993314,51.236022516726,26.6));
#15218 = CARTESIAN_POINT('',(18.194760568684,51.256511940718,26.6));
#15219 = CARTESIAN_POINT('',(18.194039777195,51.276935483738,26.6));
#15220 = CARTESIAN_POINT('',(18.193563483858,51.297280563408,26.6));
#15221 = CARTESIAN_POINT('',(18.193327494227,51.317534821015,26.6));
#15222 = CARTESIAN_POINT('',(18.193327494227,51.337686121506,26.6));
#15223 = PLANE('',#15224);
#15224 = AXIS2_PLACEMENT_3D('',#15225,#15226,#15227);
#15225 = CARTESIAN_POINT('',(-2.5,-2.5,26.6));
#15226 = DIRECTION('',(0.,0.,1.));
#15227 = DIRECTION('',(1.,0.,-0.));
#15228 = ADVANCED_FACE('',(#15229),#15240,.T.);
#15229 = FACE_BOUND('',#15230,.T.);
#15230 = EDGE_LOOP('',(#15231,#15232,#15233,#15234,#15235,#15236,#15237,
    #15238,#15239));
#15231 = ORIENTED_EDGE('',*,*,#14612,.F.);
#15232 = ORIENTED_EDGE('',*,*,#14868,.F.);
#15233 = ORIENTED_EDGE('',*,*,#14844,.F.);
#15234 = ORIENTED_EDGE('',*,*,#14817,.F.);
#15235 = ORIENTED_EDGE('',*,*,#14782,.F.);
#15236 = ORIENTED_EDGE('',*,*,#14747,.F.);
#15237 = ORIENTED_EDGE('',*,*,#14712,.F.);
#15238 = ORIENTED_EDGE('',*,*,#14677,.F.);
#15239 = ORIENTED_EDGE('',*,*,#14650,.F.);
#15240 = PLANE('',#15241);
#15241 = AXIS2_PLACEMENT_3D('',#15242,#15243,#15244);
#15242 = CARTESIAN_POINT('',(-2.5,-2.5,26.6));
#15243 = DIRECTION('',(0.,0.,1.));
#15244 = DIRECTION('',(1.,0.,-0.));
#15245 = ADVANCED_FACE('',(#15246),#15273,.T.);
#15246 = FACE_BOUND('',#15247,.T.);
#15247 = EDGE_LOOP('',(#15248,#15260,#15266,#15267));
#15248 = ORIENTED_EDGE('',*,*,#15249,.F.);
#15249 = EDGE_CURVE('',#15250,#15252,#15254,.T.);
#15250 = VERTEX_POINT('',#15251);
#15251 = CARTESIAN_POINT('',(13.391989808106,51.481009634525,26.));
#15252 = VERTEX_POINT('',#15253);
#15253 = CARTESIAN_POINT('',(11.863205669241,51.481009634525,26.));
#15254 = ( BOUNDED_CURVE() B_SPLINE_CURVE(2,(#15255,#15256,#15257,#15258
,#15259),.UNSPECIFIED.,.F.,.F.) B_SPLINE_CURVE_WITH_KNOTS((3,2,3),(0.,
1.570796326795,3.14159265359),.PIECEWISE_BEZIER_KNOTS.) CURVE() 
GEOMETRIC_REPRESENTATION_ITEM() RATIONAL_B_SPLINE_CURVE((1.,
0.707106781187,1.,0.707106781187,1.)) REPRESENTATION_ITEM('') );
#15255 = CARTESIAN_POINT('',(13.391989808106,51.481009634525,26.));
#15256 = CARTESIAN_POINT('',(13.391989808106,52.245401703957,26.));
#15257 = CARTESIAN_POINT('',(12.627597738673,52.245401703957,26.));
#15258 = CARTESIAN_POINT('',(11.863205669241,52.245401703957,26.));
#15259 = CARTESIAN_POINT('',(11.863205669241,51.481009634525,26.));
#15260 = ORIENTED_EDGE('',*,*,#15261,.T.);
#15261 = EDGE_CURVE('',#15250,#14967,#15262,.T.);
#15262 = LINE('',#15263,#15264);
#15263 = CARTESIAN_POINT('',(13.391989808106,51.481009634525,26.));
#15264 = VECTOR('',#15265,1.);
#15265 = DIRECTION('',(0.,0.,1.));
#15266 = ORIENTED_EDGE('',*,*,#14964,.F.);
#15267 = ORIENTED_EDGE('',*,*,#15268,.F.);
#15268 = EDGE_CURVE('',#15252,#14965,#15269,.T.);
#15269 = LINE('',#15270,#15271);
#15270 = CARTESIAN_POINT('',(11.863205669241,51.481009634525,26.));
#15271 = VECTOR('',#15272,1.);
#15272 = DIRECTION('',(0.,0.,1.));
#15273 = SURFACE_OF_LINEAR_EXTRUSION('',#15274,#15280);
#15274 = ( BOUNDED_CURVE() B_SPLINE_CURVE(2,(#15275,#15276,#15277,#15278
,#15279),.UNSPECIFIED.,.F.,.F.) B_SPLINE_CURVE_WITH_KNOTS((3,2,3),(0.,
1.570796326795,3.14159265359),.PIECEWISE_BEZIER_KNOTS.) CURVE() 
GEOMETRIC_REPRESENTATION_ITEM() RATIONAL_B_SPLINE_CURVE((1.,
0.707106781187,1.,0.707106781187,1.)) REPRESENTATION_ITEM('') );
#15275 = CARTESIAN_POINT('',(13.391989808106,51.481009634525,26.));
#15276 = CARTESIAN_POINT('',(13.391989808106,52.245401703957,26.));
#15277 = CARTESIAN_POINT('',(12.627597738673,52.245401703957,26.));
#15278 = CARTESIAN_POINT('',(11.863205669241,52.245401703957,26.));
#15279 = CARTESIAN_POINT('',(11.863205669241,51.481009634525,26.));
#15280 = VECTOR('',#15281,1.);
#15281 = DIRECTION('',(-0.,-0.,-1.));
#15282 = ADVANCED_FACE('',(#15283),#15296,.T.);
#15283 = FACE_BOUND('',#15284,.T.);
#15284 = EDGE_LOOP('',(#15285,#15293,#15294,#15295));
#15285 = ORIENTED_EDGE('',*,*,#15286,.F.);
#15286 = EDGE_CURVE('',#15252,#15250,#15287,.T.);
#15287 = ( BOUNDED_CURVE() B_SPLINE_CURVE(2,(#15288,#15289,#15290,#15291
,#15292),.UNSPECIFIED.,.F.,.F.) B_SPLINE_CURVE_WITH_KNOTS((3,2,3),(
    3.14159265359,4.712388980385,6.28318530718),
.PIECEWISE_BEZIER_KNOTS.) CURVE() GEOMETRIC_REPRESENTATION_ITEM() 
RATIONAL_B_SPLINE_CURVE((1.,0.707106781187,1.,0.707106781187,1.)) 
REPRESENTATION_ITEM('') );
#15288 = CARTESIAN_POINT('',(11.863205669241,51.481009634525,26.));
#15289 = CARTESIAN_POINT('',(11.863205669241,50.716617565093,26.));
#15290 = CARTESIAN_POINT('',(12.627597738673,50.716617565093,26.));
#15291 = CARTESIAN_POINT('',(13.391989808106,50.716617565093,26.));
#15292 = CARTESIAN_POINT('',(13.391989808106,51.481009634525,26.));
#15293 = ORIENTED_EDGE('',*,*,#15268,.T.);
#15294 = ORIENTED_EDGE('',*,*,#15023,.F.);
#15295 = ORIENTED_EDGE('',*,*,#15261,.F.);
#15296 = SURFACE_OF_LINEAR_EXTRUSION('',#15297,#15303);
#15297 = ( BOUNDED_CURVE() B_SPLINE_CURVE(2,(#15298,#15299,#15300,#15301
,#15302),.UNSPECIFIED.,.F.,.F.) B_SPLINE_CURVE_WITH_KNOTS((3,2,3),(
    3.14159265359,4.712388980385,6.28318530718),
.PIECEWISE_BEZIER_KNOTS.) CURVE() GEOMETRIC_REPRESENTATION_ITEM() 
RATIONAL_B_SPLINE_CURVE((1.,0.707106781187,1.,0.707106781187,1.)) 
REPRESENTATION_ITEM('') );
#15298 = CARTESIAN_POINT('',(11.863205669241,51.481009634525,26.));
#15299 = CARTESIAN_POINT('',(11.863205669241,50.716617565093,26.));
#15300 = CARTESIAN_POINT('',(12.627597738673,50.716617565093,26.));
#15301 = CARTESIAN_POINT('',(13.391989808106,50.716617565093,26.));
#15302 = CARTESIAN_POINT('',(13.391989808106,51.481009634525,26.));
#15303 = VECTOR('',#15304,1.);
#15304 = DIRECTION('',(-0.,-0.,-1.));
#15305 = ADVANCED_FACE('',(#15306),#15333,.T.);
#15306 = FACE_BOUND('',#15307,.T.);
#15307 = EDGE_LOOP('',(#15308,#15320,#15326,#15327));
#15308 = ORIENTED_EDGE('',*,*,#15309,.F.);
#15309 = EDGE_CURVE('',#15310,#15312,#15314,.T.);
#15310 = VERTEX_POINT('',#15311);
#15311 = CARTESIAN_POINT('',(19.244366589697,51.337686121506,26.));
#15312 = VERTEX_POINT('',#15313);
#15313 = CARTESIAN_POINT('',(18.193327494227,51.337686121506,26.));
#15314 = ( BOUNDED_CURVE() B_SPLINE_CURVE(2,(#15315,#15316,#15317,#15318
,#15319),.UNSPECIFIED.,.F.,.F.) B_SPLINE_CURVE_WITH_KNOTS((3,2,3),(
    4.712388980385,6.28318530718,7.853981633974),
.PIECEWISE_BEZIER_KNOTS.) CURVE() GEOMETRIC_REPRESENTATION_ITEM() 
RATIONAL_B_SPLINE_CURVE((1.,0.707106781187,1.,0.707106781187,1.)) 
REPRESENTATION_ITEM('') );
#15315 = CARTESIAN_POINT('',(19.244366589697,51.337686121506,26.));
#15316 = CARTESIAN_POINT('',(19.244366589697,52.364837964806,26.));
#15317 = CARTESIAN_POINT('',(18.718847041962,52.364837964806,26.));
#15318 = CARTESIAN_POINT('',(18.193327494227,52.364837964806,26.));
#15319 = CARTESIAN_POINT('',(18.193327494227,51.337686121506,26.));
#15320 = ORIENTED_EDGE('',*,*,#15321,.T.);
#15321 = EDGE_CURVE('',#15310,#15093,#15322,.T.);
#15322 = LINE('',#15323,#15324);
#15323 = CARTESIAN_POINT('',(19.244366589697,51.337686121506,26.));
#15324 = VECTOR('',#15325,1.);
#15325 = DIRECTION('',(0.,0.,1.));
#15326 = ORIENTED_EDGE('',*,*,#15090,.F.);
#15327 = ORIENTED_EDGE('',*,*,#15328,.F.);
#15328 = EDGE_CURVE('',#15312,#15091,#15329,.T.);
#15329 = LINE('',#15330,#15331);
#15330 = CARTESIAN_POINT('',(18.193327494227,51.337686121506,26.));
#15331 = VECTOR('',#15332,1.);
#15332 = DIRECTION('',(0.,0.,1.));
#15333 = SURFACE_OF_LINEAR_EXTRUSION('',#15334,#15340);
#15334 = ( BOUNDED_CURVE() B_SPLINE_CURVE(2,(#15335,#15336,#15337,#15338
,#15339),.UNSPECIFIED.,.F.,.F.) B_SPLINE_CURVE_WITH_KNOTS((3,2,3),(
    4.712388980385,6.28318530718,7.853981633974),
.PIECEWISE_BEZIER_KNOTS.) CURVE() GEOMETRIC_REPRESENTATION_ITEM() 
RATIONAL_B_SPLINE_CURVE((1.,0.707106781187,1.,0.707106781187,1.)) 
REPRESENTATION_ITEM('') );
#15335 = CARTESIAN_POINT('',(19.244366589697,51.337686121506,26.));
#15336 = CARTESIAN_POINT('',(19.244366589697,52.364837964806,26.));
#15337 = CARTESIAN_POINT('',(18.718847041962,52.364837964806,26.));
#15338 = CARTESIAN_POINT('',(18.193327494227,52.364837964806,26.));
#15339 = CARTESIAN_POINT('',(18.193327494227,51.337686121506,26.));
#15340 = VECTOR('',#15341,1.);
#15341 = DIRECTION('',(-0.,-0.,-1.));
#15342 = ADVANCED_FACE('',(#15343),#15356,.T.);
#15343 = FACE_BOUND('',#15344,.T.);
#15344 = EDGE_LOOP('',(#15345,#15353,#15354,#15355));
#15345 = ORIENTED_EDGE('',*,*,#15346,.F.);
#15346 = EDGE_CURVE('',#15312,#15310,#15347,.T.);
#15347 = ( BOUNDED_CURVE() B_SPLINE_CURVE(2,(#15348,#15349,#15350,#15351
,#15352),.UNSPECIFIED.,.F.,.F.) B_SPLINE_CURVE_WITH_KNOTS((3,2,3),(
    1.570796326795,3.14159265359,4.712388980385),
.PIECEWISE_BEZIER_KNOTS.) CURVE() GEOMETRIC_REPRESENTATION_ITEM() 
RATIONAL_B_SPLINE_CURVE((1.,0.707106781187,1.,0.707106781187,1.)) 
REPRESENTATION_ITEM('') );
#15348 = CARTESIAN_POINT('',(18.193327494227,51.337686121506,26.));
#15349 = CARTESIAN_POINT('',(18.193327494227,50.310534278207,26.));
#15350 = CARTESIAN_POINT('',(18.718847041962,50.310534278207,26.));
#15351 = CARTESIAN_POINT('',(19.244366589697,50.310534278207,26.));
#15352 = CARTESIAN_POINT('',(19.244366589697,51.337686121506,26.));
#15353 = ORIENTED_EDGE('',*,*,#15328,.T.);
#15354 = ORIENTED_EDGE('',*,*,#15159,.F.);
#15355 = ORIENTED_EDGE('',*,*,#15321,.F.);
#15356 = SURFACE_OF_LINEAR_EXTRUSION('',#15357,#15363);
#15357 = ( BOUNDED_CURVE() B_SPLINE_CURVE(2,(#15358,#15359,#15360,#15361
,#15362),.UNSPECIFIED.,.F.,.F.) B_SPLINE_CURVE_WITH_KNOTS((3,2,3),(
    1.570796326795,3.14159265359,4.712388980385),
.PIECEWISE_BEZIER_KNOTS.) CURVE() GEOMETRIC_REPRESENTATION_ITEM() 
RATIONAL_B_SPLINE_CURVE((1.,0.707106781187,1.,0.707106781187,1.)) 
REPRESENTATION_ITEM('') );
#15358 = CARTESIAN_POINT('',(18.193327494227,51.337686121506,26.));
#15359 = CARTESIAN_POINT('',(18.193327494227,50.310534278207,26.));
#15360 = CARTESIAN_POINT('',(18.718847041962,50.310534278207,26.));
#15361 = CARTESIAN_POINT('',(19.244366589697,50.310534278207,26.));
#15362 = CARTESIAN_POINT('',(19.244366589697,51.337686121506,26.));
#15363 = VECTOR('',#15364,1.);
#15364 = DIRECTION('',(-0.,-0.,-1.));
#15365 = ADVANCED_FACE('',(#15366),#15370,.T.);
#15366 = FACE_BOUND('',#15367,.T.);
#15367 = EDGE_LOOP('',(#15368,#15369));
#15368 = ORIENTED_EDGE('',*,*,#15286,.T.);
#15369 = ORIENTED_EDGE('',*,*,#15249,.T.);
#15370 = B_SPLINE_SURFACE_WITH_KNOTS('',1,1,(
    (#15371,#15372)
    ,(#15373,#15374
    )),.UNSPECIFIED.,.F.,.F.,.F.,(2,2),(2,2),(-1.6,1.6),(-1.6,1.6),
  .PIECEWISE_BEZIER_KNOTS.);
#15371 = CARTESIAN_POINT('',(11.863205669241,50.716617565093,26.));
#15372 = CARTESIAN_POINT('',(11.863205669241,52.245401703957,26.));
#15373 = CARTESIAN_POINT('',(13.391989808106,50.716617565093,26.));
#15374 = CARTESIAN_POINT('',(13.391989808106,52.245401703957,26.));
#15375 = ADVANCED_FACE('',(#15376),#15380,.T.);
#15376 = FACE_BOUND('',#15377,.T.);
#15377 = EDGE_LOOP('',(#15378,#15379));
#15378 = ORIENTED_EDGE('',*,*,#15346,.T.);
#15379 = ORIENTED_EDGE('',*,*,#15309,.T.);
#15380 = B_SPLINE_SURFACE_WITH_KNOTS('',1,1,(
    (#15381,#15382)
    ,(#15383,#15384
    )),.UNSPECIFIED.,.F.,.F.,.F.,(2,2),(2,2),(-1.1,1.1),(-2.15,2.15),
  .PIECEWISE_BEZIER_KNOTS.);
#15381 = CARTESIAN_POINT('',(18.193327494227,50.310534278207,26.));
#15382 = CARTESIAN_POINT('',(18.193327494227,52.364837964806,26.));
#15383 = CARTESIAN_POINT('',(19.244366589697,50.310534278207,26.));
#15384 = CARTESIAN_POINT('',(19.244366589697,52.364837964806,26.));
#15385 = ( GEOMETRIC_REPRESENTATION_CONTEXT(3) 
GLOBAL_UNCERTAINTY_ASSIGNED_CONTEXT((#15389)) 
GLOBAL_UNIT_ASSIGNED_CONTEXT((#15386,#15387,#15388)) 
REPRESENTATION_CONTEXT('Context #1',
  '3D Context with UNIT and UNCERTAINTY') );
#15386 = ( LENGTH_UNIT() NAMED_UNIT(*) SI_UNIT(.MILLI.,.METRE.) );
#15387 = ( NAMED_UNIT(*) PLANE_ANGLE_UNIT() SI_UNIT($,.RADIAN.) );
#15388 = ( NAMED_UNIT(*) SI_UNIT($,.STERADIAN.) SOLID_ANGLE_UNIT() );
#15389 = UNCERTAINTY_MEASURE_WITH_UNIT(LENGTH_MEASURE(2.E-06),#15386,
  'distance_accuracy_value','confusion accuracy');
#15390 = PRODUCT_RELATED_PRODUCT_CATEGORY('part',$,(#7));
ENDSEC;
END-ISO-10303-21;
