ISO-10303-21;
HEADER;
FILE_DESCRIPTION(('FreeCAD Model'),'2;1');
FILE_NAME('Open CASCADE Shape Model','2026-10-06T01:45:07',('FreeCAD'),(
    'FreeCAD'),'Open CASCADE STEP processor 7.8','FreeCAD','Unknown');
FILE_SCHEMA(('AUTOMOTIVE_DESIGN { 1 0 10303 214 1 1 1 1 }'));
ENDSEC;
DATA;
#1 = APPLICATION_PROTOCOL_DEFINITION('international standard',
  'automotive_design',2000,#2);
#2 = APPLICATION_CONTEXT(
  'core data for automotive mechanical design processes');
#3 = SHAPE_DEFINITION_REPRESENTATION(#4,#10);
#4 = PRODUCT_DEFINITION_SHAPE('','',#5);
#5 = PRODUCT_DEFINITION('design','',#6,#9);
#6 = PRODUCT_DEFINITION_FORMATION('','',#7);
#7 = PRODUCT('Open CASCADE STEP translator 7.8 3',
  'Open CASCADE STEP translator 7.8 3','',(#8));
#8 = PRODUCT_CONTEXT('',#2,'mechanical');
#9 = PRODUCT_DEFINITION_CONTEXT('part definition',#2,'design');
#10 = SHAPE_REPRESENTATION('',(#11,#15,#387,#487,#859,#959,#1245,#2424,
    #3519,#4073,#4935,#5361,#5915,#7010,#7768,#8630,#9691),#10257);
#11 = AXIS2_PLACEMENT_3D('',#12,#13,#14);
#12 = CARTESIAN_POINT('',(0.,0.,0.));
#13 = DIRECTION('',(0.,0.,1.));
#14 = DIRECTION('',(1.,0.,-0.));
#15 = MANIFOLD_SOLID_BREP('',#16);
#16 = CLOSED_SHELL('',(#17,#56,#89,#122,#152,#182,#215,#248,#269,#317,
    #347,#367));
#17 = ADVANCED_FACE('',(#18),#50,.T.);
#18 = FACE_BOUND('',#19,.T.);
#19 = EDGE_LOOP('',(#20,#30,#37,#45));
#20 = ORIENTED_EDGE('',*,*,#21,.T.);
#21 = EDGE_CURVE('',#22,#24,#26,.T.);
#22 = VERTEX_POINT('',#23);
#23 = CARTESIAN_POINT('',(10.716617565093,56.210685564137,26.));
#24 = VERTEX_POINT('',#25);
#25 = CARTESIAN_POINT('',(10.716617565093,56.210685564137,26.6));
#26 = LINE('',#27,#28);
#27 = CARTESIAN_POINT('',(10.716617565093,56.210685564137,26.));
#28 = VECTOR('',#29,1.);
#29 = DIRECTION('',(0.,0.,1.));
#30 = ORIENTED_EDGE('',*,*,#31,.T.);
#31 = EDGE_CURVE('',#24,#32,#34,.T.);
#32 = VERTEX_POINT('',#33);
#33 = CARTESIAN_POINT('',(14.538577912254,56.210685564137,26.6));
#34 = B_SPLINE_CURVE_WITH_KNOTS('',1,(#35,#36),.UNSPECIFIED.,.F.,.F.,(2,
    2),(0.,8.),.PIECEWISE_BEZIER_KNOTS.);
#35 = CARTESIAN_POINT('',(10.716617565093,56.210685564137,26.6));
#36 = CARTESIAN_POINT('',(14.538577912254,56.210685564137,26.6));
#37 = ORIENTED_EDGE('',*,*,#38,.F.);
#38 = EDGE_CURVE('',#39,#32,#41,.T.);
#39 = VERTEX_POINT('',#40);
#40 = CARTESIAN_POINT('',(14.538577912254,56.210685564137,26.));
#41 = LINE('',#42,#43);
#42 = CARTESIAN_POINT('',(14.538577912254,56.210685564137,26.));
#43 = VECTOR('',#44,1.);
#44 = DIRECTION('',(0.,0.,1.));
#45 = ORIENTED_EDGE('',*,*,#46,.F.);
#46 = EDGE_CURVE('',#22,#39,#47,.T.);
#47 = B_SPLINE_CURVE_WITH_KNOTS('',1,(#48,#49),.UNSPECIFIED.,.F.,.F.,(2,
    2),(0.,8.),.PIECEWISE_BEZIER_KNOTS.);
#48 = CARTESIAN_POINT('',(10.716617565093,56.210685564137,26.));
#49 = CARTESIAN_POINT('',(14.538577912254,56.210685564137,26.));
#50 = SURFACE_OF_LINEAR_EXTRUSION('',#51,#54);
#51 = B_SPLINE_CURVE_WITH_KNOTS('',1,(#52,#53),.UNSPECIFIED.,.F.,.F.,(2,
    2),(0.,8.),.PIECEWISE_BEZIER_KNOTS.);
#52 = CARTESIAN_POINT('',(10.716617565093,56.210685564137,26.));
#53 = CARTESIAN_POINT('',(14.538577912254,56.210685564137,26.));
#54 = VECTOR('',#55,1.);
#55 = DIRECTION('',(-0.,-0.,-1.));
#56 = ADVANCED_FACE('',(#57),#82,.F.);
#57 = FACE_BOUND('',#58,.F.);
#58 = EDGE_LOOP('',(#59,#60,#68,#76));
#59 = ORIENTED_EDGE('',*,*,#21,.T.);
#60 = ORIENTED_EDGE('',*,*,#61,.T.);
#61 = EDGE_CURVE('',#24,#62,#64,.T.);
#62 = VERTEX_POINT('',#63);
#63 = CARTESIAN_POINT('',(10.,55.494067999045,26.6));
#64 = ( BOUNDED_CURVE() B_SPLINE_CURVE(2,(#65,#66,#67),.UNSPECIFIED.,.F.
,.F.) B_SPLINE_CURVE_WITH_KNOTS((3,3),(1.570796326795,3.14159265359),
.PIECEWISE_BEZIER_KNOTS.) CURVE() GEOMETRIC_REPRESENTATION_ITEM() 
RATIONAL_B_SPLINE_CURVE((1.,0.707106781187,1.)) REPRESENTATION_ITEM('') 
  );
#65 = CARTESIAN_POINT('',(10.716617565093,56.210685564137,26.6));
#66 = CARTESIAN_POINT('',(10.,56.210685564137,26.6));
#67 = CARTESIAN_POINT('',(10.,55.494067999045,26.6));
#68 = ORIENTED_EDGE('',*,*,#69,.F.);
#69 = EDGE_CURVE('',#70,#62,#72,.T.);
#70 = VERTEX_POINT('',#71);
#71 = CARTESIAN_POINT('',(10.,55.494067999045,26.));
#72 = LINE('',#73,#74);
#73 = CARTESIAN_POINT('',(10.,55.494067999045,26.));
#74 = VECTOR('',#75,1.);
#75 = DIRECTION('',(0.,0.,1.));
#76 = ORIENTED_EDGE('',*,*,#77,.F.);
#77 = EDGE_CURVE('',#22,#70,#78,.T.);
#78 = ( BOUNDED_CURVE() B_SPLINE_CURVE(2,(#79,#80,#81),.UNSPECIFIED.,.F.
,.F.) B_SPLINE_CURVE_WITH_KNOTS((3,3),(1.570796326795,3.14159265359),
.PIECEWISE_BEZIER_KNOTS.) CURVE() GEOMETRIC_REPRESENTATION_ITEM() 
RATIONAL_B_SPLINE_CURVE((1.,0.707106781187,1.)) REPRESENTATION_ITEM('') 
  );
#79 = CARTESIAN_POINT('',(10.716617565093,56.210685564137,26.));
#80 = CARTESIAN_POINT('',(10.,56.210685564137,26.));
#81 = CARTESIAN_POINT('',(10.,55.494067999045,26.));
#82 = SURFACE_OF_LINEAR_EXTRUSION('',#83,#87);
#83 = ( BOUNDED_CURVE() B_SPLINE_CURVE(2,(#84,#85,#86),.UNSPECIFIED.,.F.
,.F.) B_SPLINE_CURVE_WITH_KNOTS((3,3),(1.570796326795,3.14159265359),
.PIECEWISE_BEZIER_KNOTS.) CURVE() GEOMETRIC_REPRESENTATION_ITEM() 
RATIONAL_B_SPLINE_CURVE((1.,0.707106781187,1.)) REPRESENTATION_ITEM('') 
  );
#84 = CARTESIAN_POINT('',(10.716617565093,56.210685564137,26.));
#85 = CARTESIAN_POINT('',(10.,56.210685564137,26.));
#86 = CARTESIAN_POINT('',(10.,55.494067999045,26.));
#87 = VECTOR('',#88,1.);
#88 = DIRECTION('',(-0.,-0.,-1.));
#89 = ADVANCED_FACE('',(#90),#115,.F.);
#90 = FACE_BOUND('',#91,.F.);
#91 = EDGE_LOOP('',(#92,#102,#108,#109));
#92 = ORIENTED_EDGE('',*,*,#93,.T.);
#93 = EDGE_CURVE('',#94,#96,#98,.T.);
#94 = VERTEX_POINT('',#95);
#95 = CARTESIAN_POINT('',(15.255195477347,55.494067999045,26.));
#96 = VERTEX_POINT('',#97);
#97 = CARTESIAN_POINT('',(15.255195477347,55.494067999045,26.6));
#98 = LINE('',#99,#100);
#99 = CARTESIAN_POINT('',(15.255195477347,55.494067999045,26.));
#100 = VECTOR('',#101,1.);
#101 = DIRECTION('',(0.,0.,1.));
#102 = ORIENTED_EDGE('',*,*,#103,.T.);
#103 = EDGE_CURVE('',#96,#32,#104,.T.);
#104 = ( BOUNDED_CURVE() B_SPLINE_CURVE(2,(#105,#106,#107),
.UNSPECIFIED.,.F.,.F.) B_SPLINE_CURVE_WITH_KNOTS((3,3),(0.,
1.570796326795),.PIECEWISE_BEZIER_KNOTS.) CURVE() 
GEOMETRIC_REPRESENTATION_ITEM() RATIONAL_B_SPLINE_CURVE((1.,
0.707106781187,1.)) REPRESENTATION_ITEM('') );
#105 = CARTESIAN_POINT('',(15.255195477347,55.494067999045,26.6));
#106 = CARTESIAN_POINT('',(15.255195477347,56.210685564137,26.6));
#107 = CARTESIAN_POINT('',(14.538577912254,56.210685564137,26.6));
#108 = ORIENTED_EDGE('',*,*,#38,.F.);
#109 = ORIENTED_EDGE('',*,*,#110,.F.);
#110 = EDGE_CURVE('',#94,#39,#111,.T.);
#111 = ( BOUNDED_CURVE() B_SPLINE_CURVE(2,(#112,#113,#114),
.UNSPECIFIED.,.F.,.F.) B_SPLINE_CURVE_WITH_KNOTS((3,3),(0.,
1.570796326795),.PIECEWISE_BEZIER_KNOTS.) CURVE() 
GEOMETRIC_REPRESENTATION_ITEM() RATIONAL_B_SPLINE_CURVE((1.,
0.707106781187,1.)) REPRESENTATION_ITEM('') );
#112 = CARTESIAN_POINT('',(15.255195477347,55.494067999045,26.));
#113 = CARTESIAN_POINT('',(15.255195477347,56.210685564137,26.));
#114 = CARTESIAN_POINT('',(14.538577912254,56.210685564137,26.));
#115 = SURFACE_OF_LINEAR_EXTRUSION('',#116,#120);
#116 = ( BOUNDED_CURVE() B_SPLINE_CURVE(2,(#117,#118,#119),
.UNSPECIFIED.,.F.,.F.) B_SPLINE_CURVE_WITH_KNOTS((3,3),(0.,
1.570796326795),.PIECEWISE_BEZIER_KNOTS.) CURVE() 
GEOMETRIC_REPRESENTATION_ITEM() RATIONAL_B_SPLINE_CURVE((1.,
0.707106781187,1.)) REPRESENTATION_ITEM('') );
#117 = CARTESIAN_POINT('',(15.255195477347,55.494067999045,26.));
#118 = CARTESIAN_POINT('',(15.255195477347,56.210685564137,26.));
#119 = CARTESIAN_POINT('',(14.538577912254,56.210685564137,26.));
#120 = VECTOR('',#121,1.);
#121 = DIRECTION('',(-0.,-0.,-1.));
#122 = ADVANCED_FACE('',(#123),#146,.T.);
#123 = FACE_BOUND('',#124,.T.);
#124 = EDGE_LOOP('',(#125,#135,#140,#141));
#125 = ORIENTED_EDGE('',*,*,#126,.T.);
#126 = EDGE_CURVE('',#127,#129,#131,.T.);
#127 = VERTEX_POINT('',#128);
#128 = CARTESIAN_POINT('',(10.,44.505932000955,26.));
#129 = VERTEX_POINT('',#130);
#130 = CARTESIAN_POINT('',(10.,44.505932000955,26.6));
#131 = LINE('',#132,#133);
#132 = CARTESIAN_POINT('',(10.,44.505932000955,26.));
#133 = VECTOR('',#134,1.);
#134 = DIRECTION('',(0.,0.,1.));
#135 = ORIENTED_EDGE('',*,*,#136,.T.);
#136 = EDGE_CURVE('',#129,#62,#137,.T.);
#137 = B_SPLINE_CURVE_WITH_KNOTS('',1,(#138,#139),.UNSPECIFIED.,.F.,.F.,
  (2,2),(0.,23.),.PIECEWISE_BEZIER_KNOTS.);
#138 = CARTESIAN_POINT('',(10.,44.505932000955,26.6));
#139 = CARTESIAN_POINT('',(10.,55.494067999045,26.6));
#140 = ORIENTED_EDGE('',*,*,#69,.F.);
#141 = ORIENTED_EDGE('',*,*,#142,.F.);
#142 = EDGE_CURVE('',#127,#70,#143,.T.);
#143 = B_SPLINE_CURVE_WITH_KNOTS('',1,(#144,#145),.UNSPECIFIED.,.F.,.F.,
  (2,2),(0.,23.),.PIECEWISE_BEZIER_KNOTS.);
#144 = CARTESIAN_POINT('',(10.,44.505932000955,26.));
#145 = CARTESIAN_POINT('',(10.,55.494067999045,26.));
#146 = SURFACE_OF_LINEAR_EXTRUSION('',#147,#150);
#147 = B_SPLINE_CURVE_WITH_KNOTS('',1,(#148,#149),.UNSPECIFIED.,.F.,.F.,
  (2,2),(0.,23.),.PIECEWISE_BEZIER_KNOTS.);
#148 = CARTESIAN_POINT('',(10.,44.505932000955,26.));
#149 = CARTESIAN_POINT('',(10.,55.494067999045,26.));
#150 = VECTOR('',#151,1.);
#151 = DIRECTION('',(-0.,-0.,-1.));
#152 = ADVANCED_FACE('',(#153),#176,.T.);
#153 = FACE_BOUND('',#154,.T.);
#154 = EDGE_LOOP('',(#155,#156,#163,#171));
#155 = ORIENTED_EDGE('',*,*,#93,.T.);
#156 = ORIENTED_EDGE('',*,*,#157,.T.);
#157 = EDGE_CURVE('',#96,#158,#160,.T.);
#158 = VERTEX_POINT('',#159);
#159 = CARTESIAN_POINT('',(15.255195477347,44.505932000955,26.6));
#160 = B_SPLINE_CURVE_WITH_KNOTS('',1,(#161,#162),.UNSPECIFIED.,.F.,.F.,
  (2,2),(0.,23.),.PIECEWISE_BEZIER_KNOTS.);
#161 = CARTESIAN_POINT('',(15.255195477347,55.494067999045,26.6));
#162 = CARTESIAN_POINT('',(15.255195477347,44.505932000955,26.6));
#163 = ORIENTED_EDGE('',*,*,#164,.F.);
#164 = EDGE_CURVE('',#165,#158,#167,.T.);
#165 = VERTEX_POINT('',#166);
#166 = CARTESIAN_POINT('',(15.255195477347,44.505932000955,26.));
#167 = LINE('',#168,#169);
#168 = CARTESIAN_POINT('',(15.255195477347,44.505932000955,26.));
#169 = VECTOR('',#170,1.);
#170 = DIRECTION('',(0.,0.,1.));
#171 = ORIENTED_EDGE('',*,*,#172,.F.);
#172 = EDGE_CURVE('',#94,#165,#173,.T.);
#173 = B_SPLINE_CURVE_WITH_KNOTS('',1,(#174,#175),.UNSPECIFIED.,.F.,.F.,
  (2,2),(0.,23.),.PIECEWISE_BEZIER_KNOTS.);
#174 = CARTESIAN_POINT('',(15.255195477347,55.494067999045,26.));
#175 = CARTESIAN_POINT('',(15.255195477347,44.505932000955,26.));
#176 = SURFACE_OF_LINEAR_EXTRUSION('',#177,#180);
#177 = B_SPLINE_CURVE_WITH_KNOTS('',1,(#178,#179),.UNSPECIFIED.,.F.,.F.,
  (2,2),(0.,23.),.PIECEWISE_BEZIER_KNOTS.);
#178 = CARTESIAN_POINT('',(15.255195477347,55.494067999045,26.));
#179 = CARTESIAN_POINT('',(15.255195477347,44.505932000955,26.));
#180 = VECTOR('',#181,1.);
#181 = DIRECTION('',(-0.,-0.,-1.));
#182 = ADVANCED_FACE('',(#183),#208,.F.);
#183 = FACE_BOUND('',#184,.F.);
#184 = EDGE_LOOP('',(#185,#186,#194,#202));
#185 = ORIENTED_EDGE('',*,*,#126,.T.);
#186 = ORIENTED_EDGE('',*,*,#187,.T.);
#187 = EDGE_CURVE('',#129,#188,#190,.T.);
#188 = VERTEX_POINT('',#189);
#189 = CARTESIAN_POINT('',(10.716617565093,43.789314435863,26.6));
#190 = ( BOUNDED_CURVE() B_SPLINE_CURVE(2,(#191,#192,#193),
.UNSPECIFIED.,.F.,.F.) B_SPLINE_CURVE_WITH_KNOTS((3,3),(3.14159265359,
4.712388980385),.PIECEWISE_BEZIER_KNOTS.) CURVE() 
GEOMETRIC_REPRESENTATION_ITEM() RATIONAL_B_SPLINE_CURVE((1.,
0.707106781187,1.)) REPRESENTATION_ITEM('') );
#191 = CARTESIAN_POINT('',(10.,44.505932000955,26.6));
#192 = CARTESIAN_POINT('',(10.,43.789314435863,26.6));
#193 = CARTESIAN_POINT('',(10.716617565093,43.789314435863,26.6));
#194 = ORIENTED_EDGE('',*,*,#195,.F.);
#195 = EDGE_CURVE('',#196,#188,#198,.T.);
#196 = VERTEX_POINT('',#197);
#197 = CARTESIAN_POINT('',(10.716617565093,43.789314435863,26.));
#198 = LINE('',#199,#200);
#199 = CARTESIAN_POINT('',(10.716617565093,43.789314435863,26.));
#200 = VECTOR('',#201,1.);
#201 = DIRECTION('',(0.,0.,1.));
#202 = ORIENTED_EDGE('',*,*,#203,.F.);
#203 = EDGE_CURVE('',#127,#196,#204,.T.);
#204 = ( BOUNDED_CURVE() B_SPLINE_CURVE(2,(#205,#206,#207),
.UNSPECIFIED.,.F.,.F.) B_SPLINE_CURVE_WITH_KNOTS((3,3),(3.14159265359,
4.712388980385),.PIECEWISE_BEZIER_KNOTS.) CURVE() 
GEOMETRIC_REPRESENTATION_ITEM() RATIONAL_B_SPLINE_CURVE((1.,
0.707106781187,1.)) REPRESENTATION_ITEM('') );
#205 = CARTESIAN_POINT('',(10.,44.505932000955,26.));
#206 = CARTESIAN_POINT('',(10.,43.789314435863,26.));
#207 = CARTESIAN_POINT('',(10.716617565093,43.789314435863,26.));
#208 = SURFACE_OF_LINEAR_EXTRUSION('',#209,#213);
#209 = ( BOUNDED_CURVE() B_SPLINE_CURVE(2,(#210,#211,#212),
.UNSPECIFIED.,.F.,.F.) B_SPLINE_CURVE_WITH_KNOTS((3,3),(3.14159265359,
4.712388980385),.PIECEWISE_BEZIER_KNOTS.) CURVE() 
GEOMETRIC_REPRESENTATION_ITEM() RATIONAL_B_SPLINE_CURVE((1.,
0.707106781187,1.)) REPRESENTATION_ITEM('') );
#210 = CARTESIAN_POINT('',(10.,44.505932000955,26.));
#211 = CARTESIAN_POINT('',(10.,43.789314435863,26.));
#212 = CARTESIAN_POINT('',(10.716617565093,43.789314435863,26.));
#213 = VECTOR('',#214,1.);
#214 = DIRECTION('',(-0.,-0.,-1.));
#215 = ADVANCED_FACE('',(#216),#241,.F.);
#216 = FACE_BOUND('',#217,.F.);
#217 = EDGE_LOOP('',(#218,#228,#234,#235));
#218 = ORIENTED_EDGE('',*,*,#219,.T.);
#219 = EDGE_CURVE('',#220,#222,#224,.T.);
#220 = VERTEX_POINT('',#221);
#221 = CARTESIAN_POINT('',(14.538577912254,43.789314435863,26.));
#222 = VERTEX_POINT('',#223);
#223 = CARTESIAN_POINT('',(14.538577912254,43.789314435863,26.6));
#224 = LINE('',#225,#226);
#225 = CARTESIAN_POINT('',(14.538577912254,43.789314435863,26.));
#226 = VECTOR('',#227,1.);
#227 = DIRECTION('',(0.,0.,1.));
#228 = ORIENTED_EDGE('',*,*,#229,.T.);
#229 = EDGE_CURVE('',#222,#158,#230,.T.);
#230 = ( BOUNDED_CURVE() B_SPLINE_CURVE(2,(#231,#232,#233),
.UNSPECIFIED.,.F.,.F.) B_SPLINE_CURVE_WITH_KNOTS((3,3),(4.712388980385,
6.28318530718),.PIECEWISE_BEZIER_KNOTS.) CURVE() 
GEOMETRIC_REPRESENTATION_ITEM() RATIONAL_B_SPLINE_CURVE((1.,
0.707106781187,1.)) REPRESENTATION_ITEM('') );
#231 = CARTESIAN_POINT('',(14.538577912254,43.789314435863,26.6));
#232 = CARTESIAN_POINT('',(15.255195477347,43.789314435863,26.6));
#233 = CARTESIAN_POINT('',(15.255195477347,44.505932000955,26.6));
#234 = ORIENTED_EDGE('',*,*,#164,.F.);
#235 = ORIENTED_EDGE('',*,*,#236,.F.);
#236 = EDGE_CURVE('',#220,#165,#237,.T.);
#237 = ( BOUNDED_CURVE() B_SPLINE_CURVE(2,(#238,#239,#240),
.UNSPECIFIED.,.F.,.F.) B_SPLINE_CURVE_WITH_KNOTS((3,3),(4.712388980385,
6.28318530718),.PIECEWISE_BEZIER_KNOTS.) CURVE() 
GEOMETRIC_REPRESENTATION_ITEM() RATIONAL_B_SPLINE_CURVE((1.,
0.707106781187,1.)) REPRESENTATION_ITEM('') );
#238 = CARTESIAN_POINT('',(14.538577912254,43.789314435863,26.));
#239 = CARTESIAN_POINT('',(15.255195477347,43.789314435863,26.));
#240 = CARTESIAN_POINT('',(15.255195477347,44.505932000955,26.));
#241 = SURFACE_OF_LINEAR_EXTRUSION('',#242,#246);
#242 = ( BOUNDED_CURVE() B_SPLINE_CURVE(2,(#243,#244,#245),
.UNSPECIFIED.,.F.,.F.) B_SPLINE_CURVE_WITH_KNOTS((3,3),(4.712388980385,
6.28318530718),.PIECEWISE_BEZIER_KNOTS.) CURVE() 
GEOMETRIC_REPRESENTATION_ITEM() RATIONAL_B_SPLINE_CURVE((1.,
0.707106781187,1.)) REPRESENTATION_ITEM('') );
#243 = CARTESIAN_POINT('',(14.538577912254,43.789314435863,26.));
#244 = CARTESIAN_POINT('',(15.255195477347,43.789314435863,26.));
#245 = CARTESIAN_POINT('',(15.255195477347,44.505932000955,26.));
#246 = VECTOR('',#247,1.);
#247 = DIRECTION('',(-0.,-0.,-1.));
#248 = ADVANCED_FACE('',(#249),#263,.T.);
#249 = FACE_BOUND('',#250,.T.);
#250 = EDGE_LOOP('',(#251,#252,#257,#258));
#251 = ORIENTED_EDGE('',*,*,#219,.T.);
#252 = ORIENTED_EDGE('',*,*,#253,.T.);
#253 = EDGE_CURVE('',#222,#188,#254,.T.);
#254 = B_SPLINE_CURVE_WITH_KNOTS('',1,(#255,#256),.UNSPECIFIED.,.F.,.F.,
  (2,2),(0.,8.),.PIECEWISE_BEZIER_KNOTS.);
#255 = CARTESIAN_POINT('',(14.538577912254,43.789314435863,26.6));
#256 = CARTESIAN_POINT('',(10.716617565093,43.789314435863,26.6));
#257 = ORIENTED_EDGE('',*,*,#195,.F.);
#258 = ORIENTED_EDGE('',*,*,#259,.F.);
#259 = EDGE_CURVE('',#220,#196,#260,.T.);
#260 = B_SPLINE_CURVE_WITH_KNOTS('',1,(#261,#262),.UNSPECIFIED.,.F.,.F.,
  (2,2),(0.,8.),.PIECEWISE_BEZIER_KNOTS.);
#261 = CARTESIAN_POINT('',(14.538577912254,43.789314435863,26.));
#262 = CARTESIAN_POINT('',(10.716617565093,43.789314435863,26.));
#263 = SURFACE_OF_LINEAR_EXTRUSION('',#264,#267);
#264 = B_SPLINE_CURVE_WITH_KNOTS('',1,(#265,#266),.UNSPECIFIED.,.F.,.F.,
  (2,2),(0.,8.),.PIECEWISE_BEZIER_KNOTS.);
#265 = CARTESIAN_POINT('',(14.538577912254,43.789314435863,26.));
#266 = CARTESIAN_POINT('',(10.716617565093,43.789314435863,26.));
#267 = VECTOR('',#268,1.);
#268 = DIRECTION('',(-0.,-0.,-1.));
#269 = ADVANCED_FACE('',(#270),#308,.T.);
#270 = FACE_BOUND('',#271,.T.);
#271 = EDGE_LOOP('',(#272,#282,#292,#300));
#272 = ORIENTED_EDGE('',*,*,#273,.T.);
#273 = EDGE_CURVE('',#274,#276,#278,.T.);
#274 = VERTEX_POINT('',#275);
#275 = CARTESIAN_POINT('',(14.347479894896,51.481009634525,26.));
#276 = VERTEX_POINT('',#277);
#277 = CARTESIAN_POINT('',(14.347479894896,51.481009634525,26.6));
#278 = LINE('',#279,#280);
#279 = CARTESIAN_POINT('',(14.347479894896,51.481009634525,26.));
#280 = VECTOR('',#281,1.);
#281 = DIRECTION('',(0.,0.,1.));
#282 = ORIENTED_EDGE('',*,*,#283,.T.);
#283 = EDGE_CURVE('',#276,#284,#286,.T.);
#284 = VERTEX_POINT('',#285);
#285 = CARTESIAN_POINT('',(10.907715582451,51.481009634525,26.6));
#286 = ( BOUNDED_CURVE() B_SPLINE_CURVE(2,(#287,#288,#289,#290,#291),
.UNSPECIFIED.,.F.,.F.) B_SPLINE_CURVE_WITH_KNOTS((3,2,3),(0.,
1.570796326795,3.14159265359),.PIECEWISE_BEZIER_KNOTS.) CURVE() 
GEOMETRIC_REPRESENTATION_ITEM() RATIONAL_B_SPLINE_CURVE((1.,
0.707106781187,1.,0.707106781187,1.)) REPRESENTATION_ITEM('') );
#287 = CARTESIAN_POINT('',(14.347479894896,51.481009634525,26.6));
#288 = CARTESIAN_POINT('',(14.347479894896,53.200891790748,26.6));
#289 = CARTESIAN_POINT('',(12.627597738673,53.200891790748,26.6));
#290 = CARTESIAN_POINT('',(10.907715582451,53.200891790748,26.6));
#291 = CARTESIAN_POINT('',(10.907715582451,51.481009634525,26.6));
#292 = ORIENTED_EDGE('',*,*,#293,.F.);
#293 = EDGE_CURVE('',#294,#284,#296,.T.);
#294 = VERTEX_POINT('',#295);
#295 = CARTESIAN_POINT('',(10.907715582451,51.481009634525,26.));
#296 = LINE('',#297,#298);
#297 = CARTESIAN_POINT('',(10.907715582451,51.481009634525,26.));
#298 = VECTOR('',#299,1.);
#299 = DIRECTION('',(0.,0.,1.));
#300 = ORIENTED_EDGE('',*,*,#301,.F.);
#301 = EDGE_CURVE('',#274,#294,#302,.T.);
#302 = ( BOUNDED_CURVE() B_SPLINE_CURVE(2,(#303,#304,#305,#306,#307),
.UNSPECIFIED.,.F.,.F.) B_SPLINE_CURVE_WITH_KNOTS((3,2,3),(0.,
1.570796326795,3.14159265359),.PIECEWISE_BEZIER_KNOTS.) CURVE() 
GEOMETRIC_REPRESENTATION_ITEM() RATIONAL_B_SPLINE_CURVE((1.,
0.707106781187,1.,0.707106781187,1.)) REPRESENTATION_ITEM('') );
#303 = CARTESIAN_POINT('',(14.347479894896,51.481009634525,26.));
#304 = CARTESIAN_POINT('',(14.347479894896,53.200891790748,26.));
#305 = CARTESIAN_POINT('',(12.627597738673,53.200891790748,26.));
#306 = CARTESIAN_POINT('',(10.907715582451,53.200891790748,26.));
#307 = CARTESIAN_POINT('',(10.907715582451,51.481009634525,26.));
#308 = SURFACE_OF_LINEAR_EXTRUSION('',#309,#315);
#309 = ( BOUNDED_CURVE() B_SPLINE_CURVE(2,(#310,#311,#312,#313,#314),
.UNSPECIFIED.,.F.,.F.) B_SPLINE_CURVE_WITH_KNOTS((3,2,3),(0.,
1.570796326795,3.14159265359),.PIECEWISE_BEZIER_KNOTS.) CURVE() 
GEOMETRIC_REPRESENTATION_ITEM() RATIONAL_B_SPLINE_CURVE((1.,
0.707106781187,1.,0.707106781187,1.)) REPRESENTATION_ITEM('') );
#310 = CARTESIAN_POINT('',(14.347479894896,51.481009634525,26.));
#311 = CARTESIAN_POINT('',(14.347479894896,53.200891790748,26.));
#312 = CARTESIAN_POINT('',(12.627597738673,53.200891790748,26.));
#313 = CARTESIAN_POINT('',(10.907715582451,53.200891790748,26.));
#314 = CARTESIAN_POINT('',(10.907715582451,51.481009634525,26.));
#315 = VECTOR('',#316,1.);
#316 = DIRECTION('',(-0.,-0.,-1.));
#317 = ADVANCED_FACE('',(#318),#338,.T.);
#318 = FACE_BOUND('',#319,.T.);
#319 = EDGE_LOOP('',(#320,#321,#329,#330));
#320 = ORIENTED_EDGE('',*,*,#293,.T.);
#321 = ORIENTED_EDGE('',*,*,#322,.T.);
#322 = EDGE_CURVE('',#284,#276,#323,.T.);
#323 = ( BOUNDED_CURVE() B_SPLINE_CURVE(2,(#324,#325,#326,#327,#328),
.UNSPECIFIED.,.F.,.F.) B_SPLINE_CURVE_WITH_KNOTS((3,2,3),(3.14159265359,
4.712388980385,6.28318530718),.PIECEWISE_BEZIER_KNOTS.) CURVE() 
GEOMETRIC_REPRESENTATION_ITEM() RATIONAL_B_SPLINE_CURVE((1.,
0.707106781187,1.,0.707106781187,1.)) REPRESENTATION_ITEM('') );
#324 = CARTESIAN_POINT('',(10.907715582451,51.481009634525,26.6));
#325 = CARTESIAN_POINT('',(10.907715582451,49.761127478302,26.6));
#326 = CARTESIAN_POINT('',(12.627597738673,49.761127478302,26.6));
#327 = CARTESIAN_POINT('',(14.347479894896,49.761127478302,26.6));
#328 = CARTESIAN_POINT('',(14.347479894896,51.481009634525,26.6));
#329 = ORIENTED_EDGE('',*,*,#273,.F.);
#330 = ORIENTED_EDGE('',*,*,#331,.F.);
#331 = EDGE_CURVE('',#294,#274,#332,.T.);
#332 = ( BOUNDED_CURVE() B_SPLINE_CURVE(2,(#333,#334,#335,#336,#337),
.UNSPECIFIED.,.F.,.F.) B_SPLINE_CURVE_WITH_KNOTS((3,2,3),(3.14159265359,
4.712388980385,6.28318530718),.PIECEWISE_BEZIER_KNOTS.) CURVE() 
GEOMETRIC_REPRESENTATION_ITEM() RATIONAL_B_SPLINE_CURVE((1.,
0.707106781187,1.,0.707106781187,1.)) REPRESENTATION_ITEM('') );
#333 = CARTESIAN_POINT('',(10.907715582451,51.481009634525,26.));
#334 = CARTESIAN_POINT('',(10.907715582451,49.761127478302,26.));
#335 = CARTESIAN_POINT('',(12.627597738673,49.761127478302,26.));
#336 = CARTESIAN_POINT('',(14.347479894896,49.761127478302,26.));
#337 = CARTESIAN_POINT('',(14.347479894896,51.481009634525,26.));
#338 = SURFACE_OF_LINEAR_EXTRUSION('',#339,#345);
#339 = ( BOUNDED_CURVE() B_SPLINE_CURVE(2,(#340,#341,#342,#343,#344),
.UNSPECIFIED.,.F.,.F.) B_SPLINE_CURVE_WITH_KNOTS((3,2,3),(3.14159265359,
4.712388980385,6.28318530718),.PIECEWISE_BEZIER_KNOTS.) CURVE() 
GEOMETRIC_REPRESENTATION_ITEM() RATIONAL_B_SPLINE_CURVE((1.,
0.707106781187,1.,0.707106781187,1.)) REPRESENTATION_ITEM('') );
#340 = CARTESIAN_POINT('',(10.907715582451,51.481009634525,26.));
#341 = CARTESIAN_POINT('',(10.907715582451,49.761127478302,26.));
#342 = CARTESIAN_POINT('',(12.627597738673,49.761127478302,26.));
#343 = CARTESIAN_POINT('',(14.347479894896,49.761127478302,26.));
#344 = CARTESIAN_POINT('',(14.347479894896,51.481009634525,26.));
#345 = VECTOR('',#346,1.);
#346 = DIRECTION('',(-0.,-0.,-1.));
#347 = ADVANCED_FACE('',(#348,#358),#362,.T.);
#348 = FACE_BOUND('',#349,.T.);
#349 = EDGE_LOOP('',(#350,#351,#352,#353,#354,#355,#356,#357));
#350 = ORIENTED_EDGE('',*,*,#46,.T.);
#351 = ORIENTED_EDGE('',*,*,#110,.F.);
#352 = ORIENTED_EDGE('',*,*,#172,.T.);
#353 = ORIENTED_EDGE('',*,*,#236,.F.);
#354 = ORIENTED_EDGE('',*,*,#259,.T.);
#355 = ORIENTED_EDGE('',*,*,#203,.F.);
#356 = ORIENTED_EDGE('',*,*,#142,.T.);
#357 = ORIENTED_EDGE('',*,*,#77,.F.);
#358 = FACE_BOUND('',#359,.T.);
#359 = EDGE_LOOP('',(#360,#361));
#360 = ORIENTED_EDGE('',*,*,#301,.T.);
#361 = ORIENTED_EDGE('',*,*,#331,.T.);
#362 = B_SPLINE_SURFACE_WITH_KNOTS('',1,1,(
    (#363,#364)
    ,(#365,#366
    )),.UNSPECIFIED.,.F.,.F.,.F.,(2,2),(2,2),(-5.5,5.5),(-13.,13.),
  .PIECEWISE_BEZIER_KNOTS.);
#363 = CARTESIAN_POINT('',(15.255195477347,43.789314435863,26.));
#364 = CARTESIAN_POINT('',(15.255195477347,56.210685564137,26.));
#365 = CARTESIAN_POINT('',(10.,43.789314435863,26.));
#366 = CARTESIAN_POINT('',(10.,56.210685564137,26.));
#367 = ADVANCED_FACE('',(#368,#378),#382,.F.);
#368 = FACE_BOUND('',#369,.F.);
#369 = EDGE_LOOP('',(#370,#371,#372,#373,#374,#375,#376,#377));
#370 = ORIENTED_EDGE('',*,*,#31,.T.);
#371 = ORIENTED_EDGE('',*,*,#103,.F.);
#372 = ORIENTED_EDGE('',*,*,#157,.T.);
#373 = ORIENTED_EDGE('',*,*,#229,.F.);
#374 = ORIENTED_EDGE('',*,*,#253,.T.);
#375 = ORIENTED_EDGE('',*,*,#187,.F.);
#376 = ORIENTED_EDGE('',*,*,#136,.T.);
#377 = ORIENTED_EDGE('',*,*,#61,.F.);
#378 = FACE_BOUND('',#379,.F.);
#379 = EDGE_LOOP('',(#380,#381));
#380 = ORIENTED_EDGE('',*,*,#283,.T.);
#381 = ORIENTED_EDGE('',*,*,#322,.T.);
#382 = B_SPLINE_SURFACE_WITH_KNOTS('',1,1,(
    (#383,#384)
    ,(#385,#386
    )),.UNSPECIFIED.,.F.,.F.,.F.,(2,2),(2,2),(-5.5,5.5),(-13.,13.),
  .PIECEWISE_BEZIER_KNOTS.);
#383 = CARTESIAN_POINT('',(15.255195477347,43.789314435863,26.6));
#384 = CARTESIAN_POINT('',(15.255195477347,56.210685564137,26.6));
#385 = CARTESIAN_POINT('',(10.,43.789314435863,26.6));
#386 = CARTESIAN_POINT('',(10.,56.210685564137,26.6));
#387 = MANIFOLD_SOLID_BREP('',#388);
#388 = CLOSED_SHELL('',(#389,#437,#467,#477));
#389 = ADVANCED_FACE('',(#390),#428,.F.);
#390 = FACE_BOUND('',#391,.F.);
#391 = EDGE_LOOP('',(#392,#402,#412,#420));
#392 = ORIENTED_EDGE('',*,*,#393,.T.);
#393 = EDGE_CURVE('',#394,#396,#398,.T.);
#394 = VERTEX_POINT('',#395);
#395 = CARTESIAN_POINT('',(11.863205669241,51.481009634525,26.));
#396 = VERTEX_POINT('',#397);
#397 = CARTESIAN_POINT('',(11.863205669241,51.481009634525,26.6));
#398 = LINE('',#399,#400);
#399 = CARTESIAN_POINT('',(11.863205669241,51.481009634525,26.));
#400 = VECTOR('',#401,1.);
#401 = DIRECTION('',(0.,0.,1.));
#402 = ORIENTED_EDGE('',*,*,#403,.T.);
#403 = EDGE_CURVE('',#396,#404,#406,.T.);
#404 = VERTEX_POINT('',#405);
#405 = CARTESIAN_POINT('',(13.391989808106,51.481009634525,26.6));
#406 = ( BOUNDED_CURVE() B_SPLINE_CURVE(2,(#407,#408,#409,#410,#411),
.UNSPECIFIED.,.F.,.F.) B_SPLINE_CURVE_WITH_KNOTS((3,2,3),(3.14159265359,
4.712388980385,6.28318530718),.PIECEWISE_BEZIER_KNOTS.) CURVE() 
GEOMETRIC_REPRESENTATION_ITEM() RATIONAL_B_SPLINE_CURVE((1.,
0.707106781187,1.,0.707106781187,1.)) REPRESENTATION_ITEM('') );
#407 = CARTESIAN_POINT('',(11.863205669241,51.481009634525,26.6));
#408 = CARTESIAN_POINT('',(11.863205669241,50.716617565093,26.6));
#409 = CARTESIAN_POINT('',(12.627597738673,50.716617565093,26.6));
#410 = CARTESIAN_POINT('',(13.391989808106,50.716617565093,26.6));
#411 = CARTESIAN_POINT('',(13.391989808106,51.481009634525,26.6));
#412 = ORIENTED_EDGE('',*,*,#413,.F.);
#413 = EDGE_CURVE('',#414,#404,#416,.T.);
#414 = VERTEX_POINT('',#415);
#415 = CARTESIAN_POINT('',(13.391989808106,51.481009634525,26.));
#416 = LINE('',#417,#418);
#417 = CARTESIAN_POINT('',(13.391989808106,51.481009634525,26.));
#418 = VECTOR('',#419,1.);
#419 = DIRECTION('',(0.,0.,1.));
#420 = ORIENTED_EDGE('',*,*,#421,.F.);
#421 = EDGE_CURVE('',#394,#414,#422,.T.);
#422 = ( BOUNDED_CURVE() B_SPLINE_CURVE(2,(#423,#424,#425,#426,#427),
.UNSPECIFIED.,.F.,.F.) B_SPLINE_CURVE_WITH_KNOTS((3,2,3),(3.14159265359,
4.712388980385,6.28318530718),.PIECEWISE_BEZIER_KNOTS.) CURVE() 
GEOMETRIC_REPRESENTATION_ITEM() RATIONAL_B_SPLINE_CURVE((1.,
0.707106781187,1.,0.707106781187,1.)) REPRESENTATION_ITEM('') );
#423 = CARTESIAN_POINT('',(11.863205669241,51.481009634525,26.));
#424 = CARTESIAN_POINT('',(11.863205669241,50.716617565093,26.));
#425 = CARTESIAN_POINT('',(12.627597738673,50.716617565093,26.));
#426 = CARTESIAN_POINT('',(13.391989808106,50.716617565093,26.));
#427 = CARTESIAN_POINT('',(13.391989808106,51.481009634525,26.));
#428 = SURFACE_OF_LINEAR_EXTRUSION('',#429,#435);
#429 = ( BOUNDED_CURVE() B_SPLINE_CURVE(2,(#430,#431,#432,#433,#434),
.UNSPECIFIED.,.F.,.F.) B_SPLINE_CURVE_WITH_KNOTS((3,2,3),(3.14159265359,
4.712388980385,6.28318530718),.PIECEWISE_BEZIER_KNOTS.) CURVE() 
GEOMETRIC_REPRESENTATION_ITEM() RATIONAL_B_SPLINE_CURVE((1.,
0.707106781187,1.,0.707106781187,1.)) REPRESENTATION_ITEM('') );
#430 = CARTESIAN_POINT('',(11.863205669241,51.481009634525,26.));
#431 = CARTESIAN_POINT('',(11.863205669241,50.716617565093,26.));
#432 = CARTESIAN_POINT('',(12.627597738673,50.716617565093,26.));
#433 = CARTESIAN_POINT('',(13.391989808106,50.716617565093,26.));
#434 = CARTESIAN_POINT('',(13.391989808106,51.481009634525,26.));
#435 = VECTOR('',#436,1.);
#436 = DIRECTION('',(-0.,-0.,-1.));
#437 = ADVANCED_FACE('',(#438),#458,.F.);
#438 = FACE_BOUND('',#439,.F.);
#439 = EDGE_LOOP('',(#440,#441,#449,#450));
#440 = ORIENTED_EDGE('',*,*,#413,.T.);
#441 = ORIENTED_EDGE('',*,*,#442,.T.);
#442 = EDGE_CURVE('',#404,#396,#443,.T.);
#443 = ( BOUNDED_CURVE() B_SPLINE_CURVE(2,(#444,#445,#446,#447,#448),
.UNSPECIFIED.,.F.,.F.) B_SPLINE_CURVE_WITH_KNOTS((3,2,3),(0.,
1.570796326795,3.14159265359),.PIECEWISE_BEZIER_KNOTS.) CURVE() 
GEOMETRIC_REPRESENTATION_ITEM() RATIONAL_B_SPLINE_CURVE((1.,
0.707106781187,1.,0.707106781187,1.)) REPRESENTATION_ITEM('') );
#444 = CARTESIAN_POINT('',(13.391989808106,51.481009634525,26.6));
#445 = CARTESIAN_POINT('',(13.391989808106,52.245401703957,26.6));
#446 = CARTESIAN_POINT('',(12.627597738673,52.245401703957,26.6));
#447 = CARTESIAN_POINT('',(11.863205669241,52.245401703957,26.6));
#448 = CARTESIAN_POINT('',(11.863205669241,51.481009634525,26.6));
#449 = ORIENTED_EDGE('',*,*,#393,.F.);
#450 = ORIENTED_EDGE('',*,*,#451,.F.);
#451 = EDGE_CURVE('',#414,#394,#452,.T.);
#452 = ( BOUNDED_CURVE() B_SPLINE_CURVE(2,(#453,#454,#455,#456,#457),
.UNSPECIFIED.,.F.,.F.) B_SPLINE_CURVE_WITH_KNOTS((3,2,3),(0.,
1.570796326795,3.14159265359),.PIECEWISE_BEZIER_KNOTS.) CURVE() 
GEOMETRIC_REPRESENTATION_ITEM() RATIONAL_B_SPLINE_CURVE((1.,
0.707106781187,1.,0.707106781187,1.)) REPRESENTATION_ITEM('') );
#453 = CARTESIAN_POINT('',(13.391989808106,51.481009634525,26.));
#454 = CARTESIAN_POINT('',(13.391989808106,52.245401703957,26.));
#455 = CARTESIAN_POINT('',(12.627597738673,52.245401703957,26.));
#456 = CARTESIAN_POINT('',(11.863205669241,52.245401703957,26.));
#457 = CARTESIAN_POINT('',(11.863205669241,51.481009634525,26.));
#458 = SURFACE_OF_LINEAR_EXTRUSION('',#459,#465);
#459 = ( BOUNDED_CURVE() B_SPLINE_CURVE(2,(#460,#461,#462,#463,#464),
.UNSPECIFIED.,.F.,.F.) B_SPLINE_CURVE_WITH_KNOTS((3,2,3),(0.,
1.570796326795,3.14159265359),.PIECEWISE_BEZIER_KNOTS.) CURVE() 
GEOMETRIC_REPRESENTATION_ITEM() RATIONAL_B_SPLINE_CURVE((1.,
0.707106781187,1.,0.707106781187,1.)) REPRESENTATION_ITEM('') );
#460 = CARTESIAN_POINT('',(13.391989808106,51.481009634525,26.));
#461 = CARTESIAN_POINT('',(13.391989808106,52.245401703957,26.));
#462 = CARTESIAN_POINT('',(12.627597738673,52.245401703957,26.));
#463 = CARTESIAN_POINT('',(11.863205669241,52.245401703957,26.));
#464 = CARTESIAN_POINT('',(11.863205669241,51.481009634525,26.));
#465 = VECTOR('',#466,1.);
#466 = DIRECTION('',(-0.,-0.,-1.));
#467 = ADVANCED_FACE('',(#468),#472,.F.);
#468 = FACE_BOUND('',#469,.F.);
#469 = EDGE_LOOP('',(#470,#471));
#470 = ORIENTED_EDGE('',*,*,#421,.T.);
#471 = ORIENTED_EDGE('',*,*,#451,.T.);
#472 = B_SPLINE_SURFACE_WITH_KNOTS('',1,1,(
    (#473,#474)
    ,(#475,#476
    )),.UNSPECIFIED.,.F.,.F.,.F.,(2,2),(2,2),(-1.6,1.6),(-1.6,1.6),
  .PIECEWISE_BEZIER_KNOTS.);
#473 = CARTESIAN_POINT('',(11.863205669241,50.716617565093,26.));
#474 = CARTESIAN_POINT('',(11.863205669241,52.245401703957,26.));
#475 = CARTESIAN_POINT('',(13.391989808106,50.716617565093,26.));
#476 = CARTESIAN_POINT('',(13.391989808106,52.245401703957,26.));
#477 = ADVANCED_FACE('',(#478),#482,.T.);
#478 = FACE_BOUND('',#479,.T.);
#479 = EDGE_LOOP('',(#480,#481));
#480 = ORIENTED_EDGE('',*,*,#403,.T.);
#481 = ORIENTED_EDGE('',*,*,#442,.T.);
#482 = B_SPLINE_SURFACE_WITH_KNOTS('',1,1,(
    (#483,#484)
    ,(#485,#486
    )),.UNSPECIFIED.,.F.,.F.,.F.,(2,2),(2,2),(-1.6,1.6),(-1.6,1.6),
  .PIECEWISE_BEZIER_KNOTS.);
#483 = CARTESIAN_POINT('',(11.863205669241,50.716617565093,26.6));
#484 = CARTESIAN_POINT('',(11.863205669241,52.245401703957,26.6));
#485 = CARTESIAN_POINT('',(13.391989808106,50.716617565093,26.6));
#486 = CARTESIAN_POINT('',(13.391989808106,52.245401703957,26.6));
#487 = MANIFOLD_SOLID_BREP('',#488);
#488 = CLOSED_SHELL('',(#489,#528,#561,#594,#624,#654,#687,#720,#741,
    #789,#819,#839));
#489 = ADVANCED_FACE('',(#490),#522,.T.);
#490 = FACE_BOUND('',#491,.T.);
#491 = EDGE_LOOP('',(#492,#502,#509,#517));
#492 = ORIENTED_EDGE('',*,*,#493,.T.);
#493 = EDGE_CURVE('',#494,#496,#498,.T.);
#494 = VERTEX_POINT('',#495);
#495 = CARTESIAN_POINT('',(17.022852137909,56.225017915439,26.));
#496 = VERTEX_POINT('',#497);
#497 = CARTESIAN_POINT('',(17.022852137909,56.225017915439,26.6));
#498 = LINE('',#499,#500);
#499 = CARTESIAN_POINT('',(17.022852137909,56.225017915439,26.));
#500 = VECTOR('',#501,1.);
#501 = DIRECTION('',(0.,0.,1.));
#502 = ORIENTED_EDGE('',*,*,#503,.T.);
#503 = EDGE_CURVE('',#496,#504,#506,.T.);
#504 = VERTEX_POINT('',#505);
#505 = CARTESIAN_POINT('',(20.175969424317,55.001990604347,26.6));
#506 = B_SPLINE_CURVE_WITH_KNOTS('',1,(#507,#508),.UNSPECIFIED.,.F.,.F.,
  (2,2),(0.,7.079095987483),.PIECEWISE_BEZIER_KNOTS.);
#507 = CARTESIAN_POINT('',(17.022852137909,56.225017915439,26.6));
#508 = CARTESIAN_POINT('',(20.175969424317,55.001990604347,26.6));
#509 = ORIENTED_EDGE('',*,*,#510,.F.);
#510 = EDGE_CURVE('',#511,#504,#513,.T.);
#511 = VERTEX_POINT('',#512);
#512 = CARTESIAN_POINT('',(20.175969424317,55.001990604347,26.));
#513 = LINE('',#514,#515);
#514 = CARTESIAN_POINT('',(20.175969424317,55.001990604347,26.));
#515 = VECTOR('',#516,1.);
#516 = DIRECTION('',(0.,0.,1.));
#517 = ORIENTED_EDGE('',*,*,#518,.F.);
#518 = EDGE_CURVE('',#494,#511,#519,.T.);
#519 = B_SPLINE_CURVE_WITH_KNOTS('',1,(#520,#521),.UNSPECIFIED.,.F.,.F.,
  (2,2),(0.,7.079095987483),.PIECEWISE_BEZIER_KNOTS.);
#520 = CARTESIAN_POINT('',(17.022852137909,56.225017915439,26.));
#521 = CARTESIAN_POINT('',(20.175969424317,55.001990604347,26.));
#522 = SURFACE_OF_LINEAR_EXTRUSION('',#523,#526);
#523 = B_SPLINE_CURVE_WITH_KNOTS('',1,(#524,#525),.UNSPECIFIED.,.F.,.F.,
  (2,2),(0.,7.079095987483),.PIECEWISE_BEZIER_KNOTS.);
#524 = CARTESIAN_POINT('',(17.022852137909,56.225017915439,26.));
#525 = CARTESIAN_POINT('',(20.175969424317,55.001990604347,26.));
#526 = VECTOR('',#527,1.);
#527 = DIRECTION('',(-0.,-0.,-1.));
#528 = ADVANCED_FACE('',(#529),#554,.T.);
#529 = FACE_BOUND('',#530,.T.);
#530 = EDGE_LOOP('',(#531,#541,#547,#548));
#531 = ORIENTED_EDGE('',*,*,#532,.T.);
#532 = EDGE_CURVE('',#533,#535,#537,.T.);
#533 = VERTEX_POINT('',#534);
#534 = CARTESIAN_POINT('',(16.449558085835,55.732940520742,26.));
#535 = VERTEX_POINT('',#536);
#536 = CARTESIAN_POINT('',(16.449558085835,55.732940520742,26.6));
#537 = LINE('',#538,#539);
#538 = CARTESIAN_POINT('',(16.449558085835,55.732940520742,26.));
#539 = VECTOR('',#540,1.);
#540 = DIRECTION('',(0.,0.,1.));
#541 = ORIENTED_EDGE('',*,*,#542,.T.);
#542 = EDGE_CURVE('',#535,#496,#543,.T.);
#543 = B_SPLINE_CURVE_WITH_KNOTS('',2,(#544,#545,#546),.UNSPECIFIED.,.F.
  ,.F.,(3,3),(0.,1.),.PIECEWISE_BEZIER_KNOTS.);
#544 = CARTESIAN_POINT('',(16.449558085835,55.732940520742,26.6));
#545 = CARTESIAN_POINT('',(16.449558085835,56.449558085835,26.6));
#546 = CARTESIAN_POINT('',(17.022852137909,56.225017915439,26.6));
#547 = ORIENTED_EDGE('',*,*,#493,.F.);
#548 = ORIENTED_EDGE('',*,*,#549,.F.);
#549 = EDGE_CURVE('',#533,#494,#550,.T.);
#550 = B_SPLINE_CURVE_WITH_KNOTS('',2,(#551,#552,#553),.UNSPECIFIED.,.F.
  ,.F.,(3,3),(0.,1.),.PIECEWISE_BEZIER_KNOTS.);
#551 = CARTESIAN_POINT('',(16.449558085835,55.732940520742,26.));
#552 = CARTESIAN_POINT('',(16.449558085835,56.449558085835,26.));
#553 = CARTESIAN_POINT('',(17.022852137909,56.225017915439,26.));
#554 = SURFACE_OF_LINEAR_EXTRUSION('',#555,#559);
#555 = B_SPLINE_CURVE_WITH_KNOTS('',2,(#556,#557,#558),.UNSPECIFIED.,.F.
  ,.F.,(3,3),(0.,1.),.PIECEWISE_BEZIER_KNOTS.);
#556 = CARTESIAN_POINT('',(16.449558085835,55.732940520742,26.));
#557 = CARTESIAN_POINT('',(16.449558085835,56.449558085835,26.));
#558 = CARTESIAN_POINT('',(17.022852137909,56.225017915439,26.));
#559 = VECTOR('',#560,1.);
#560 = DIRECTION('',(-0.,-0.,-1.));
#561 = ADVANCED_FACE('',(#562),#587,.T.);
#562 = FACE_BOUND('',#563,.T.);
#563 = EDGE_LOOP('',(#564,#565,#573,#581));
#564 = ORIENTED_EDGE('',*,*,#510,.T.);
#565 = ORIENTED_EDGE('',*,*,#566,.T.);
#566 = EDGE_CURVE('',#504,#567,#569,.T.);
#567 = VERTEX_POINT('',#568);
#568 = CARTESIAN_POINT('',(20.749263476391,54.060832868859,26.6));
#569 = B_SPLINE_CURVE_WITH_KNOTS('',2,(#570,#571,#572),.UNSPECIFIED.,.F.
  ,.F.,(3,3),(0.,1.),.PIECEWISE_BEZIER_KNOTS.);
#570 = CARTESIAN_POINT('',(20.175969424317,55.001990604347,26.6));
#571 = CARTESIAN_POINT('',(20.749263476391,54.777450433952,26.6));
#572 = CARTESIAN_POINT('',(20.749263476391,54.060832868859,26.6));
#573 = ORIENTED_EDGE('',*,*,#574,.F.);
#574 = EDGE_CURVE('',#575,#567,#577,.T.);
#575 = VERTEX_POINT('',#576);
#576 = CARTESIAN_POINT('',(20.749263476391,54.060832868859,26.));
#577 = LINE('',#578,#579);
#578 = CARTESIAN_POINT('',(20.749263476391,54.060832868859,26.));
#579 = VECTOR('',#580,1.);
#580 = DIRECTION('',(0.,0.,1.));
#581 = ORIENTED_EDGE('',*,*,#582,.F.);
#582 = EDGE_CURVE('',#511,#575,#583,.T.);
#583 = B_SPLINE_CURVE_WITH_KNOTS('',2,(#584,#585,#586),.UNSPECIFIED.,.F.
  ,.F.,(3,3),(0.,1.),.PIECEWISE_BEZIER_KNOTS.);
#584 = CARTESIAN_POINT('',(20.175969424317,55.001990604347,26.));
#585 = CARTESIAN_POINT('',(20.749263476391,54.777450433952,26.));
#586 = CARTESIAN_POINT('',(20.749263476391,54.060832868859,26.));
#587 = SURFACE_OF_LINEAR_EXTRUSION('',#588,#592);
#588 = B_SPLINE_CURVE_WITH_KNOTS('',2,(#589,#590,#591),.UNSPECIFIED.,.F.
  ,.F.,(3,3),(0.,1.),.PIECEWISE_BEZIER_KNOTS.);
#589 = CARTESIAN_POINT('',(20.175969424317,55.001990604347,26.));
#590 = CARTESIAN_POINT('',(20.749263476391,54.777450433952,26.));
#591 = CARTESIAN_POINT('',(20.749263476391,54.060832868859,26.));
#592 = VECTOR('',#593,1.);
#593 = DIRECTION('',(-0.,-0.,-1.));
#594 = ADVANCED_FACE('',(#595),#618,.T.);
#595 = FACE_BOUND('',#596,.T.);
#596 = EDGE_LOOP('',(#597,#607,#612,#613));
#597 = ORIENTED_EDGE('',*,*,#598,.T.);
#598 = EDGE_CURVE('',#599,#601,#603,.T.);
#599 = VERTEX_POINT('',#600);
#600 = CARTESIAN_POINT('',(16.449558085835,44.267059479258,26.));
#601 = VERTEX_POINT('',#602);
#602 = CARTESIAN_POINT('',(16.449558085835,44.267059479258,26.6));
#603 = LINE('',#604,#605);
#604 = CARTESIAN_POINT('',(16.449558085835,44.267059479258,26.));
#605 = VECTOR('',#606,1.);
#606 = DIRECTION('',(0.,0.,1.));
#607 = ORIENTED_EDGE('',*,*,#608,.T.);
#608 = EDGE_CURVE('',#601,#535,#609,.T.);
#609 = B_SPLINE_CURVE_WITH_KNOTS('',1,(#610,#611),.UNSPECIFIED.,.F.,.F.,
  (2,2),(0.,24.),.PIECEWISE_BEZIER_KNOTS.);
#610 = CARTESIAN_POINT('',(16.449558085835,44.267059479258,26.6));
#611 = CARTESIAN_POINT('',(16.449558085835,55.732940520742,26.6));
#612 = ORIENTED_EDGE('',*,*,#532,.F.);
#613 = ORIENTED_EDGE('',*,*,#614,.F.);
#614 = EDGE_CURVE('',#599,#533,#615,.T.);
#615 = B_SPLINE_CURVE_WITH_KNOTS('',1,(#616,#617),.UNSPECIFIED.,.F.,.F.,
  (2,2),(0.,24.),.PIECEWISE_BEZIER_KNOTS.);
#616 = CARTESIAN_POINT('',(16.449558085835,44.267059479258,26.));
#617 = CARTESIAN_POINT('',(16.449558085835,55.732940520742,26.));
#618 = SURFACE_OF_LINEAR_EXTRUSION('',#619,#622);
#619 = B_SPLINE_CURVE_WITH_KNOTS('',1,(#620,#621),.UNSPECIFIED.,.F.,.F.,
  (2,2),(0.,24.),.PIECEWISE_BEZIER_KNOTS.);
#620 = CARTESIAN_POINT('',(16.449558085835,44.267059479258,26.));
#621 = CARTESIAN_POINT('',(16.449558085835,55.732940520742,26.));
#622 = VECTOR('',#623,1.);
#623 = DIRECTION('',(-0.,-0.,-1.));
#624 = ADVANCED_FACE('',(#625),#648,.T.);
#625 = FACE_BOUND('',#626,.T.);
#626 = EDGE_LOOP('',(#627,#628,#635,#643));
#627 = ORIENTED_EDGE('',*,*,#574,.T.);
#628 = ORIENTED_EDGE('',*,*,#629,.T.);
#629 = EDGE_CURVE('',#567,#630,#632,.T.);
#630 = VERTEX_POINT('',#631);
#631 = CARTESIAN_POINT('',(20.749263476391,45.939167131141,26.6));
#632 = B_SPLINE_CURVE_WITH_KNOTS('',1,(#633,#634),.UNSPECIFIED.,.F.,.F.,
  (2,2),(0.,17.),.PIECEWISE_BEZIER_KNOTS.);
#633 = CARTESIAN_POINT('',(20.749263476391,54.060832868859,26.6));
#634 = CARTESIAN_POINT('',(20.749263476391,45.939167131141,26.6));
#635 = ORIENTED_EDGE('',*,*,#636,.F.);
#636 = EDGE_CURVE('',#637,#630,#639,.T.);
#637 = VERTEX_POINT('',#638);
#638 = CARTESIAN_POINT('',(20.749263476391,45.939167131141,26.));
#639 = LINE('',#640,#641);
#640 = CARTESIAN_POINT('',(20.749263476391,45.939167131141,26.));
#641 = VECTOR('',#642,1.);
#642 = DIRECTION('',(0.,0.,1.));
#643 = ORIENTED_EDGE('',*,*,#644,.F.);
#644 = EDGE_CURVE('',#575,#637,#645,.T.);
#645 = B_SPLINE_CURVE_WITH_KNOTS('',1,(#646,#647),.UNSPECIFIED.,.F.,.F.,
  (2,2),(0.,17.),.PIECEWISE_BEZIER_KNOTS.);
#646 = CARTESIAN_POINT('',(20.749263476391,54.060832868859,26.));
#647 = CARTESIAN_POINT('',(20.749263476391,45.939167131141,26.));
#648 = SURFACE_OF_LINEAR_EXTRUSION('',#649,#652);
#649 = B_SPLINE_CURVE_WITH_KNOTS('',1,(#650,#651),.UNSPECIFIED.,.F.,.F.,
  (2,2),(0.,17.),.PIECEWISE_BEZIER_KNOTS.);
#650 = CARTESIAN_POINT('',(20.749263476391,54.060832868859,26.));
#651 = CARTESIAN_POINT('',(20.749263476391,45.939167131141,26.));
#652 = VECTOR('',#653,1.);
#653 = DIRECTION('',(-0.,-0.,-1.));
#654 = ADVANCED_FACE('',(#655),#680,.T.);
#655 = FACE_BOUND('',#656,.T.);
#656 = EDGE_LOOP('',(#657,#667,#673,#674));
#657 = ORIENTED_EDGE('',*,*,#658,.T.);
#658 = EDGE_CURVE('',#659,#661,#663,.T.);
#659 = VERTEX_POINT('',#660);
#660 = CARTESIAN_POINT('',(17.022852137909,43.774982084561,26.));
#661 = VERTEX_POINT('',#662);
#662 = CARTESIAN_POINT('',(17.022852137909,43.774982084561,26.6));
#663 = LINE('',#664,#665);
#664 = CARTESIAN_POINT('',(17.022852137909,43.774982084561,26.));
#665 = VECTOR('',#666,1.);
#666 = DIRECTION('',(0.,0.,1.));
#667 = ORIENTED_EDGE('',*,*,#668,.T.);
#668 = EDGE_CURVE('',#661,#601,#669,.T.);
#669 = B_SPLINE_CURVE_WITH_KNOTS('',2,(#670,#671,#672),.UNSPECIFIED.,.F.
  ,.F.,(3,3),(0.,1.),.PIECEWISE_BEZIER_KNOTS.);
#670 = CARTESIAN_POINT('',(17.022852137909,43.774982084561,26.6));
#671 = CARTESIAN_POINT('',(16.449558085835,43.550441914165,26.6));
#672 = CARTESIAN_POINT('',(16.449558085835,44.267059479258,26.6));
#673 = ORIENTED_EDGE('',*,*,#598,.F.);
#674 = ORIENTED_EDGE('',*,*,#675,.F.);
#675 = EDGE_CURVE('',#659,#599,#676,.T.);
#676 = B_SPLINE_CURVE_WITH_KNOTS('',2,(#677,#678,#679),.UNSPECIFIED.,.F.
  ,.F.,(3,3),(0.,1.),.PIECEWISE_BEZIER_KNOTS.);
#677 = CARTESIAN_POINT('',(17.022852137909,43.774982084561,26.));
#678 = CARTESIAN_POINT('',(16.449558085835,43.550441914165,26.));
#679 = CARTESIAN_POINT('',(16.449558085835,44.267059479258,26.));
#680 = SURFACE_OF_LINEAR_EXTRUSION('',#681,#685);
#681 = B_SPLINE_CURVE_WITH_KNOTS('',2,(#682,#683,#684),.UNSPECIFIED.,.F.
  ,.F.,(3,3),(0.,1.),.PIECEWISE_BEZIER_KNOTS.);
#682 = CARTESIAN_POINT('',(17.022852137909,43.774982084561,26.));
#683 = CARTESIAN_POINT('',(16.449558085835,43.550441914165,26.));
#684 = CARTESIAN_POINT('',(16.449558085835,44.267059479258,26.));
#685 = VECTOR('',#686,1.);
#686 = DIRECTION('',(-0.,-0.,-1.));
#687 = ADVANCED_FACE('',(#688),#713,.T.);
#688 = FACE_BOUND('',#689,.T.);
#689 = EDGE_LOOP('',(#690,#691,#699,#707));
#690 = ORIENTED_EDGE('',*,*,#636,.T.);
#691 = ORIENTED_EDGE('',*,*,#692,.T.);
#692 = EDGE_CURVE('',#630,#693,#695,.T.);
#693 = VERTEX_POINT('',#694);
#694 = CARTESIAN_POINT('',(20.175969424317,44.998009395653,26.6));
#695 = B_SPLINE_CURVE_WITH_KNOTS('',2,(#696,#697,#698),.UNSPECIFIED.,.F.
  ,.F.,(3,3),(0.,1.),.PIECEWISE_BEZIER_KNOTS.);
#696 = CARTESIAN_POINT('',(20.749263476391,45.939167131141,26.6));
#697 = CARTESIAN_POINT('',(20.749263476391,45.222549566048,26.6));
#698 = CARTESIAN_POINT('',(20.175969424317,44.998009395653,26.6));
#699 = ORIENTED_EDGE('',*,*,#700,.F.);
#700 = EDGE_CURVE('',#701,#693,#703,.T.);
#701 = VERTEX_POINT('',#702);
#702 = CARTESIAN_POINT('',(20.175969424317,44.998009395653,26.));
#703 = LINE('',#704,#705);
#704 = CARTESIAN_POINT('',(20.175969424317,44.998009395653,26.));
#705 = VECTOR('',#706,1.);
#706 = DIRECTION('',(0.,0.,1.));
#707 = ORIENTED_EDGE('',*,*,#708,.F.);
#708 = EDGE_CURVE('',#637,#701,#709,.T.);
#709 = B_SPLINE_CURVE_WITH_KNOTS('',2,(#710,#711,#712),.UNSPECIFIED.,.F.
  ,.F.,(3,3),(0.,1.),.PIECEWISE_BEZIER_KNOTS.);
#710 = CARTESIAN_POINT('',(20.749263476391,45.939167131141,26.));
#711 = CARTESIAN_POINT('',(20.749263476391,45.222549566048,26.));
#712 = CARTESIAN_POINT('',(20.175969424317,44.998009395653,26.));
#713 = SURFACE_OF_LINEAR_EXTRUSION('',#714,#718);
#714 = B_SPLINE_CURVE_WITH_KNOTS('',2,(#715,#716,#717),.UNSPECIFIED.,.F.
  ,.F.,(3,3),(0.,1.),.PIECEWISE_BEZIER_KNOTS.);
#715 = CARTESIAN_POINT('',(20.749263476391,45.939167131141,26.));
#716 = CARTESIAN_POINT('',(20.749263476391,45.222549566048,26.));
#717 = CARTESIAN_POINT('',(20.175969424317,44.998009395653,26.));
#718 = VECTOR('',#719,1.);
#719 = DIRECTION('',(-0.,-0.,-1.));
#720 = ADVANCED_FACE('',(#721),#735,.T.);
#721 = FACE_BOUND('',#722,.T.);
#722 = EDGE_LOOP('',(#723,#724,#729,#730));
#723 = ORIENTED_EDGE('',*,*,#700,.T.);
#724 = ORIENTED_EDGE('',*,*,#725,.T.);
#725 = EDGE_CURVE('',#693,#661,#726,.T.);
#726 = B_SPLINE_CURVE_WITH_KNOTS('',1,(#727,#728),.UNSPECIFIED.,.F.,.F.,
  (2,2),(0.,7.079095987483),.PIECEWISE_BEZIER_KNOTS.);
#727 = CARTESIAN_POINT('',(20.175969424317,44.998009395653,26.6));
#728 = CARTESIAN_POINT('',(17.022852137909,43.774982084561,26.6));
#729 = ORIENTED_EDGE('',*,*,#658,.F.);
#730 = ORIENTED_EDGE('',*,*,#731,.F.);
#731 = EDGE_CURVE('',#701,#659,#732,.T.);
#732 = B_SPLINE_CURVE_WITH_KNOTS('',1,(#733,#734),.UNSPECIFIED.,.F.,.F.,
  (2,2),(0.,7.079095987483),.PIECEWISE_BEZIER_KNOTS.);
#733 = CARTESIAN_POINT('',(20.175969424317,44.998009395653,26.));
#734 = CARTESIAN_POINT('',(17.022852137909,43.774982084561,26.));
#735 = SURFACE_OF_LINEAR_EXTRUSION('',#736,#739);
#736 = B_SPLINE_CURVE_WITH_KNOTS('',1,(#737,#738),.UNSPECIFIED.,.F.,.F.,
  (2,2),(0.,7.079095987483),.PIECEWISE_BEZIER_KNOTS.);
#737 = CARTESIAN_POINT('',(20.175969424317,44.998009395653,26.));
#738 = CARTESIAN_POINT('',(17.022852137909,43.774982084561,26.));
#739 = VECTOR('',#740,1.);
#740 = DIRECTION('',(-0.,-0.,-1.));
#741 = ADVANCED_FACE('',(#742),#780,.T.);
#742 = FACE_BOUND('',#743,.T.);
#743 = EDGE_LOOP('',(#744,#754,#764,#772));
#744 = ORIENTED_EDGE('',*,*,#745,.T.);
#745 = EDGE_CURVE('',#746,#748,#750,.T.);
#746 = VERTEX_POINT('',#747);
#747 = CARTESIAN_POINT('',(19.93709690262,51.337686121506,26.));
#748 = VERTEX_POINT('',#749);
#749 = CARTESIAN_POINT('',(19.93709690262,51.337686121506,26.6));
#750 = LINE('',#751,#752);
#751 = CARTESIAN_POINT('',(19.93709690262,51.337686121506,26.));
#752 = VECTOR('',#753,1.);
#753 = DIRECTION('',(0.,0.,1.));
#754 = ORIENTED_EDGE('',*,*,#755,.T.);
#755 = EDGE_CURVE('',#748,#756,#758,.T.);
#756 = VERTEX_POINT('',#757);
#757 = CARTESIAN_POINT('',(17.548371685644,51.337686121506,26.6));
#758 = ( BOUNDED_CURVE() B_SPLINE_CURVE(2,(#759,#760,#761,#762,#763),
.UNSPECIFIED.,.F.,.F.) B_SPLINE_CURVE_WITH_KNOTS((3,2,3),(4.712388980385
,6.28318530718,7.853981633974),.PIECEWISE_BEZIER_KNOTS.) CURVE() 
GEOMETRIC_REPRESENTATION_ITEM() RATIONAL_B_SPLINE_CURVE((1.,
0.707106781187,1.,0.707106781187,1.)) REPRESENTATION_ITEM('') );
#759 = CARTESIAN_POINT('',(19.93709690262,51.337686121506,26.6));
#760 = CARTESIAN_POINT('',(19.93709690262,53.630862329803,26.6));
#761 = CARTESIAN_POINT('',(18.742734294132,53.630862329803,26.6));
#762 = CARTESIAN_POINT('',(17.548371685644,53.630862329803,26.6));
#763 = CARTESIAN_POINT('',(17.548371685644,51.337686121506,26.6));
#764 = ORIENTED_EDGE('',*,*,#765,.F.);
#765 = EDGE_CURVE('',#766,#756,#768,.T.);
#766 = VERTEX_POINT('',#767);
#767 = CARTESIAN_POINT('',(17.548371685644,51.337686121506,26.));
#768 = LINE('',#769,#770);
#769 = CARTESIAN_POINT('',(17.548371685644,51.337686121506,26.));
#770 = VECTOR('',#771,1.);
#771 = DIRECTION('',(0.,0.,1.));
#772 = ORIENTED_EDGE('',*,*,#773,.F.);
#773 = EDGE_CURVE('',#746,#766,#774,.T.);
#774 = ( BOUNDED_CURVE() B_SPLINE_CURVE(2,(#775,#776,#777,#778,#779),
.UNSPECIFIED.,.F.,.F.) B_SPLINE_CURVE_WITH_KNOTS((3,2,3),(4.712388980385
,6.28318530718,7.853981633974),.PIECEWISE_BEZIER_KNOTS.) CURVE() 
GEOMETRIC_REPRESENTATION_ITEM() RATIONAL_B_SPLINE_CURVE((1.,
0.707106781187,1.,0.707106781187,1.)) REPRESENTATION_ITEM('') );
#775 = CARTESIAN_POINT('',(19.93709690262,51.337686121506,26.));
#776 = CARTESIAN_POINT('',(19.93709690262,53.630862329803,26.));
#777 = CARTESIAN_POINT('',(18.742734294132,53.630862329803,26.));
#778 = CARTESIAN_POINT('',(17.548371685644,53.630862329803,26.));
#779 = CARTESIAN_POINT('',(17.548371685644,51.337686121506,26.));
#780 = SURFACE_OF_LINEAR_EXTRUSION('',#781,#787);
#781 = ( BOUNDED_CURVE() B_SPLINE_CURVE(2,(#782,#783,#784,#785,#786),
.UNSPECIFIED.,.F.,.F.) B_SPLINE_CURVE_WITH_KNOTS((3,2,3),(4.712388980385
,6.28318530718,7.853981633974),.PIECEWISE_BEZIER_KNOTS.) CURVE() 
GEOMETRIC_REPRESENTATION_ITEM() RATIONAL_B_SPLINE_CURVE((1.,
0.707106781187,1.,0.707106781187,1.)) REPRESENTATION_ITEM('') );
#782 = CARTESIAN_POINT('',(19.93709690262,51.337686121506,26.));
#783 = CARTESIAN_POINT('',(19.93709690262,53.630862329803,26.));
#784 = CARTESIAN_POINT('',(18.742734294132,53.630862329803,26.));
#785 = CARTESIAN_POINT('',(17.548371685644,53.630862329803,26.));
#786 = CARTESIAN_POINT('',(17.548371685644,51.337686121506,26.));
#787 = VECTOR('',#788,1.);
#788 = DIRECTION('',(-0.,-0.,-1.));
#789 = ADVANCED_FACE('',(#790),#810,.T.);
#790 = FACE_BOUND('',#791,.T.);
#791 = EDGE_LOOP('',(#792,#793,#801,#802));
#792 = ORIENTED_EDGE('',*,*,#765,.T.);
#793 = ORIENTED_EDGE('',*,*,#794,.T.);
#794 = EDGE_CURVE('',#756,#748,#795,.T.);
#795 = ( BOUNDED_CURVE() B_SPLINE_CURVE(2,(#796,#797,#798,#799,#800),
.UNSPECIFIED.,.F.,.F.) B_SPLINE_CURVE_WITH_KNOTS((3,2,3),(1.570796326795
,3.14159265359,4.712388980385),.PIECEWISE_BEZIER_KNOTS.) CURVE() 
GEOMETRIC_REPRESENTATION_ITEM() RATIONAL_B_SPLINE_CURVE((1.,
0.707106781187,1.,0.707106781187,1.)) REPRESENTATION_ITEM('') );
#796 = CARTESIAN_POINT('',(17.548371685644,51.337686121506,26.6));
#797 = CARTESIAN_POINT('',(17.548371685644,49.04450991321,26.6));
#798 = CARTESIAN_POINT('',(18.742734294132,49.04450991321,26.6));
#799 = CARTESIAN_POINT('',(19.93709690262,49.04450991321,26.6));
#800 = CARTESIAN_POINT('',(19.93709690262,51.337686121506,26.6));
#801 = ORIENTED_EDGE('',*,*,#745,.F.);
#802 = ORIENTED_EDGE('',*,*,#803,.F.);
#803 = EDGE_CURVE('',#766,#746,#804,.T.);
#804 = ( BOUNDED_CURVE() B_SPLINE_CURVE(2,(#805,#806,#807,#808,#809),
.UNSPECIFIED.,.F.,.F.) B_SPLINE_CURVE_WITH_KNOTS((3,2,3),(1.570796326795
,3.14159265359,4.712388980385),.PIECEWISE_BEZIER_KNOTS.) CURVE() 
GEOMETRIC_REPRESENTATION_ITEM() RATIONAL_B_SPLINE_CURVE((1.,
0.707106781187,1.,0.707106781187,1.)) REPRESENTATION_ITEM('') );
#805 = CARTESIAN_POINT('',(17.548371685644,51.337686121506,26.));
#806 = CARTESIAN_POINT('',(17.548371685644,49.04450991321,26.));
#807 = CARTESIAN_POINT('',(18.742734294132,49.04450991321,26.));
#808 = CARTESIAN_POINT('',(19.93709690262,49.04450991321,26.));
#809 = CARTESIAN_POINT('',(19.93709690262,51.337686121506,26.));
#810 = SURFACE_OF_LINEAR_EXTRUSION('',#811,#817);
#811 = ( BOUNDED_CURVE() B_SPLINE_CURVE(2,(#812,#813,#814,#815,#816),
.UNSPECIFIED.,.F.,.F.) B_SPLINE_CURVE_WITH_KNOTS((3,2,3),(1.570796326795
,3.14159265359,4.712388980385),.PIECEWISE_BEZIER_KNOTS.) CURVE() 
GEOMETRIC_REPRESENTATION_ITEM() RATIONAL_B_SPLINE_CURVE((1.,
0.707106781187,1.,0.707106781187,1.)) REPRESENTATION_ITEM('') );
#812 = CARTESIAN_POINT('',(17.548371685644,51.337686121506,26.));
#813 = CARTESIAN_POINT('',(17.548371685644,49.04450991321,26.));
#814 = CARTESIAN_POINT('',(18.742734294132,49.04450991321,26.));
#815 = CARTESIAN_POINT('',(19.93709690262,49.04450991321,26.));
#816 = CARTESIAN_POINT('',(19.93709690262,51.337686121506,26.));
#817 = VECTOR('',#818,1.);
#818 = DIRECTION('',(-0.,-0.,-1.));
#819 = ADVANCED_FACE('',(#820,#830),#834,.T.);
#820 = FACE_BOUND('',#821,.T.);
#821 = EDGE_LOOP('',(#822,#823,#824,#825,#826,#827,#828,#829));
#822 = ORIENTED_EDGE('',*,*,#518,.T.);
#823 = ORIENTED_EDGE('',*,*,#582,.T.);
#824 = ORIENTED_EDGE('',*,*,#644,.T.);
#825 = ORIENTED_EDGE('',*,*,#708,.T.);
#826 = ORIENTED_EDGE('',*,*,#731,.T.);
#827 = ORIENTED_EDGE('',*,*,#675,.T.);
#828 = ORIENTED_EDGE('',*,*,#614,.T.);
#829 = ORIENTED_EDGE('',*,*,#549,.T.);
#830 = FACE_BOUND('',#831,.T.);
#831 = EDGE_LOOP('',(#832,#833));
#832 = ORIENTED_EDGE('',*,*,#773,.T.);
#833 = ORIENTED_EDGE('',*,*,#803,.T.);
#834 = B_SPLINE_SURFACE_WITH_KNOTS('',1,1,(
    (#835,#836)
    ,(#837,#838
    )),.UNSPECIFIED.,.F.,.F.,.F.,(2,2),(2,2),(-4.9316742081,4.0683257919
    ),(-13.5,13.5),.PIECEWISE_BEZIER_KNOTS.);
#835 = CARTESIAN_POINT('',(20.749263476391,43.550441914165,26.));
#836 = CARTESIAN_POINT('',(20.749263476391,56.449558085835,26.));
#837 = CARTESIAN_POINT('',(16.449558085835,43.550441914165,26.));
#838 = CARTESIAN_POINT('',(16.449558085835,56.449558085835,26.));
#839 = ADVANCED_FACE('',(#840,#850),#854,.F.);
#840 = FACE_BOUND('',#841,.F.);
#841 = EDGE_LOOP('',(#842,#843,#844,#845,#846,#847,#848,#849));
#842 = ORIENTED_EDGE('',*,*,#503,.T.);
#843 = ORIENTED_EDGE('',*,*,#566,.T.);
#844 = ORIENTED_EDGE('',*,*,#629,.T.);
#845 = ORIENTED_EDGE('',*,*,#692,.T.);
#846 = ORIENTED_EDGE('',*,*,#725,.T.);
#847 = ORIENTED_EDGE('',*,*,#668,.T.);
#848 = ORIENTED_EDGE('',*,*,#608,.T.);
#849 = ORIENTED_EDGE('',*,*,#542,.T.);
#850 = FACE_BOUND('',#851,.F.);
#851 = EDGE_LOOP('',(#852,#853));
#852 = ORIENTED_EDGE('',*,*,#755,.T.);
#853 = ORIENTED_EDGE('',*,*,#794,.T.);
#854 = B_SPLINE_SURFACE_WITH_KNOTS('',1,1,(
    (#855,#856)
    ,(#857,#858
    )),.UNSPECIFIED.,.F.,.F.,.F.,(2,2),(2,2),(-4.9316742081,4.0683257919
    ),(-13.5,13.5),.PIECEWISE_BEZIER_KNOTS.);
#855 = CARTESIAN_POINT('',(20.749263476391,43.550441914165,26.6));
#856 = CARTESIAN_POINT('',(20.749263476391,56.449558085835,26.6));
#857 = CARTESIAN_POINT('',(16.449558085835,43.550441914165,26.6));
#858 = CARTESIAN_POINT('',(16.449558085835,56.449558085835,26.6));
#859 = MANIFOLD_SOLID_BREP('',#860);
#860 = CLOSED_SHELL('',(#861,#909,#939,#949));
#861 = ADVANCED_FACE('',(#862),#900,.F.);
#862 = FACE_BOUND('',#863,.F.);
#863 = EDGE_LOOP('',(#864,#874,#884,#892));
#864 = ORIENTED_EDGE('',*,*,#865,.T.);
#865 = EDGE_CURVE('',#866,#868,#870,.T.);
#866 = VERTEX_POINT('',#867);
#867 = CARTESIAN_POINT('',(18.193327494227,51.337686121506,26.));
#868 = VERTEX_POINT('',#869);
#869 = CARTESIAN_POINT('',(18.193327494227,51.337686121506,26.6));
#870 = LINE('',#871,#872);
#871 = CARTESIAN_POINT('',(18.193327494227,51.337686121506,26.));
#872 = VECTOR('',#873,1.);
#873 = DIRECTION('',(0.,0.,1.));
#874 = ORIENTED_EDGE('',*,*,#875,.T.);
#875 = EDGE_CURVE('',#868,#876,#878,.T.);
#876 = VERTEX_POINT('',#877);
#877 = CARTESIAN_POINT('',(19.244366589697,51.337686121506,26.6));
#878 = ( BOUNDED_CURVE() B_SPLINE_CURVE(2,(#879,#880,#881,#882,#883),
.UNSPECIFIED.,.F.,.F.) B_SPLINE_CURVE_WITH_KNOTS((3,2,3),(1.570796326795
,3.14159265359,4.712388980385),.PIECEWISE_BEZIER_KNOTS.) CURVE() 
GEOMETRIC_REPRESENTATION_ITEM() RATIONAL_B_SPLINE_CURVE((1.,
0.707106781187,1.,0.707106781187,1.)) REPRESENTATION_ITEM('') );
#879 = CARTESIAN_POINT('',(18.193327494227,51.337686121506,26.6));
#880 = CARTESIAN_POINT('',(18.193327494227,50.310534278207,26.6));
#881 = CARTESIAN_POINT('',(18.718847041962,50.310534278207,26.6));
#882 = CARTESIAN_POINT('',(19.244366589697,50.310534278207,26.6));
#883 = CARTESIAN_POINT('',(19.244366589697,51.337686121506,26.6));
#884 = ORIENTED_EDGE('',*,*,#885,.F.);
#885 = EDGE_CURVE('',#886,#876,#888,.T.);
#886 = VERTEX_POINT('',#887);
#887 = CARTESIAN_POINT('',(19.244366589697,51.337686121506,26.));
#888 = LINE('',#889,#890);
#889 = CARTESIAN_POINT('',(19.244366589697,51.337686121506,26.));
#890 = VECTOR('',#891,1.);
#891 = DIRECTION('',(0.,0.,1.));
#892 = ORIENTED_EDGE('',*,*,#893,.F.);
#893 = EDGE_CURVE('',#866,#886,#894,.T.);
#894 = ( BOUNDED_CURVE() B_SPLINE_CURVE(2,(#895,#896,#897,#898,#899),
.UNSPECIFIED.,.F.,.F.) B_SPLINE_CURVE_WITH_KNOTS((3,2,3),(1.570796326795
,3.14159265359,4.712388980385),.PIECEWISE_BEZIER_KNOTS.) CURVE() 
GEOMETRIC_REPRESENTATION_ITEM() RATIONAL_B_SPLINE_CURVE((1.,
0.707106781187,1.,0.707106781187,1.)) REPRESENTATION_ITEM('') );
#895 = CARTESIAN_POINT('',(18.193327494227,51.337686121506,26.));
#896 = CARTESIAN_POINT('',(18.193327494227,50.310534278207,26.));
#897 = CARTESIAN_POINT('',(18.718847041962,50.310534278207,26.));
#898 = CARTESIAN_POINT('',(19.244366589697,50.310534278207,26.));
#899 = CARTESIAN_POINT('',(19.244366589697,51.337686121506,26.));
#900 = SURFACE_OF_LINEAR_EXTRUSION('',#901,#907);
#901 = ( BOUNDED_CURVE() B_SPLINE_CURVE(2,(#902,#903,#904,#905,#906),
.UNSPECIFIED.,.F.,.F.) B_SPLINE_CURVE_WITH_KNOTS((3,2,3),(1.570796326795
,3.14159265359,4.712388980385),.PIECEWISE_BEZIER_KNOTS.) CURVE() 
GEOMETRIC_REPRESENTATION_ITEM() RATIONAL_B_SPLINE_CURVE((1.,
0.707106781187,1.,0.707106781187,1.)) REPRESENTATION_ITEM('') );
#902 = CARTESIAN_POINT('',(18.193327494227,51.337686121506,26.));
#903 = CARTESIAN_POINT('',(18.193327494227,50.310534278207,26.));
#904 = CARTESIAN_POINT('',(18.718847041962,50.310534278207,26.));
#905 = CARTESIAN_POINT('',(19.244366589697,50.310534278207,26.));
#906 = CARTESIAN_POINT('',(19.244366589697,51.337686121506,26.));
#907 = VECTOR('',#908,1.);
#908 = DIRECTION('',(-0.,-0.,-1.));
#909 = ADVANCED_FACE('',(#910),#930,.F.);
#910 = FACE_BOUND('',#911,.F.);
#911 = EDGE_LOOP('',(#912,#913,#921,#922));
#912 = ORIENTED_EDGE('',*,*,#885,.T.);
#913 = ORIENTED_EDGE('',*,*,#914,.T.);
#914 = EDGE_CURVE('',#876,#868,#915,.T.);
#915 = ( BOUNDED_CURVE() B_SPLINE_CURVE(2,(#916,#917,#918,#919,#920),
.UNSPECIFIED.,.F.,.F.) B_SPLINE_CURVE_WITH_KNOTS((3,2,3),(4.712388980385
,6.28318530718,7.853981633974),.PIECEWISE_BEZIER_KNOTS.) CURVE() 
GEOMETRIC_REPRESENTATION_ITEM() RATIONAL_B_SPLINE_CURVE((1.,
0.707106781187,1.,0.707106781187,1.)) REPRESENTATION_ITEM('') );
#916 = CARTESIAN_POINT('',(19.244366589697,51.337686121506,26.6));
#917 = CARTESIAN_POINT('',(19.244366589697,52.364837964806,26.6));
#918 = CARTESIAN_POINT('',(18.718847041962,52.364837964806,26.6));
#919 = CARTESIAN_POINT('',(18.193327494227,52.364837964806,26.6));
#920 = CARTESIAN_POINT('',(18.193327494227,51.337686121506,26.6));
#921 = ORIENTED_EDGE('',*,*,#865,.F.);
#922 = ORIENTED_EDGE('',*,*,#923,.F.);
#923 = EDGE_CURVE('',#886,#866,#924,.T.);
#924 = ( BOUNDED_CURVE() B_SPLINE_CURVE(2,(#925,#926,#927,#928,#929),
.UNSPECIFIED.,.F.,.F.) B_SPLINE_CURVE_WITH_KNOTS((3,2,3),(4.712388980385
,6.28318530718,7.853981633974),.PIECEWISE_BEZIER_KNOTS.) CURVE() 
GEOMETRIC_REPRESENTATION_ITEM() RATIONAL_B_SPLINE_CURVE((1.,
0.707106781187,1.,0.707106781187,1.)) REPRESENTATION_ITEM('') );
#925 = CARTESIAN_POINT('',(19.244366589697,51.337686121506,26.));
#926 = CARTESIAN_POINT('',(19.244366589697,52.364837964806,26.));
#927 = CARTESIAN_POINT('',(18.718847041962,52.364837964806,26.));
#928 = CARTESIAN_POINT('',(18.193327494227,52.364837964806,26.));
#929 = CARTESIAN_POINT('',(18.193327494227,51.337686121506,26.));
#930 = SURFACE_OF_LINEAR_EXTRUSION('',#931,#937);
#931 = ( BOUNDED_CURVE() B_SPLINE_CURVE(2,(#932,#933,#934,#935,#936),
.UNSPECIFIED.,.F.,.F.) B_SPLINE_CURVE_WITH_KNOTS((3,2,3),(4.712388980385
,6.28318530718,7.853981633974),.PIECEWISE_BEZIER_KNOTS.) CURVE() 
GEOMETRIC_REPRESENTATION_ITEM() RATIONAL_B_SPLINE_CURVE((1.,
0.707106781187,1.,0.707106781187,1.)) REPRESENTATION_ITEM('') );
#932 = CARTESIAN_POINT('',(19.244366589697,51.337686121506,26.));
#933 = CARTESIAN_POINT('',(19.244366589697,52.364837964806,26.));
#934 = CARTESIAN_POINT('',(18.718847041962,52.364837964806,26.));
#935 = CARTESIAN_POINT('',(18.193327494227,52.364837964806,26.));
#936 = CARTESIAN_POINT('',(18.193327494227,51.337686121506,26.));
#937 = VECTOR('',#938,1.);
#938 = DIRECTION('',(-0.,-0.,-1.));
#939 = ADVANCED_FACE('',(#940),#944,.F.);
#940 = FACE_BOUND('',#941,.F.);
#941 = EDGE_LOOP('',(#942,#943));
#942 = ORIENTED_EDGE('',*,*,#893,.T.);
#943 = ORIENTED_EDGE('',*,*,#923,.T.);
#944 = B_SPLINE_SURFACE_WITH_KNOTS('',1,1,(
    (#945,#946)
    ,(#947,#948
    )),.UNSPECIFIED.,.F.,.F.,.F.,(2,2),(2,2),(-1.1,1.1),(-2.15,2.15),
  .PIECEWISE_BEZIER_KNOTS.);
#945 = CARTESIAN_POINT('',(18.193327494227,50.310534278207,26.));
#946 = CARTESIAN_POINT('',(18.193327494227,52.364837964806,26.));
#947 = CARTESIAN_POINT('',(19.244366589697,50.310534278207,26.));
#948 = CARTESIAN_POINT('',(19.244366589697,52.364837964806,26.));
#949 = ADVANCED_FACE('',(#950),#954,.T.);
#950 = FACE_BOUND('',#951,.T.);
#951 = EDGE_LOOP('',(#952,#953));
#952 = ORIENTED_EDGE('',*,*,#875,.T.);
#953 = ORIENTED_EDGE('',*,*,#914,.T.);
#954 = B_SPLINE_SURFACE_WITH_KNOTS('',1,1,(
    (#955,#956)
    ,(#957,#958
    )),.UNSPECIFIED.,.F.,.F.,.F.,(2,2),(2,2),(-1.1,1.1),(-2.15,2.15),
  .PIECEWISE_BEZIER_KNOTS.);
#955 = CARTESIAN_POINT('',(18.193327494227,50.310534278207,26.6));
#956 = CARTESIAN_POINT('',(18.193327494227,52.364837964806,26.6));
#957 = CARTESIAN_POINT('',(19.244366589697,50.310534278207,26.6));
#958 = CARTESIAN_POINT('',(19.244366589697,52.364837964806,26.6));
#959 = MANIFOLD_SOLID_BREP('',#960);
#960 = CLOSED_SHELL('',(#961,#1000,#1033,#1063,#1096,#1126,#1159,#1189,
    #1213,#1229));
#961 = ADVANCED_FACE('',(#962),#994,.F.);
#962 = FACE_BOUND('',#963,.F.);
#963 = EDGE_LOOP('',(#964,#974,#981,#989));
#964 = ORIENTED_EDGE('',*,*,#965,.T.);
#965 = EDGE_CURVE('',#966,#968,#970,.T.);
#966 = VERTEX_POINT('',#967);
#967 = CARTESIAN_POINT('',(22.182498606577,55.732940520742,26.));
#968 = VERTEX_POINT('',#969);
#969 = CARTESIAN_POINT('',(22.182498606577,55.732940520742,26.6));
#970 = LINE('',#971,#972);
#971 = CARTESIAN_POINT('',(22.182498606577,55.732940520742,26.));
#972 = VECTOR('',#973,1.);
#973 = DIRECTION('',(0.,0.,1.));
#974 = ORIENTED_EDGE('',*,*,#975,.T.);
#975 = EDGE_CURVE('',#968,#976,#978,.T.);
#976 = VERTEX_POINT('',#977);
#977 = CARTESIAN_POINT('',(22.182498606577,44.267059479258,26.6));
#978 = B_SPLINE_CURVE_WITH_KNOTS('',1,(#979,#980),.UNSPECIFIED.,.F.,.F.,
  (2,2),(0.,24.),.PIECEWISE_BEZIER_KNOTS.);
#979 = CARTESIAN_POINT('',(22.182498606577,55.732940520742,26.6));
#980 = CARTESIAN_POINT('',(22.182498606577,44.267059479258,26.6));
#981 = ORIENTED_EDGE('',*,*,#982,.F.);
#982 = EDGE_CURVE('',#983,#976,#985,.T.);
#983 = VERTEX_POINT('',#984);
#984 = CARTESIAN_POINT('',(22.182498606577,44.267059479258,26.));
#985 = LINE('',#986,#987);
#986 = CARTESIAN_POINT('',(22.182498606577,44.267059479258,26.));
#987 = VECTOR('',#988,1.);
#988 = DIRECTION('',(0.,0.,1.));
#989 = ORIENTED_EDGE('',*,*,#990,.F.);
#990 = EDGE_CURVE('',#966,#983,#991,.T.);
#991 = B_SPLINE_CURVE_WITH_KNOTS('',1,(#992,#993),.UNSPECIFIED.,.F.,.F.,
  (2,2),(0.,24.),.PIECEWISE_BEZIER_KNOTS.);
#992 = CARTESIAN_POINT('',(22.182498606577,55.732940520742,26.));
#993 = CARTESIAN_POINT('',(22.182498606577,44.267059479258,26.));
#994 = SURFACE_OF_LINEAR_EXTRUSION('',#995,#998);
#995 = B_SPLINE_CURVE_WITH_KNOTS('',1,(#996,#997),.UNSPECIFIED.,.F.,.F.,
  (2,2),(0.,24.),.PIECEWISE_BEZIER_KNOTS.);
#996 = CARTESIAN_POINT('',(22.182498606577,55.732940520742,26.));
#997 = CARTESIAN_POINT('',(22.182498606577,44.267059479258,26.));
#998 = VECTOR('',#999,1.);
#999 = DIRECTION('',(-0.,-0.,-1.));
#1000 = ADVANCED_FACE('',(#1001),#1026,.F.);
#1001 = FACE_BOUND('',#1002,.F.);
#1002 = EDGE_LOOP('',(#1003,#1004,#1012,#1020));
#1003 = ORIENTED_EDGE('',*,*,#982,.T.);
#1004 = ORIENTED_EDGE('',*,*,#1005,.T.);
#1005 = EDGE_CURVE('',#976,#1006,#1008,.T.);
#1006 = VERTEX_POINT('',#1007);
#1007 = CARTESIAN_POINT('',(22.660243649972,43.789314435863,26.6));
#1008 = ( BOUNDED_CURVE() B_SPLINE_CURVE(2,(#1009,#1010,#1011),
.UNSPECIFIED.,.F.,.F.) B_SPLINE_CURVE_WITH_KNOTS((3,3),(3.14159265359,
4.712388980385),.PIECEWISE_BEZIER_KNOTS.) CURVE() 
GEOMETRIC_REPRESENTATION_ITEM() RATIONAL_B_SPLINE_CURVE((1.,
0.707106781187,1.)) REPRESENTATION_ITEM('') );
#1009 = CARTESIAN_POINT('',(22.182498606577,44.267059479258,26.6));
#1010 = CARTESIAN_POINT('',(22.182498606577,43.789314435863,26.6));
#1011 = CARTESIAN_POINT('',(22.660243649972,43.789314435863,26.6));
#1012 = ORIENTED_EDGE('',*,*,#1013,.F.);
#1013 = EDGE_CURVE('',#1014,#1006,#1016,.T.);
#1014 = VERTEX_POINT('',#1015);
#1015 = CARTESIAN_POINT('',(22.660243649972,43.789314435863,26.));
#1016 = LINE('',#1017,#1018);
#1017 = CARTESIAN_POINT('',(22.660243649972,43.789314435863,26.));
#1018 = VECTOR('',#1019,1.);
#1019 = DIRECTION('',(0.,0.,1.));
#1020 = ORIENTED_EDGE('',*,*,#1021,.F.);
#1021 = EDGE_CURVE('',#983,#1014,#1022,.T.);
#1022 = ( BOUNDED_CURVE() B_SPLINE_CURVE(2,(#1023,#1024,#1025),
.UNSPECIFIED.,.F.,.F.) B_SPLINE_CURVE_WITH_KNOTS((3,3),(3.14159265359,
4.712388980385),.PIECEWISE_BEZIER_KNOTS.) CURVE() 
GEOMETRIC_REPRESENTATION_ITEM() RATIONAL_B_SPLINE_CURVE((1.,
0.707106781187,1.)) REPRESENTATION_ITEM('') );
#1023 = CARTESIAN_POINT('',(22.182498606577,44.267059479258,26.));
#1024 = CARTESIAN_POINT('',(22.182498606577,43.789314435863,26.));
#1025 = CARTESIAN_POINT('',(22.660243649972,43.789314435863,26.));
#1026 = SURFACE_OF_LINEAR_EXTRUSION('',#1027,#1031);
#1027 = ( BOUNDED_CURVE() B_SPLINE_CURVE(2,(#1028,#1029,#1030),
.UNSPECIFIED.,.F.,.F.) B_SPLINE_CURVE_WITH_KNOTS((3,3),(3.14159265359,
4.712388980385),.PIECEWISE_BEZIER_KNOTS.) CURVE() 
GEOMETRIC_REPRESENTATION_ITEM() RATIONAL_B_SPLINE_CURVE((1.,
0.707106781187,1.)) REPRESENTATION_ITEM('') );
#1028 = CARTESIAN_POINT('',(22.182498606577,44.267059479258,26.));
#1029 = CARTESIAN_POINT('',(22.182498606577,43.789314435863,26.));
#1030 = CARTESIAN_POINT('',(22.660243649972,43.789314435863,26.));
#1031 = VECTOR('',#1032,1.);
#1032 = DIRECTION('',(-0.,-0.,-1.));
#1033 = ADVANCED_FACE('',(#1034),#1057,.F.);
#1034 = FACE_BOUND('',#1035,.F.);
#1035 = EDGE_LOOP('',(#1036,#1037,#1044,#1052));
#1036 = ORIENTED_EDGE('',*,*,#1013,.T.);
#1037 = ORIENTED_EDGE('',*,*,#1038,.T.);
#1038 = EDGE_CURVE('',#1006,#1039,#1041,.T.);
#1039 = VERTEX_POINT('',#1040);
#1040 = CARTESIAN_POINT('',(23.376861215065,43.789314435863,26.6));
#1041 = B_SPLINE_CURVE_WITH_KNOTS('',1,(#1042,#1043),.UNSPECIFIED.,.F.,
  .F.,(2,2),(0.,1.5),.PIECEWISE_BEZIER_KNOTS.);
#1042 = CARTESIAN_POINT('',(22.660243649972,43.789314435863,26.6));
#1043 = CARTESIAN_POINT('',(23.376861215065,43.789314435863,26.6));
#1044 = ORIENTED_EDGE('',*,*,#1045,.F.);
#1045 = EDGE_CURVE('',#1046,#1039,#1048,.T.);
#1046 = VERTEX_POINT('',#1047);
#1047 = CARTESIAN_POINT('',(23.376861215065,43.789314435863,26.));
#1048 = LINE('',#1049,#1050);
#1049 = CARTESIAN_POINT('',(23.376861215065,43.789314435863,26.));
#1050 = VECTOR('',#1051,1.);
#1051 = DIRECTION('',(0.,0.,1.));
#1052 = ORIENTED_EDGE('',*,*,#1053,.F.);
#1053 = EDGE_CURVE('',#1014,#1046,#1054,.T.);
#1054 = B_SPLINE_CURVE_WITH_KNOTS('',1,(#1055,#1056),.UNSPECIFIED.,.F.,
  .F.,(2,2),(0.,1.5),.PIECEWISE_BEZIER_KNOTS.);
#1055 = CARTESIAN_POINT('',(22.660243649972,43.789314435863,26.));
#1056 = CARTESIAN_POINT('',(23.376861215065,43.789314435863,26.));
#1057 = SURFACE_OF_LINEAR_EXTRUSION('',#1058,#1061);
#1058 = B_SPLINE_CURVE_WITH_KNOTS('',1,(#1059,#1060),.UNSPECIFIED.,.F.,
  .F.,(2,2),(0.,1.5),.PIECEWISE_BEZIER_KNOTS.);
#1059 = CARTESIAN_POINT('',(22.660243649972,43.789314435863,26.));
#1060 = CARTESIAN_POINT('',(23.376861215065,43.789314435863,26.));
#1061 = VECTOR('',#1062,1.);
#1062 = DIRECTION('',(-0.,-0.,-1.));
#1063 = ADVANCED_FACE('',(#1064),#1089,.F.);
#1064 = FACE_BOUND('',#1065,.F.);
#1065 = EDGE_LOOP('',(#1066,#1067,#1075,#1083));
#1066 = ORIENTED_EDGE('',*,*,#1045,.T.);
#1067 = ORIENTED_EDGE('',*,*,#1068,.T.);
#1068 = EDGE_CURVE('',#1039,#1069,#1071,.T.);
#1069 = VERTEX_POINT('',#1070);
#1070 = CARTESIAN_POINT('',(23.85460625846,44.267059479258,26.6));
#1071 = ( BOUNDED_CURVE() B_SPLINE_CURVE(2,(#1072,#1073,#1074),
.UNSPECIFIED.,.F.,.F.) B_SPLINE_CURVE_WITH_KNOTS((3,3),(4.712388980385,
6.28318530718),.PIECEWISE_BEZIER_KNOTS.) CURVE() 
GEOMETRIC_REPRESENTATION_ITEM() RATIONAL_B_SPLINE_CURVE((1.,
0.707106781187,1.)) REPRESENTATION_ITEM('') );
#1072 = CARTESIAN_POINT('',(23.376861215065,43.789314435863,26.6));
#1073 = CARTESIAN_POINT('',(23.85460625846,43.789314435863,26.6));
#1074 = CARTESIAN_POINT('',(23.85460625846,44.267059479258,26.6));
#1075 = ORIENTED_EDGE('',*,*,#1076,.F.);
#1076 = EDGE_CURVE('',#1077,#1069,#1079,.T.);
#1077 = VERTEX_POINT('',#1078);
#1078 = CARTESIAN_POINT('',(23.85460625846,44.267059479258,26.));
#1079 = LINE('',#1080,#1081);
#1080 = CARTESIAN_POINT('',(23.85460625846,44.267059479258,26.));
#1081 = VECTOR('',#1082,1.);
#1082 = DIRECTION('',(0.,0.,1.));
#1083 = ORIENTED_EDGE('',*,*,#1084,.F.);
#1084 = EDGE_CURVE('',#1046,#1077,#1085,.T.);
#1085 = ( BOUNDED_CURVE() B_SPLINE_CURVE(2,(#1086,#1087,#1088),
.UNSPECIFIED.,.F.,.F.) B_SPLINE_CURVE_WITH_KNOTS((3,3),(4.712388980385,
6.28318530718),.PIECEWISE_BEZIER_KNOTS.) CURVE() 
GEOMETRIC_REPRESENTATION_ITEM() RATIONAL_B_SPLINE_CURVE((1.,
0.707106781187,1.)) REPRESENTATION_ITEM('') );
#1086 = CARTESIAN_POINT('',(23.376861215065,43.789314435863,26.));
#1087 = CARTESIAN_POINT('',(23.85460625846,43.789314435863,26.));
#1088 = CARTESIAN_POINT('',(23.85460625846,44.267059479258,26.));
#1089 = SURFACE_OF_LINEAR_EXTRUSION('',#1090,#1094);
#1090 = ( BOUNDED_CURVE() B_SPLINE_CURVE(2,(#1091,#1092,#1093),
.UNSPECIFIED.,.F.,.F.) B_SPLINE_CURVE_WITH_KNOTS((3,3),(4.712388980385,
6.28318530718),.PIECEWISE_BEZIER_KNOTS.) CURVE() 
GEOMETRIC_REPRESENTATION_ITEM() RATIONAL_B_SPLINE_CURVE((1.,
0.707106781187,1.)) REPRESENTATION_ITEM('') );
#1091 = CARTESIAN_POINT('',(23.376861215065,43.789314435863,26.));
#1092 = CARTESIAN_POINT('',(23.85460625846,43.789314435863,26.));
#1093 = CARTESIAN_POINT('',(23.85460625846,44.267059479258,26.));
#1094 = VECTOR('',#1095,1.);
#1095 = DIRECTION('',(-0.,-0.,-1.));
#1096 = ADVANCED_FACE('',(#1097),#1120,.F.);
#1097 = FACE_BOUND('',#1098,.F.);
#1098 = EDGE_LOOP('',(#1099,#1100,#1107,#1115));
#1099 = ORIENTED_EDGE('',*,*,#1076,.T.);
#1100 = ORIENTED_EDGE('',*,*,#1101,.T.);
#1101 = EDGE_CURVE('',#1069,#1102,#1104,.T.);
#1102 = VERTEX_POINT('',#1103);
#1103 = CARTESIAN_POINT('',(23.85460625846,55.732940520742,26.6));
#1104 = B_SPLINE_CURVE_WITH_KNOTS('',1,(#1105,#1106),.UNSPECIFIED.,.F.,
  .F.,(2,2),(0.,24.),.PIECEWISE_BEZIER_KNOTS.);
#1105 = CARTESIAN_POINT('',(23.85460625846,44.267059479258,26.6));
#1106 = CARTESIAN_POINT('',(23.85460625846,55.732940520742,26.6));
#1107 = ORIENTED_EDGE('',*,*,#1108,.F.);
#1108 = EDGE_CURVE('',#1109,#1102,#1111,.T.);
#1109 = VERTEX_POINT('',#1110);
#1110 = CARTESIAN_POINT('',(23.85460625846,55.732940520742,26.));
#1111 = LINE('',#1112,#1113);
#1112 = CARTESIAN_POINT('',(23.85460625846,55.732940520742,26.));
#1113 = VECTOR('',#1114,1.);
#1114 = DIRECTION('',(0.,0.,1.));
#1115 = ORIENTED_EDGE('',*,*,#1116,.F.);
#1116 = EDGE_CURVE('',#1077,#1109,#1117,.T.);
#1117 = B_SPLINE_CURVE_WITH_KNOTS('',1,(#1118,#1119),.UNSPECIFIED.,.F.,
  .F.,(2,2),(0.,24.),.PIECEWISE_BEZIER_KNOTS.);
#1118 = CARTESIAN_POINT('',(23.85460625846,44.267059479258,26.));
#1119 = CARTESIAN_POINT('',(23.85460625846,55.732940520742,26.));
#1120 = SURFACE_OF_LINEAR_EXTRUSION('',#1121,#1124);
#1121 = B_SPLINE_CURVE_WITH_KNOTS('',1,(#1122,#1123),.UNSPECIFIED.,.F.,
  .F.,(2,2),(0.,24.),.PIECEWISE_BEZIER_KNOTS.);
#1122 = CARTESIAN_POINT('',(23.85460625846,44.267059479258,26.));
#1123 = CARTESIAN_POINT('',(23.85460625846,55.732940520742,26.));
#1124 = VECTOR('',#1125,1.);
#1125 = DIRECTION('',(-0.,-0.,-1.));
#1126 = ADVANCED_FACE('',(#1127),#1152,.F.);
#1127 = FACE_BOUND('',#1128,.F.);
#1128 = EDGE_LOOP('',(#1129,#1130,#1138,#1146));
#1129 = ORIENTED_EDGE('',*,*,#1108,.T.);
#1130 = ORIENTED_EDGE('',*,*,#1131,.T.);
#1131 = EDGE_CURVE('',#1102,#1132,#1134,.T.);
#1132 = VERTEX_POINT('',#1133);
#1133 = CARTESIAN_POINT('',(23.376861215065,56.210685564137,26.6));
#1134 = ( BOUNDED_CURVE() B_SPLINE_CURVE(2,(#1135,#1136,#1137),
.UNSPECIFIED.,.F.,.F.) B_SPLINE_CURVE_WITH_KNOTS((3,3),(0.,
1.570796326795),.PIECEWISE_BEZIER_KNOTS.) CURVE() 
GEOMETRIC_REPRESENTATION_ITEM() RATIONAL_B_SPLINE_CURVE((1.,
0.707106781187,1.)) REPRESENTATION_ITEM('') );
#1135 = CARTESIAN_POINT('',(23.85460625846,55.732940520742,26.6));
#1136 = CARTESIAN_POINT('',(23.85460625846,56.210685564137,26.6));
#1137 = CARTESIAN_POINT('',(23.376861215065,56.210685564137,26.6));
#1138 = ORIENTED_EDGE('',*,*,#1139,.F.);
#1139 = EDGE_CURVE('',#1140,#1132,#1142,.T.);
#1140 = VERTEX_POINT('',#1141);
#1141 = CARTESIAN_POINT('',(23.376861215065,56.210685564137,26.));
#1142 = LINE('',#1143,#1144);
#1143 = CARTESIAN_POINT('',(23.376861215065,56.210685564137,26.));
#1144 = VECTOR('',#1145,1.);
#1145 = DIRECTION('',(0.,0.,1.));
#1146 = ORIENTED_EDGE('',*,*,#1147,.F.);
#1147 = EDGE_CURVE('',#1109,#1140,#1148,.T.);
#1148 = ( BOUNDED_CURVE() B_SPLINE_CURVE(2,(#1149,#1150,#1151),
.UNSPECIFIED.,.F.,.F.) B_SPLINE_CURVE_WITH_KNOTS((3,3),(0.,
1.570796326795),.PIECEWISE_BEZIER_KNOTS.) CURVE() 
GEOMETRIC_REPRESENTATION_ITEM() RATIONAL_B_SPLINE_CURVE((1.,
0.707106781187,1.)) REPRESENTATION_ITEM('') );
#1149 = CARTESIAN_POINT('',(23.85460625846,55.732940520742,26.));
#1150 = CARTESIAN_POINT('',(23.85460625846,56.210685564137,26.));
#1151 = CARTESIAN_POINT('',(23.376861215065,56.210685564137,26.));
#1152 = SURFACE_OF_LINEAR_EXTRUSION('',#1153,#1157);
#1153 = ( BOUNDED_CURVE() B_SPLINE_CURVE(2,(#1154,#1155,#1156),
.UNSPECIFIED.,.F.,.F.) B_SPLINE_CURVE_WITH_KNOTS((3,3),(0.,
1.570796326795),.PIECEWISE_BEZIER_KNOTS.) CURVE() 
GEOMETRIC_REPRESENTATION_ITEM() RATIONAL_B_SPLINE_CURVE((1.,
0.707106781187,1.)) REPRESENTATION_ITEM('') );
#1154 = CARTESIAN_POINT('',(23.85460625846,55.732940520742,26.));
#1155 = CARTESIAN_POINT('',(23.85460625846,56.210685564137,26.));
#1156 = CARTESIAN_POINT('',(23.376861215065,56.210685564137,26.));
#1157 = VECTOR('',#1158,1.);
#1158 = DIRECTION('',(-0.,-0.,-1.));
#1159 = ADVANCED_FACE('',(#1160),#1183,.F.);
#1160 = FACE_BOUND('',#1161,.F.);
#1161 = EDGE_LOOP('',(#1162,#1163,#1170,#1178));
#1162 = ORIENTED_EDGE('',*,*,#1139,.T.);
#1163 = ORIENTED_EDGE('',*,*,#1164,.T.);
#1164 = EDGE_CURVE('',#1132,#1165,#1167,.T.);
#1165 = VERTEX_POINT('',#1166);
#1166 = CARTESIAN_POINT('',(22.660243649972,56.210685564137,26.6));
#1167 = B_SPLINE_CURVE_WITH_KNOTS('',1,(#1168,#1169),.UNSPECIFIED.,.F.,
  .F.,(2,2),(0.,1.5),.PIECEWISE_BEZIER_KNOTS.);
#1168 = CARTESIAN_POINT('',(23.376861215065,56.210685564137,26.6));
#1169 = CARTESIAN_POINT('',(22.660243649972,56.210685564137,26.6));
#1170 = ORIENTED_EDGE('',*,*,#1171,.F.);
#1171 = EDGE_CURVE('',#1172,#1165,#1174,.T.);
#1172 = VERTEX_POINT('',#1173);
#1173 = CARTESIAN_POINT('',(22.660243649972,56.210685564137,26.));
#1174 = LINE('',#1175,#1176);
#1175 = CARTESIAN_POINT('',(22.660243649972,56.210685564137,26.));
#1176 = VECTOR('',#1177,1.);
#1177 = DIRECTION('',(0.,0.,1.));
#1178 = ORIENTED_EDGE('',*,*,#1179,.F.);
#1179 = EDGE_CURVE('',#1140,#1172,#1180,.T.);
#1180 = B_SPLINE_CURVE_WITH_KNOTS('',1,(#1181,#1182),.UNSPECIFIED.,.F.,
  .F.,(2,2),(0.,1.5),.PIECEWISE_BEZIER_KNOTS.);
#1181 = CARTESIAN_POINT('',(23.376861215065,56.210685564137,26.));
#1182 = CARTESIAN_POINT('',(22.660243649972,56.210685564137,26.));
#1183 = SURFACE_OF_LINEAR_EXTRUSION('',#1184,#1187);
#1184 = B_SPLINE_CURVE_WITH_KNOTS('',1,(#1185,#1186),.UNSPECIFIED.,.F.,
  .F.,(2,2),(0.,1.5),.PIECEWISE_BEZIER_KNOTS.);
#1185 = CARTESIAN_POINT('',(23.376861215065,56.210685564137,26.));
#1186 = CARTESIAN_POINT('',(22.660243649972,56.210685564137,26.));
#1187 = VECTOR('',#1188,1.);
#1188 = DIRECTION('',(-0.,-0.,-1.));
#1189 = ADVANCED_FACE('',(#1190),#1206,.F.);
#1190 = FACE_BOUND('',#1191,.F.);
#1191 = EDGE_LOOP('',(#1192,#1193,#1199,#1200));
#1192 = ORIENTED_EDGE('',*,*,#1171,.T.);
#1193 = ORIENTED_EDGE('',*,*,#1194,.T.);
#1194 = EDGE_CURVE('',#1165,#968,#1195,.T.);
#1195 = ( BOUNDED_CURVE() B_SPLINE_CURVE(2,(#1196,#1197,#1198),
.UNSPECIFIED.,.F.,.F.) B_SPLINE_CURVE_WITH_KNOTS((3,3),(1.570796326795,
3.14159265359),.PIECEWISE_BEZIER_KNOTS.) CURVE() 
GEOMETRIC_REPRESENTATION_ITEM() RATIONAL_B_SPLINE_CURVE((1.,
0.707106781187,1.)) REPRESENTATION_ITEM('') );
#1196 = CARTESIAN_POINT('',(22.660243649972,56.210685564137,26.6));
#1197 = CARTESIAN_POINT('',(22.182498606577,56.210685564137,26.6));
#1198 = CARTESIAN_POINT('',(22.182498606577,55.732940520742,26.6));
#1199 = ORIENTED_EDGE('',*,*,#965,.F.);
#1200 = ORIENTED_EDGE('',*,*,#1201,.F.);
#1201 = EDGE_CURVE('',#1172,#966,#1202,.T.);
#1202 = ( BOUNDED_CURVE() B_SPLINE_CURVE(2,(#1203,#1204,#1205),
.UNSPECIFIED.,.F.,.F.) B_SPLINE_CURVE_WITH_KNOTS((3,3),(1.570796326795,
3.14159265359),.PIECEWISE_BEZIER_KNOTS.) CURVE() 
GEOMETRIC_REPRESENTATION_ITEM() RATIONAL_B_SPLINE_CURVE((1.,
0.707106781187,1.)) REPRESENTATION_ITEM('') );
#1203 = CARTESIAN_POINT('',(22.660243649972,56.210685564137,26.));
#1204 = CARTESIAN_POINT('',(22.182498606577,56.210685564137,26.));
#1205 = CARTESIAN_POINT('',(22.182498606577,55.732940520742,26.));
#1206 = SURFACE_OF_LINEAR_EXTRUSION('',#1207,#1211);
#1207 = ( BOUNDED_CURVE() B_SPLINE_CURVE(2,(#1208,#1209,#1210),
.UNSPECIFIED.,.F.,.F.) B_SPLINE_CURVE_WITH_KNOTS((3,3),(1.570796326795,
3.14159265359),.PIECEWISE_BEZIER_KNOTS.) CURVE() 
GEOMETRIC_REPRESENTATION_ITEM() RATIONAL_B_SPLINE_CURVE((1.,
0.707106781187,1.)) REPRESENTATION_ITEM('') );
#1208 = CARTESIAN_POINT('',(22.660243649972,56.210685564137,26.));
#1209 = CARTESIAN_POINT('',(22.182498606577,56.210685564137,26.));
#1210 = CARTESIAN_POINT('',(22.182498606577,55.732940520742,26.));
#1211 = VECTOR('',#1212,1.);
#1212 = DIRECTION('',(-0.,-0.,-1.));
#1213 = ADVANCED_FACE('',(#1214),#1224,.F.);
#1214 = FACE_BOUND('',#1215,.F.);
#1215 = EDGE_LOOP('',(#1216,#1217,#1218,#1219,#1220,#1221,#1222,#1223));
#1216 = ORIENTED_EDGE('',*,*,#990,.T.);
#1217 = ORIENTED_EDGE('',*,*,#1021,.T.);
#1218 = ORIENTED_EDGE('',*,*,#1053,.T.);
#1219 = ORIENTED_EDGE('',*,*,#1084,.T.);
#1220 = ORIENTED_EDGE('',*,*,#1116,.T.);
#1221 = ORIENTED_EDGE('',*,*,#1147,.T.);
#1222 = ORIENTED_EDGE('',*,*,#1179,.T.);
#1223 = ORIENTED_EDGE('',*,*,#1201,.T.);
#1224 = B_SPLINE_SURFACE_WITH_KNOTS('',1,1,(
    (#1225,#1226)
    ,(#1227,#1228
    )),.UNSPECIFIED.,.F.,.F.,.F.,(2,2),(2,2),(-1.75,1.75),(-13.,13.),
  .PIECEWISE_BEZIER_KNOTS.);
#1225 = CARTESIAN_POINT('',(22.182498606577,43.789314435863,26.));
#1226 = CARTESIAN_POINT('',(22.182498606577,56.210685564137,26.));
#1227 = CARTESIAN_POINT('',(23.85460625846,43.789314435863,26.));
#1228 = CARTESIAN_POINT('',(23.85460625846,56.210685564137,26.));
#1229 = ADVANCED_FACE('',(#1230),#1240,.T.);
#1230 = FACE_BOUND('',#1231,.T.);
#1231 = EDGE_LOOP('',(#1232,#1233,#1234,#1235,#1236,#1237,#1238,#1239));
#1232 = ORIENTED_EDGE('',*,*,#975,.T.);
#1233 = ORIENTED_EDGE('',*,*,#1005,.T.);
#1234 = ORIENTED_EDGE('',*,*,#1038,.T.);
#1235 = ORIENTED_EDGE('',*,*,#1068,.T.);
#1236 = ORIENTED_EDGE('',*,*,#1101,.T.);
#1237 = ORIENTED_EDGE('',*,*,#1131,.T.);
#1238 = ORIENTED_EDGE('',*,*,#1164,.T.);
#1239 = ORIENTED_EDGE('',*,*,#1194,.T.);
#1240 = B_SPLINE_SURFACE_WITH_KNOTS('',1,1,(
    (#1241,#1242)
    ,(#1243,#1244
    )),.UNSPECIFIED.,.F.,.F.,.F.,(2,2),(2,2),(-1.75,1.75),(-13.,13.),
  .PIECEWISE_BEZIER_KNOTS.);
#1241 = CARTESIAN_POINT('',(22.182498606577,43.789314435863,26.6));
#1242 = CARTESIAN_POINT('',(22.182498606577,56.210685564137,26.6));
#1243 = CARTESIAN_POINT('',(23.85460625846,43.789314435863,26.6));
#1244 = CARTESIAN_POINT('',(23.85460625846,56.210685564137,26.6));
#1245 = MANIFOLD_SOLID_BREP('',#1246);
#1246 = CLOSED_SHELL('',(#1247,#1286,#1319,#1352,#1382,#1412,#1445,#1478
    ,#1511,#1541,#1571,#1604,#1637,#1670,#1703,#1733,#1766,#1799,#1832,
    #1865,#1898,#1928,#1961,#1994,#2024,#2048,#2090,#2120,#2153,#2186,
    #2219,#2252,#2282,#2315,#2336,#2380));
#1247 = ADVANCED_FACE('',(#1248),#1280,.T.);
#1248 = FACE_BOUND('',#1249,.T.);
#1249 = EDGE_LOOP('',(#1250,#1260,#1267,#1275));
#1250 = ORIENTED_EDGE('',*,*,#1251,.T.);
#1251 = EDGE_CURVE('',#1252,#1254,#1256,.T.);
#1252 = VERTEX_POINT('',#1253);
#1253 = CARTESIAN_POINT('',(33.575125408074,45.668444939884,26.));
#1254 = VERTEX_POINT('',#1255);
#1255 = CARTESIAN_POINT('',(33.575125408074,45.668444939884,26.6));
#1256 = LINE('',#1257,#1258);
#1257 = CARTESIAN_POINT('',(33.575125408074,45.668444939884,26.));
#1258 = VECTOR('',#1259,1.);
#1259 = DIRECTION('',(0.,0.,1.));
#1260 = ORIENTED_EDGE('',*,*,#1261,.T.);
#1261 = EDGE_CURVE('',#1254,#1262,#1264,.T.);
#1262 = VERTEX_POINT('',#1263);
#1263 = CARTESIAN_POINT('',(32.288398757863,49.184648459272,26.6));
#1264 = B_SPLINE_CURVE_WITH_KNOTS('',1,(#1265,#1266),.UNSPECIFIED.,.F.,
  .F.,(2,2),(0.,29.389964273541),.PIECEWISE_BEZIER_KNOTS.);
#1265 = CARTESIAN_POINT('',(33.575125408074,45.668444939884,26.6));
#1266 = CARTESIAN_POINT('',(32.288398757863,49.184648459272,26.6));
#1267 = ORIENTED_EDGE('',*,*,#1268,.F.);
#1268 = EDGE_CURVE('',#1269,#1262,#1271,.T.);
#1269 = VERTEX_POINT('',#1270);
#1270 = CARTESIAN_POINT('',(32.288398757863,49.184648459272,26.));
#1271 = LINE('',#1272,#1273);
#1272 = CARTESIAN_POINT('',(32.288398757863,49.184648459272,26.));
#1273 = VECTOR('',#1274,1.);
#1274 = DIRECTION('',(0.,0.,1.));
#1275 = ORIENTED_EDGE('',*,*,#1276,.F.);
#1276 = EDGE_CURVE('',#1252,#1269,#1277,.T.);
#1277 = B_SPLINE_CURVE_WITH_KNOTS('',1,(#1278,#1279),.UNSPECIFIED.,.F.,
  .F.,(2,2),(0.,29.389964273541),.PIECEWISE_BEZIER_KNOTS.);
#1278 = CARTESIAN_POINT('',(33.575125408074,45.668444939884,26.));
#1279 = CARTESIAN_POINT('',(32.288398757863,49.184648459272,26.));
#1280 = SURFACE_OF_LINEAR_EXTRUSION('',#1281,#1284);
#1281 = B_SPLINE_CURVE_WITH_KNOTS('',1,(#1282,#1283),.UNSPECIFIED.,.F.,
  .F.,(2,2),(0.,29.389964273541),.PIECEWISE_BEZIER_KNOTS.);
#1282 = CARTESIAN_POINT('',(33.575125408074,45.668444939884,26.));
#1283 = CARTESIAN_POINT('',(32.288398757863,49.184648459272,26.));
#1284 = VECTOR('',#1285,1.);
#1285 = DIRECTION('',(-0.,-0.,-1.));
#1286 = ADVANCED_FACE('',(#1287),#1312,.T.);
#1287 = FACE_BOUND('',#1288,.T.);
#1288 = EDGE_LOOP('',(#1289,#1299,#1305,#1306));
#1289 = ORIENTED_EDGE('',*,*,#1290,.T.);
#1290 = EDGE_CURVE('',#1291,#1293,#1295,.T.);
#1291 = VERTEX_POINT('',#1292);
#1292 = CARTESIAN_POINT('',(33.753483557608,45.541046261645,26.));
#1293 = VERTEX_POINT('',#1294);
#1294 = CARTESIAN_POINT('',(33.753483557608,45.541046261645,26.6));
#1295 = LINE('',#1296,#1297);
#1296 = CARTESIAN_POINT('',(33.753483557608,45.541046261645,26.));
#1297 = VECTOR('',#1298,1.);
#1298 = DIRECTION('',(0.,0.,1.));
#1299 = ORIENTED_EDGE('',*,*,#1300,.T.);
#1300 = EDGE_CURVE('',#1293,#1254,#1301,.T.);
#1301 = B_SPLINE_CURVE_WITH_KNOTS('',2,(#1302,#1303,#1304),
  .UNSPECIFIED.,.F.,.F.,(3,3),(0.,1.),.PIECEWISE_BEZIER_KNOTS.);
#1302 = CARTESIAN_POINT('',(33.753483557608,45.541046261645,26.6));
#1303 = CARTESIAN_POINT('',(33.613345011546,45.541046261645,26.6));
#1304 = CARTESIAN_POINT('',(33.575125408074,45.668444939884,26.6));
#1305 = ORIENTED_EDGE('',*,*,#1251,.F.);
#1306 = ORIENTED_EDGE('',*,*,#1307,.F.);
#1307 = EDGE_CURVE('',#1291,#1252,#1308,.T.);
#1308 = B_SPLINE_CURVE_WITH_KNOTS('',2,(#1309,#1310,#1311),
  .UNSPECIFIED.,.F.,.F.,(3,3),(0.,1.),.PIECEWISE_BEZIER_KNOTS.);
#1309 = CARTESIAN_POINT('',(33.753483557608,45.541046261645,26.));
#1310 = CARTESIAN_POINT('',(33.613345011546,45.541046261645,26.));
#1311 = CARTESIAN_POINT('',(33.575125408074,45.668444939884,26.));
#1312 = SURFACE_OF_LINEAR_EXTRUSION('',#1313,#1317);
#1313 = B_SPLINE_CURVE_WITH_KNOTS('',2,(#1314,#1315,#1316),
  .UNSPECIFIED.,.F.,.F.,(3,3),(0.,1.),.PIECEWISE_BEZIER_KNOTS.);
#1314 = CARTESIAN_POINT('',(33.753483557608,45.541046261645,26.));
#1315 = CARTESIAN_POINT('',(33.613345011546,45.541046261645,26.));
#1316 = CARTESIAN_POINT('',(33.575125408074,45.668444939884,26.));
#1317 = VECTOR('',#1318,1.);
#1318 = DIRECTION('',(-0.,-0.,-1.));
#1319 = ADVANCED_FACE('',(#1320),#1345,.T.);
#1320 = FACE_BOUND('',#1321,.T.);
#1321 = EDGE_LOOP('',(#1322,#1323,#1331,#1339));
#1322 = ORIENTED_EDGE('',*,*,#1268,.T.);
#1323 = ORIENTED_EDGE('',*,*,#1324,.T.);
#1324 = EDGE_CURVE('',#1262,#1325,#1327,.T.);
#1325 = VERTEX_POINT('',#1326);
#1326 = CARTESIAN_POINT('',(32.224699418744,49.235607930568,26.6));
#1327 = B_SPLINE_CURVE_WITH_KNOTS('',2,(#1328,#1329,#1330),
  .UNSPECIFIED.,.F.,.F.,(3,3),(0.,1.),.PIECEWISE_BEZIER_KNOTS.);
#1328 = CARTESIAN_POINT('',(32.288398757863,49.184648459272,26.6));
#1329 = CARTESIAN_POINT('',(32.262919022215,49.235607930568,26.6));
#1330 = CARTESIAN_POINT('',(32.224699418744,49.235607930568,26.6));
#1331 = ORIENTED_EDGE('',*,*,#1332,.F.);
#1332 = EDGE_CURVE('',#1333,#1325,#1335,.T.);
#1333 = VERTEX_POINT('',#1334);
#1334 = CARTESIAN_POINT('',(32.224699418744,49.235607930568,26.));
#1335 = LINE('',#1336,#1337);
#1336 = CARTESIAN_POINT('',(32.224699418744,49.235607930568,26.));
#1337 = VECTOR('',#1338,1.);
#1338 = DIRECTION('',(0.,0.,1.));
#1339 = ORIENTED_EDGE('',*,*,#1340,.F.);
#1340 = EDGE_CURVE('',#1269,#1333,#1341,.T.);
#1341 = B_SPLINE_CURVE_WITH_KNOTS('',2,(#1342,#1343,#1344),
  .UNSPECIFIED.,.F.,.F.,(3,3),(0.,1.),.PIECEWISE_BEZIER_KNOTS.);
#1342 = CARTESIAN_POINT('',(32.288398757863,49.184648459272,26.));
#1343 = CARTESIAN_POINT('',(32.262919022215,49.235607930568,26.));
#1344 = CARTESIAN_POINT('',(32.224699418744,49.235607930568,26.));
#1345 = SURFACE_OF_LINEAR_EXTRUSION('',#1346,#1350);
#1346 = B_SPLINE_CURVE_WITH_KNOTS('',2,(#1347,#1348,#1349),
  .UNSPECIFIED.,.F.,.F.,(3,3),(0.,1.),.PIECEWISE_BEZIER_KNOTS.);
#1347 = CARTESIAN_POINT('',(32.288398757863,49.184648459272,26.));
#1348 = CARTESIAN_POINT('',(32.262919022215,49.235607930568,26.));
#1349 = CARTESIAN_POINT('',(32.224699418744,49.235607930568,26.));
#1350 = VECTOR('',#1351,1.);
#1351 = DIRECTION('',(-0.,-0.,-1.));
#1352 = ADVANCED_FACE('',(#1353),#1376,.T.);
#1353 = FACE_BOUND('',#1354,.T.);
#1354 = EDGE_LOOP('',(#1355,#1365,#1370,#1371));
#1355 = ORIENTED_EDGE('',*,*,#1356,.T.);
#1356 = EDGE_CURVE('',#1357,#1359,#1361,.T.);
#1357 = VERTEX_POINT('',#1358);
#1358 = CARTESIAN_POINT('',(35.30774743212,45.541046261645,26.));
#1359 = VERTEX_POINT('',#1360);
#1360 = CARTESIAN_POINT('',(35.30774743212,45.541046261645,26.6));
#1361 = LINE('',#1362,#1363);
#1362 = CARTESIAN_POINT('',(35.30774743212,45.541046261645,26.));
#1363 = VECTOR('',#1364,1.);
#1364 = DIRECTION('',(0.,0.,1.));
#1365 = ORIENTED_EDGE('',*,*,#1366,.T.);
#1366 = EDGE_CURVE('',#1359,#1293,#1367,.T.);
#1367 = B_SPLINE_CURVE_WITH_KNOTS('',1,(#1368,#1369),.UNSPECIFIED.,.F.,
  .F.,(2,2),(0.,12.2),.PIECEWISE_BEZIER_KNOTS.);
#1368 = CARTESIAN_POINT('',(35.30774743212,45.541046261645,26.6));
#1369 = CARTESIAN_POINT('',(33.753483557608,45.541046261645,26.6));
#1370 = ORIENTED_EDGE('',*,*,#1290,.F.);
#1371 = ORIENTED_EDGE('',*,*,#1372,.F.);
#1372 = EDGE_CURVE('',#1357,#1291,#1373,.T.);
#1373 = B_SPLINE_CURVE_WITH_KNOTS('',1,(#1374,#1375),.UNSPECIFIED.,.F.,
  .F.,(2,2),(0.,12.2),.PIECEWISE_BEZIER_KNOTS.);
#1374 = CARTESIAN_POINT('',(35.30774743212,45.541046261645,26.));
#1375 = CARTESIAN_POINT('',(33.753483557608,45.541046261645,26.));
#1376 = SURFACE_OF_LINEAR_EXTRUSION('',#1377,#1380);
#1377 = B_SPLINE_CURVE_WITH_KNOTS('',1,(#1378,#1379),.UNSPECIFIED.,.F.,
  .F.,(2,2),(0.,12.2),.PIECEWISE_BEZIER_KNOTS.);
#1378 = CARTESIAN_POINT('',(35.30774743212,45.541046261645,26.));
#1379 = CARTESIAN_POINT('',(33.753483557608,45.541046261645,26.));
#1380 = VECTOR('',#1381,1.);
#1381 = DIRECTION('',(-0.,-0.,-1.));
#1382 = ADVANCED_FACE('',(#1383),#1406,.T.);
#1383 = FACE_BOUND('',#1384,.T.);
#1384 = EDGE_LOOP('',(#1385,#1386,#1393,#1401));
#1385 = ORIENTED_EDGE('',*,*,#1332,.T.);
#1386 = ORIENTED_EDGE('',*,*,#1387,.T.);
#1387 = EDGE_CURVE('',#1325,#1388,#1390,.T.);
#1388 = VERTEX_POINT('',#1389);
#1389 = CARTESIAN_POINT('',(31.42208774584,49.235607930568,26.6));
#1390 = B_SPLINE_CURVE_WITH_KNOTS('',1,(#1391,#1392),.UNSPECIFIED.,.F.,
  .F.,(2,2),(0.,6.3),.PIECEWISE_BEZIER_KNOTS.);
#1391 = CARTESIAN_POINT('',(32.224699418744,49.235607930568,26.6));
#1392 = CARTESIAN_POINT('',(31.42208774584,49.235607930568,26.6));
#1393 = ORIENTED_EDGE('',*,*,#1394,.F.);
#1394 = EDGE_CURVE('',#1395,#1388,#1397,.T.);
#1395 = VERTEX_POINT('',#1396);
#1396 = CARTESIAN_POINT('',(31.42208774584,49.235607930568,26.));
#1397 = LINE('',#1398,#1399);
#1398 = CARTESIAN_POINT('',(31.42208774584,49.235607930568,26.));
#1399 = VECTOR('',#1400,1.);
#1400 = DIRECTION('',(0.,0.,1.));
#1401 = ORIENTED_EDGE('',*,*,#1402,.F.);
#1402 = EDGE_CURVE('',#1333,#1395,#1403,.T.);
#1403 = B_SPLINE_CURVE_WITH_KNOTS('',1,(#1404,#1405),.UNSPECIFIED.,.F.,
  .F.,(2,2),(0.,6.3),.PIECEWISE_BEZIER_KNOTS.);
#1404 = CARTESIAN_POINT('',(32.224699418744,49.235607930568,26.));
#1405 = CARTESIAN_POINT('',(31.42208774584,49.235607930568,26.));
#1406 = SURFACE_OF_LINEAR_EXTRUSION('',#1407,#1410);
#1407 = B_SPLINE_CURVE_WITH_KNOTS('',1,(#1408,#1409),.UNSPECIFIED.,.F.,
  .F.,(2,2),(0.,6.3),.PIECEWISE_BEZIER_KNOTS.);
#1408 = CARTESIAN_POINT('',(32.224699418744,49.235607930568,26.));
#1409 = CARTESIAN_POINT('',(31.42208774584,49.235607930568,26.));
#1410 = VECTOR('',#1411,1.);
#1411 = DIRECTION('',(-0.,-0.,-1.));
#1412 = ADVANCED_FACE('',(#1413),#1438,.T.);
#1413 = FACE_BOUND('',#1414,.T.);
#1414 = EDGE_LOOP('',(#1415,#1425,#1431,#1432));
#1415 = ORIENTED_EDGE('',*,*,#1416,.T.);
#1416 = EDGE_CURVE('',#1417,#1419,#1421,.T.);
#1417 = VERTEX_POINT('',#1418);
#1418 = CARTESIAN_POINT('',(35.447885978183,45.65570507206,26.));
#1419 = VERTEX_POINT('',#1420);
#1420 = CARTESIAN_POINT('',(35.447885978183,45.65570507206,26.6));
#1421 = LINE('',#1422,#1423);
#1422 = CARTESIAN_POINT('',(35.447885978183,45.65570507206,26.));
#1423 = VECTOR('',#1424,1.);
#1424 = DIRECTION('',(0.,0.,1.));
#1425 = ORIENTED_EDGE('',*,*,#1426,.T.);
#1426 = EDGE_CURVE('',#1419,#1359,#1427,.T.);
#1427 = B_SPLINE_CURVE_WITH_KNOTS('',2,(#1428,#1429,#1430),
  .UNSPECIFIED.,.F.,.F.,(3,3),(0.,1.),.PIECEWISE_BEZIER_KNOTS.);
#1428 = CARTESIAN_POINT('',(35.447885978183,45.65570507206,26.6));
#1429 = CARTESIAN_POINT('',(35.447885978183,45.541046261645,26.6));
#1430 = CARTESIAN_POINT('',(35.30774743212,45.541046261645,26.6));
#1431 = ORIENTED_EDGE('',*,*,#1356,.F.);
#1432 = ORIENTED_EDGE('',*,*,#1433,.F.);
#1433 = EDGE_CURVE('',#1417,#1357,#1434,.T.);
#1434 = B_SPLINE_CURVE_WITH_KNOTS('',2,(#1435,#1436,#1437),
  .UNSPECIFIED.,.F.,.F.,(3,3),(0.,1.),.PIECEWISE_BEZIER_KNOTS.);
#1435 = CARTESIAN_POINT('',(35.447885978183,45.65570507206,26.));
#1436 = CARTESIAN_POINT('',(35.447885978183,45.541046261645,26.));
#1437 = CARTESIAN_POINT('',(35.30774743212,45.541046261645,26.));
#1438 = SURFACE_OF_LINEAR_EXTRUSION('',#1439,#1443);
#1439 = B_SPLINE_CURVE_WITH_KNOTS('',2,(#1440,#1441,#1442),
  .UNSPECIFIED.,.F.,.F.,(3,3),(0.,1.),.PIECEWISE_BEZIER_KNOTS.);
#1440 = CARTESIAN_POINT('',(35.447885978183,45.65570507206,26.));
#1441 = CARTESIAN_POINT('',(35.447885978183,45.541046261645,26.));
#1442 = CARTESIAN_POINT('',(35.30774743212,45.541046261645,26.));
#1443 = VECTOR('',#1444,1.);
#1444 = DIRECTION('',(-0.,-0.,-1.));
#1445 = ADVANCED_FACE('',(#1446),#1471,.T.);
#1446 = FACE_BOUND('',#1447,.T.);
#1447 = EDGE_LOOP('',(#1448,#1449,#1457,#1465));
#1448 = ORIENTED_EDGE('',*,*,#1394,.T.);
#1449 = ORIENTED_EDGE('',*,*,#1450,.T.);
#1450 = EDGE_CURVE('',#1388,#1451,#1453,.T.);
#1451 = VERTEX_POINT('',#1452);
#1452 = CARTESIAN_POINT('',(31.35838840672,49.171908591448,26.6));
#1453 = B_SPLINE_CURVE_WITH_KNOTS('',2,(#1454,#1455,#1456),
  .UNSPECIFIED.,.F.,.F.,(3,3),(0.,1.),.PIECEWISE_BEZIER_KNOTS.);
#1454 = CARTESIAN_POINT('',(31.42208774584,49.235607930568,26.6));
#1455 = CARTESIAN_POINT('',(31.35838840672,49.235607930568,26.6));
#1456 = CARTESIAN_POINT('',(31.35838840672,49.171908591448,26.6));
#1457 = ORIENTED_EDGE('',*,*,#1458,.F.);
#1458 = EDGE_CURVE('',#1459,#1451,#1461,.T.);
#1459 = VERTEX_POINT('',#1460);
#1460 = CARTESIAN_POINT('',(31.35838840672,49.171908591448,26.));
#1461 = LINE('',#1462,#1463);
#1462 = CARTESIAN_POINT('',(31.35838840672,49.171908591448,26.));
#1463 = VECTOR('',#1464,1.);
#1464 = DIRECTION('',(0.,0.,1.));
#1465 = ORIENTED_EDGE('',*,*,#1466,.F.);
#1466 = EDGE_CURVE('',#1395,#1459,#1467,.T.);
#1467 = B_SPLINE_CURVE_WITH_KNOTS('',2,(#1468,#1469,#1470),
  .UNSPECIFIED.,.F.,.F.,(3,3),(0.,1.),.PIECEWISE_BEZIER_KNOTS.);
#1468 = CARTESIAN_POINT('',(31.42208774584,49.235607930568,26.));
#1469 = CARTESIAN_POINT('',(31.35838840672,49.235607930568,26.));
#1470 = CARTESIAN_POINT('',(31.35838840672,49.171908591448,26.));
#1471 = SURFACE_OF_LINEAR_EXTRUSION('',#1472,#1476);
#1472 = B_SPLINE_CURVE_WITH_KNOTS('',2,(#1473,#1474,#1475),
  .UNSPECIFIED.,.F.,.F.,(3,3),(0.,1.),.PIECEWISE_BEZIER_KNOTS.);
#1473 = CARTESIAN_POINT('',(31.42208774584,49.235607930568,26.));
#1474 = CARTESIAN_POINT('',(31.35838840672,49.235607930568,26.));
#1475 = CARTESIAN_POINT('',(31.35838840672,49.171908591448,26.));
#1476 = VECTOR('',#1477,1.);
#1477 = DIRECTION('',(-0.,-0.,-1.));
#1478 = ADVANCED_FACE('',(#1479),#1504,.T.);
#1479 = FACE_BOUND('',#1480,.T.);
#1480 = EDGE_LOOP('',(#1481,#1491,#1497,#1498));
#1481 = ORIENTED_EDGE('',*,*,#1482,.T.);
#1482 = EDGE_CURVE('',#1483,#1485,#1487,.T.);
#1483 = VERTEX_POINT('',#1484);
#1484 = CARTESIAN_POINT('',(35.435146110359,45.719404411179,26.));
#1485 = VERTEX_POINT('',#1486);
#1486 = CARTESIAN_POINT('',(35.435146110359,45.719404411179,26.6));
#1487 = LINE('',#1488,#1489);
#1488 = CARTESIAN_POINT('',(35.435146110359,45.719404411179,26.));
#1489 = VECTOR('',#1490,1.);
#1490 = DIRECTION('',(0.,0.,1.));
#1491 = ORIENTED_EDGE('',*,*,#1492,.T.);
#1492 = EDGE_CURVE('',#1485,#1419,#1493,.T.);
#1493 = B_SPLINE_CURVE_WITH_KNOTS('',2,(#1494,#1495,#1496),
  .UNSPECIFIED.,.F.,.F.,(3,3),(0.,1.),.PIECEWISE_BEZIER_KNOTS.);
#1494 = CARTESIAN_POINT('',(35.435146110359,45.719404411179,26.6));
#1495 = CARTESIAN_POINT('',(35.447885978183,45.693924675531,26.6));
#1496 = CARTESIAN_POINT('',(35.447885978183,45.65570507206,26.6));
#1497 = ORIENTED_EDGE('',*,*,#1416,.F.);
#1498 = ORIENTED_EDGE('',*,*,#1499,.F.);
#1499 = EDGE_CURVE('',#1483,#1417,#1500,.T.);
#1500 = B_SPLINE_CURVE_WITH_KNOTS('',2,(#1501,#1502,#1503),
  .UNSPECIFIED.,.F.,.F.,(3,3),(0.,1.),.PIECEWISE_BEZIER_KNOTS.);
#1501 = CARTESIAN_POINT('',(35.435146110359,45.719404411179,26.));
#1502 = CARTESIAN_POINT('',(35.447885978183,45.693924675531,26.));
#1503 = CARTESIAN_POINT('',(35.447885978183,45.65570507206,26.));
#1504 = SURFACE_OF_LINEAR_EXTRUSION('',#1505,#1509);
#1505 = B_SPLINE_CURVE_WITH_KNOTS('',2,(#1506,#1507,#1508),
  .UNSPECIFIED.,.F.,.F.,(3,3),(0.,1.),.PIECEWISE_BEZIER_KNOTS.);
#1506 = CARTESIAN_POINT('',(35.435146110359,45.719404411179,26.));
#1507 = CARTESIAN_POINT('',(35.447885978183,45.693924675531,26.));
#1508 = CARTESIAN_POINT('',(35.447885978183,45.65570507206,26.));
#1509 = VECTOR('',#1510,1.);
#1510 = DIRECTION('',(-0.,-0.,-1.));
#1511 = ADVANCED_FACE('',(#1512),#1535,.T.);
#1512 = FACE_BOUND('',#1513,.T.);
#1513 = EDGE_LOOP('',(#1514,#1515,#1522,#1530));
#1514 = ORIENTED_EDGE('',*,*,#1458,.T.);
#1515 = ORIENTED_EDGE('',*,*,#1516,.T.);
#1516 = EDGE_CURVE('',#1451,#1517,#1519,.T.);
#1517 = VERTEX_POINT('',#1518);
#1518 = CARTESIAN_POINT('',(31.35838840672,45.693924675531,26.6));
#1519 = B_SPLINE_CURVE_WITH_KNOTS('',1,(#1520,#1521),.UNSPECIFIED.,.F.,
  .F.,(2,2),(0.,27.3),.PIECEWISE_BEZIER_KNOTS.);
#1520 = CARTESIAN_POINT('',(31.35838840672,49.171908591448,26.6));
#1521 = CARTESIAN_POINT('',(31.35838840672,45.693924675531,26.6));
#1522 = ORIENTED_EDGE('',*,*,#1523,.F.);
#1523 = EDGE_CURVE('',#1524,#1517,#1526,.T.);
#1524 = VERTEX_POINT('',#1525);
#1525 = CARTESIAN_POINT('',(31.35838840672,45.693924675531,26.));
#1526 = LINE('',#1527,#1528);
#1527 = CARTESIAN_POINT('',(31.35838840672,45.693924675531,26.));
#1528 = VECTOR('',#1529,1.);
#1529 = DIRECTION('',(0.,0.,1.));
#1530 = ORIENTED_EDGE('',*,*,#1531,.F.);
#1531 = EDGE_CURVE('',#1459,#1524,#1532,.T.);
#1532 = B_SPLINE_CURVE_WITH_KNOTS('',1,(#1533,#1534),.UNSPECIFIED.,.F.,
  .F.,(2,2),(0.,27.3),.PIECEWISE_BEZIER_KNOTS.);
#1533 = CARTESIAN_POINT('',(31.35838840672,49.171908591448,26.));
#1534 = CARTESIAN_POINT('',(31.35838840672,45.693924675531,26.));
#1535 = SURFACE_OF_LINEAR_EXTRUSION('',#1536,#1539);
#1536 = B_SPLINE_CURVE_WITH_KNOTS('',1,(#1537,#1538),.UNSPECIFIED.,.F.,
  .F.,(2,2),(0.,27.3),.PIECEWISE_BEZIER_KNOTS.);
#1537 = CARTESIAN_POINT('',(31.35838840672,49.171908591448,26.));
#1538 = CARTESIAN_POINT('',(31.35838840672,45.693924675531,26.));
#1539 = VECTOR('',#1540,1.);
#1540 = DIRECTION('',(-0.,-0.,-1.));
#1541 = ADVANCED_FACE('',(#1542),#1565,.T.);
#1542 = FACE_BOUND('',#1543,.T.);
#1543 = EDGE_LOOP('',(#1544,#1554,#1559,#1560));
#1544 = ORIENTED_EDGE('',*,*,#1545,.T.);
#1545 = EDGE_CURVE('',#1546,#1548,#1550,.T.);
#1546 = VERTEX_POINT('',#1547);
#1547 = CARTESIAN_POINT('',(33.982801178438,49.37574647663,26.));
#1548 = VERTEX_POINT('',#1549);
#1549 = CARTESIAN_POINT('',(33.982801178438,49.37574647663,26.6));
#1550 = LINE('',#1551,#1552);
#1551 = CARTESIAN_POINT('',(33.982801178438,49.37574647663,26.));
#1552 = VECTOR('',#1553,1.);
#1553 = DIRECTION('',(0.,0.,1.));
#1554 = ORIENTED_EDGE('',*,*,#1555,.T.);
#1555 = EDGE_CURVE('',#1548,#1485,#1556,.T.);
#1556 = B_SPLINE_CURVE_WITH_KNOTS('',1,(#1557,#1558),.UNSPECIFIED.,.F.,
  .F.,(2,2),(0.,30.881224069003),.PIECEWISE_BEZIER_KNOTS.);
#1557 = CARTESIAN_POINT('',(33.982801178438,49.37574647663,26.6));
#1558 = CARTESIAN_POINT('',(35.435146110359,45.719404411179,26.6));
#1559 = ORIENTED_EDGE('',*,*,#1482,.F.);
#1560 = ORIENTED_EDGE('',*,*,#1561,.F.);
#1561 = EDGE_CURVE('',#1546,#1483,#1562,.T.);
#1562 = B_SPLINE_CURVE_WITH_KNOTS('',1,(#1563,#1564),.UNSPECIFIED.,.F.,
  .F.,(2,2),(0.,30.881224069003),.PIECEWISE_BEZIER_KNOTS.);
#1563 = CARTESIAN_POINT('',(33.982801178438,49.37574647663,26.));
#1564 = CARTESIAN_POINT('',(35.435146110359,45.719404411179,26.));
#1565 = SURFACE_OF_LINEAR_EXTRUSION('',#1566,#1569);
#1566 = B_SPLINE_CURVE_WITH_KNOTS('',1,(#1567,#1568),.UNSPECIFIED.,.F.,
  .F.,(2,2),(0.,30.881224069003),.PIECEWISE_BEZIER_KNOTS.);
#1567 = CARTESIAN_POINT('',(33.982801178438,49.37574647663,26.));
#1568 = CARTESIAN_POINT('',(35.435146110359,45.719404411179,26.));
#1569 = VECTOR('',#1570,1.);
#1570 = DIRECTION('',(-0.,-0.,-1.));
#1571 = ADVANCED_FACE('',(#1572),#1597,.T.);
#1572 = FACE_BOUND('',#1573,.T.);
#1573 = EDGE_LOOP('',(#1574,#1575,#1583,#1591));
#1574 = ORIENTED_EDGE('',*,*,#1523,.T.);
#1575 = ORIENTED_EDGE('',*,*,#1576,.T.);
#1576 = EDGE_CURVE('',#1517,#1577,#1579,.T.);
#1577 = VERTEX_POINT('',#1578);
#1578 = CARTESIAN_POINT('',(31.313798869337,45.585635799029,26.6));
#1579 = B_SPLINE_CURVE_WITH_KNOTS('',2,(#1580,#1581,#1582),
  .UNSPECIFIED.,.F.,.F.,(3,3),(0.,1.),.PIECEWISE_BEZIER_KNOTS.);
#1580 = CARTESIAN_POINT('',(31.35838840672,45.693924675531,26.6));
#1581 = CARTESIAN_POINT('',(31.35838840672,45.630225336412,26.6));
#1582 = CARTESIAN_POINT('',(31.313798869337,45.585635799029,26.6));
#1583 = ORIENTED_EDGE('',*,*,#1584,.F.);
#1584 = EDGE_CURVE('',#1585,#1577,#1587,.T.);
#1585 = VERTEX_POINT('',#1586);
#1586 = CARTESIAN_POINT('',(31.313798869337,45.585635799029,26.));
#1587 = LINE('',#1588,#1589);
#1588 = CARTESIAN_POINT('',(31.313798869337,45.585635799029,26.));
#1589 = VECTOR('',#1590,1.);
#1590 = DIRECTION('',(0.,0.,1.));
#1591 = ORIENTED_EDGE('',*,*,#1592,.F.);
#1592 = EDGE_CURVE('',#1524,#1585,#1593,.T.);
#1593 = B_SPLINE_CURVE_WITH_KNOTS('',2,(#1594,#1595,#1596),
  .UNSPECIFIED.,.F.,.F.,(3,3),(0.,1.),.PIECEWISE_BEZIER_KNOTS.);
#1594 = CARTESIAN_POINT('',(31.35838840672,45.693924675531,26.));
#1595 = CARTESIAN_POINT('',(31.35838840672,45.630225336412,26.));
#1596 = CARTESIAN_POINT('',(31.313798869337,45.585635799029,26.));
#1597 = SURFACE_OF_LINEAR_EXTRUSION('',#1598,#1602);
#1598 = B_SPLINE_CURVE_WITH_KNOTS('',2,(#1599,#1600,#1601),
  .UNSPECIFIED.,.F.,.F.,(3,3),(0.,1.),.PIECEWISE_BEZIER_KNOTS.);
#1599 = CARTESIAN_POINT('',(31.35838840672,45.693924675531,26.));
#1600 = CARTESIAN_POINT('',(31.35838840672,45.630225336412,26.));
#1601 = CARTESIAN_POINT('',(31.313798869337,45.585635799029,26.));
#1602 = VECTOR('',#1603,1.);
#1603 = DIRECTION('',(-0.,-0.,-1.));
#1604 = ADVANCED_FACE('',(#1605),#1630,.T.);
#1605 = FACE_BOUND('',#1606,.T.);
#1606 = EDGE_LOOP('',(#1607,#1617,#1623,#1624));
#1607 = ORIENTED_EDGE('',*,*,#1608,.T.);
#1608 = EDGE_CURVE('',#1609,#1611,#1613,.T.);
#1609 = VERTEX_POINT('',#1610);
#1610 = CARTESIAN_POINT('',(34.021020781909,49.464925551397,26.));
#1611 = VERTEX_POINT('',#1612);
#1612 = CARTESIAN_POINT('',(34.021020781909,49.464925551397,26.6));
#1613 = LINE('',#1614,#1615);
#1614 = CARTESIAN_POINT('',(34.021020781909,49.464925551397,26.));
#1615 = VECTOR('',#1616,1.);
#1616 = DIRECTION('',(0.,0.,1.));
#1617 = ORIENTED_EDGE('',*,*,#1618,.T.);
#1618 = EDGE_CURVE('',#1611,#1548,#1619,.T.);
#1619 = B_SPLINE_CURVE_WITH_KNOTS('',2,(#1620,#1621,#1622),
  .UNSPECIFIED.,.F.,.F.,(3,3),(0.,1.),.PIECEWISE_BEZIER_KNOTS.);
#1620 = CARTESIAN_POINT('',(34.021020781909,49.464925551397,26.6));
#1621 = CARTESIAN_POINT('',(33.95732144279,49.43944581575,26.6));
#1622 = CARTESIAN_POINT('',(33.982801178438,49.37574647663,26.6));
#1623 = ORIENTED_EDGE('',*,*,#1545,.F.);
#1624 = ORIENTED_EDGE('',*,*,#1625,.F.);
#1625 = EDGE_CURVE('',#1609,#1546,#1626,.T.);
#1626 = B_SPLINE_CURVE_WITH_KNOTS('',2,(#1627,#1628,#1629),
  .UNSPECIFIED.,.F.,.F.,(3,3),(0.,1.),.PIECEWISE_BEZIER_KNOTS.);
#1627 = CARTESIAN_POINT('',(34.021020781909,49.464925551397,26.));
#1628 = CARTESIAN_POINT('',(33.95732144279,49.43944581575,26.));
#1629 = CARTESIAN_POINT('',(33.982801178438,49.37574647663,26.));
#1630 = SURFACE_OF_LINEAR_EXTRUSION('',#1631,#1635);
#1631 = B_SPLINE_CURVE_WITH_KNOTS('',2,(#1632,#1633,#1634),
  .UNSPECIFIED.,.F.,.F.,(3,3),(0.,1.),.PIECEWISE_BEZIER_KNOTS.);
#1632 = CARTESIAN_POINT('',(34.021020781909,49.464925551397,26.));
#1633 = CARTESIAN_POINT('',(33.95732144279,49.43944581575,26.));
#1634 = CARTESIAN_POINT('',(33.982801178438,49.37574647663,26.));
#1635 = VECTOR('',#1636,1.);
#1636 = DIRECTION('',(-0.,-0.,-1.));
#1637 = ADVANCED_FACE('',(#1638),#1663,.T.);
#1638 = FACE_BOUND('',#1639,.T.);
#1639 = EDGE_LOOP('',(#1640,#1641,#1649,#1657));
#1640 = ORIENTED_EDGE('',*,*,#1584,.T.);
#1641 = ORIENTED_EDGE('',*,*,#1642,.T.);
#1642 = EDGE_CURVE('',#1577,#1643,#1645,.T.);
#1643 = VERTEX_POINT('',#1644);
#1644 = CARTESIAN_POINT('',(31.205509992834,45.541046261645,26.6));
#1645 = B_SPLINE_CURVE_WITH_KNOTS('',2,(#1646,#1647,#1648),
  .UNSPECIFIED.,.F.,.F.,(3,3),(0.,1.),.PIECEWISE_BEZIER_KNOTS.);
#1646 = CARTESIAN_POINT('',(31.313798869337,45.585635799029,26.6));
#1647 = CARTESIAN_POINT('',(31.269209331953,45.541046261645,26.6));
#1648 = CARTESIAN_POINT('',(31.205509992834,45.541046261645,26.6));
#1649 = ORIENTED_EDGE('',*,*,#1650,.F.);
#1650 = EDGE_CURVE('',#1651,#1643,#1653,.T.);
#1651 = VERTEX_POINT('',#1652);
#1652 = CARTESIAN_POINT('',(31.205509992834,45.541046261645,26.));
#1653 = LINE('',#1654,#1655);
#1654 = CARTESIAN_POINT('',(31.205509992834,45.541046261645,26.));
#1655 = VECTOR('',#1656,1.);
#1656 = DIRECTION('',(0.,0.,1.));
#1657 = ORIENTED_EDGE('',*,*,#1658,.F.);
#1658 = EDGE_CURVE('',#1585,#1651,#1659,.T.);
#1659 = B_SPLINE_CURVE_WITH_KNOTS('',2,(#1660,#1661,#1662),
  .UNSPECIFIED.,.F.,.F.,(3,3),(0.,1.),.PIECEWISE_BEZIER_KNOTS.);
#1660 = CARTESIAN_POINT('',(31.313798869337,45.585635799029,26.));
#1661 = CARTESIAN_POINT('',(31.269209331953,45.541046261645,26.));
#1662 = CARTESIAN_POINT('',(31.205509992834,45.541046261645,26.));
#1663 = SURFACE_OF_LINEAR_EXTRUSION('',#1664,#1668);
#1664 = B_SPLINE_CURVE_WITH_KNOTS('',2,(#1665,#1666,#1667),
  .UNSPECIFIED.,.F.,.F.,(3,3),(0.,1.),.PIECEWISE_BEZIER_KNOTS.);
#1665 = CARTESIAN_POINT('',(31.313798869337,45.585635799029,26.));
#1666 = CARTESIAN_POINT('',(31.269209331953,45.541046261645,26.));
#1667 = CARTESIAN_POINT('',(31.205509992834,45.541046261645,26.));
#1668 = VECTOR('',#1669,1.);
#1669 = DIRECTION('',(-0.,-0.,-1.));
#1670 = ADVANCED_FACE('',(#1671),#1696,.T.);
#1671 = FACE_BOUND('',#1672,.T.);
#1672 = EDGE_LOOP('',(#1673,#1683,#1689,#1690));
#1673 = ORIENTED_EDGE('',*,*,#1674,.T.);
#1674 = EDGE_CURVE('',#1675,#1677,#1679,.T.);
#1675 = VERTEX_POINT('',#1676);
#1676 = CARTESIAN_POINT('',(35.027470339995,50.356716299068,26.));
#1677 = VERTEX_POINT('',#1678);
#1678 = CARTESIAN_POINT('',(35.027470339995,50.356716299068,26.6));
#1679 = LINE('',#1680,#1681);
#1680 = CARTESIAN_POINT('',(35.027470339995,50.356716299068,26.));
#1681 = VECTOR('',#1682,1.);
#1682 = DIRECTION('',(0.,0.,1.));
#1683 = ORIENTED_EDGE('',*,*,#1684,.T.);
#1684 = EDGE_CURVE('',#1677,#1611,#1685,.T.);
#1685 = B_SPLINE_CURVE_WITH_KNOTS('',2,(#1686,#1687,#1688),
  .UNSPECIFIED.,.F.,.F.,(3,3),(0.,1.),.PIECEWISE_BEZIER_KNOTS.);
#1686 = CARTESIAN_POINT('',(35.027470339995,50.356716299068,26.6));
#1687 = CARTESIAN_POINT('',(34.670754040927,49.757942511346,26.6));
#1688 = CARTESIAN_POINT('',(34.021020781909,49.464925551397,26.6));
#1689 = ORIENTED_EDGE('',*,*,#1608,.F.);
#1690 = ORIENTED_EDGE('',*,*,#1691,.F.);
#1691 = EDGE_CURVE('',#1675,#1609,#1692,.T.);
#1692 = B_SPLINE_CURVE_WITH_KNOTS('',2,(#1693,#1694,#1695),
  .UNSPECIFIED.,.F.,.F.,(3,3),(0.,1.),.PIECEWISE_BEZIER_KNOTS.);
#1693 = CARTESIAN_POINT('',(35.027470339995,50.356716299068,26.));
#1694 = CARTESIAN_POINT('',(34.670754040927,49.757942511346,26.));
#1695 = CARTESIAN_POINT('',(34.021020781909,49.464925551397,26.));
#1696 = SURFACE_OF_LINEAR_EXTRUSION('',#1697,#1701);
#1697 = B_SPLINE_CURVE_WITH_KNOTS('',2,(#1698,#1699,#1700),
  .UNSPECIFIED.,.F.,.F.,(3,3),(0.,1.),.PIECEWISE_BEZIER_KNOTS.);
#1698 = CARTESIAN_POINT('',(35.027470339995,50.356716299068,26.));
#1699 = CARTESIAN_POINT('',(34.670754040927,49.757942511346,26.));
#1700 = CARTESIAN_POINT('',(34.021020781909,49.464925551397,26.));
#1701 = VECTOR('',#1702,1.);
#1702 = DIRECTION('',(-0.,-0.,-1.));
#1703 = ADVANCED_FACE('',(#1704),#1727,.T.);
#1704 = FACE_BOUND('',#1705,.T.);
#1705 = EDGE_LOOP('',(#1706,#1707,#1714,#1722));
#1706 = ORIENTED_EDGE('',*,*,#1650,.T.);
#1707 = ORIENTED_EDGE('',*,*,#1708,.T.);
#1708 = EDGE_CURVE('',#1643,#1709,#1711,.T.);
#1709 = VERTEX_POINT('',#1710);
#1710 = CARTESIAN_POINT('',(29.714945457441,45.541046261645,26.6));
#1711 = B_SPLINE_CURVE_WITH_KNOTS('',1,(#1712,#1713),.UNSPECIFIED.,.F.,
  .F.,(2,2),(0.,11.7),.PIECEWISE_BEZIER_KNOTS.);
#1712 = CARTESIAN_POINT('',(31.205509992834,45.541046261645,26.6));
#1713 = CARTESIAN_POINT('',(29.714945457441,45.541046261645,26.6));
#1714 = ORIENTED_EDGE('',*,*,#1715,.F.);
#1715 = EDGE_CURVE('',#1716,#1709,#1718,.T.);
#1716 = VERTEX_POINT('',#1717);
#1717 = CARTESIAN_POINT('',(29.714945457441,45.541046261645,26.));
#1718 = LINE('',#1719,#1720);
#1719 = CARTESIAN_POINT('',(29.714945457441,45.541046261645,26.));
#1720 = VECTOR('',#1721,1.);
#1721 = DIRECTION('',(0.,0.,1.));
#1722 = ORIENTED_EDGE('',*,*,#1723,.F.);
#1723 = EDGE_CURVE('',#1651,#1716,#1724,.T.);
#1724 = B_SPLINE_CURVE_WITH_KNOTS('',1,(#1725,#1726),.UNSPECIFIED.,.F.,
  .F.,(2,2),(0.,11.7),.PIECEWISE_BEZIER_KNOTS.);
#1725 = CARTESIAN_POINT('',(31.205509992834,45.541046261645,26.));
#1726 = CARTESIAN_POINT('',(29.714945457441,45.541046261645,26.));
#1727 = SURFACE_OF_LINEAR_EXTRUSION('',#1728,#1731);
#1728 = B_SPLINE_CURVE_WITH_KNOTS('',1,(#1729,#1730),.UNSPECIFIED.,.F.,
  .F.,(2,2),(0.,11.7),.PIECEWISE_BEZIER_KNOTS.);
#1729 = CARTESIAN_POINT('',(31.205509992834,45.541046261645,26.));
#1730 = CARTESIAN_POINT('',(29.714945457441,45.541046261645,26.));
#1731 = VECTOR('',#1732,1.);
#1732 = DIRECTION('',(-0.,-0.,-1.));
#1733 = ADVANCED_FACE('',(#1734),#1759,.T.);
#1734 = FACE_BOUND('',#1735,.T.);
#1735 = EDGE_LOOP('',(#1736,#1746,#1752,#1753));
#1736 = ORIENTED_EDGE('',*,*,#1737,.T.);
#1737 = EDGE_CURVE('',#1738,#1740,#1742,.T.);
#1738 = VERTEX_POINT('',#1739);
#1739 = CARTESIAN_POINT('',(35.384186639064,51.770841627518,26.));
#1740 = VERTEX_POINT('',#1741);
#1741 = CARTESIAN_POINT('',(35.384186639064,51.770841627518,26.6));
#1742 = LINE('',#1743,#1744);
#1743 = CARTESIAN_POINT('',(35.384186639064,51.770841627518,26.));
#1744 = VECTOR('',#1745,1.);
#1745 = DIRECTION('',(0.,0.,1.));
#1746 = ORIENTED_EDGE('',*,*,#1747,.T.);
#1747 = EDGE_CURVE('',#1740,#1677,#1748,.T.);
#1748 = B_SPLINE_CURVE_WITH_KNOTS('',2,(#1749,#1750,#1751),
  .UNSPECIFIED.,.F.,.F.,(3,3),(0.,1.),.PIECEWISE_BEZIER_KNOTS.);
#1749 = CARTESIAN_POINT('',(35.384186639064,51.770841627518,26.6));
#1750 = CARTESIAN_POINT('',(35.384186639064,50.95549008679,26.6));
#1751 = CARTESIAN_POINT('',(35.027470339995,50.356716299068,26.6));
#1752 = ORIENTED_EDGE('',*,*,#1674,.F.);
#1753 = ORIENTED_EDGE('',*,*,#1754,.F.);
#1754 = EDGE_CURVE('',#1738,#1675,#1755,.T.);
#1755 = B_SPLINE_CURVE_WITH_KNOTS('',2,(#1756,#1757,#1758),
  .UNSPECIFIED.,.F.,.F.,(3,3),(0.,1.),.PIECEWISE_BEZIER_KNOTS.);
#1756 = CARTESIAN_POINT('',(35.384186639064,51.770841627518,26.));
#1757 = CARTESIAN_POINT('',(35.384186639064,50.95549008679,26.));
#1758 = CARTESIAN_POINT('',(35.027470339995,50.356716299068,26.));
#1759 = SURFACE_OF_LINEAR_EXTRUSION('',#1760,#1764);
#1760 = B_SPLINE_CURVE_WITH_KNOTS('',2,(#1761,#1762,#1763),
  .UNSPECIFIED.,.F.,.F.,(3,3),(0.,1.),.PIECEWISE_BEZIER_KNOTS.);
#1761 = CARTESIAN_POINT('',(35.384186639064,51.770841627518,26.));
#1762 = CARTESIAN_POINT('',(35.384186639064,50.95549008679,26.));
#1763 = CARTESIAN_POINT('',(35.027470339995,50.356716299068,26.));
#1764 = VECTOR('',#1765,1.);
#1765 = DIRECTION('',(-0.,-0.,-1.));
#1766 = ADVANCED_FACE('',(#1767),#1792,.T.);
#1767 = FACE_BOUND('',#1768,.T.);
#1768 = EDGE_LOOP('',(#1769,#1770,#1778,#1786));
#1769 = ORIENTED_EDGE('',*,*,#1715,.T.);
#1770 = ORIENTED_EDGE('',*,*,#1771,.T.);
#1771 = EDGE_CURVE('',#1709,#1772,#1774,.T.);
#1772 = VERTEX_POINT('',#1773);
#1773 = CARTESIAN_POINT('',(29.606656580938,45.585635799029,26.6));
#1774 = B_SPLINE_CURVE_WITH_KNOTS('',2,(#1775,#1776,#1777),
  .UNSPECIFIED.,.F.,.F.,(3,3),(0.,1.),.PIECEWISE_BEZIER_KNOTS.);
#1775 = CARTESIAN_POINT('',(29.714945457441,45.541046261645,26.6));
#1776 = CARTESIAN_POINT('',(29.651246118322,45.541046261645,26.6));
#1777 = CARTESIAN_POINT('',(29.606656580938,45.585635799029,26.6));
#1778 = ORIENTED_EDGE('',*,*,#1779,.F.);
#1779 = EDGE_CURVE('',#1780,#1772,#1782,.T.);
#1780 = VERTEX_POINT('',#1781);
#1781 = CARTESIAN_POINT('',(29.606656580938,45.585635799029,26.));
#1782 = LINE('',#1783,#1784);
#1783 = CARTESIAN_POINT('',(29.606656580938,45.585635799029,26.));
#1784 = VECTOR('',#1785,1.);
#1785 = DIRECTION('',(0.,0.,1.));
#1786 = ORIENTED_EDGE('',*,*,#1787,.F.);
#1787 = EDGE_CURVE('',#1716,#1780,#1788,.T.);
#1788 = B_SPLINE_CURVE_WITH_KNOTS('',2,(#1789,#1790,#1791),
  .UNSPECIFIED.,.F.,.F.,(3,3),(0.,1.),.PIECEWISE_BEZIER_KNOTS.);
#1789 = CARTESIAN_POINT('',(29.714945457441,45.541046261645,26.));
#1790 = CARTESIAN_POINT('',(29.651246118322,45.541046261645,26.));
#1791 = CARTESIAN_POINT('',(29.606656580938,45.585635799029,26.));
#1792 = SURFACE_OF_LINEAR_EXTRUSION('',#1793,#1797);
#1793 = B_SPLINE_CURVE_WITH_KNOTS('',2,(#1794,#1795,#1796),
  .UNSPECIFIED.,.F.,.F.,(3,3),(0.,1.),.PIECEWISE_BEZIER_KNOTS.);
#1794 = CARTESIAN_POINT('',(29.714945457441,45.541046261645,26.));
#1795 = CARTESIAN_POINT('',(29.651246118322,45.541046261645,26.));
#1796 = CARTESIAN_POINT('',(29.606656580938,45.585635799029,26.));
#1797 = VECTOR('',#1798,1.);
#1798 = DIRECTION('',(-0.,-0.,-1.));
#1799 = ADVANCED_FACE('',(#1800),#1825,.T.);
#1800 = FACE_BOUND('',#1801,.T.);
#1801 = EDGE_LOOP('',(#1802,#1812,#1818,#1819));
#1802 = ORIENTED_EDGE('',*,*,#1803,.T.);
#1803 = EDGE_CURVE('',#1804,#1806,#1808,.T.);
#1804 = VERTEX_POINT('',#1805);
#1805 = CARTESIAN_POINT('',(35.065689943467,53.172227088144,26.));
#1806 = VERTEX_POINT('',#1807);
#1807 = CARTESIAN_POINT('',(35.065689943467,53.172227088144,26.6));
#1808 = LINE('',#1809,#1810);
#1809 = CARTESIAN_POINT('',(35.065689943467,53.172227088144,26.));
#1810 = VECTOR('',#1811,1.);
#1811 = DIRECTION('',(0.,0.,1.));
#1812 = ORIENTED_EDGE('',*,*,#1813,.T.);
#1813 = EDGE_CURVE('',#1806,#1740,#1814,.T.);
#1814 = B_SPLINE_CURVE_WITH_KNOTS('',2,(#1815,#1816,#1817),
  .UNSPECIFIED.,.F.,.F.,(3,3),(0.,1.),.PIECEWISE_BEZIER_KNOTS.);
#1815 = CARTESIAN_POINT('',(35.065689943467,53.172227088144,26.6));
#1816 = CARTESIAN_POINT('',(35.384186639064,52.560713432598,26.6));
#1817 = CARTESIAN_POINT('',(35.384186639064,51.770841627518,26.6));
#1818 = ORIENTED_EDGE('',*,*,#1737,.F.);
#1819 = ORIENTED_EDGE('',*,*,#1820,.F.);
#1820 = EDGE_CURVE('',#1804,#1738,#1821,.T.);
#1821 = B_SPLINE_CURVE_WITH_KNOTS('',2,(#1822,#1823,#1824),
  .UNSPECIFIED.,.F.,.F.,(3,3),(0.,1.),.PIECEWISE_BEZIER_KNOTS.);
#1822 = CARTESIAN_POINT('',(35.065689943467,53.172227088144,26.));
#1823 = CARTESIAN_POINT('',(35.384186639064,52.560713432598,26.));
#1824 = CARTESIAN_POINT('',(35.384186639064,51.770841627518,26.));
#1825 = SURFACE_OF_LINEAR_EXTRUSION('',#1826,#1830);
#1826 = B_SPLINE_CURVE_WITH_KNOTS('',2,(#1827,#1828,#1829),
  .UNSPECIFIED.,.F.,.F.,(3,3),(0.,1.),.PIECEWISE_BEZIER_KNOTS.);
#1827 = CARTESIAN_POINT('',(35.065689943467,53.172227088144,26.));
#1828 = CARTESIAN_POINT('',(35.384186639064,52.560713432598,26.));
#1829 = CARTESIAN_POINT('',(35.384186639064,51.770841627518,26.));
#1830 = VECTOR('',#1831,1.);
#1831 = DIRECTION('',(-0.,-0.,-1.));
#1832 = ADVANCED_FACE('',(#1833),#1858,.T.);
#1833 = FACE_BOUND('',#1834,.T.);
#1834 = EDGE_LOOP('',(#1835,#1836,#1844,#1852));
#1835 = ORIENTED_EDGE('',*,*,#1779,.T.);
#1836 = ORIENTED_EDGE('',*,*,#1837,.T.);
#1837 = EDGE_CURVE('',#1772,#1838,#1840,.T.);
#1838 = VERTEX_POINT('',#1839);
#1839 = CARTESIAN_POINT('',(29.562067043554,45.693924675531,26.6));
#1840 = B_SPLINE_CURVE_WITH_KNOTS('',2,(#1841,#1842,#1843),
  .UNSPECIFIED.,.F.,.F.,(3,3),(0.,1.),.PIECEWISE_BEZIER_KNOTS.);
#1841 = CARTESIAN_POINT('',(29.606656580938,45.585635799029,26.6));
#1842 = CARTESIAN_POINT('',(29.562067043554,45.630225336412,26.6));
#1843 = CARTESIAN_POINT('',(29.562067043554,45.693924675531,26.6));
#1844 = ORIENTED_EDGE('',*,*,#1845,.F.);
#1845 = EDGE_CURVE('',#1846,#1838,#1848,.T.);
#1846 = VERTEX_POINT('',#1847);
#1847 = CARTESIAN_POINT('',(29.562067043554,45.693924675531,26.));
#1848 = LINE('',#1849,#1850);
#1849 = CARTESIAN_POINT('',(29.562067043554,45.693924675531,26.));
#1850 = VECTOR('',#1851,1.);
#1851 = DIRECTION('',(0.,0.,1.));
#1852 = ORIENTED_EDGE('',*,*,#1853,.F.);
#1853 = EDGE_CURVE('',#1780,#1846,#1854,.T.);
#1854 = B_SPLINE_CURVE_WITH_KNOTS('',2,(#1855,#1856,#1857),
  .UNSPECIFIED.,.F.,.F.,(3,3),(0.,1.),.PIECEWISE_BEZIER_KNOTS.);
#1855 = CARTESIAN_POINT('',(29.606656580938,45.585635799029,26.));
#1856 = CARTESIAN_POINT('',(29.562067043554,45.630225336412,26.));
#1857 = CARTESIAN_POINT('',(29.562067043554,45.693924675531,26.));
#1858 = SURFACE_OF_LINEAR_EXTRUSION('',#1859,#1863);
#1859 = B_SPLINE_CURVE_WITH_KNOTS('',2,(#1860,#1861,#1862),
  .UNSPECIFIED.,.F.,.F.,(3,3),(0.,1.),.PIECEWISE_BEZIER_KNOTS.);
#1860 = CARTESIAN_POINT('',(29.606656580938,45.585635799029,26.));
#1861 = CARTESIAN_POINT('',(29.562067043554,45.630225336412,26.));
#1862 = CARTESIAN_POINT('',(29.562067043554,45.693924675531,26.));
#1863 = VECTOR('',#1864,1.);
#1864 = DIRECTION('',(-0.,-0.,-1.));
#1865 = ADVANCED_FACE('',(#1866),#1891,.T.);
#1866 = FACE_BOUND('',#1867,.T.);
#1867 = EDGE_LOOP('',(#1868,#1878,#1884,#1885));
#1868 = ORIENTED_EDGE('',*,*,#1869,.T.);
#1869 = EDGE_CURVE('',#1870,#1872,#1874,.T.);
#1870 = VERTEX_POINT('',#1871);
#1871 = CARTESIAN_POINT('',(34.161159327972,54.121347241022,26.));
#1872 = VERTEX_POINT('',#1873);
#1873 = CARTESIAN_POINT('',(34.161159327972,54.121347241022,26.6));
#1874 = LINE('',#1875,#1876);
#1875 = CARTESIAN_POINT('',(34.161159327972,54.121347241022,26.));
#1876 = VECTOR('',#1877,1.);
#1877 = DIRECTION('',(0.,0.,1.));
#1878 = ORIENTED_EDGE('',*,*,#1879,.T.);
#1879 = EDGE_CURVE('',#1872,#1806,#1880,.T.);
#1880 = B_SPLINE_CURVE_WITH_KNOTS('',2,(#1881,#1882,#1883),
  .UNSPECIFIED.,.F.,.F.,(3,3),(0.,1.),.PIECEWISE_BEZIER_KNOTS.);
#1881 = CARTESIAN_POINT('',(34.161159327972,54.121347241022,26.6));
#1882 = CARTESIAN_POINT('',(34.74719324787,53.78374074369,26.6));
#1883 = CARTESIAN_POINT('',(35.065689943467,53.172227088144,26.6));
#1884 = ORIENTED_EDGE('',*,*,#1803,.F.);
#1885 = ORIENTED_EDGE('',*,*,#1886,.F.);
#1886 = EDGE_CURVE('',#1870,#1804,#1887,.T.);
#1887 = B_SPLINE_CURVE_WITH_KNOTS('',2,(#1888,#1889,#1890),
  .UNSPECIFIED.,.F.,.F.,(3,3),(0.,1.),.PIECEWISE_BEZIER_KNOTS.);
#1888 = CARTESIAN_POINT('',(34.161159327972,54.121347241022,26.));
#1889 = CARTESIAN_POINT('',(34.74719324787,53.78374074369,26.));
#1890 = CARTESIAN_POINT('',(35.065689943467,53.172227088144,26.));
#1891 = SURFACE_OF_LINEAR_EXTRUSION('',#1892,#1896);
#1892 = B_SPLINE_CURVE_WITH_KNOTS('',2,(#1893,#1894,#1895),
  .UNSPECIFIED.,.F.,.F.,(3,3),(0.,1.),.PIECEWISE_BEZIER_KNOTS.);
#1893 = CARTESIAN_POINT('',(34.161159327972,54.121347241022,26.));
#1894 = CARTESIAN_POINT('',(34.74719324787,53.78374074369,26.));
#1895 = CARTESIAN_POINT('',(35.065689943467,53.172227088144,26.));
#1896 = VECTOR('',#1897,1.);
#1897 = DIRECTION('',(-0.,-0.,-1.));
#1898 = ADVANCED_FACE('',(#1899),#1922,.T.);
#1899 = FACE_BOUND('',#1900,.T.);
#1900 = EDGE_LOOP('',(#1901,#1902,#1909,#1917));
#1901 = ORIENTED_EDGE('',*,*,#1845,.T.);
#1902 = ORIENTED_EDGE('',*,*,#1903,.T.);
#1903 = EDGE_CURVE('',#1838,#1904,#1906,.T.);
#1904 = VERTEX_POINT('',#1905);
#1905 = CARTESIAN_POINT('',(29.562067043554,54.306075324469,26.6));
#1906 = B_SPLINE_CURVE_WITH_KNOTS('',1,(#1907,#1908),.UNSPECIFIED.,.F.,
  .F.,(2,2),(0.,67.6),.PIECEWISE_BEZIER_KNOTS.);
#1907 = CARTESIAN_POINT('',(29.562067043554,45.693924675531,26.6));
#1908 = CARTESIAN_POINT('',(29.562067043554,54.306075324469,26.6));
#1909 = ORIENTED_EDGE('',*,*,#1910,.F.);
#1910 = EDGE_CURVE('',#1911,#1904,#1913,.T.);
#1911 = VERTEX_POINT('',#1912);
#1912 = CARTESIAN_POINT('',(29.562067043554,54.306075324469,26.));
#1913 = LINE('',#1914,#1915);
#1914 = CARTESIAN_POINT('',(29.562067043554,54.306075324469,26.));
#1915 = VECTOR('',#1916,1.);
#1916 = DIRECTION('',(0.,0.,1.));
#1917 = ORIENTED_EDGE('',*,*,#1918,.F.);
#1918 = EDGE_CURVE('',#1846,#1911,#1919,.T.);
#1919 = B_SPLINE_CURVE_WITH_KNOTS('',1,(#1920,#1921),.UNSPECIFIED.,.F.,
  .F.,(2,2),(0.,67.6),.PIECEWISE_BEZIER_KNOTS.);
#1920 = CARTESIAN_POINT('',(29.562067043554,45.693924675531,26.));
#1921 = CARTESIAN_POINT('',(29.562067043554,54.306075324469,26.));
#1922 = SURFACE_OF_LINEAR_EXTRUSION('',#1923,#1926);
#1923 = B_SPLINE_CURVE_WITH_KNOTS('',1,(#1924,#1925),.UNSPECIFIED.,.F.,
  .F.,(2,2),(0.,67.6),.PIECEWISE_BEZIER_KNOTS.);
#1924 = CARTESIAN_POINT('',(29.562067043554,45.693924675531,26.));
#1925 = CARTESIAN_POINT('',(29.562067043554,54.306075324469,26.));
#1926 = VECTOR('',#1927,1.);
#1927 = DIRECTION('',(-0.,-0.,-1.));
#1928 = ADVANCED_FACE('',(#1929),#1954,.T.);
#1929 = FACE_BOUND('',#1930,.T.);
#1930 = EDGE_LOOP('',(#1931,#1941,#1947,#1948));
#1931 = ORIENTED_EDGE('',*,*,#1932,.T.);
#1932 = EDGE_CURVE('',#1933,#1935,#1937,.T.);
#1933 = VERTEX_POINT('',#1934);
#1934 = CARTESIAN_POINT('',(32.823473206465,54.458953738355,26.));
#1935 = VERTEX_POINT('',#1936);
#1936 = CARTESIAN_POINT('',(32.823473206465,54.458953738355,26.6));
#1937 = LINE('',#1938,#1939);
#1938 = CARTESIAN_POINT('',(32.823473206465,54.458953738355,26.));
#1939 = VECTOR('',#1940,1.);
#1940 = DIRECTION('',(0.,0.,1.));
#1941 = ORIENTED_EDGE('',*,*,#1942,.T.);
#1942 = EDGE_CURVE('',#1935,#1872,#1943,.T.);
#1943 = B_SPLINE_CURVE_WITH_KNOTS('',2,(#1944,#1945,#1946),
  .UNSPECIFIED.,.F.,.F.,(3,3),(0.,1.),.PIECEWISE_BEZIER_KNOTS.);
#1944 = CARTESIAN_POINT('',(32.823473206465,54.458953738355,26.6));
#1945 = CARTESIAN_POINT('',(33.575125408074,54.458953738355,26.6));
#1946 = CARTESIAN_POINT('',(34.161159327972,54.121347241022,26.6));
#1947 = ORIENTED_EDGE('',*,*,#1869,.F.);
#1948 = ORIENTED_EDGE('',*,*,#1949,.F.);
#1949 = EDGE_CURVE('',#1933,#1870,#1950,.T.);
#1950 = B_SPLINE_CURVE_WITH_KNOTS('',2,(#1951,#1952,#1953),
  .UNSPECIFIED.,.F.,.F.,(3,3),(0.,1.),.PIECEWISE_BEZIER_KNOTS.);
#1951 = CARTESIAN_POINT('',(32.823473206465,54.458953738355,26.));
#1952 = CARTESIAN_POINT('',(33.575125408074,54.458953738355,26.));
#1953 = CARTESIAN_POINT('',(34.161159327972,54.121347241022,26.));
#1954 = SURFACE_OF_LINEAR_EXTRUSION('',#1955,#1959);
#1955 = B_SPLINE_CURVE_WITH_KNOTS('',2,(#1956,#1957,#1958),
  .UNSPECIFIED.,.F.,.F.,(3,3),(0.,1.),.PIECEWISE_BEZIER_KNOTS.);
#1956 = CARTESIAN_POINT('',(32.823473206465,54.458953738355,26.));
#1957 = CARTESIAN_POINT('',(33.575125408074,54.458953738355,26.));
#1958 = CARTESIAN_POINT('',(34.161159327972,54.121347241022,26.));
#1959 = VECTOR('',#1960,1.);
#1960 = DIRECTION('',(-0.,-0.,-1.));
#1961 = ADVANCED_FACE('',(#1962),#1987,.T.);
#1962 = FACE_BOUND('',#1963,.T.);
#1963 = EDGE_LOOP('',(#1964,#1965,#1973,#1981));
#1964 = ORIENTED_EDGE('',*,*,#1910,.T.);
#1965 = ORIENTED_EDGE('',*,*,#1966,.T.);
#1966 = EDGE_CURVE('',#1904,#1967,#1969,.T.);
#1967 = VERTEX_POINT('',#1968);
#1968 = CARTESIAN_POINT('',(29.606656580938,54.414364200971,26.6));
#1969 = B_SPLINE_CURVE_WITH_KNOTS('',2,(#1970,#1971,#1972),
  .UNSPECIFIED.,.F.,.F.,(3,3),(0.,1.),.PIECEWISE_BEZIER_KNOTS.);
#1970 = CARTESIAN_POINT('',(29.562067043554,54.306075324469,26.6));
#1971 = CARTESIAN_POINT('',(29.562067043554,54.369774663588,26.6));
#1972 = CARTESIAN_POINT('',(29.606656580938,54.414364200971,26.6));
#1973 = ORIENTED_EDGE('',*,*,#1974,.F.);
#1974 = EDGE_CURVE('',#1975,#1967,#1977,.T.);
#1975 = VERTEX_POINT('',#1976);
#1976 = CARTESIAN_POINT('',(29.606656580938,54.414364200971,26.));
#1977 = LINE('',#1978,#1979);
#1978 = CARTESIAN_POINT('',(29.606656580938,54.414364200971,26.));
#1979 = VECTOR('',#1980,1.);
#1980 = DIRECTION('',(0.,0.,1.));
#1981 = ORIENTED_EDGE('',*,*,#1982,.F.);
#1982 = EDGE_CURVE('',#1911,#1975,#1983,.T.);
#1983 = B_SPLINE_CURVE_WITH_KNOTS('',2,(#1984,#1985,#1986),
  .UNSPECIFIED.,.F.,.F.,(3,3),(0.,1.),.PIECEWISE_BEZIER_KNOTS.);
#1984 = CARTESIAN_POINT('',(29.562067043554,54.306075324469,26.));
#1985 = CARTESIAN_POINT('',(29.562067043554,54.369774663588,26.));
#1986 = CARTESIAN_POINT('',(29.606656580938,54.414364200971,26.));
#1987 = SURFACE_OF_LINEAR_EXTRUSION('',#1988,#1992);
#1988 = B_SPLINE_CURVE_WITH_KNOTS('',2,(#1989,#1990,#1991),
  .UNSPECIFIED.,.F.,.F.,(3,3),(0.,1.),.PIECEWISE_BEZIER_KNOTS.);
#1989 = CARTESIAN_POINT('',(29.562067043554,54.306075324469,26.));
#1990 = CARTESIAN_POINT('',(29.562067043554,54.369774663588,26.));
#1991 = CARTESIAN_POINT('',(29.606656580938,54.414364200971,26.));
#1992 = VECTOR('',#1993,1.);
#1993 = DIRECTION('',(-0.,-0.,-1.));
#1994 = ADVANCED_FACE('',(#1995),#2018,.T.);
#1995 = FACE_BOUND('',#1996,.T.);
#1996 = EDGE_LOOP('',(#1997,#2007,#2012,#2013));
#1997 = ORIENTED_EDGE('',*,*,#1998,.T.);
#1998 = EDGE_CURVE('',#1999,#2001,#2003,.T.);
#1999 = VERTEX_POINT('',#2000);
#2000 = CARTESIAN_POINT('',(29.714945457441,54.458953738355,26.));
#2001 = VERTEX_POINT('',#2002);
#2002 = CARTESIAN_POINT('',(29.714945457441,54.458953738355,26.6));
#2003 = LINE('',#2004,#2005);
#2004 = CARTESIAN_POINT('',(29.714945457441,54.458953738355,26.));
#2005 = VECTOR('',#2006,1.);
#2006 = DIRECTION('',(0.,0.,1.));
#2007 = ORIENTED_EDGE('',*,*,#2008,.T.);
#2008 = EDGE_CURVE('',#2001,#1935,#2009,.T.);
#2009 = B_SPLINE_CURVE_WITH_KNOTS('',1,(#2010,#2011),.UNSPECIFIED.,.F.,
  .F.,(2,2),(0.,24.4),.PIECEWISE_BEZIER_KNOTS.);
#2010 = CARTESIAN_POINT('',(29.714945457441,54.458953738355,26.6));
#2011 = CARTESIAN_POINT('',(32.823473206465,54.458953738355,26.6));
#2012 = ORIENTED_EDGE('',*,*,#1932,.F.);
#2013 = ORIENTED_EDGE('',*,*,#2014,.F.);
#2014 = EDGE_CURVE('',#1999,#1933,#2015,.T.);
#2015 = B_SPLINE_CURVE_WITH_KNOTS('',1,(#2016,#2017),.UNSPECIFIED.,.F.,
  .F.,(2,2),(0.,24.4),.PIECEWISE_BEZIER_KNOTS.);
#2016 = CARTESIAN_POINT('',(29.714945457441,54.458953738355,26.));
#2017 = CARTESIAN_POINT('',(32.823473206465,54.458953738355,26.));
#2018 = SURFACE_OF_LINEAR_EXTRUSION('',#2019,#2022);
#2019 = B_SPLINE_CURVE_WITH_KNOTS('',1,(#2020,#2021),.UNSPECIFIED.,.F.,
  .F.,(2,2),(0.,24.4),.PIECEWISE_BEZIER_KNOTS.);
#2020 = CARTESIAN_POINT('',(29.714945457441,54.458953738355,26.));
#2021 = CARTESIAN_POINT('',(32.823473206465,54.458953738355,26.));
#2022 = VECTOR('',#2023,1.);
#2023 = DIRECTION('',(-0.,-0.,-1.));
#2024 = ADVANCED_FACE('',(#2025),#2041,.T.);
#2025 = FACE_BOUND('',#2026,.T.);
#2026 = EDGE_LOOP('',(#2027,#2028,#2034,#2035));
#2027 = ORIENTED_EDGE('',*,*,#1974,.T.);
#2028 = ORIENTED_EDGE('',*,*,#2029,.T.);
#2029 = EDGE_CURVE('',#1967,#2001,#2030,.T.);
#2030 = B_SPLINE_CURVE_WITH_KNOTS('',2,(#2031,#2032,#2033),
  .UNSPECIFIED.,.F.,.F.,(3,3),(0.,1.),.PIECEWISE_BEZIER_KNOTS.);
#2031 = CARTESIAN_POINT('',(29.606656580938,54.414364200971,26.6));
#2032 = CARTESIAN_POINT('',(29.651246118322,54.458953738355,26.6));
#2033 = CARTESIAN_POINT('',(29.714945457441,54.458953738355,26.6));
#2034 = ORIENTED_EDGE('',*,*,#1998,.F.);
#2035 = ORIENTED_EDGE('',*,*,#2036,.F.);
#2036 = EDGE_CURVE('',#1975,#1999,#2037,.T.);
#2037 = B_SPLINE_CURVE_WITH_KNOTS('',2,(#2038,#2039,#2040),
  .UNSPECIFIED.,.F.,.F.,(3,3),(0.,1.),.PIECEWISE_BEZIER_KNOTS.);
#2038 = CARTESIAN_POINT('',(29.606656580938,54.414364200971,26.));
#2039 = CARTESIAN_POINT('',(29.651246118322,54.458953738355,26.));
#2040 = CARTESIAN_POINT('',(29.714945457441,54.458953738355,26.));
#2041 = SURFACE_OF_LINEAR_EXTRUSION('',#2042,#2046);
#2042 = B_SPLINE_CURVE_WITH_KNOTS('',2,(#2043,#2044,#2045),
  .UNSPECIFIED.,.F.,.F.,(3,3),(0.,1.),.PIECEWISE_BEZIER_KNOTS.);
#2043 = CARTESIAN_POINT('',(29.606656580938,54.414364200971,26.));
#2044 = CARTESIAN_POINT('',(29.651246118322,54.458953738355,26.));
#2045 = CARTESIAN_POINT('',(29.714945457441,54.458953738355,26.));
#2046 = VECTOR('',#2047,1.);
#2047 = DIRECTION('',(-0.,-0.,-1.));
#2048 = ADVANCED_FACE('',(#2049),#2083,.T.);
#2049 = FACE_BOUND('',#2050,.T.);
#2050 = EDGE_LOOP('',(#2051,#2061,#2069,#2077));
#2051 = ORIENTED_EDGE('',*,*,#2052,.T.);
#2052 = EDGE_CURVE('',#2053,#2055,#2057,.T.);
#2053 = VERTEX_POINT('',#2054);
#2054 = CARTESIAN_POINT('',(31.42208774584,52.917429731667,26.));
#2055 = VERTEX_POINT('',#2056);
#2056 = CARTESIAN_POINT('',(31.42208774584,52.917429731667,26.6));
#2057 = LINE('',#2058,#2059);
#2058 = CARTESIAN_POINT('',(31.42208774584,52.917429731667,26.));
#2059 = VECTOR('',#2060,1.);
#2060 = DIRECTION('',(0.,0.,1.));
#2061 = ORIENTED_EDGE('',*,*,#2062,.T.);
#2062 = EDGE_CURVE('',#2055,#2063,#2065,.T.);
#2063 = VERTEX_POINT('',#2064);
#2064 = CARTESIAN_POINT('',(31.35838840672,52.853730392547,26.6));
#2065 = B_SPLINE_CURVE_WITH_KNOTS('',2,(#2066,#2067,#2068),
  .UNSPECIFIED.,.F.,.F.,(3,3),(0.,1.),.PIECEWISE_BEZIER_KNOTS.);
#2066 = CARTESIAN_POINT('',(31.42208774584,52.917429731667,26.6));
#2067 = CARTESIAN_POINT('',(31.35838840672,52.917429731667,26.6));
#2068 = CARTESIAN_POINT('',(31.35838840672,52.853730392547,26.6));
#2069 = ORIENTED_EDGE('',*,*,#2070,.F.);
#2070 = EDGE_CURVE('',#2071,#2063,#2073,.T.);
#2071 = VERTEX_POINT('',#2072);
#2072 = CARTESIAN_POINT('',(31.35838840672,52.853730392547,26.));
#2073 = LINE('',#2074,#2075);
#2074 = CARTESIAN_POINT('',(31.35838840672,52.853730392547,26.));
#2075 = VECTOR('',#2076,1.);
#2076 = DIRECTION('',(0.,0.,1.));
#2077 = ORIENTED_EDGE('',*,*,#2078,.F.);
#2078 = EDGE_CURVE('',#2053,#2071,#2079,.T.);
#2079 = B_SPLINE_CURVE_WITH_KNOTS('',2,(#2080,#2081,#2082),
  .UNSPECIFIED.,.F.,.F.,(3,3),(0.,1.),.PIECEWISE_BEZIER_KNOTS.);
#2080 = CARTESIAN_POINT('',(31.42208774584,52.917429731667,26.));
#2081 = CARTESIAN_POINT('',(31.35838840672,52.917429731667,26.));
#2082 = CARTESIAN_POINT('',(31.35838840672,52.853730392547,26.));
#2083 = SURFACE_OF_LINEAR_EXTRUSION('',#2084,#2088);
#2084 = B_SPLINE_CURVE_WITH_KNOTS('',2,(#2085,#2086,#2087),
  .UNSPECIFIED.,.F.,.F.,(3,3),(0.,1.),.PIECEWISE_BEZIER_KNOTS.);
#2085 = CARTESIAN_POINT('',(31.42208774584,52.917429731667,26.));
#2086 = CARTESIAN_POINT('',(31.35838840672,52.917429731667,26.));
#2087 = CARTESIAN_POINT('',(31.35838840672,52.853730392547,26.));
#2088 = VECTOR('',#2089,1.);
#2089 = DIRECTION('',(-0.,-0.,-1.));
#2090 = ADVANCED_FACE('',(#2091),#2114,.T.);
#2091 = FACE_BOUND('',#2092,.T.);
#2092 = EDGE_LOOP('',(#2093,#2103,#2108,#2109));
#2093 = ORIENTED_EDGE('',*,*,#2094,.T.);
#2094 = EDGE_CURVE('',#2095,#2097,#2099,.T.);
#2095 = VERTEX_POINT('',#2096);
#2096 = CARTESIAN_POINT('',(32.530456246516,52.917429731667,26.));
#2097 = VERTEX_POINT('',#2098);
#2098 = CARTESIAN_POINT('',(32.530456246516,52.917429731667,26.6));
#2099 = LINE('',#2100,#2101);
#2100 = CARTESIAN_POINT('',(32.530456246516,52.917429731667,26.));
#2101 = VECTOR('',#2102,1.);
#2102 = DIRECTION('',(0.,0.,1.));
#2103 = ORIENTED_EDGE('',*,*,#2104,.T.);
#2104 = EDGE_CURVE('',#2097,#2055,#2105,.T.);
#2105 = B_SPLINE_CURVE_WITH_KNOTS('',1,(#2106,#2107),.UNSPECIFIED.,.F.,
  .F.,(2,2),(0.,8.7),.PIECEWISE_BEZIER_KNOTS.);
#2106 = CARTESIAN_POINT('',(32.530456246516,52.917429731667,26.6));
#2107 = CARTESIAN_POINT('',(31.42208774584,52.917429731667,26.6));
#2108 = ORIENTED_EDGE('',*,*,#2052,.F.);
#2109 = ORIENTED_EDGE('',*,*,#2110,.F.);
#2110 = EDGE_CURVE('',#2095,#2053,#2111,.T.);
#2111 = B_SPLINE_CURVE_WITH_KNOTS('',1,(#2112,#2113),.UNSPECIFIED.,.F.,
  .F.,(2,2),(0.,8.7),.PIECEWISE_BEZIER_KNOTS.);
#2112 = CARTESIAN_POINT('',(32.530456246516,52.917429731667,26.));
#2113 = CARTESIAN_POINT('',(31.42208774584,52.917429731667,26.));
#2114 = SURFACE_OF_LINEAR_EXTRUSION('',#2115,#2118);
#2115 = B_SPLINE_CURVE_WITH_KNOTS('',1,(#2116,#2117),.UNSPECIFIED.,.F.,
  .F.,(2,2),(0.,8.7),.PIECEWISE_BEZIER_KNOTS.);
#2116 = CARTESIAN_POINT('',(32.530456246516,52.917429731667,26.));
#2117 = CARTESIAN_POINT('',(31.42208774584,52.917429731667,26.));
#2118 = VECTOR('',#2119,1.);
#2119 = DIRECTION('',(-0.,-0.,-1.));
#2120 = ADVANCED_FACE('',(#2121),#2146,.T.);
#2121 = FACE_BOUND('',#2122,.T.);
#2122 = EDGE_LOOP('',(#2123,#2133,#2139,#2140));
#2123 = ORIENTED_EDGE('',*,*,#2124,.T.);
#2124 = EDGE_CURVE('',#2125,#2127,#2129,.T.);
#2125 = VERTEX_POINT('',#2126);
#2126 = CARTESIAN_POINT('',(33.294848315949,52.605302969982,26.));
#2127 = VERTEX_POINT('',#2128);
#2128 = CARTESIAN_POINT('',(33.294848315949,52.605302969982,26.6));
#2129 = LINE('',#2130,#2131);
#2130 = CARTESIAN_POINT('',(33.294848315949,52.605302969982,26.));
#2131 = VECTOR('',#2132,1.);
#2132 = DIRECTION('',(0.,0.,1.));
#2133 = ORIENTED_EDGE('',*,*,#2134,.T.);
#2134 = EDGE_CURVE('',#2127,#2097,#2135,.T.);
#2135 = B_SPLINE_CURVE_WITH_KNOTS('',2,(#2136,#2137,#2138),
  .UNSPECIFIED.,.F.,.F.,(3,3),(0.,1.),.PIECEWISE_BEZIER_KNOTS.);
#2136 = CARTESIAN_POINT('',(33.294848315949,52.605302969982,26.6));
#2137 = CARTESIAN_POINT('',(33.001831356,52.917429731667,26.6));
#2138 = CARTESIAN_POINT('',(32.530456246516,52.917429731667,26.6));
#2139 = ORIENTED_EDGE('',*,*,#2094,.F.);
#2140 = ORIENTED_EDGE('',*,*,#2141,.F.);
#2141 = EDGE_CURVE('',#2125,#2095,#2142,.T.);
#2142 = B_SPLINE_CURVE_WITH_KNOTS('',2,(#2143,#2144,#2145),
  .UNSPECIFIED.,.F.,.F.,(3,3),(0.,1.),.PIECEWISE_BEZIER_KNOTS.);
#2143 = CARTESIAN_POINT('',(33.294848315949,52.605302969982,26.));
#2144 = CARTESIAN_POINT('',(33.001831356,52.917429731667,26.));
#2145 = CARTESIAN_POINT('',(32.530456246516,52.917429731667,26.));
#2146 = SURFACE_OF_LINEAR_EXTRUSION('',#2147,#2151);
#2147 = B_SPLINE_CURVE_WITH_KNOTS('',2,(#2148,#2149,#2150),
  .UNSPECIFIED.,.F.,.F.,(3,3),(0.,1.),.PIECEWISE_BEZIER_KNOTS.);
#2148 = CARTESIAN_POINT('',(33.294848315949,52.605302969982,26.));
#2149 = CARTESIAN_POINT('',(33.001831356,52.917429731667,26.));
#2150 = CARTESIAN_POINT('',(32.530456246516,52.917429731667,26.));
#2151 = VECTOR('',#2152,1.);
#2152 = DIRECTION('',(-0.,-0.,-1.));
#2153 = ADVANCED_FACE('',(#2154),#2179,.T.);
#2154 = FACE_BOUND('',#2155,.T.);
#2155 = EDGE_LOOP('',(#2156,#2166,#2172,#2173));
#2156 = ORIENTED_EDGE('',*,*,#2157,.T.);
#2157 = EDGE_CURVE('',#2158,#2160,#2162,.T.);
#2158 = VERTEX_POINT('',#2159);
#2159 = CARTESIAN_POINT('',(33.587865275898,51.758101759694,26.));
#2160 = VERTEX_POINT('',#2161);
#2161 = CARTESIAN_POINT('',(33.587865275898,51.758101759694,26.6));
#2162 = LINE('',#2163,#2164);
#2163 = CARTESIAN_POINT('',(33.587865275898,51.758101759694,26.));
#2164 = VECTOR('',#2165,1.);
#2165 = DIRECTION('',(0.,0.,1.));
#2166 = ORIENTED_EDGE('',*,*,#2167,.T.);
#2167 = EDGE_CURVE('',#2160,#2127,#2168,.T.);
#2168 = B_SPLINE_CURVE_WITH_KNOTS('',2,(#2169,#2170,#2171),
  .UNSPECIFIED.,.F.,.F.,(3,3),(0.,1.),.PIECEWISE_BEZIER_KNOTS.);
#2169 = CARTESIAN_POINT('',(33.587865275898,51.758101759694,26.6));
#2170 = CARTESIAN_POINT('',(33.587865275898,52.293176208297,26.6));
#2171 = CARTESIAN_POINT('',(33.294848315949,52.605302969982,26.6));
#2172 = ORIENTED_EDGE('',*,*,#2124,.F.);
#2173 = ORIENTED_EDGE('',*,*,#2174,.F.);
#2174 = EDGE_CURVE('',#2158,#2125,#2175,.T.);
#2175 = B_SPLINE_CURVE_WITH_KNOTS('',2,(#2176,#2177,#2178),
  .UNSPECIFIED.,.F.,.F.,(3,3),(0.,1.),.PIECEWISE_BEZIER_KNOTS.);
#2176 = CARTESIAN_POINT('',(33.587865275898,51.758101759694,26.));
#2177 = CARTESIAN_POINT('',(33.587865275898,52.293176208297,26.));
#2178 = CARTESIAN_POINT('',(33.294848315949,52.605302969982,26.));
#2179 = SURFACE_OF_LINEAR_EXTRUSION('',#2180,#2184);
#2180 = B_SPLINE_CURVE_WITH_KNOTS('',2,(#2181,#2182,#2183),
  .UNSPECIFIED.,.F.,.F.,(3,3),(0.,1.),.PIECEWISE_BEZIER_KNOTS.);
#2181 = CARTESIAN_POINT('',(33.587865275898,51.758101759694,26.));
#2182 = CARTESIAN_POINT('',(33.587865275898,52.293176208297,26.));
#2183 = CARTESIAN_POINT('',(33.294848315949,52.605302969982,26.));
#2184 = VECTOR('',#2185,1.);
#2185 = DIRECTION('',(-0.,-0.,-1.));
#2186 = ADVANCED_FACE('',(#2187),#2212,.T.);
#2187 = FACE_BOUND('',#2188,.T.);
#2188 = EDGE_LOOP('',(#2189,#2199,#2205,#2206));
#2189 = ORIENTED_EDGE('',*,*,#2190,.T.);
#2190 = EDGE_CURVE('',#2191,#2193,#2195,.T.);
#2191 = VERTEX_POINT('',#2192);
#2192 = CARTESIAN_POINT('',(33.294848315949,50.923640417231,26.));
#2193 = VERTEX_POINT('',#2194);
#2194 = CARTESIAN_POINT('',(33.294848315949,50.923640417231,26.6));
#2195 = LINE('',#2196,#2197);
#2196 = CARTESIAN_POINT('',(33.294848315949,50.923640417231,26.));
#2197 = VECTOR('',#2198,1.);
#2198 = DIRECTION('',(0.,0.,1.));
#2199 = ORIENTED_EDGE('',*,*,#2200,.T.);
#2200 = EDGE_CURVE('',#2193,#2160,#2201,.T.);
#2201 = B_SPLINE_CURVE_WITH_KNOTS('',2,(#2202,#2203,#2204),
  .UNSPECIFIED.,.F.,.F.,(3,3),(0.,1.),.PIECEWISE_BEZIER_KNOTS.);
#2202 = CARTESIAN_POINT('',(33.294848315949,50.923640417231,26.6));
#2203 = CARTESIAN_POINT('',(33.587865275898,51.235767178916,26.6));
#2204 = CARTESIAN_POINT('',(33.587865275898,51.758101759694,26.6));
#2205 = ORIENTED_EDGE('',*,*,#2157,.F.);
#2206 = ORIENTED_EDGE('',*,*,#2207,.F.);
#2207 = EDGE_CURVE('',#2191,#2158,#2208,.T.);
#2208 = B_SPLINE_CURVE_WITH_KNOTS('',2,(#2209,#2210,#2211),
  .UNSPECIFIED.,.F.,.F.,(3,3),(0.,1.),.PIECEWISE_BEZIER_KNOTS.);
#2209 = CARTESIAN_POINT('',(33.294848315949,50.923640417231,26.));
#2210 = CARTESIAN_POINT('',(33.587865275898,51.235767178916,26.));
#2211 = CARTESIAN_POINT('',(33.587865275898,51.758101759694,26.));
#2212 = SURFACE_OF_LINEAR_EXTRUSION('',#2213,#2217);
#2213 = B_SPLINE_CURVE_WITH_KNOTS('',2,(#2214,#2215,#2216),
  .UNSPECIFIED.,.F.,.F.,(3,3),(0.,1.),.PIECEWISE_BEZIER_KNOTS.);
#2214 = CARTESIAN_POINT('',(33.294848315949,50.923640417231,26.));
#2215 = CARTESIAN_POINT('',(33.587865275898,51.235767178916,26.));
#2216 = CARTESIAN_POINT('',(33.587865275898,51.758101759694,26.));
#2217 = VECTOR('',#2218,1.);
#2218 = DIRECTION('',(-0.,-0.,-1.));
#2219 = ADVANCED_FACE('',(#2220),#2245,.T.);
#2220 = FACE_BOUND('',#2221,.T.);
#2221 = EDGE_LOOP('',(#2222,#2232,#2238,#2239));
#2222 = ORIENTED_EDGE('',*,*,#2223,.T.);
#2223 = EDGE_CURVE('',#2224,#2226,#2228,.T.);
#2224 = VERTEX_POINT('',#2225);
#2225 = CARTESIAN_POINT('',(32.530456246516,50.611513655546,26.));
#2226 = VERTEX_POINT('',#2227);
#2227 = CARTESIAN_POINT('',(32.530456246516,50.611513655546,26.6));
#2228 = LINE('',#2229,#2230);
#2229 = CARTESIAN_POINT('',(32.530456246516,50.611513655546,26.));
#2230 = VECTOR('',#2231,1.);
#2231 = DIRECTION('',(0.,0.,1.));
#2232 = ORIENTED_EDGE('',*,*,#2233,.T.);
#2233 = EDGE_CURVE('',#2226,#2193,#2234,.T.);
#2234 = B_SPLINE_CURVE_WITH_KNOTS('',2,(#2235,#2236,#2237),
  .UNSPECIFIED.,.F.,.F.,(3,3),(0.,1.),.PIECEWISE_BEZIER_KNOTS.);
#2235 = CARTESIAN_POINT('',(32.530456246516,50.611513655546,26.6));
#2236 = CARTESIAN_POINT('',(33.001831356,50.611513655546,26.6));
#2237 = CARTESIAN_POINT('',(33.294848315949,50.923640417231,26.6));
#2238 = ORIENTED_EDGE('',*,*,#2190,.F.);
#2239 = ORIENTED_EDGE('',*,*,#2240,.F.);
#2240 = EDGE_CURVE('',#2224,#2191,#2241,.T.);
#2241 = B_SPLINE_CURVE_WITH_KNOTS('',2,(#2242,#2243,#2244),
  .UNSPECIFIED.,.F.,.F.,(3,3),(0.,1.),.PIECEWISE_BEZIER_KNOTS.);
#2242 = CARTESIAN_POINT('',(32.530456246516,50.611513655546,26.));
#2243 = CARTESIAN_POINT('',(33.001831356,50.611513655546,26.));
#2244 = CARTESIAN_POINT('',(33.294848315949,50.923640417231,26.));
#2245 = SURFACE_OF_LINEAR_EXTRUSION('',#2246,#2250);
#2246 = B_SPLINE_CURVE_WITH_KNOTS('',2,(#2247,#2248,#2249),
  .UNSPECIFIED.,.F.,.F.,(3,3),(0.,1.),.PIECEWISE_BEZIER_KNOTS.);
#2247 = CARTESIAN_POINT('',(32.530456246516,50.611513655546,26.));
#2248 = CARTESIAN_POINT('',(33.001831356,50.611513655546,26.));
#2249 = CARTESIAN_POINT('',(33.294848315949,50.923640417231,26.));
#2250 = VECTOR('',#2251,1.);
#2251 = DIRECTION('',(-0.,-0.,-1.));
#2252 = ADVANCED_FACE('',(#2253),#2276,.T.);
#2253 = FACE_BOUND('',#2254,.T.);
#2254 = EDGE_LOOP('',(#2255,#2265,#2270,#2271));
#2255 = ORIENTED_EDGE('',*,*,#2256,.T.);
#2256 = EDGE_CURVE('',#2257,#2259,#2261,.T.);
#2257 = VERTEX_POINT('',#2258);
#2258 = CARTESIAN_POINT('',(31.42208774584,50.611513655546,26.));
#2259 = VERTEX_POINT('',#2260);
#2260 = CARTESIAN_POINT('',(31.42208774584,50.611513655546,26.6));
#2261 = LINE('',#2262,#2263);
#2262 = CARTESIAN_POINT('',(31.42208774584,50.611513655546,26.));
#2263 = VECTOR('',#2264,1.);
#2264 = DIRECTION('',(0.,0.,1.));
#2265 = ORIENTED_EDGE('',*,*,#2266,.T.);
#2266 = EDGE_CURVE('',#2259,#2226,#2267,.T.);
#2267 = B_SPLINE_CURVE_WITH_KNOTS('',1,(#2268,#2269),.UNSPECIFIED.,.F.,
  .F.,(2,2),(0.,8.7),.PIECEWISE_BEZIER_KNOTS.);
#2268 = CARTESIAN_POINT('',(31.42208774584,50.611513655546,26.6));
#2269 = CARTESIAN_POINT('',(32.530456246516,50.611513655546,26.6));
#2270 = ORIENTED_EDGE('',*,*,#2223,.F.);
#2271 = ORIENTED_EDGE('',*,*,#2272,.F.);
#2272 = EDGE_CURVE('',#2257,#2224,#2273,.T.);
#2273 = B_SPLINE_CURVE_WITH_KNOTS('',1,(#2274,#2275),.UNSPECIFIED.,.F.,
  .F.,(2,2),(0.,8.7),.PIECEWISE_BEZIER_KNOTS.);
#2274 = CARTESIAN_POINT('',(31.42208774584,50.611513655546,26.));
#2275 = CARTESIAN_POINT('',(32.530456246516,50.611513655546,26.));
#2276 = SURFACE_OF_LINEAR_EXTRUSION('',#2277,#2280);
#2277 = B_SPLINE_CURVE_WITH_KNOTS('',1,(#2278,#2279),.UNSPECIFIED.,.F.,
  .F.,(2,2),(0.,8.7),.PIECEWISE_BEZIER_KNOTS.);
#2278 = CARTESIAN_POINT('',(31.42208774584,50.611513655546,26.));
#2279 = CARTESIAN_POINT('',(32.530456246516,50.611513655546,26.));
#2280 = VECTOR('',#2281,1.);
#2281 = DIRECTION('',(-0.,-0.,-1.));
#2282 = ADVANCED_FACE('',(#2283),#2308,.T.);
#2283 = FACE_BOUND('',#2284,.T.);
#2284 = EDGE_LOOP('',(#2285,#2295,#2301,#2302));
#2285 = ORIENTED_EDGE('',*,*,#2286,.T.);
#2286 = EDGE_CURVE('',#2287,#2289,#2291,.T.);
#2287 = VERTEX_POINT('',#2288);
#2288 = CARTESIAN_POINT('',(31.35838840672,50.675212994665,26.));
#2289 = VERTEX_POINT('',#2290);
#2290 = CARTESIAN_POINT('',(31.35838840672,50.675212994665,26.6));
#2291 = LINE('',#2292,#2293);
#2292 = CARTESIAN_POINT('',(31.35838840672,50.675212994665,26.));
#2293 = VECTOR('',#2294,1.);
#2294 = DIRECTION('',(0.,0.,1.));
#2295 = ORIENTED_EDGE('',*,*,#2296,.T.);
#2296 = EDGE_CURVE('',#2289,#2259,#2297,.T.);
#2297 = B_SPLINE_CURVE_WITH_KNOTS('',2,(#2298,#2299,#2300),
  .UNSPECIFIED.,.F.,.F.,(3,3),(0.,1.),.PIECEWISE_BEZIER_KNOTS.);
#2298 = CARTESIAN_POINT('',(31.35838840672,50.675212994665,26.6));
#2299 = CARTESIAN_POINT('',(31.35838840672,50.611513655546,26.6));
#2300 = CARTESIAN_POINT('',(31.42208774584,50.611513655546,26.6));
#2301 = ORIENTED_EDGE('',*,*,#2256,.F.);
#2302 = ORIENTED_EDGE('',*,*,#2303,.F.);
#2303 = EDGE_CURVE('',#2287,#2257,#2304,.T.);
#2304 = B_SPLINE_CURVE_WITH_KNOTS('',2,(#2305,#2306,#2307),
  .UNSPECIFIED.,.F.,.F.,(3,3),(0.,1.),.PIECEWISE_BEZIER_KNOTS.);
#2305 = CARTESIAN_POINT('',(31.35838840672,50.675212994665,26.));
#2306 = CARTESIAN_POINT('',(31.35838840672,50.611513655546,26.));
#2307 = CARTESIAN_POINT('',(31.42208774584,50.611513655546,26.));
#2308 = SURFACE_OF_LINEAR_EXTRUSION('',#2309,#2313);
#2309 = B_SPLINE_CURVE_WITH_KNOTS('',2,(#2310,#2311,#2312),
  .UNSPECIFIED.,.F.,.F.,(3,3),(0.,1.),.PIECEWISE_BEZIER_KNOTS.);
#2310 = CARTESIAN_POINT('',(31.35838840672,50.675212994665,26.));
#2311 = CARTESIAN_POINT('',(31.35838840672,50.611513655546,26.));
#2312 = CARTESIAN_POINT('',(31.42208774584,50.611513655546,26.));
#2313 = VECTOR('',#2314,1.);
#2314 = DIRECTION('',(-0.,-0.,-1.));
#2315 = ADVANCED_FACE('',(#2316),#2330,.T.);
#2316 = FACE_BOUND('',#2317,.T.);
#2317 = EDGE_LOOP('',(#2318,#2319,#2324,#2325));
#2318 = ORIENTED_EDGE('',*,*,#2070,.T.);
#2319 = ORIENTED_EDGE('',*,*,#2320,.T.);
#2320 = EDGE_CURVE('',#2063,#2289,#2321,.T.);
#2321 = B_SPLINE_CURVE_WITH_KNOTS('',1,(#2322,#2323),.UNSPECIFIED.,.F.,
  .F.,(2,2),(0.,17.1),.PIECEWISE_BEZIER_KNOTS.);
#2322 = CARTESIAN_POINT('',(31.35838840672,52.853730392547,26.6));
#2323 = CARTESIAN_POINT('',(31.35838840672,50.675212994665,26.6));
#2324 = ORIENTED_EDGE('',*,*,#2286,.F.);
#2325 = ORIENTED_EDGE('',*,*,#2326,.F.);
#2326 = EDGE_CURVE('',#2071,#2287,#2327,.T.);
#2327 = B_SPLINE_CURVE_WITH_KNOTS('',1,(#2328,#2329),.UNSPECIFIED.,.F.,
  .F.,(2,2),(0.,17.1),.PIECEWISE_BEZIER_KNOTS.);
#2328 = CARTESIAN_POINT('',(31.35838840672,52.853730392547,26.));
#2329 = CARTESIAN_POINT('',(31.35838840672,50.675212994665,26.));
#2330 = SURFACE_OF_LINEAR_EXTRUSION('',#2331,#2334);
#2331 = B_SPLINE_CURVE_WITH_KNOTS('',1,(#2332,#2333),.UNSPECIFIED.,.F.,
  .F.,(2,2),(0.,17.1),.PIECEWISE_BEZIER_KNOTS.);
#2332 = CARTESIAN_POINT('',(31.35838840672,52.853730392547,26.));
#2333 = CARTESIAN_POINT('',(31.35838840672,50.675212994665,26.));
#2334 = VECTOR('',#2335,1.);
#2335 = DIRECTION('',(-0.,-0.,-1.));
#2336 = ADVANCED_FACE('',(#2337,#2364),#2375,.T.);
#2337 = FACE_BOUND('',#2338,.T.);
#2338 = EDGE_LOOP('',(#2339,#2340,#2341,#2342,#2343,#2344,#2345,#2346,
    #2347,#2348,#2349,#2350,#2351,#2352,#2353,#2354,#2355,#2356,#2357,
    #2358,#2359,#2360,#2361,#2362,#2363));
#2339 = ORIENTED_EDGE('',*,*,#1276,.T.);
#2340 = ORIENTED_EDGE('',*,*,#1340,.T.);
#2341 = ORIENTED_EDGE('',*,*,#1402,.T.);
#2342 = ORIENTED_EDGE('',*,*,#1466,.T.);
#2343 = ORIENTED_EDGE('',*,*,#1531,.T.);
#2344 = ORIENTED_EDGE('',*,*,#1592,.T.);
#2345 = ORIENTED_EDGE('',*,*,#1658,.T.);
#2346 = ORIENTED_EDGE('',*,*,#1723,.T.);
#2347 = ORIENTED_EDGE('',*,*,#1787,.T.);
#2348 = ORIENTED_EDGE('',*,*,#1853,.T.);
#2349 = ORIENTED_EDGE('',*,*,#1918,.T.);
#2350 = ORIENTED_EDGE('',*,*,#1982,.T.);
#2351 = ORIENTED_EDGE('',*,*,#2036,.T.);
#2352 = ORIENTED_EDGE('',*,*,#2014,.T.);
#2353 = ORIENTED_EDGE('',*,*,#1949,.T.);
#2354 = ORIENTED_EDGE('',*,*,#1886,.T.);
#2355 = ORIENTED_EDGE('',*,*,#1820,.T.);
#2356 = ORIENTED_EDGE('',*,*,#1754,.T.);
#2357 = ORIENTED_EDGE('',*,*,#1691,.T.);
#2358 = ORIENTED_EDGE('',*,*,#1625,.T.);
#2359 = ORIENTED_EDGE('',*,*,#1561,.T.);
#2360 = ORIENTED_EDGE('',*,*,#1499,.T.);
#2361 = ORIENTED_EDGE('',*,*,#1433,.T.);
#2362 = ORIENTED_EDGE('',*,*,#1372,.T.);
#2363 = ORIENTED_EDGE('',*,*,#1307,.T.);
#2364 = FACE_BOUND('',#2365,.T.);
#2365 = EDGE_LOOP('',(#2366,#2367,#2368,#2369,#2370,#2371,#2372,#2373,
    #2374));
#2366 = ORIENTED_EDGE('',*,*,#2078,.T.);
#2367 = ORIENTED_EDGE('',*,*,#2326,.T.);
#2368 = ORIENTED_EDGE('',*,*,#2303,.T.);
#2369 = ORIENTED_EDGE('',*,*,#2272,.T.);
#2370 = ORIENTED_EDGE('',*,*,#2240,.T.);
#2371 = ORIENTED_EDGE('',*,*,#2207,.T.);
#2372 = ORIENTED_EDGE('',*,*,#2174,.T.);
#2373 = ORIENTED_EDGE('',*,*,#2141,.T.);
#2374 = ORIENTED_EDGE('',*,*,#2110,.T.);
#2375 = B_SPLINE_SURFACE_WITH_KNOTS('',1,1,(
    (#2376,#2377)
    ,(#2378,#2379
    )),.UNSPECIFIED.,.F.,.F.,.F.,(2,2),(2,2),(-25.07755601498,
    21.122443985018),(-31.40565398976,38.59434601024),
  .PIECEWISE_BEZIER_KNOTS.);
#2376 = CARTESIAN_POINT('',(35.447885978183,45.541046261645,26.));
#2377 = CARTESIAN_POINT('',(35.447885978183,54.458953738355,26.));
#2378 = CARTESIAN_POINT('',(29.562067043554,45.541046261645,26.));
#2379 = CARTESIAN_POINT('',(29.562067043554,54.458953738355,26.));
#2380 = ADVANCED_FACE('',(#2381,#2408),#2419,.F.);
#2381 = FACE_BOUND('',#2382,.F.);
#2382 = EDGE_LOOP('',(#2383,#2384,#2385,#2386,#2387,#2388,#2389,#2390,
    #2391,#2392,#2393,#2394,#2395,#2396,#2397,#2398,#2399,#2400,#2401,
    #2402,#2403,#2404,#2405,#2406,#2407));
#2383 = ORIENTED_EDGE('',*,*,#1261,.T.);
#2384 = ORIENTED_EDGE('',*,*,#1324,.T.);
#2385 = ORIENTED_EDGE('',*,*,#1387,.T.);
#2386 = ORIENTED_EDGE('',*,*,#1450,.T.);
#2387 = ORIENTED_EDGE('',*,*,#1516,.T.);
#2388 = ORIENTED_EDGE('',*,*,#1576,.T.);
#2389 = ORIENTED_EDGE('',*,*,#1642,.T.);
#2390 = ORIENTED_EDGE('',*,*,#1708,.T.);
#2391 = ORIENTED_EDGE('',*,*,#1771,.T.);
#2392 = ORIENTED_EDGE('',*,*,#1837,.T.);
#2393 = ORIENTED_EDGE('',*,*,#1903,.T.);
#2394 = ORIENTED_EDGE('',*,*,#1966,.T.);
#2395 = ORIENTED_EDGE('',*,*,#2029,.T.);
#2396 = ORIENTED_EDGE('',*,*,#2008,.T.);
#2397 = ORIENTED_EDGE('',*,*,#1942,.T.);
#2398 = ORIENTED_EDGE('',*,*,#1879,.T.);
#2399 = ORIENTED_EDGE('',*,*,#1813,.T.);
#2400 = ORIENTED_EDGE('',*,*,#1747,.T.);
#2401 = ORIENTED_EDGE('',*,*,#1684,.T.);
#2402 = ORIENTED_EDGE('',*,*,#1618,.T.);
#2403 = ORIENTED_EDGE('',*,*,#1555,.T.);
#2404 = ORIENTED_EDGE('',*,*,#1492,.T.);
#2405 = ORIENTED_EDGE('',*,*,#1426,.T.);
#2406 = ORIENTED_EDGE('',*,*,#1366,.T.);
#2407 = ORIENTED_EDGE('',*,*,#1300,.T.);
#2408 = FACE_BOUND('',#2409,.F.);
#2409 = EDGE_LOOP('',(#2410,#2411,#2412,#2413,#2414,#2415,#2416,#2417,
    #2418));
#2410 = ORIENTED_EDGE('',*,*,#2062,.T.);
#2411 = ORIENTED_EDGE('',*,*,#2320,.T.);
#2412 = ORIENTED_EDGE('',*,*,#2296,.T.);
#2413 = ORIENTED_EDGE('',*,*,#2266,.T.);
#2414 = ORIENTED_EDGE('',*,*,#2233,.T.);
#2415 = ORIENTED_EDGE('',*,*,#2200,.T.);
#2416 = ORIENTED_EDGE('',*,*,#2167,.T.);
#2417 = ORIENTED_EDGE('',*,*,#2134,.T.);
#2418 = ORIENTED_EDGE('',*,*,#2104,.T.);
#2419 = B_SPLINE_SURFACE_WITH_KNOTS('',1,1,(
    (#2420,#2421)
    ,(#2422,#2423
    )),.UNSPECIFIED.,.F.,.F.,.F.,(2,2),(2,2),(-25.07755601498,
    21.122443985018),(-31.40565398976,38.59434601024),
  .PIECEWISE_BEZIER_KNOTS.);
#2420 = CARTESIAN_POINT('',(35.447885978183,45.541046261645,26.6));
#2421 = CARTESIAN_POINT('',(35.447885978183,54.458953738355,26.6));
#2422 = CARTESIAN_POINT('',(29.562067043554,45.541046261645,26.6));
#2423 = CARTESIAN_POINT('',(29.562067043554,54.458953738355,26.6));
#2424 = MANIFOLD_SOLID_BREP('',#2425);
#2425 = CLOSED_SHELL('',(#2426,#2465,#2498,#2531,#2564,#2594,#2627,#2660
    ,#2693,#2726,#2759,#2792,#2825,#2858,#2891,#2924,#2957,#2990,#3023,
    #3053,#3086,#3119,#3143,#3185,#3218,#3251,#3284,#3317,#3350,#3380,
    #3413,#3437,#3478));
#2426 = ADVANCED_FACE('',(#2427),#2459,.T.);
#2427 = FACE_BOUND('',#2428,.T.);
#2428 = EDGE_LOOP('',(#2429,#2439,#2446,#2454));
#2429 = ORIENTED_EDGE('',*,*,#2430,.T.);
#2430 = EDGE_CURVE('',#2431,#2433,#2435,.T.);
#2431 = VERTEX_POINT('',#2432);
#2432 = CARTESIAN_POINT('',(41.626721872761,48.878891631499,26.));
#2433 = VERTEX_POINT('',#2434);
#2434 = CARTESIAN_POINT('',(41.626721872761,48.878891631499,26.6));
#2435 = LINE('',#2436,#2437);
#2436 = CARTESIAN_POINT('',(41.626721872761,48.878891631499,26.));
#2437 = VECTOR('',#2438,1.);
#2438 = DIRECTION('',(0.,0.,1.));
#2439 = ORIENTED_EDGE('',*,*,#2440,.T.);
#2440 = EDGE_CURVE('',#2433,#2441,#2443,.T.);
#2441 = VERTEX_POINT('',#2442);
#2442 = CARTESIAN_POINT('',(41.613982004937,48.382036786368,26.6));
#2443 = B_SPLINE_CURVE_WITH_KNOTS('',1,(#2444,#2445),.UNSPECIFIED.,.F.,
  .F.,(2,2),(0.,3.901281840626),.PIECEWISE_BEZIER_KNOTS.);
#2444 = CARTESIAN_POINT('',(41.626721872761,48.878891631499,26.6));
#2445 = CARTESIAN_POINT('',(41.613982004937,48.382036786368,26.6));
#2446 = ORIENTED_EDGE('',*,*,#2447,.F.);
#2447 = EDGE_CURVE('',#2448,#2441,#2450,.T.);
#2448 = VERTEX_POINT('',#2449);
#2449 = CARTESIAN_POINT('',(41.613982004937,48.382036786368,26.));
#2450 = LINE('',#2451,#2452);
#2451 = CARTESIAN_POINT('',(41.613982004937,48.382036786368,26.));
#2452 = VECTOR('',#2453,1.);
#2453 = DIRECTION('',(0.,0.,1.));
#2454 = ORIENTED_EDGE('',*,*,#2455,.F.);
#2455 = EDGE_CURVE('',#2431,#2448,#2456,.T.);
#2456 = B_SPLINE_CURVE_WITH_KNOTS('',1,(#2457,#2458),.UNSPECIFIED.,.F.,
  .F.,(2,2),(0.,3.901281840626),.PIECEWISE_BEZIER_KNOTS.);
#2457 = CARTESIAN_POINT('',(41.626721872761,48.878891631499,26.));
#2458 = CARTESIAN_POINT('',(41.613982004937,48.382036786368,26.));
#2459 = SURFACE_OF_LINEAR_EXTRUSION('',#2460,#2463);
#2460 = B_SPLINE_CURVE_WITH_KNOTS('',1,(#2461,#2462),.UNSPECIFIED.,.F.,
  .F.,(2,2),(0.,3.901281840626),.PIECEWISE_BEZIER_KNOTS.);
#2461 = CARTESIAN_POINT('',(41.626721872761,48.878891631499,26.));
#2462 = CARTESIAN_POINT('',(41.613982004937,48.382036786368,26.));
#2463 = VECTOR('',#2464,1.);
#2464 = DIRECTION('',(-0.,-0.,-1.));
#2465 = ADVANCED_FACE('',(#2466),#2491,.T.);
#2466 = FACE_BOUND('',#2467,.T.);
#2467 = EDGE_LOOP('',(#2468,#2478,#2484,#2485));
#2468 = ORIENTED_EDGE('',*,*,#2469,.T.);
#2469 = EDGE_CURVE('',#2470,#2472,#2474,.T.);
#2470 = VERTEX_POINT('',#2471);
#2471 = CARTESIAN_POINT('',(41.588502269289,49.808901982642,26.));
#2472 = VERTEX_POINT('',#2473);
#2473 = CARTESIAN_POINT('',(41.588502269289,49.808901982642,26.6));
#2474 = LINE('',#2475,#2476);
#2475 = CARTESIAN_POINT('',(41.588502269289,49.808901982642,26.));
#2476 = VECTOR('',#2477,1.);
#2477 = DIRECTION('',(0.,0.,1.));
#2478 = ORIENTED_EDGE('',*,*,#2479,.T.);
#2479 = EDGE_CURVE('',#2472,#2433,#2480,.T.);
#2480 = B_SPLINE_CURVE_WITH_KNOTS('',2,(#2481,#2482,#2483),
  .UNSPECIFIED.,.F.,.F.,(3,3),(0.,1.),.PIECEWISE_BEZIER_KNOTS.);
#2481 = CARTESIAN_POINT('',(41.588502269289,49.808901982642,26.6));
#2482 = CARTESIAN_POINT('',(41.626721872761,49.388486344454,26.6));
#2483 = CARTESIAN_POINT('',(41.626721872761,48.878891631499,26.6));
#2484 = ORIENTED_EDGE('',*,*,#2430,.F.);
#2485 = ORIENTED_EDGE('',*,*,#2486,.F.);
#2486 = EDGE_CURVE('',#2470,#2431,#2487,.T.);
#2487 = B_SPLINE_CURVE_WITH_KNOTS('',2,(#2488,#2489,#2490),
  .UNSPECIFIED.,.F.,.F.,(3,3),(0.,1.),.PIECEWISE_BEZIER_KNOTS.);
#2488 = CARTESIAN_POINT('',(41.588502269289,49.808901982642,26.));
#2489 = CARTESIAN_POINT('',(41.626721872761,49.388486344454,26.));
#2490 = CARTESIAN_POINT('',(41.626721872761,48.878891631499,26.));
#2491 = SURFACE_OF_LINEAR_EXTRUSION('',#2492,#2496);
#2492 = B_SPLINE_CURVE_WITH_KNOTS('',2,(#2493,#2494,#2495),
  .UNSPECIFIED.,.F.,.F.,(3,3),(0.,1.),.PIECEWISE_BEZIER_KNOTS.);
#2493 = CARTESIAN_POINT('',(41.588502269289,49.808901982642,26.));
#2494 = CARTESIAN_POINT('',(41.626721872761,49.388486344454,26.));
#2495 = CARTESIAN_POINT('',(41.626721872761,48.878891631499,26.));
#2496 = VECTOR('',#2497,1.);
#2497 = DIRECTION('',(-0.,-0.,-1.));
#2498 = ADVANCED_FACE('',(#2499),#2524,.T.);
#2499 = FACE_BOUND('',#2500,.T.);
#2500 = EDGE_LOOP('',(#2501,#2502,#2510,#2518));
#2501 = ORIENTED_EDGE('',*,*,#2447,.T.);
#2502 = ORIENTED_EDGE('',*,*,#2503,.T.);
#2503 = EDGE_CURVE('',#2441,#2504,#2506,.T.);
#2504 = VERTEX_POINT('',#2505);
#2505 = CARTESIAN_POINT('',(41.46110359105,48.229158372482,26.6));
#2506 = B_SPLINE_CURVE_WITH_KNOTS('',2,(#2507,#2508,#2509),
  .UNSPECIFIED.,.F.,.F.,(3,3),(0.,1.),.PIECEWISE_BEZIER_KNOTS.);
#2507 = CARTESIAN_POINT('',(41.613982004937,48.382036786368,26.6));
#2508 = CARTESIAN_POINT('',(41.613982004937,48.229158372482,26.6));
#2509 = CARTESIAN_POINT('',(41.46110359105,48.229158372482,26.6));
#2510 = ORIENTED_EDGE('',*,*,#2511,.F.);
#2511 = EDGE_CURVE('',#2512,#2504,#2514,.T.);
#2512 = VERTEX_POINT('',#2513);
#2513 = CARTESIAN_POINT('',(41.46110359105,48.229158372482,26.));
#2514 = LINE('',#2515,#2516);
#2515 = CARTESIAN_POINT('',(41.46110359105,48.229158372482,26.));
#2516 = VECTOR('',#2517,1.);
#2517 = DIRECTION('',(0.,0.,1.));
#2518 = ORIENTED_EDGE('',*,*,#2519,.F.);
#2519 = EDGE_CURVE('',#2448,#2512,#2520,.T.);
#2520 = B_SPLINE_CURVE_WITH_KNOTS('',2,(#2521,#2522,#2523),
  .UNSPECIFIED.,.F.,.F.,(3,3),(0.,1.),.PIECEWISE_BEZIER_KNOTS.);
#2521 = CARTESIAN_POINT('',(41.613982004937,48.382036786368,26.));
#2522 = CARTESIAN_POINT('',(41.613982004937,48.229158372482,26.));
#2523 = CARTESIAN_POINT('',(41.46110359105,48.229158372482,26.));
#2524 = SURFACE_OF_LINEAR_EXTRUSION('',#2525,#2529);
#2525 = B_SPLINE_CURVE_WITH_KNOTS('',2,(#2526,#2527,#2528),
  .UNSPECIFIED.,.F.,.F.,(3,3),(0.,1.),.PIECEWISE_BEZIER_KNOTS.);
#2526 = CARTESIAN_POINT('',(41.613982004937,48.382036786368,26.));
#2527 = CARTESIAN_POINT('',(41.613982004937,48.229158372482,26.));
#2528 = CARTESIAN_POINT('',(41.46110359105,48.229158372482,26.));
#2529 = VECTOR('',#2530,1.);
#2530 = DIRECTION('',(-0.,-0.,-1.));
#2531 = ADVANCED_FACE('',(#2532),#2557,.T.);
#2532 = FACE_BOUND('',#2533,.T.);
#2533 = EDGE_LOOP('',(#2534,#2544,#2550,#2551));
#2534 = ORIENTED_EDGE('',*,*,#2535,.T.);
#2535 = EDGE_CURVE('',#2536,#2538,#2540,.T.);
#2536 = VERTEX_POINT('',#2537);
#2537 = CARTESIAN_POINT('',(40.785890596385,51.535154072776,26.));
#2538 = VERTEX_POINT('',#2539);
#2539 = CARTESIAN_POINT('',(40.785890596385,51.535154072776,26.6));
#2540 = LINE('',#2541,#2542);
#2541 = CARTESIAN_POINT('',(40.785890596385,51.535154072776,26.));
#2542 = VECTOR('',#2543,1.);
#2543 = DIRECTION('',(0.,0.,1.));
#2544 = ORIENTED_EDGE('',*,*,#2545,.T.);
#2545 = EDGE_CURVE('',#2538,#2472,#2546,.T.);
#2546 = B_SPLINE_CURVE_WITH_KNOTS('',2,(#2547,#2548,#2549),
  .UNSPECIFIED.,.F.,.F.,(3,3),(0.,1.),.PIECEWISE_BEZIER_KNOTS.);
#2547 = CARTESIAN_POINT('',(40.785890596385,51.535154072776,26.6));
#2548 = CARTESIAN_POINT('',(41.512063062346,50.879050879847,26.6));
#2549 = CARTESIAN_POINT('',(41.588502269289,49.808901982642,26.6));
#2550 = ORIENTED_EDGE('',*,*,#2469,.F.);
#2551 = ORIENTED_EDGE('',*,*,#2552,.F.);
#2552 = EDGE_CURVE('',#2536,#2470,#2553,.T.);
#2553 = B_SPLINE_CURVE_WITH_KNOTS('',2,(#2554,#2555,#2556),
  .UNSPECIFIED.,.F.,.F.,(3,3),(0.,1.),.PIECEWISE_BEZIER_KNOTS.);
#2554 = CARTESIAN_POINT('',(40.785890596385,51.535154072776,26.));
#2555 = CARTESIAN_POINT('',(41.512063062346,50.879050879847,26.));
#2556 = CARTESIAN_POINT('',(41.588502269289,49.808901982642,26.));
#2557 = SURFACE_OF_LINEAR_EXTRUSION('',#2558,#2562);
#2558 = B_SPLINE_CURVE_WITH_KNOTS('',2,(#2559,#2560,#2561),
  .UNSPECIFIED.,.F.,.F.,(3,3),(0.,1.),.PIECEWISE_BEZIER_KNOTS.);
#2559 = CARTESIAN_POINT('',(40.785890596385,51.535154072776,26.));
#2560 = CARTESIAN_POINT('',(41.512063062346,50.879050879847,26.));
#2561 = CARTESIAN_POINT('',(41.588502269289,49.808901982642,26.));
#2562 = VECTOR('',#2563,1.);
#2563 = DIRECTION('',(-0.,-0.,-1.));
#2564 = ADVANCED_FACE('',(#2565),#2588,.T.);
#2565 = FACE_BOUND('',#2566,.T.);
#2566 = EDGE_LOOP('',(#2567,#2568,#2575,#2583));
#2567 = ORIENTED_EDGE('',*,*,#2511,.T.);
#2568 = ORIENTED_EDGE('',*,*,#2569,.T.);
#2569 = EDGE_CURVE('',#2504,#2570,#2572,.T.);
#2570 = VERTEX_POINT('',#2571);
#2571 = CARTESIAN_POINT('',(38.085038617724,48.229158372482,26.6));
#2572 = B_SPLINE_CURVE_WITH_KNOTS('',1,(#2573,#2574),.UNSPECIFIED.,.F.,
  .F.,(2,2),(0.,26.5),.PIECEWISE_BEZIER_KNOTS.);
#2573 = CARTESIAN_POINT('',(41.46110359105,48.229158372482,26.6));
#2574 = CARTESIAN_POINT('',(38.085038617724,48.229158372482,26.6));
#2575 = ORIENTED_EDGE('',*,*,#2576,.F.);
#2576 = EDGE_CURVE('',#2577,#2570,#2579,.T.);
#2577 = VERTEX_POINT('',#2578);
#2578 = CARTESIAN_POINT('',(38.085038617724,48.229158372482,26.));
#2579 = LINE('',#2580,#2581);
#2580 = CARTESIAN_POINT('',(38.085038617724,48.229158372482,26.));
#2581 = VECTOR('',#2582,1.);
#2582 = DIRECTION('',(0.,0.,1.));
#2583 = ORIENTED_EDGE('',*,*,#2584,.F.);
#2584 = EDGE_CURVE('',#2512,#2577,#2585,.T.);
#2585 = B_SPLINE_CURVE_WITH_KNOTS('',1,(#2586,#2587),.UNSPECIFIED.,.F.,
  .F.,(2,2),(0.,26.5),.PIECEWISE_BEZIER_KNOTS.);
#2586 = CARTESIAN_POINT('',(41.46110359105,48.229158372482,26.));
#2587 = CARTESIAN_POINT('',(38.085038617724,48.229158372482,26.));
#2588 = SURFACE_OF_LINEAR_EXTRUSION('',#2589,#2592);
#2589 = B_SPLINE_CURVE_WITH_KNOTS('',1,(#2590,#2591),.UNSPECIFIED.,.F.,
  .F.,(2,2),(0.,26.5),.PIECEWISE_BEZIER_KNOTS.);
#2590 = CARTESIAN_POINT('',(41.46110359105,48.229158372482,26.));
#2591 = CARTESIAN_POINT('',(38.085038617724,48.229158372482,26.));
#2592 = VECTOR('',#2593,1.);
#2593 = DIRECTION('',(-0.,-0.,-1.));
#2594 = ADVANCED_FACE('',(#2595),#2620,.T.);
#2595 = FACE_BOUND('',#2596,.T.);
#2596 = EDGE_LOOP('',(#2597,#2607,#2613,#2614));
#2597 = ORIENTED_EDGE('',*,*,#2598,.T.);
#2598 = EDGE_CURVE('',#2599,#2601,#2603,.T.);
#2599 = VERTEX_POINT('',#2600);
#2600 = CARTESIAN_POINT('',(38.900390158452,52.191257265706,26.));
#2601 = VERTEX_POINT('',#2602);
#2602 = CARTESIAN_POINT('',(38.900390158452,52.191257265706,26.6));
#2603 = LINE('',#2604,#2605);
#2604 = CARTESIAN_POINT('',(38.900390158452,52.191257265706,26.));
#2605 = VECTOR('',#2606,1.);
#2606 = DIRECTION('',(0.,0.,1.));
#2607 = ORIENTED_EDGE('',*,*,#2608,.T.);
#2608 = EDGE_CURVE('',#2601,#2538,#2609,.T.);
#2609 = B_SPLINE_CURVE_WITH_KNOTS('',2,(#2610,#2611,#2612),
  .UNSPECIFIED.,.F.,.F.,(3,3),(0.,1.),.PIECEWISE_BEZIER_KNOTS.);
#2610 = CARTESIAN_POINT('',(38.900390158452,52.191257265706,26.6));
#2611 = CARTESIAN_POINT('',(40.059718130424,52.191257265706,26.6));
#2612 = CARTESIAN_POINT('',(40.785890596385,51.535154072776,26.6));
#2613 = ORIENTED_EDGE('',*,*,#2535,.F.);
#2614 = ORIENTED_EDGE('',*,*,#2615,.F.);
#2615 = EDGE_CURVE('',#2599,#2536,#2616,.T.);
#2616 = B_SPLINE_CURVE_WITH_KNOTS('',2,(#2617,#2618,#2619),
  .UNSPECIFIED.,.F.,.F.,(3,3),(0.,1.),.PIECEWISE_BEZIER_KNOTS.);
#2617 = CARTESIAN_POINT('',(38.900390158452,52.191257265706,26.));
#2618 = CARTESIAN_POINT('',(40.059718130424,52.191257265706,26.));
#2619 = CARTESIAN_POINT('',(40.785890596385,51.535154072776,26.));
#2620 = SURFACE_OF_LINEAR_EXTRUSION('',#2621,#2625);
#2621 = B_SPLINE_CURVE_WITH_KNOTS('',2,(#2622,#2623,#2624),
  .UNSPECIFIED.,.F.,.F.,(3,3),(0.,1.),.PIECEWISE_BEZIER_KNOTS.);
#2622 = CARTESIAN_POINT('',(38.900390158452,52.191257265706,26.));
#2623 = CARTESIAN_POINT('',(40.059718130424,52.191257265706,26.));
#2624 = CARTESIAN_POINT('',(40.785890596385,51.535154072776,26.));
#2625 = VECTOR('',#2626,1.);
#2626 = DIRECTION('',(-0.,-0.,-1.));
#2627 = ADVANCED_FACE('',(#2628),#2653,.T.);
#2628 = FACE_BOUND('',#2629,.T.);
#2629 = EDGE_LOOP('',(#2630,#2631,#2639,#2647));
#2630 = ORIENTED_EDGE('',*,*,#2576,.T.);
#2631 = ORIENTED_EDGE('',*,*,#2632,.T.);
#2632 = EDGE_CURVE('',#2570,#2633,#2635,.T.);
#2633 = VERTEX_POINT('',#2634);
#2634 = CARTESIAN_POINT('',(38.021339278605,48.165459033363,26.6));
#2635 = B_SPLINE_CURVE_WITH_KNOTS('',2,(#2636,#2637,#2638),
  .UNSPECIFIED.,.F.,.F.,(3,3),(0.,1.),.PIECEWISE_BEZIER_KNOTS.);
#2636 = CARTESIAN_POINT('',(38.085038617724,48.229158372482,26.6));
#2637 = CARTESIAN_POINT('',(38.021339278605,48.229158372482,26.6));
#2638 = CARTESIAN_POINT('',(38.021339278605,48.165459033363,26.6));
#2639 = ORIENTED_EDGE('',*,*,#2640,.F.);
#2640 = EDGE_CURVE('',#2641,#2633,#2643,.T.);
#2641 = VERTEX_POINT('',#2642);
#2642 = CARTESIAN_POINT('',(38.021339278605,48.165459033363,26.));
#2643 = LINE('',#2644,#2645);
#2644 = CARTESIAN_POINT('',(38.021339278605,48.165459033363,26.));
#2645 = VECTOR('',#2646,1.);
#2646 = DIRECTION('',(0.,0.,1.));
#2647 = ORIENTED_EDGE('',*,*,#2648,.F.);
#2648 = EDGE_CURVE('',#2577,#2641,#2649,.T.);
#2649 = B_SPLINE_CURVE_WITH_KNOTS('',2,(#2650,#2651,#2652),
  .UNSPECIFIED.,.F.,.F.,(3,3),(0.,1.),.PIECEWISE_BEZIER_KNOTS.);
#2650 = CARTESIAN_POINT('',(38.085038617724,48.229158372482,26.));
#2651 = CARTESIAN_POINT('',(38.021339278605,48.229158372482,26.));
#2652 = CARTESIAN_POINT('',(38.021339278605,48.165459033363,26.));
#2653 = SURFACE_OF_LINEAR_EXTRUSION('',#2654,#2658);
#2654 = B_SPLINE_CURVE_WITH_KNOTS('',2,(#2655,#2656,#2657),
  .UNSPECIFIED.,.F.,.F.,(3,3),(0.,1.),.PIECEWISE_BEZIER_KNOTS.);
#2655 = CARTESIAN_POINT('',(38.085038617724,48.229158372482,26.));
#2656 = CARTESIAN_POINT('',(38.021339278605,48.229158372482,26.));
#2657 = CARTESIAN_POINT('',(38.021339278605,48.165459033363,26.));
#2658 = VECTOR('',#2659,1.);
#2659 = DIRECTION('',(-0.,-0.,-1.));
#2660 = ADVANCED_FACE('',(#2661),#2686,.T.);
#2661 = FACE_BOUND('',#2662,.T.);
#2662 = EDGE_LOOP('',(#2663,#2673,#2679,#2680));
#2663 = ORIENTED_EDGE('',*,*,#2664,.T.);
#2664 = EDGE_CURVE('',#2665,#2667,#2669,.T.);
#2665 = VERTEX_POINT('',#2666);
#2666 = CARTESIAN_POINT('',(37.129548530934,51.61159327972,26.));
#2667 = VERTEX_POINT('',#2668);
#2668 = CARTESIAN_POINT('',(37.129548530934,51.61159327972,26.6));
#2669 = LINE('',#2670,#2671);
#2670 = CARTESIAN_POINT('',(37.129548530934,51.61159327972,26.));
#2671 = VECTOR('',#2672,1.);
#2672 = DIRECTION('',(0.,0.,1.));
#2673 = ORIENTED_EDGE('',*,*,#2674,.T.);
#2674 = EDGE_CURVE('',#2667,#2601,#2675,.T.);
#2675 = B_SPLINE_CURVE_WITH_KNOTS('',2,(#2676,#2677,#2678),
  .UNSPECIFIED.,.F.,.F.,(3,3),(0.,1.),.PIECEWISE_BEZIER_KNOTS.);
#2676 = CARTESIAN_POINT('',(37.129548530934,51.61159327972,26.6));
#2677 = CARTESIAN_POINT('',(37.830241261247,52.191257265706,26.6));
#2678 = CARTESIAN_POINT('',(38.900390158452,52.191257265706,26.6));
#2679 = ORIENTED_EDGE('',*,*,#2598,.F.);
#2680 = ORIENTED_EDGE('',*,*,#2681,.F.);
#2681 = EDGE_CURVE('',#2665,#2599,#2682,.T.);
#2682 = B_SPLINE_CURVE_WITH_KNOTS('',2,(#2683,#2684,#2685),
  .UNSPECIFIED.,.F.,.F.,(3,3),(0.,1.),.PIECEWISE_BEZIER_KNOTS.);
#2683 = CARTESIAN_POINT('',(37.129548530934,51.61159327972,26.));
#2684 = CARTESIAN_POINT('',(37.830241261247,52.191257265706,26.));
#2685 = CARTESIAN_POINT('',(38.900390158452,52.191257265706,26.));
#2686 = SURFACE_OF_LINEAR_EXTRUSION('',#2687,#2691);
#2687 = B_SPLINE_CURVE_WITH_KNOTS('',2,(#2688,#2689,#2690),
  .UNSPECIFIED.,.F.,.F.,(3,3),(0.,1.),.PIECEWISE_BEZIER_KNOTS.);
#2688 = CARTESIAN_POINT('',(37.129548530934,51.61159327972,26.));
#2689 = CARTESIAN_POINT('',(37.830241261247,52.191257265706,26.));
#2690 = CARTESIAN_POINT('',(38.900390158452,52.191257265706,26.));
#2691 = VECTOR('',#2692,1.);
#2692 = DIRECTION('',(-0.,-0.,-1.));
#2693 = ADVANCED_FACE('',(#2694),#2719,.T.);
#2694 = FACE_BOUND('',#2695,.T.);
#2695 = EDGE_LOOP('',(#2696,#2697,#2705,#2713));
#2696 = ORIENTED_EDGE('',*,*,#2640,.T.);
#2697 = ORIENTED_EDGE('',*,*,#2698,.T.);
#2698 = EDGE_CURVE('',#2633,#2699,#2701,.T.);
#2699 = VERTEX_POINT('',#2700);
#2700 = CARTESIAN_POINT('',(38.0722987499,47.732303527351,26.6));
#2701 = B_SPLINE_CURVE_WITH_KNOTS('',2,(#2702,#2703,#2704),
  .UNSPECIFIED.,.F.,.F.,(3,3),(0.,1.),.PIECEWISE_BEZIER_KNOTS.);
#2702 = CARTESIAN_POINT('',(38.021339278605,48.165459033363,26.6));
#2703 = CARTESIAN_POINT('',(38.046819014253,47.872442073413,26.6));
#2704 = CARTESIAN_POINT('',(38.0722987499,47.732303527351,26.6));
#2705 = ORIENTED_EDGE('',*,*,#2706,.F.);
#2706 = EDGE_CURVE('',#2707,#2699,#2709,.T.);
#2707 = VERTEX_POINT('',#2708);
#2708 = CARTESIAN_POINT('',(38.0722987499,47.732303527351,26.));
#2709 = LINE('',#2710,#2711);
#2710 = CARTESIAN_POINT('',(38.0722987499,47.732303527351,26.));
#2711 = VECTOR('',#2712,1.);
#2712 = DIRECTION('',(0.,0.,1.));
#2713 = ORIENTED_EDGE('',*,*,#2714,.F.);
#2714 = EDGE_CURVE('',#2641,#2707,#2715,.T.);
#2715 = B_SPLINE_CURVE_WITH_KNOTS('',2,(#2716,#2717,#2718),
  .UNSPECIFIED.,.F.,.F.,(3,3),(0.,1.),.PIECEWISE_BEZIER_KNOTS.);
#2716 = CARTESIAN_POINT('',(38.021339278605,48.165459033363,26.));
#2717 = CARTESIAN_POINT('',(38.046819014253,47.872442073413,26.));
#2718 = CARTESIAN_POINT('',(38.0722987499,47.732303527351,26.));
#2719 = SURFACE_OF_LINEAR_EXTRUSION('',#2720,#2724);
#2720 = B_SPLINE_CURVE_WITH_KNOTS('',2,(#2721,#2722,#2723),
  .UNSPECIFIED.,.F.,.F.,(3,3),(0.,1.),.PIECEWISE_BEZIER_KNOTS.);
#2721 = CARTESIAN_POINT('',(38.021339278605,48.165459033363,26.));
#2722 = CARTESIAN_POINT('',(38.046819014253,47.872442073413,26.));
#2723 = CARTESIAN_POINT('',(38.0722987499,47.732303527351,26.));
#2724 = VECTOR('',#2725,1.);
#2725 = DIRECTION('',(-0.,-0.,-1.));
#2726 = ADVANCED_FACE('',(#2727),#2752,.T.);
#2727 = FACE_BOUND('',#2728,.T.);
#2728 = EDGE_LOOP('',(#2729,#2739,#2745,#2746));
#2729 = ORIENTED_EDGE('',*,*,#2730,.T.);
#2730 = EDGE_CURVE('',#2731,#2733,#2735,.T.);
#2731 = VERTEX_POINT('',#2732);
#2732 = CARTESIAN_POINT('',(36.288717254558,50.063699339119,26.));
#2733 = VERTEX_POINT('',#2734);
#2734 = CARTESIAN_POINT('',(36.288717254558,50.063699339119,26.6));
#2735 = LINE('',#2736,#2737);
#2736 = CARTESIAN_POINT('',(36.288717254558,50.063699339119,26.));
#2737 = VECTOR('',#2738,1.);
#2738 = DIRECTION('',(0.,0.,1.));
#2739 = ORIENTED_EDGE('',*,*,#2740,.T.);
#2740 = EDGE_CURVE('',#2733,#2667,#2741,.T.);
#2741 = B_SPLINE_CURVE_WITH_KNOTS('',2,(#2742,#2743,#2744),
  .UNSPECIFIED.,.F.,.F.,(3,3),(0.,1.),.PIECEWISE_BEZIER_KNOTS.);
#2742 = CARTESIAN_POINT('',(36.288717254558,50.063699339119,26.6));
#2743 = CARTESIAN_POINT('',(36.428855800621,51.031929293734,26.6));
#2744 = CARTESIAN_POINT('',(37.129548530934,51.61159327972,26.6));
#2745 = ORIENTED_EDGE('',*,*,#2664,.F.);
#2746 = ORIENTED_EDGE('',*,*,#2747,.F.);
#2747 = EDGE_CURVE('',#2731,#2665,#2748,.T.);
#2748 = B_SPLINE_CURVE_WITH_KNOTS('',2,(#2749,#2750,#2751),
  .UNSPECIFIED.,.F.,.F.,(3,3),(0.,1.),.PIECEWISE_BEZIER_KNOTS.);
#2749 = CARTESIAN_POINT('',(36.288717254558,50.063699339119,26.));
#2750 = CARTESIAN_POINT('',(36.428855800621,51.031929293734,26.));
#2751 = CARTESIAN_POINT('',(37.129548530934,51.61159327972,26.));
#2752 = SURFACE_OF_LINEAR_EXTRUSION('',#2753,#2757);
#2753 = B_SPLINE_CURVE_WITH_KNOTS('',2,(#2754,#2755,#2756),
  .UNSPECIFIED.,.F.,.F.,(3,3),(0.,1.),.PIECEWISE_BEZIER_KNOTS.);
#2754 = CARTESIAN_POINT('',(36.288717254558,50.063699339119,26.));
#2755 = CARTESIAN_POINT('',(36.428855800621,51.031929293734,26.));
#2756 = CARTESIAN_POINT('',(37.129548530934,51.61159327972,26.));
#2757 = VECTOR('',#2758,1.);
#2758 = DIRECTION('',(-0.,-0.,-1.));
#2759 = ADVANCED_FACE('',(#2760),#2785,.T.);
#2760 = FACE_BOUND('',#2761,.T.);
#2761 = EDGE_LOOP('',(#2762,#2763,#2771,#2779));
#2762 = ORIENTED_EDGE('',*,*,#2706,.T.);
#2763 = ORIENTED_EDGE('',*,*,#2764,.T.);
#2764 = EDGE_CURVE('',#2699,#2765,#2767,.T.);
#2765 = VERTEX_POINT('',#2766);
#2766 = CARTESIAN_POINT('',(38.384425511585,47.171749343101,26.6));
#2767 = B_SPLINE_CURVE_WITH_KNOTS('',2,(#2768,#2769,#2770),
  .UNSPECIFIED.,.F.,.F.,(3,3),(0.,1.),.PIECEWISE_BEZIER_KNOTS.);
#2768 = CARTESIAN_POINT('',(38.0722987499,47.732303527351,26.6));
#2769 = CARTESIAN_POINT('',(38.13599808902,47.375587228283,26.6));
#2770 = CARTESIAN_POINT('',(38.384425511585,47.171749343101,26.6));
#2771 = ORIENTED_EDGE('',*,*,#2772,.F.);
#2772 = EDGE_CURVE('',#2773,#2765,#2775,.T.);
#2773 = VERTEX_POINT('',#2774);
#2774 = CARTESIAN_POINT('',(38.384425511585,47.171749343101,26.));
#2775 = LINE('',#2776,#2777);
#2776 = CARTESIAN_POINT('',(38.384425511585,47.171749343101,26.));
#2777 = VECTOR('',#2778,1.);
#2778 = DIRECTION('',(0.,0.,1.));
#2779 = ORIENTED_EDGE('',*,*,#2780,.F.);
#2780 = EDGE_CURVE('',#2707,#2773,#2781,.T.);
#2781 = B_SPLINE_CURVE_WITH_KNOTS('',2,(#2782,#2783,#2784),
  .UNSPECIFIED.,.F.,.F.,(3,3),(0.,1.),.PIECEWISE_BEZIER_KNOTS.);
#2782 = CARTESIAN_POINT('',(38.0722987499,47.732303527351,26.));
#2783 = CARTESIAN_POINT('',(38.13599808902,47.375587228283,26.));
#2784 = CARTESIAN_POINT('',(38.384425511585,47.171749343101,26.));
#2785 = SURFACE_OF_LINEAR_EXTRUSION('',#2786,#2790);
#2786 = B_SPLINE_CURVE_WITH_KNOTS('',2,(#2787,#2788,#2789),
  .UNSPECIFIED.,.F.,.F.,(3,3),(0.,1.),.PIECEWISE_BEZIER_KNOTS.);
#2787 = CARTESIAN_POINT('',(38.0722987499,47.732303527351,26.));
#2788 = CARTESIAN_POINT('',(38.13599808902,47.375587228283,26.));
#2789 = CARTESIAN_POINT('',(38.384425511585,47.171749343101,26.));
#2790 = VECTOR('',#2791,1.);
#2791 = DIRECTION('',(-0.,-0.,-1.));
#2792 = ADVANCED_FACE('',(#2793),#2818,.T.);
#2793 = FACE_BOUND('',#2794,.T.);
#2794 = EDGE_LOOP('',(#2795,#2805,#2811,#2812));
#2795 = ORIENTED_EDGE('',*,*,#2796,.T.);
#2796 = EDGE_CURVE('',#2797,#2799,#2801,.T.);
#2797 = VERTEX_POINT('',#2798);
#2798 = CARTESIAN_POINT('',(36.212278047615,49.031770045386,26.));
#2799 = VERTEX_POINT('',#2800);
#2800 = CARTESIAN_POINT('',(36.212278047615,49.031770045386,26.6));
#2801 = LINE('',#2802,#2803);
#2802 = CARTESIAN_POINT('',(36.212278047615,49.031770045386,26.));
#2803 = VECTOR('',#2804,1.);
#2804 = DIRECTION('',(0.,0.,1.));
#2805 = ORIENTED_EDGE('',*,*,#2806,.T.);
#2806 = EDGE_CURVE('',#2799,#2733,#2807,.T.);
#2807 = B_SPLINE_CURVE_WITH_KNOTS('',2,(#2808,#2809,#2810),
  .UNSPECIFIED.,.F.,.F.,(3,3),(0.,1.),.PIECEWISE_BEZIER_KNOTS.);
#2808 = CARTESIAN_POINT('',(36.212278047615,49.031770045386,26.6));
#2809 = CARTESIAN_POINT('',(36.212278047615,49.643283700932,26.6));
#2810 = CARTESIAN_POINT('',(36.288717254558,50.063699339119,26.6));
#2811 = ORIENTED_EDGE('',*,*,#2730,.F.);
#2812 = ORIENTED_EDGE('',*,*,#2813,.F.);
#2813 = EDGE_CURVE('',#2797,#2731,#2814,.T.);
#2814 = B_SPLINE_CURVE_WITH_KNOTS('',2,(#2815,#2816,#2817),
  .UNSPECIFIED.,.F.,.F.,(3,3),(0.,1.),.PIECEWISE_BEZIER_KNOTS.);
#2815 = CARTESIAN_POINT('',(36.212278047615,49.031770045386,26.));
#2816 = CARTESIAN_POINT('',(36.212278047615,49.643283700932,26.));
#2817 = CARTESIAN_POINT('',(36.288717254558,50.063699339119,26.));
#2818 = SURFACE_OF_LINEAR_EXTRUSION('',#2819,#2823);
#2819 = B_SPLINE_CURVE_WITH_KNOTS('',2,(#2820,#2821,#2822),
  .UNSPECIFIED.,.F.,.F.,(3,3),(0.,1.),.PIECEWISE_BEZIER_KNOTS.);
#2820 = CARTESIAN_POINT('',(36.212278047615,49.031770045386,26.));
#2821 = CARTESIAN_POINT('',(36.212278047615,49.643283700932,26.));
#2822 = CARTESIAN_POINT('',(36.288717254558,50.063699339119,26.));
#2823 = VECTOR('',#2824,1.);
#2824 = DIRECTION('',(-0.,-0.,-1.));
#2825 = ADVANCED_FACE('',(#2826),#2851,.T.);
#2826 = FACE_BOUND('',#2827,.T.);
#2827 = EDGE_LOOP('',(#2828,#2829,#2837,#2845));
#2828 = ORIENTED_EDGE('',*,*,#2772,.T.);
#2829 = ORIENTED_EDGE('',*,*,#2830,.T.);
#2830 = EDGE_CURVE('',#2765,#2831,#2833,.T.);
#2831 = VERTEX_POINT('',#2832);
#2832 = CARTESIAN_POINT('',(39.002309101043,46.967911457919,26.6));
#2833 = B_SPLINE_CURVE_WITH_KNOTS('',2,(#2834,#2835,#2836),
  .UNSPECIFIED.,.F.,.F.,(3,3),(0.,1.),.PIECEWISE_BEZIER_KNOTS.);
#2834 = CARTESIAN_POINT('',(38.384425511585,47.171749343101,26.6));
#2835 = CARTESIAN_POINT('',(38.632852934151,46.967911457919,26.6));
#2836 = CARTESIAN_POINT('',(39.002309101043,46.967911457919,26.6));
#2837 = ORIENTED_EDGE('',*,*,#2838,.F.);
#2838 = EDGE_CURVE('',#2839,#2831,#2841,.T.);
#2839 = VERTEX_POINT('',#2840);
#2840 = CARTESIAN_POINT('',(39.002309101043,46.967911457919,26.));
#2841 = LINE('',#2842,#2843);
#2842 = CARTESIAN_POINT('',(39.002309101043,46.967911457919,26.));
#2843 = VECTOR('',#2844,1.);
#2844 = DIRECTION('',(0.,0.,1.));
#2845 = ORIENTED_EDGE('',*,*,#2846,.F.);
#2846 = EDGE_CURVE('',#2773,#2839,#2847,.T.);
#2847 = B_SPLINE_CURVE_WITH_KNOTS('',2,(#2848,#2849,#2850),
  .UNSPECIFIED.,.F.,.F.,(3,3),(0.,1.),.PIECEWISE_BEZIER_KNOTS.);
#2848 = CARTESIAN_POINT('',(38.384425511585,47.171749343101,26.));
#2849 = CARTESIAN_POINT('',(38.632852934151,46.967911457919,26.));
#2850 = CARTESIAN_POINT('',(39.002309101043,46.967911457919,26.));
#2851 = SURFACE_OF_LINEAR_EXTRUSION('',#2852,#2856);
#2852 = B_SPLINE_CURVE_WITH_KNOTS('',2,(#2853,#2854,#2855),
  .UNSPECIFIED.,.F.,.F.,(3,3),(0.,1.),.PIECEWISE_BEZIER_KNOTS.);
#2853 = CARTESIAN_POINT('',(38.384425511585,47.171749343101,26.));
#2854 = CARTESIAN_POINT('',(38.632852934151,46.967911457919,26.));
#2855 = CARTESIAN_POINT('',(39.002309101043,46.967911457919,26.));
#2856 = VECTOR('',#2857,1.);
#2857 = DIRECTION('',(-0.,-0.,-1.));
#2858 = ADVANCED_FACE('',(#2859),#2884,.T.);
#2859 = FACE_BOUND('',#2860,.T.);
#2860 = EDGE_LOOP('',(#2861,#2871,#2877,#2878));
#2861 = ORIENTED_EDGE('',*,*,#2862,.T.);
#2862 = EDGE_CURVE('',#2863,#2865,#2867,.T.);
#2863 = VERTEX_POINT('',#2864);
#2864 = CARTESIAN_POINT('',(36.32693685803,47.439286567402,26.));
#2865 = VERTEX_POINT('',#2866);
#2866 = CARTESIAN_POINT('',(36.32693685803,47.439286567402,26.6));
#2867 = LINE('',#2868,#2869);
#2868 = CARTESIAN_POINT('',(36.32693685803,47.439286567402,26.));
#2869 = VECTOR('',#2870,1.);
#2870 = DIRECTION('',(0.,0.,1.));
#2871 = ORIENTED_EDGE('',*,*,#2872,.T.);
#2872 = EDGE_CURVE('',#2865,#2799,#2873,.T.);
#2873 = B_SPLINE_CURVE_WITH_KNOTS('',2,(#2874,#2875,#2876),
  .UNSPECIFIED.,.F.,.F.,(3,3),(0.,1.),.PIECEWISE_BEZIER_KNOTS.);
#2874 = CARTESIAN_POINT('',(36.32693685803,47.439286567402,26.6));
#2875 = CARTESIAN_POINT('',(36.212278047615,47.961621148181,26.6));
#2876 = CARTESIAN_POINT('',(36.212278047615,49.031770045386,26.6));
#2877 = ORIENTED_EDGE('',*,*,#2796,.F.);
#2878 = ORIENTED_EDGE('',*,*,#2879,.F.);
#2879 = EDGE_CURVE('',#2863,#2797,#2880,.T.);
#2880 = B_SPLINE_CURVE_WITH_KNOTS('',2,(#2881,#2882,#2883),
  .UNSPECIFIED.,.F.,.F.,(3,3),(0.,1.),.PIECEWISE_BEZIER_KNOTS.);
#2881 = CARTESIAN_POINT('',(36.32693685803,47.439286567402,26.));
#2882 = CARTESIAN_POINT('',(36.212278047615,47.961621148181,26.));
#2883 = CARTESIAN_POINT('',(36.212278047615,49.031770045386,26.));
#2884 = SURFACE_OF_LINEAR_EXTRUSION('',#2885,#2889);
#2885 = B_SPLINE_CURVE_WITH_KNOTS('',2,(#2886,#2887,#2888),
  .UNSPECIFIED.,.F.,.F.,(3,3),(0.,1.),.PIECEWISE_BEZIER_KNOTS.);
#2886 = CARTESIAN_POINT('',(36.32693685803,47.439286567402,26.));
#2887 = CARTESIAN_POINT('',(36.212278047615,47.961621148181,26.));
#2888 = CARTESIAN_POINT('',(36.212278047615,49.031770045386,26.));
#2889 = VECTOR('',#2890,1.);
#2890 = DIRECTION('',(-0.,-0.,-1.));
#2891 = ADVANCED_FACE('',(#2892),#2917,.T.);
#2892 = FACE_BOUND('',#2893,.T.);
#2893 = EDGE_LOOP('',(#2894,#2895,#2903,#2911));
#2894 = ORIENTED_EDGE('',*,*,#2838,.T.);
#2895 = ORIENTED_EDGE('',*,*,#2896,.T.);
#2896 = EDGE_CURVE('',#2831,#2897,#2899,.T.);
#2897 = VERTEX_POINT('',#2898);
#2898 = CARTESIAN_POINT('',(39.868620113066,47.541205509993,26.6));
#2899 = B_SPLINE_CURVE_WITH_KNOTS('',2,(#2900,#2901,#2902),
  .UNSPECIFIED.,.F.,.F.,(3,3),(0.,1.),.PIECEWISE_BEZIER_KNOTS.);
#2900 = CARTESIAN_POINT('',(39.002309101043,46.967911457919,26.6));
#2901 = CARTESIAN_POINT('',(39.626562624413,46.980651325742,26.6));
#2902 = CARTESIAN_POINT('',(39.868620113066,47.541205509993,26.6));
#2903 = ORIENTED_EDGE('',*,*,#2904,.F.);
#2904 = EDGE_CURVE('',#2905,#2897,#2907,.T.);
#2905 = VERTEX_POINT('',#2906);
#2906 = CARTESIAN_POINT('',(39.868620113066,47.541205509993,26.));
#2907 = LINE('',#2908,#2909);
#2908 = CARTESIAN_POINT('',(39.868620113066,47.541205509993,26.));
#2909 = VECTOR('',#2910,1.);
#2910 = DIRECTION('',(0.,0.,1.));
#2911 = ORIENTED_EDGE('',*,*,#2912,.F.);
#2912 = EDGE_CURVE('',#2839,#2905,#2913,.T.);
#2913 = B_SPLINE_CURVE_WITH_KNOTS('',2,(#2914,#2915,#2916),
  .UNSPECIFIED.,.F.,.F.,(3,3),(0.,1.),.PIECEWISE_BEZIER_KNOTS.);
#2914 = CARTESIAN_POINT('',(39.002309101043,46.967911457919,26.));
#2915 = CARTESIAN_POINT('',(39.626562624413,46.980651325742,26.));
#2916 = CARTESIAN_POINT('',(39.868620113066,47.541205509993,26.));
#2917 = SURFACE_OF_LINEAR_EXTRUSION('',#2918,#2922);
#2918 = B_SPLINE_CURVE_WITH_KNOTS('',2,(#2919,#2920,#2921),
  .UNSPECIFIED.,.F.,.F.,(3,3),(0.,1.),.PIECEWISE_BEZIER_KNOTS.);
#2919 = CARTESIAN_POINT('',(39.002309101043,46.967911457919,26.));
#2920 = CARTESIAN_POINT('',(39.626562624413,46.980651325742,26.));
#2921 = CARTESIAN_POINT('',(39.868620113066,47.541205509993,26.));
#2922 = VECTOR('',#2923,1.);
#2923 = DIRECTION('',(-0.,-0.,-1.));
#2924 = ADVANCED_FACE('',(#2925),#2950,.T.);
#2925 = FACE_BOUND('',#2926,.T.);
#2926 = EDGE_LOOP('',(#2927,#2937,#2943,#2944));
#2927 = ORIENTED_EDGE('',*,*,#2928,.T.);
#2928 = EDGE_CURVE('',#2929,#2931,#2933,.T.);
#2929 = VERTEX_POINT('',#2930);
#2930 = CARTESIAN_POINT('',(37.199617803965,45.955091965921,26.));
#2931 = VERTEX_POINT('',#2932);
#2932 = CARTESIAN_POINT('',(37.199617803965,45.955091965921,26.6));
#2933 = LINE('',#2934,#2935);
#2934 = CARTESIAN_POINT('',(37.199617803965,45.955091965921,26.));
#2935 = VECTOR('',#2936,1.);
#2936 = DIRECTION('',(0.,0.,1.));
#2937 = ORIENTED_EDGE('',*,*,#2938,.T.);
#2938 = EDGE_CURVE('',#2931,#2865,#2939,.T.);
#2939 = B_SPLINE_CURVE_WITH_KNOTS('',2,(#2940,#2941,#2942),
  .UNSPECIFIED.,.F.,.F.,(3,3),(0.,1.),.PIECEWISE_BEZIER_KNOTS.);
#2940 = CARTESIAN_POINT('',(37.199617803965,45.955091965921,26.6));
#2941 = CARTESIAN_POINT('',(36.530774743212,46.471056612788,26.6));
#2942 = CARTESIAN_POINT('',(36.32693685803,47.439286567402,26.6));
#2943 = ORIENTED_EDGE('',*,*,#2862,.F.);
#2944 = ORIENTED_EDGE('',*,*,#2945,.F.);
#2945 = EDGE_CURVE('',#2929,#2863,#2946,.T.);
#2946 = B_SPLINE_CURVE_WITH_KNOTS('',2,(#2947,#2948,#2949),
  .UNSPECIFIED.,.F.,.F.,(3,3),(0.,1.),.PIECEWISE_BEZIER_KNOTS.);
#2947 = CARTESIAN_POINT('',(37.199617803965,45.955091965921,26.));
#2948 = CARTESIAN_POINT('',(36.530774743212,46.471056612788,26.));
#2949 = CARTESIAN_POINT('',(36.32693685803,47.439286567402,26.));
#2950 = SURFACE_OF_LINEAR_EXTRUSION('',#2951,#2955);
#2951 = B_SPLINE_CURVE_WITH_KNOTS('',2,(#2952,#2953,#2954),
  .UNSPECIFIED.,.F.,.F.,(3,3),(0.,1.),.PIECEWISE_BEZIER_KNOTS.);
#2952 = CARTESIAN_POINT('',(37.199617803965,45.955091965921,26.));
#2953 = CARTESIAN_POINT('',(36.530774743212,46.471056612788,26.));
#2954 = CARTESIAN_POINT('',(36.32693685803,47.439286567402,26.));
#2955 = VECTOR('',#2956,1.);
#2956 = DIRECTION('',(-0.,-0.,-1.));
#2957 = ADVANCED_FACE('',(#2958),#2983,.T.);
#2958 = FACE_BOUND('',#2959,.T.);
#2959 = EDGE_LOOP('',(#2960,#2961,#2969,#2977));
#2960 = ORIENTED_EDGE('',*,*,#2904,.T.);
#2961 = ORIENTED_EDGE('',*,*,#2962,.T.);
#2962 = EDGE_CURVE('',#2897,#2963,#2965,.T.);
#2963 = VERTEX_POINT('',#2964);
#2964 = CARTESIAN_POINT('',(40.059718130424,47.643124452584,26.6));
#2965 = B_SPLINE_CURVE_WITH_KNOTS('',2,(#2966,#2967,#2968),
  .UNSPECIFIED.,.F.,.F.,(3,3),(0.,1.),.PIECEWISE_BEZIER_KNOTS.);
#2966 = CARTESIAN_POINT('',(39.868620113066,47.541205509993,26.6));
#2967 = CARTESIAN_POINT('',(39.932319452186,47.668604188232,26.6));
#2968 = CARTESIAN_POINT('',(40.059718130424,47.643124452584,26.6));
#2969 = ORIENTED_EDGE('',*,*,#2970,.F.);
#2970 = EDGE_CURVE('',#2971,#2963,#2973,.T.);
#2971 = VERTEX_POINT('',#2972);
#2972 = CARTESIAN_POINT('',(40.059718130424,47.643124452584,26.));
#2973 = LINE('',#2974,#2975);
#2974 = CARTESIAN_POINT('',(40.059718130424,47.643124452584,26.));
#2975 = VECTOR('',#2976,1.);
#2976 = DIRECTION('',(0.,0.,1.));
#2977 = ORIENTED_EDGE('',*,*,#2978,.F.);
#2978 = EDGE_CURVE('',#2905,#2971,#2979,.T.);
#2979 = B_SPLINE_CURVE_WITH_KNOTS('',2,(#2980,#2981,#2982),
  .UNSPECIFIED.,.F.,.F.,(3,3),(0.,1.),.PIECEWISE_BEZIER_KNOTS.);
#2980 = CARTESIAN_POINT('',(39.868620113066,47.541205509993,26.));
#2981 = CARTESIAN_POINT('',(39.932319452186,47.668604188232,26.));
#2982 = CARTESIAN_POINT('',(40.059718130424,47.643124452584,26.));
#2983 = SURFACE_OF_LINEAR_EXTRUSION('',#2984,#2988);
#2984 = B_SPLINE_CURVE_WITH_KNOTS('',2,(#2985,#2986,#2987),
  .UNSPECIFIED.,.F.,.F.,(3,3),(0.,1.),.PIECEWISE_BEZIER_KNOTS.);
#2985 = CARTESIAN_POINT('',(39.868620113066,47.541205509993,26.));
#2986 = CARTESIAN_POINT('',(39.932319452186,47.668604188232,26.));
#2987 = CARTESIAN_POINT('',(40.059718130424,47.643124452584,26.));
#2988 = VECTOR('',#2989,1.);
#2989 = DIRECTION('',(-0.,-0.,-1.));
#2990 = ADVANCED_FACE('',(#2991),#3016,.T.);
#2991 = FACE_BOUND('',#2992,.T.);
#2992 = EDGE_LOOP('',(#2993,#3003,#3009,#3010));
#2993 = ORIENTED_EDGE('',*,*,#2994,.T.);
#2994 = EDGE_CURVE('',#2995,#2997,#2999,.T.);
#2995 = VERTEX_POINT('',#2996);
#2996 = CARTESIAN_POINT('',(39.002309101043,45.439127319054,26.));
#2997 = VERTEX_POINT('',#2998);
#2998 = CARTESIAN_POINT('',(39.002309101043,45.439127319054,26.6));
#2999 = LINE('',#3000,#3001);
#3000 = CARTESIAN_POINT('',(39.002309101043,45.439127319054,26.));
#3001 = VECTOR('',#3002,1.);
#3002 = DIRECTION('',(0.,0.,1.));
#3003 = ORIENTED_EDGE('',*,*,#3004,.T.);
#3004 = EDGE_CURVE('',#2997,#2931,#3005,.T.);
#3005 = B_SPLINE_CURVE_WITH_KNOTS('',2,(#3006,#3007,#3008),
  .UNSPECIFIED.,.F.,.F.,(3,3),(0.,1.),.PIECEWISE_BEZIER_KNOTS.);
#3006 = CARTESIAN_POINT('',(39.002309101043,45.439127319054,26.6));
#3007 = CARTESIAN_POINT('',(37.868460864719,45.439127319054,26.6));
#3008 = CARTESIAN_POINT('',(37.199617803965,45.955091965921,26.6));
#3009 = ORIENTED_EDGE('',*,*,#2928,.F.);
#3010 = ORIENTED_EDGE('',*,*,#3011,.F.);
#3011 = EDGE_CURVE('',#2995,#2929,#3012,.T.);
#3012 = B_SPLINE_CURVE_WITH_KNOTS('',2,(#3013,#3014,#3015),
  .UNSPECIFIED.,.F.,.F.,(3,3),(0.,1.),.PIECEWISE_BEZIER_KNOTS.);
#3013 = CARTESIAN_POINT('',(39.002309101043,45.439127319054,26.));
#3014 = CARTESIAN_POINT('',(37.868460864719,45.439127319054,26.));
#3015 = CARTESIAN_POINT('',(37.199617803965,45.955091965921,26.));
#3016 = SURFACE_OF_LINEAR_EXTRUSION('',#3017,#3021);
#3017 = B_SPLINE_CURVE_WITH_KNOTS('',2,(#3018,#3019,#3020),
  .UNSPECIFIED.,.F.,.F.,(3,3),(0.,1.),.PIECEWISE_BEZIER_KNOTS.);
#3018 = CARTESIAN_POINT('',(39.002309101043,45.439127319054,26.));
#3019 = CARTESIAN_POINT('',(37.868460864719,45.439127319054,26.));
#3020 = CARTESIAN_POINT('',(37.199617803965,45.955091965921,26.));
#3021 = VECTOR('',#3022,1.);
#3022 = DIRECTION('',(-0.,-0.,-1.));
#3023 = ADVANCED_FACE('',(#3024),#3047,.T.);
#3024 = FACE_BOUND('',#3025,.T.);
#3025 = EDGE_LOOP('',(#3026,#3027,#3034,#3042));
#3026 = ORIENTED_EDGE('',*,*,#2970,.T.);
#3027 = ORIENTED_EDGE('',*,*,#3028,.T.);
#3028 = EDGE_CURVE('',#2963,#3029,#3031,.T.);
#3029 = VERTEX_POINT('',#3030);
#3030 = CARTESIAN_POINT('',(41.410144119755,47.375587228283,26.6));
#3031 = B_SPLINE_CURVE_WITH_KNOTS('',1,(#3032,#3033),.UNSPECIFIED.,.F.,
  .F.,(2,2),(0.,10.806016842482),.PIECEWISE_BEZIER_KNOTS.);
#3032 = CARTESIAN_POINT('',(40.059718130424,47.643124452584,26.6));
#3033 = CARTESIAN_POINT('',(41.410144119755,47.375587228283,26.6));
#3034 = ORIENTED_EDGE('',*,*,#3035,.F.);
#3035 = EDGE_CURVE('',#3036,#3029,#3038,.T.);
#3036 = VERTEX_POINT('',#3037);
#3037 = CARTESIAN_POINT('',(41.410144119755,47.375587228283,26.));
#3038 = LINE('',#3039,#3040);
#3039 = CARTESIAN_POINT('',(41.410144119755,47.375587228283,26.));
#3040 = VECTOR('',#3041,1.);
#3041 = DIRECTION('',(0.,0.,1.));
#3042 = ORIENTED_EDGE('',*,*,#3043,.F.);
#3043 = EDGE_CURVE('',#2971,#3036,#3044,.T.);
#3044 = B_SPLINE_CURVE_WITH_KNOTS('',1,(#3045,#3046),.UNSPECIFIED.,.F.,
  .F.,(2,2),(0.,10.806016842482),.PIECEWISE_BEZIER_KNOTS.);
#3045 = CARTESIAN_POINT('',(40.059718130424,47.643124452584,26.));
#3046 = CARTESIAN_POINT('',(41.410144119755,47.375587228283,26.));
#3047 = SURFACE_OF_LINEAR_EXTRUSION('',#3048,#3051);
#3048 = B_SPLINE_CURVE_WITH_KNOTS('',1,(#3049,#3050),.UNSPECIFIED.,.F.,
  .F.,(2,2),(0.,10.806016842482),.PIECEWISE_BEZIER_KNOTS.);
#3049 = CARTESIAN_POINT('',(40.059718130424,47.643124452584,26.));
#3050 = CARTESIAN_POINT('',(41.410144119755,47.375587228283,26.));
#3051 = VECTOR('',#3052,1.);
#3052 = DIRECTION('',(-0.,-0.,-1.));
#3053 = ADVANCED_FACE('',(#3054),#3079,.T.);
#3054 = FACE_BOUND('',#3055,.T.);
#3055 = EDGE_LOOP('',(#3056,#3066,#3072,#3073));
#3056 = ORIENTED_EDGE('',*,*,#3057,.T.);
#3057 = EDGE_CURVE('',#3058,#3060,#3062,.T.);
#3058 = VERTEX_POINT('',#3059);
#3059 = CARTESIAN_POINT('',(40.588422645115,45.891392626801,26.));
#3060 = VERTEX_POINT('',#3061);
#3061 = CARTESIAN_POINT('',(40.588422645115,45.891392626801,26.6));
#3062 = LINE('',#3063,#3064);
#3063 = CARTESIAN_POINT('',(40.588422645115,45.891392626801,26.));
#3064 = VECTOR('',#3065,1.);
#3065 = DIRECTION('',(0.,0.,1.));
#3066 = ORIENTED_EDGE('',*,*,#3067,.T.);
#3067 = EDGE_CURVE('',#3060,#2997,#3068,.T.);
#3068 = B_SPLINE_CURVE_WITH_KNOTS('',2,(#3069,#3070,#3071),
  .UNSPECIFIED.,.F.,.F.,(3,3),(0.,1.),.PIECEWISE_BEZIER_KNOTS.);
#3069 = CARTESIAN_POINT('',(40.588422645115,45.891392626801,26.6));
#3070 = CARTESIAN_POINT('',(39.94505932001,45.439127319054,26.6));
#3071 = CARTESIAN_POINT('',(39.002309101043,45.439127319054,26.6));
#3072 = ORIENTED_EDGE('',*,*,#2994,.F.);
#3073 = ORIENTED_EDGE('',*,*,#3074,.F.);
#3074 = EDGE_CURVE('',#3058,#2995,#3075,.T.);
#3075 = B_SPLINE_CURVE_WITH_KNOTS('',2,(#3076,#3077,#3078),
  .UNSPECIFIED.,.F.,.F.,(3,3),(0.,1.),.PIECEWISE_BEZIER_KNOTS.);
#3076 = CARTESIAN_POINT('',(40.588422645115,45.891392626801,26.));
#3077 = CARTESIAN_POINT('',(39.94505932001,45.439127319054,26.));
#3078 = CARTESIAN_POINT('',(39.002309101043,45.439127319054,26.));
#3079 = SURFACE_OF_LINEAR_EXTRUSION('',#3080,#3084);
#3080 = B_SPLINE_CURVE_WITH_KNOTS('',2,(#3081,#3082,#3083),
  .UNSPECIFIED.,.F.,.F.,(3,3),(0.,1.),.PIECEWISE_BEZIER_KNOTS.);
#3081 = CARTESIAN_POINT('',(40.588422645115,45.891392626801,26.));
#3082 = CARTESIAN_POINT('',(39.94505932001,45.439127319054,26.));
#3083 = CARTESIAN_POINT('',(39.002309101043,45.439127319054,26.));
#3084 = VECTOR('',#3085,1.);
#3085 = DIRECTION('',(-0.,-0.,-1.));
#3086 = ADVANCED_FACE('',(#3087),#3112,.T.);
#3087 = FACE_BOUND('',#3088,.T.);
#3088 = EDGE_LOOP('',(#3089,#3090,#3098,#3106));
#3089 = ORIENTED_EDGE('',*,*,#3035,.T.);
#3090 = ORIENTED_EDGE('',*,*,#3091,.T.);
#3091 = EDGE_CURVE('',#3029,#3092,#3094,.T.);
#3092 = VERTEX_POINT('',#3093);
#3093 = CARTESIAN_POINT('',(41.512063062346,47.184489210924,26.6));
#3094 = B_SPLINE_CURVE_WITH_KNOTS('',2,(#3095,#3096,#3097),
  .UNSPECIFIED.,.F.,.F.,(3,3),(0.,1.),.PIECEWISE_BEZIER_KNOTS.);
#3095 = CARTESIAN_POINT('',(41.410144119755,47.375587228283,26.6));
#3096 = CARTESIAN_POINT('',(41.563022533641,47.337367624811,26.6));
#3097 = CARTESIAN_POINT('',(41.512063062346,47.184489210924,26.6));
#3098 = ORIENTED_EDGE('',*,*,#3099,.F.);
#3099 = EDGE_CURVE('',#3100,#3092,#3102,.T.);
#3100 = VERTEX_POINT('',#3101);
#3101 = CARTESIAN_POINT('',(41.512063062346,47.184489210924,26.));
#3102 = LINE('',#3103,#3104);
#3103 = CARTESIAN_POINT('',(41.512063062346,47.184489210924,26.));
#3104 = VECTOR('',#3105,1.);
#3105 = DIRECTION('',(0.,0.,1.));
#3106 = ORIENTED_EDGE('',*,*,#3107,.F.);
#3107 = EDGE_CURVE('',#3036,#3100,#3108,.T.);
#3108 = B_SPLINE_CURVE_WITH_KNOTS('',2,(#3109,#3110,#3111),
  .UNSPECIFIED.,.F.,.F.,(3,3),(0.,1.),.PIECEWISE_BEZIER_KNOTS.);
#3109 = CARTESIAN_POINT('',(41.410144119755,47.375587228283,26.));
#3110 = CARTESIAN_POINT('',(41.563022533641,47.337367624811,26.));
#3111 = CARTESIAN_POINT('',(41.512063062346,47.184489210924,26.));
#3112 = SURFACE_OF_LINEAR_EXTRUSION('',#3113,#3117);
#3113 = B_SPLINE_CURVE_WITH_KNOTS('',2,(#3114,#3115,#3116),
  .UNSPECIFIED.,.F.,.F.,(3,3),(0.,1.),.PIECEWISE_BEZIER_KNOTS.);
#3114 = CARTESIAN_POINT('',(41.410144119755,47.375587228283,26.));
#3115 = CARTESIAN_POINT('',(41.563022533641,47.337367624811,26.));
#3116 = CARTESIAN_POINT('',(41.512063062346,47.184489210924,26.));
#3117 = VECTOR('',#3118,1.);
#3118 = DIRECTION('',(-0.,-0.,-1.));
#3119 = ADVANCED_FACE('',(#3120),#3136,.T.);
#3120 = FACE_BOUND('',#3121,.T.);
#3121 = EDGE_LOOP('',(#3122,#3123,#3129,#3130));
#3122 = ORIENTED_EDGE('',*,*,#3099,.T.);
#3123 = ORIENTED_EDGE('',*,*,#3124,.T.);
#3124 = EDGE_CURVE('',#3092,#3060,#3125,.T.);
#3125 = B_SPLINE_CURVE_WITH_KNOTS('',2,(#3126,#3127,#3128),
  .UNSPECIFIED.,.F.,.F.,(3,3),(0.,1.),.PIECEWISE_BEZIER_KNOTS.);
#3126 = CARTESIAN_POINT('',(41.512063062346,47.184489210924,26.6));
#3127 = CARTESIAN_POINT('',(41.231785970221,46.343657934549,26.6));
#3128 = CARTESIAN_POINT('',(40.588422645115,45.891392626801,26.6));
#3129 = ORIENTED_EDGE('',*,*,#3057,.F.);
#3130 = ORIENTED_EDGE('',*,*,#3131,.F.);
#3131 = EDGE_CURVE('',#3100,#3058,#3132,.T.);
#3132 = B_SPLINE_CURVE_WITH_KNOTS('',2,(#3133,#3134,#3135),
  .UNSPECIFIED.,.F.,.F.,(3,3),(0.,1.),.PIECEWISE_BEZIER_KNOTS.);
#3133 = CARTESIAN_POINT('',(41.512063062346,47.184489210924,26.));
#3134 = CARTESIAN_POINT('',(41.231785970221,46.343657934549,26.));
#3135 = CARTESIAN_POINT('',(40.588422645115,45.891392626801,26.));
#3136 = SURFACE_OF_LINEAR_EXTRUSION('',#3137,#3141);
#3137 = B_SPLINE_CURVE_WITH_KNOTS('',2,(#3138,#3139,#3140),
  .UNSPECIFIED.,.F.,.F.,(3,3),(0.,1.),.PIECEWISE_BEZIER_KNOTS.);
#3138 = CARTESIAN_POINT('',(41.512063062346,47.184489210924,26.));
#3139 = CARTESIAN_POINT('',(41.231785970221,46.343657934549,26.));
#3140 = CARTESIAN_POINT('',(40.588422645115,45.891392626801,26.));
#3141 = VECTOR('',#3142,1.);
#3142 = DIRECTION('',(-0.,-0.,-1.));
#3143 = ADVANCED_FACE('',(#3144),#3178,.T.);
#3144 = FACE_BOUND('',#3145,.T.);
#3145 = EDGE_LOOP('',(#3146,#3156,#3164,#3172));
#3146 = ORIENTED_EDGE('',*,*,#3147,.T.);
#3147 = EDGE_CURVE('',#3148,#3150,#3152,.T.);
#3148 = VERTEX_POINT('',#3149);
#3149 = CARTESIAN_POINT('',(38.346205908114,50.445895373835,26.));
#3150 = VERTEX_POINT('',#3151);
#3151 = CARTESIAN_POINT('',(38.346205908114,50.445895373835,26.6));
#3152 = LINE('',#3153,#3154);
#3153 = CARTESIAN_POINT('',(38.346205908114,50.445895373835,26.));
#3154 = VECTOR('',#3155,1.);
#3155 = DIRECTION('',(0.,0.,1.));
#3156 = ORIENTED_EDGE('',*,*,#3157,.T.);
#3157 = EDGE_CURVE('',#3150,#3158,#3160,.T.);
#3158 = VERTEX_POINT('',#3159);
#3159 = CARTESIAN_POINT('',(38.059558882077,49.885341189585,26.6));
#3160 = B_SPLINE_CURVE_WITH_KNOTS('',2,(#3161,#3162,#3163),
  .UNSPECIFIED.,.F.,.F.,(3,3),(0.,1.),.PIECEWISE_BEZIER_KNOTS.);
#3161 = CARTESIAN_POINT('',(38.346205908114,50.445895373835,26.6));
#3162 = CARTESIAN_POINT('',(38.123258221196,50.242057488654,26.6));
#3163 = CARTESIAN_POINT('',(38.059558882077,49.885341189585,26.6));
#3164 = ORIENTED_EDGE('',*,*,#3165,.F.);
#3165 = EDGE_CURVE('',#3166,#3158,#3168,.T.);
#3166 = VERTEX_POINT('',#3167);
#3167 = CARTESIAN_POINT('',(38.059558882077,49.885341189585,26.));
#3168 = LINE('',#3169,#3170);
#3169 = CARTESIAN_POINT('',(38.059558882077,49.885341189585,26.));
#3170 = VECTOR('',#3171,1.);
#3171 = DIRECTION('',(0.,0.,1.));
#3172 = ORIENTED_EDGE('',*,*,#3173,.F.);
#3173 = EDGE_CURVE('',#3148,#3166,#3174,.T.);
#3174 = B_SPLINE_CURVE_WITH_KNOTS('',2,(#3175,#3176,#3177),
  .UNSPECIFIED.,.F.,.F.,(3,3),(0.,1.),.PIECEWISE_BEZIER_KNOTS.);
#3175 = CARTESIAN_POINT('',(38.346205908114,50.445895373835,26.));
#3176 = CARTESIAN_POINT('',(38.123258221196,50.242057488654,26.));
#3177 = CARTESIAN_POINT('',(38.059558882077,49.885341189585,26.));
#3178 = SURFACE_OF_LINEAR_EXTRUSION('',#3179,#3183);
#3179 = B_SPLINE_CURVE_WITH_KNOTS('',2,(#3180,#3181,#3182),
  .UNSPECIFIED.,.F.,.F.,(3,3),(0.,1.),.PIECEWISE_BEZIER_KNOTS.);
#3180 = CARTESIAN_POINT('',(38.346205908114,50.445895373835,26.));
#3181 = CARTESIAN_POINT('',(38.123258221196,50.242057488654,26.));
#3182 = CARTESIAN_POINT('',(38.059558882077,49.885341189585,26.));
#3183 = VECTOR('',#3184,1.);
#3184 = DIRECTION('',(-0.,-0.,-1.));
#3185 = ADVANCED_FACE('',(#3186),#3211,.T.);
#3186 = FACE_BOUND('',#3187,.T.);
#3187 = EDGE_LOOP('',(#3188,#3198,#3204,#3205));
#3188 = ORIENTED_EDGE('',*,*,#3189,.T.);
#3189 = EDGE_CURVE('',#3190,#3192,#3194,.T.);
#3190 = VERTEX_POINT('',#3191);
#3191 = CARTESIAN_POINT('',(38.913130026276,50.649733259017,26.));
#3192 = VERTEX_POINT('',#3193);
#3193 = CARTESIAN_POINT('',(38.913130026276,50.649733259017,26.6));
#3194 = LINE('',#3195,#3196);
#3195 = CARTESIAN_POINT('',(38.913130026276,50.649733259017,26.));
#3196 = VECTOR('',#3197,1.);
#3197 = DIRECTION('',(0.,0.,1.));
#3198 = ORIENTED_EDGE('',*,*,#3199,.T.);
#3199 = EDGE_CURVE('',#3192,#3150,#3200,.T.);
#3200 = B_SPLINE_CURVE_WITH_KNOTS('',2,(#3201,#3202,#3203),
  .UNSPECIFIED.,.F.,.F.,(3,3),(0.,1.),.PIECEWISE_BEZIER_KNOTS.);
#3201 = CARTESIAN_POINT('',(38.913130026276,50.649733259017,26.6));
#3202 = CARTESIAN_POINT('',(38.569153595031,50.649733259017,26.6));
#3203 = CARTESIAN_POINT('',(38.346205908114,50.445895373835,26.6));
#3204 = ORIENTED_EDGE('',*,*,#3147,.F.);
#3205 = ORIENTED_EDGE('',*,*,#3206,.F.);
#3206 = EDGE_CURVE('',#3190,#3148,#3207,.T.);
#3207 = B_SPLINE_CURVE_WITH_KNOTS('',2,(#3208,#3209,#3210),
  .UNSPECIFIED.,.F.,.F.,(3,3),(0.,1.),.PIECEWISE_BEZIER_KNOTS.);
#3208 = CARTESIAN_POINT('',(38.913130026276,50.649733259017,26.));
#3209 = CARTESIAN_POINT('',(38.569153595031,50.649733259017,26.));
#3210 = CARTESIAN_POINT('',(38.346205908114,50.445895373835,26.));
#3211 = SURFACE_OF_LINEAR_EXTRUSION('',#3212,#3216);
#3212 = B_SPLINE_CURVE_WITH_KNOTS('',2,(#3213,#3214,#3215),
  .UNSPECIFIED.,.F.,.F.,(3,3),(0.,1.),.PIECEWISE_BEZIER_KNOTS.);
#3213 = CARTESIAN_POINT('',(38.913130026276,50.649733259017,26.));
#3214 = CARTESIAN_POINT('',(38.569153595031,50.649733259017,26.));
#3215 = CARTESIAN_POINT('',(38.346205908114,50.445895373835,26.));
#3216 = VECTOR('',#3217,1.);
#3217 = DIRECTION('',(-0.,-0.,-1.));
#3218 = ADVANCED_FACE('',(#3219),#3244,.T.);
#3219 = FACE_BOUND('',#3220,.T.);
#3220 = EDGE_LOOP('',(#3221,#3231,#3237,#3238));
#3221 = ORIENTED_EDGE('',*,*,#3222,.T.);
#3222 = EDGE_CURVE('',#3223,#3225,#3227,.T.);
#3223 = VERTEX_POINT('',#3224);
#3224 = CARTESIAN_POINT('',(39.48642407835,50.439525439924,26.));
#3225 = VERTEX_POINT('',#3226);
#3226 = CARTESIAN_POINT('',(39.48642407835,50.439525439924,26.6));
#3227 = LINE('',#3228,#3229);
#3228 = CARTESIAN_POINT('',(39.48642407835,50.439525439924,26.));
#3229 = VECTOR('',#3230,1.);
#3230 = DIRECTION('',(0.,0.,1.));
#3231 = ORIENTED_EDGE('',*,*,#3232,.T.);
#3232 = EDGE_CURVE('',#3225,#3192,#3233,.T.);
#3233 = B_SPLINE_CURVE_WITH_KNOTS('',2,(#3234,#3235,#3236),
  .UNSPECIFIED.,.F.,.F.,(3,3),(0.,1.),.PIECEWISE_BEZIER_KNOTS.);
#3234 = CARTESIAN_POINT('',(39.48642407835,50.439525439924,26.6));
#3235 = CARTESIAN_POINT('',(39.257106457521,50.649733259017,26.6));
#3236 = CARTESIAN_POINT('',(38.913130026276,50.649733259017,26.6));
#3237 = ORIENTED_EDGE('',*,*,#3189,.F.);
#3238 = ORIENTED_EDGE('',*,*,#3239,.F.);
#3239 = EDGE_CURVE('',#3223,#3190,#3240,.T.);
#3240 = B_SPLINE_CURVE_WITH_KNOTS('',2,(#3241,#3242,#3243),
  .UNSPECIFIED.,.F.,.F.,(3,3),(0.,1.),.PIECEWISE_BEZIER_KNOTS.);
#3241 = CARTESIAN_POINT('',(39.48642407835,50.439525439924,26.));
#3242 = CARTESIAN_POINT('',(39.257106457521,50.649733259017,26.));
#3243 = CARTESIAN_POINT('',(38.913130026276,50.649733259017,26.));
#3244 = SURFACE_OF_LINEAR_EXTRUSION('',#3245,#3249);
#3245 = B_SPLINE_CURVE_WITH_KNOTS('',2,(#3246,#3247,#3248),
  .UNSPECIFIED.,.F.,.F.,(3,3),(0.,1.),.PIECEWISE_BEZIER_KNOTS.);
#3246 = CARTESIAN_POINT('',(39.48642407835,50.439525439924,26.));
#3247 = CARTESIAN_POINT('',(39.257106457521,50.649733259017,26.));
#3248 = CARTESIAN_POINT('',(38.913130026276,50.649733259017,26.));
#3249 = VECTOR('',#3250,1.);
#3250 = DIRECTION('',(-0.,-0.,-1.));
#3251 = ADVANCED_FACE('',(#3252),#3277,.T.);
#3252 = FACE_BOUND('',#3253,.T.);
#3253 = EDGE_LOOP('',(#3254,#3264,#3270,#3271));
#3254 = ORIENTED_EDGE('',*,*,#3255,.T.);
#3255 = EDGE_CURVE('',#3256,#3258,#3260,.T.);
#3256 = VERTEX_POINT('',#3257);
#3257 = CARTESIAN_POINT('',(39.766701170475,49.885341189585,26.));
#3258 = VERTEX_POINT('',#3259);
#3259 = CARTESIAN_POINT('',(39.766701170475,49.885341189585,26.6));
#3260 = LINE('',#3261,#3262);
#3261 = CARTESIAN_POINT('',(39.766701170475,49.885341189585,26.));
#3262 = VECTOR('',#3263,1.);
#3263 = DIRECTION('',(0.,0.,1.));
#3264 = ORIENTED_EDGE('',*,*,#3265,.T.);
#3265 = EDGE_CURVE('',#3258,#3225,#3266,.T.);
#3266 = B_SPLINE_CURVE_WITH_KNOTS('',2,(#3267,#3268,#3269),
  .UNSPECIFIED.,.F.,.F.,(3,3),(0.,1.),.PIECEWISE_BEZIER_KNOTS.);
#3267 = CARTESIAN_POINT('',(39.766701170475,49.885341189585,26.6));
#3268 = CARTESIAN_POINT('',(39.71574169918,50.22931762083,26.6));
#3269 = CARTESIAN_POINT('',(39.48642407835,50.439525439924,26.6));
#3270 = ORIENTED_EDGE('',*,*,#3222,.F.);
#3271 = ORIENTED_EDGE('',*,*,#3272,.F.);
#3272 = EDGE_CURVE('',#3256,#3223,#3273,.T.);
#3273 = B_SPLINE_CURVE_WITH_KNOTS('',2,(#3274,#3275,#3276),
  .UNSPECIFIED.,.F.,.F.,(3,3),(0.,1.),.PIECEWISE_BEZIER_KNOTS.);
#3274 = CARTESIAN_POINT('',(39.766701170475,49.885341189585,26.));
#3275 = CARTESIAN_POINT('',(39.71574169918,50.22931762083,26.));
#3276 = CARTESIAN_POINT('',(39.48642407835,50.439525439924,26.));
#3277 = SURFACE_OF_LINEAR_EXTRUSION('',#3278,#3282);
#3278 = B_SPLINE_CURVE_WITH_KNOTS('',2,(#3279,#3280,#3281),
  .UNSPECIFIED.,.F.,.F.,(3,3),(0.,1.),.PIECEWISE_BEZIER_KNOTS.);
#3279 = CARTESIAN_POINT('',(39.766701170475,49.885341189585,26.));
#3280 = CARTESIAN_POINT('',(39.71574169918,50.22931762083,26.));
#3281 = CARTESIAN_POINT('',(39.48642407835,50.439525439924,26.));
#3282 = VECTOR('',#3283,1.);
#3283 = DIRECTION('',(-0.,-0.,-1.));
#3284 = ADVANCED_FACE('',(#3285),#3310,.T.);
#3285 = FACE_BOUND('',#3286,.T.);
#3286 = EDGE_LOOP('',(#3287,#3297,#3303,#3304));
#3287 = ORIENTED_EDGE('',*,*,#3288,.T.);
#3288 = EDGE_CURVE('',#3289,#3291,#3293,.T.);
#3289 = VERTEX_POINT('',#3290);
#3290 = CARTESIAN_POINT('',(39.804920773947,49.401226212278,26.));
#3291 = VERTEX_POINT('',#3292);
#3292 = CARTESIAN_POINT('',(39.804920773947,49.401226212278,26.6));
#3293 = LINE('',#3294,#3295);
#3294 = CARTESIAN_POINT('',(39.804920773947,49.401226212278,26.));
#3295 = VECTOR('',#3296,1.);
#3296 = DIRECTION('',(0.,0.,1.));
#3297 = ORIENTED_EDGE('',*,*,#3298,.T.);
#3298 = EDGE_CURVE('',#3291,#3258,#3299,.T.);
#3299 = B_SPLINE_CURVE_WITH_KNOTS('',2,(#3300,#3301,#3302),
  .UNSPECIFIED.,.F.,.F.,(3,3),(0.,1.),.PIECEWISE_BEZIER_KNOTS.);
#3300 = CARTESIAN_POINT('',(39.804920773947,49.401226212278,26.6));
#3301 = CARTESIAN_POINT('',(39.804920773947,49.656023568755,26.6));
#3302 = CARTESIAN_POINT('',(39.766701170475,49.885341189585,26.6));
#3303 = ORIENTED_EDGE('',*,*,#3255,.F.);
#3304 = ORIENTED_EDGE('',*,*,#3305,.F.);
#3305 = EDGE_CURVE('',#3289,#3256,#3306,.T.);
#3306 = B_SPLINE_CURVE_WITH_KNOTS('',2,(#3307,#3308,#3309),
  .UNSPECIFIED.,.F.,.F.,(3,3),(0.,1.),.PIECEWISE_BEZIER_KNOTS.);
#3307 = CARTESIAN_POINT('',(39.804920773947,49.401226212278,26.));
#3308 = CARTESIAN_POINT('',(39.804920773947,49.656023568755,26.));
#3309 = CARTESIAN_POINT('',(39.766701170475,49.885341189585,26.));
#3310 = SURFACE_OF_LINEAR_EXTRUSION('',#3311,#3315);
#3311 = B_SPLINE_CURVE_WITH_KNOTS('',2,(#3312,#3313,#3314),
  .UNSPECIFIED.,.F.,.F.,(3,3),(0.,1.),.PIECEWISE_BEZIER_KNOTS.);
#3312 = CARTESIAN_POINT('',(39.804920773947,49.401226212278,26.));
#3313 = CARTESIAN_POINT('',(39.804920773947,49.656023568755,26.));
#3314 = CARTESIAN_POINT('',(39.766701170475,49.885341189585,26.));
#3315 = VECTOR('',#3316,1.);
#3316 = DIRECTION('',(-0.,-0.,-1.));
#3317 = ADVANCED_FACE('',(#3318),#3343,.T.);
#3318 = FACE_BOUND('',#3319,.T.);
#3319 = EDGE_LOOP('',(#3320,#3330,#3336,#3337));
#3320 = ORIENTED_EDGE('',*,*,#3321,.T.);
#3321 = EDGE_CURVE('',#3322,#3324,#3326,.T.);
#3322 = VERTEX_POINT('',#3323);
#3323 = CARTESIAN_POINT('',(39.741221434828,49.337526873159,26.));
#3324 = VERTEX_POINT('',#3325);
#3325 = CARTESIAN_POINT('',(39.741221434828,49.337526873159,26.6));
#3326 = LINE('',#3327,#3328);
#3327 = CARTESIAN_POINT('',(39.741221434828,49.337526873159,26.));
#3328 = VECTOR('',#3329,1.);
#3329 = DIRECTION('',(0.,0.,1.));
#3330 = ORIENTED_EDGE('',*,*,#3331,.T.);
#3331 = EDGE_CURVE('',#3324,#3291,#3332,.T.);
#3332 = B_SPLINE_CURVE_WITH_KNOTS('',2,(#3333,#3334,#3335),
  .UNSPECIFIED.,.F.,.F.,(3,3),(0.,1.),.PIECEWISE_BEZIER_KNOTS.);
#3333 = CARTESIAN_POINT('',(39.741221434828,49.337526873159,26.6));
#3334 = CARTESIAN_POINT('',(39.804920773947,49.337526873159,26.6));
#3335 = CARTESIAN_POINT('',(39.804920773947,49.401226212278,26.6));
#3336 = ORIENTED_EDGE('',*,*,#3288,.F.);
#3337 = ORIENTED_EDGE('',*,*,#3338,.F.);
#3338 = EDGE_CURVE('',#3322,#3289,#3339,.T.);
#3339 = B_SPLINE_CURVE_WITH_KNOTS('',2,(#3340,#3341,#3342),
  .UNSPECIFIED.,.F.,.F.,(3,3),(0.,1.),.PIECEWISE_BEZIER_KNOTS.);
#3340 = CARTESIAN_POINT('',(39.741221434828,49.337526873159,26.));
#3341 = CARTESIAN_POINT('',(39.804920773947,49.337526873159,26.));
#3342 = CARTESIAN_POINT('',(39.804920773947,49.401226212278,26.));
#3343 = SURFACE_OF_LINEAR_EXTRUSION('',#3344,#3348);
#3344 = B_SPLINE_CURVE_WITH_KNOTS('',2,(#3345,#3346,#3347),
  .UNSPECIFIED.,.F.,.F.,(3,3),(0.,1.),.PIECEWISE_BEZIER_KNOTS.);
#3345 = CARTESIAN_POINT('',(39.741221434828,49.337526873159,26.));
#3346 = CARTESIAN_POINT('',(39.804920773947,49.337526873159,26.));
#3347 = CARTESIAN_POINT('',(39.804920773947,49.401226212278,26.));
#3348 = VECTOR('',#3349,1.);
#3349 = DIRECTION('',(-0.,-0.,-1.));
#3350 = ADVANCED_FACE('',(#3351),#3374,.T.);
#3351 = FACE_BOUND('',#3352,.T.);
#3352 = EDGE_LOOP('',(#3353,#3363,#3368,#3369));
#3353 = ORIENTED_EDGE('',*,*,#3354,.T.);
#3354 = EDGE_CURVE('',#3355,#3357,#3359,.T.);
#3355 = VERTEX_POINT('',#3356);
#3356 = CARTESIAN_POINT('',(38.085038617724,49.337526873159,26.));
#3357 = VERTEX_POINT('',#3358);
#3358 = CARTESIAN_POINT('',(38.085038617724,49.337526873159,26.6));
#3359 = LINE('',#3360,#3361);
#3360 = CARTESIAN_POINT('',(38.085038617724,49.337526873159,26.));
#3361 = VECTOR('',#3362,1.);
#3362 = DIRECTION('',(0.,0.,1.));
#3363 = ORIENTED_EDGE('',*,*,#3364,.T.);
#3364 = EDGE_CURVE('',#3357,#3324,#3365,.T.);
#3365 = B_SPLINE_CURVE_WITH_KNOTS('',1,(#3366,#3367),.UNSPECIFIED.,.F.,
  .F.,(2,2),(0.,13.),.PIECEWISE_BEZIER_KNOTS.);
#3366 = CARTESIAN_POINT('',(38.085038617724,49.337526873159,26.6));
#3367 = CARTESIAN_POINT('',(39.741221434828,49.337526873159,26.6));
#3368 = ORIENTED_EDGE('',*,*,#3321,.F.);
#3369 = ORIENTED_EDGE('',*,*,#3370,.F.);
#3370 = EDGE_CURVE('',#3355,#3322,#3371,.T.);
#3371 = B_SPLINE_CURVE_WITH_KNOTS('',1,(#3372,#3373),.UNSPECIFIED.,.F.,
  .F.,(2,2),(0.,13.),.PIECEWISE_BEZIER_KNOTS.);
#3372 = CARTESIAN_POINT('',(38.085038617724,49.337526873159,26.));
#3373 = CARTESIAN_POINT('',(39.741221434828,49.337526873159,26.));
#3374 = SURFACE_OF_LINEAR_EXTRUSION('',#3375,#3378);
#3375 = B_SPLINE_CURVE_WITH_KNOTS('',1,(#3376,#3377),.UNSPECIFIED.,.F.,
  .F.,(2,2),(0.,13.),.PIECEWISE_BEZIER_KNOTS.);
#3376 = CARTESIAN_POINT('',(38.085038617724,49.337526873159,26.));
#3377 = CARTESIAN_POINT('',(39.741221434828,49.337526873159,26.));
#3378 = VECTOR('',#3379,1.);
#3379 = DIRECTION('',(-0.,-0.,-1.));
#3380 = ADVANCED_FACE('',(#3381),#3406,.T.);
#3381 = FACE_BOUND('',#3382,.T.);
#3382 = EDGE_LOOP('',(#3383,#3393,#3399,#3400));
#3383 = ORIENTED_EDGE('',*,*,#3384,.T.);
#3384 = EDGE_CURVE('',#3385,#3387,#3389,.T.);
#3385 = VERTEX_POINT('',#3386);
#3386 = CARTESIAN_POINT('',(38.021339278605,49.401226212278,26.));
#3387 = VERTEX_POINT('',#3388);
#3388 = CARTESIAN_POINT('',(38.021339278605,49.401226212278,26.6));
#3389 = LINE('',#3390,#3391);
#3390 = CARTESIAN_POINT('',(38.021339278605,49.401226212278,26.));
#3391 = VECTOR('',#3392,1.);
#3392 = DIRECTION('',(0.,0.,1.));
#3393 = ORIENTED_EDGE('',*,*,#3394,.T.);
#3394 = EDGE_CURVE('',#3387,#3357,#3395,.T.);
#3395 = B_SPLINE_CURVE_WITH_KNOTS('',2,(#3396,#3397,#3398),
  .UNSPECIFIED.,.F.,.F.,(3,3),(0.,1.),.PIECEWISE_BEZIER_KNOTS.);
#3396 = CARTESIAN_POINT('',(38.021339278605,49.401226212278,26.6));
#3397 = CARTESIAN_POINT('',(38.021339278605,49.337526873159,26.6));
#3398 = CARTESIAN_POINT('',(38.085038617724,49.337526873159,26.6));
#3399 = ORIENTED_EDGE('',*,*,#3354,.F.);
#3400 = ORIENTED_EDGE('',*,*,#3401,.F.);
#3401 = EDGE_CURVE('',#3385,#3355,#3402,.T.);
#3402 = B_SPLINE_CURVE_WITH_KNOTS('',2,(#3403,#3404,#3405),
  .UNSPECIFIED.,.F.,.F.,(3,3),(0.,1.),.PIECEWISE_BEZIER_KNOTS.);
#3403 = CARTESIAN_POINT('',(38.021339278605,49.401226212278,26.));
#3404 = CARTESIAN_POINT('',(38.021339278605,49.337526873159,26.));
#3405 = CARTESIAN_POINT('',(38.085038617724,49.337526873159,26.));
#3406 = SURFACE_OF_LINEAR_EXTRUSION('',#3407,#3411);
#3407 = B_SPLINE_CURVE_WITH_KNOTS('',2,(#3408,#3409,#3410),
  .UNSPECIFIED.,.F.,.F.,(3,3),(0.,1.),.PIECEWISE_BEZIER_KNOTS.);
#3408 = CARTESIAN_POINT('',(38.021339278605,49.401226212278,26.));
#3409 = CARTESIAN_POINT('',(38.021339278605,49.337526873159,26.));
#3410 = CARTESIAN_POINT('',(38.085038617724,49.337526873159,26.));
#3411 = VECTOR('',#3412,1.);
#3412 = DIRECTION('',(-0.,-0.,-1.));
#3413 = ADVANCED_FACE('',(#3414),#3430,.T.);
#3414 = FACE_BOUND('',#3415,.T.);
#3415 = EDGE_LOOP('',(#3416,#3417,#3423,#3424));
#3416 = ORIENTED_EDGE('',*,*,#3165,.T.);
#3417 = ORIENTED_EDGE('',*,*,#3418,.T.);
#3418 = EDGE_CURVE('',#3158,#3387,#3419,.T.);
#3419 = B_SPLINE_CURVE_WITH_KNOTS('',2,(#3420,#3421,#3422),
  .UNSPECIFIED.,.F.,.F.,(3,3),(0.,1.),.PIECEWISE_BEZIER_KNOTS.);
#3420 = CARTESIAN_POINT('',(38.059558882077,49.885341189585,26.6));
#3421 = CARTESIAN_POINT('',(38.021339278605,49.656023568755,26.6));
#3422 = CARTESIAN_POINT('',(38.021339278605,49.401226212278,26.6));
#3423 = ORIENTED_EDGE('',*,*,#3384,.F.);
#3424 = ORIENTED_EDGE('',*,*,#3425,.F.);
#3425 = EDGE_CURVE('',#3166,#3385,#3426,.T.);
#3426 = B_SPLINE_CURVE_WITH_KNOTS('',2,(#3427,#3428,#3429),
  .UNSPECIFIED.,.F.,.F.,(3,3),(0.,1.),.PIECEWISE_BEZIER_KNOTS.);
#3427 = CARTESIAN_POINT('',(38.059558882077,49.885341189585,26.));
#3428 = CARTESIAN_POINT('',(38.021339278605,49.656023568755,26.));
#3429 = CARTESIAN_POINT('',(38.021339278605,49.401226212278,26.));
#3430 = SURFACE_OF_LINEAR_EXTRUSION('',#3431,#3435);
#3431 = B_SPLINE_CURVE_WITH_KNOTS('',2,(#3432,#3433,#3434),
  .UNSPECIFIED.,.F.,.F.,(3,3),(0.,1.),.PIECEWISE_BEZIER_KNOTS.);
#3432 = CARTESIAN_POINT('',(38.059558882077,49.885341189585,26.));
#3433 = CARTESIAN_POINT('',(38.021339278605,49.656023568755,26.));
#3434 = CARTESIAN_POINT('',(38.021339278605,49.401226212278,26.));
#3435 = VECTOR('',#3436,1.);
#3436 = DIRECTION('',(-0.,-0.,-1.));
#3437 = ADVANCED_FACE('',(#3438,#3462),#3473,.T.);
#3438 = FACE_BOUND('',#3439,.T.);
#3439 = EDGE_LOOP('',(#3440,#3441,#3442,#3443,#3444,#3445,#3446,#3447,
    #3448,#3449,#3450,#3451,#3452,#3453,#3454,#3455,#3456,#3457,#3458,
    #3459,#3460,#3461));
#3440 = ORIENTED_EDGE('',*,*,#2455,.T.);
#3441 = ORIENTED_EDGE('',*,*,#2519,.T.);
#3442 = ORIENTED_EDGE('',*,*,#2584,.T.);
#3443 = ORIENTED_EDGE('',*,*,#2648,.T.);
#3444 = ORIENTED_EDGE('',*,*,#2714,.T.);
#3445 = ORIENTED_EDGE('',*,*,#2780,.T.);
#3446 = ORIENTED_EDGE('',*,*,#2846,.T.);
#3447 = ORIENTED_EDGE('',*,*,#2912,.T.);
#3448 = ORIENTED_EDGE('',*,*,#2978,.T.);
#3449 = ORIENTED_EDGE('',*,*,#3043,.T.);
#3450 = ORIENTED_EDGE('',*,*,#3107,.T.);
#3451 = ORIENTED_EDGE('',*,*,#3131,.T.);
#3452 = ORIENTED_EDGE('',*,*,#3074,.T.);
#3453 = ORIENTED_EDGE('',*,*,#3011,.T.);
#3454 = ORIENTED_EDGE('',*,*,#2945,.T.);
#3455 = ORIENTED_EDGE('',*,*,#2879,.T.);
#3456 = ORIENTED_EDGE('',*,*,#2813,.T.);
#3457 = ORIENTED_EDGE('',*,*,#2747,.T.);
#3458 = ORIENTED_EDGE('',*,*,#2681,.T.);
#3459 = ORIENTED_EDGE('',*,*,#2615,.T.);
#3460 = ORIENTED_EDGE('',*,*,#2552,.T.);
#3461 = ORIENTED_EDGE('',*,*,#2486,.T.);
#3462 = FACE_BOUND('',#3463,.T.);
#3463 = EDGE_LOOP('',(#3464,#3465,#3466,#3467,#3468,#3469,#3470,#3471,
    #3472));
#3464 = ORIENTED_EDGE('',*,*,#3173,.T.);
#3465 = ORIENTED_EDGE('',*,*,#3425,.T.);
#3466 = ORIENTED_EDGE('',*,*,#3401,.T.);
#3467 = ORIENTED_EDGE('',*,*,#3370,.T.);
#3468 = ORIENTED_EDGE('',*,*,#3338,.T.);
#3469 = ORIENTED_EDGE('',*,*,#3305,.T.);
#3470 = ORIENTED_EDGE('',*,*,#3272,.T.);
#3471 = ORIENTED_EDGE('',*,*,#3239,.T.);
#3472 = ORIENTED_EDGE('',*,*,#3206,.T.);
#3473 = B_SPLINE_SURFACE_WITH_KNOTS('',1,1,(
    (#3474,#3475)
    ,(#3476,#3477
    )),.UNSPECIFIED.,.F.,.F.,.F.,(2,2),(2,2),(-20.26740901661,
    22.232590983385),(-24.23822845062,28.761771549371),
  .PIECEWISE_BEZIER_KNOTS.);
#3474 = CARTESIAN_POINT('',(41.626721872761,45.439127319054,26.));
#3475 = CARTESIAN_POINT('',(41.626721872761,52.191257265706,26.));
#3476 = CARTESIAN_POINT('',(36.212278047615,45.439127319054,26.));
#3477 = CARTESIAN_POINT('',(36.212278047615,52.191257265706,26.));
#3478 = ADVANCED_FACE('',(#3479,#3503),#3514,.F.);
#3479 = FACE_BOUND('',#3480,.F.);
#3480 = EDGE_LOOP('',(#3481,#3482,#3483,#3484,#3485,#3486,#3487,#3488,
    #3489,#3490,#3491,#3492,#3493,#3494,#3495,#3496,#3497,#3498,#3499,
    #3500,#3501,#3502));
#3481 = ORIENTED_EDGE('',*,*,#2440,.T.);
#3482 = ORIENTED_EDGE('',*,*,#2503,.T.);
#3483 = ORIENTED_EDGE('',*,*,#2569,.T.);
#3484 = ORIENTED_EDGE('',*,*,#2632,.T.);
#3485 = ORIENTED_EDGE('',*,*,#2698,.T.);
#3486 = ORIENTED_EDGE('',*,*,#2764,.T.);
#3487 = ORIENTED_EDGE('',*,*,#2830,.T.);
#3488 = ORIENTED_EDGE('',*,*,#2896,.T.);
#3489 = ORIENTED_EDGE('',*,*,#2962,.T.);
#3490 = ORIENTED_EDGE('',*,*,#3028,.T.);
#3491 = ORIENTED_EDGE('',*,*,#3091,.T.);
#3492 = ORIENTED_EDGE('',*,*,#3124,.T.);
#3493 = ORIENTED_EDGE('',*,*,#3067,.T.);
#3494 = ORIENTED_EDGE('',*,*,#3004,.T.);
#3495 = ORIENTED_EDGE('',*,*,#2938,.T.);
#3496 = ORIENTED_EDGE('',*,*,#2872,.T.);
#3497 = ORIENTED_EDGE('',*,*,#2806,.T.);
#3498 = ORIENTED_EDGE('',*,*,#2740,.T.);
#3499 = ORIENTED_EDGE('',*,*,#2674,.T.);
#3500 = ORIENTED_EDGE('',*,*,#2608,.T.);
#3501 = ORIENTED_EDGE('',*,*,#2545,.T.);
#3502 = ORIENTED_EDGE('',*,*,#2479,.T.);
#3503 = FACE_BOUND('',#3504,.F.);
#3504 = EDGE_LOOP('',(#3505,#3506,#3507,#3508,#3509,#3510,#3511,#3512,
    #3513));
#3505 = ORIENTED_EDGE('',*,*,#3157,.T.);
#3506 = ORIENTED_EDGE('',*,*,#3418,.T.);
#3507 = ORIENTED_EDGE('',*,*,#3394,.T.);
#3508 = ORIENTED_EDGE('',*,*,#3364,.T.);
#3509 = ORIENTED_EDGE('',*,*,#3331,.T.);
#3510 = ORIENTED_EDGE('',*,*,#3298,.T.);
#3511 = ORIENTED_EDGE('',*,*,#3265,.T.);
#3512 = ORIENTED_EDGE('',*,*,#3232,.T.);
#3513 = ORIENTED_EDGE('',*,*,#3199,.T.);
#3514 = B_SPLINE_SURFACE_WITH_KNOTS('',1,1,(
    (#3515,#3516)
    ,(#3517,#3518
    )),.UNSPECIFIED.,.F.,.F.,.F.,(2,2),(2,2),(-20.26740901661,
    22.232590983385),(-24.23822845062,28.761771549371),
  .PIECEWISE_BEZIER_KNOTS.);
#3515 = CARTESIAN_POINT('',(41.626721872761,45.439127319054,26.6));
#3516 = CARTESIAN_POINT('',(41.626721872761,52.191257265706,26.6));
#3517 = CARTESIAN_POINT('',(36.212278047615,45.439127319054,26.6));
#3518 = CARTESIAN_POINT('',(36.212278047615,52.191257265706,26.6));
#3519 = MANIFOLD_SOLID_BREP('',#3520);
#3520 = CLOSED_SHELL('',(#3521,#3560,#3590,#3623,#3653,#3686,#3716,#3749
    ,#3782,#3812,#3845,#3875,#3908,#3938,#3971,#4001,#4025,#4049));
#3521 = ADVANCED_FACE('',(#3522),#3554,.T.);
#3522 = FACE_BOUND('',#3523,.T.);
#3523 = EDGE_LOOP('',(#3524,#3534,#3541,#3549));
#3524 = ORIENTED_EDGE('',*,*,#3525,.T.);
#3525 = EDGE_CURVE('',#3526,#3528,#3530,.T.);
#3526 = VERTEX_POINT('',#3527);
#3527 = CARTESIAN_POINT('',(43.792499402819,45.668444939884,26.));
#3528 = VERTEX_POINT('',#3529);
#3529 = CARTESIAN_POINT('',(43.792499402819,45.668444939884,26.6));
#3530 = LINE('',#3531,#3532);
#3531 = CARTESIAN_POINT('',(43.792499402819,45.668444939884,26.));
#3532 = VECTOR('',#3533,1.);
#3533 = DIRECTION('',(0.,0.,1.));
#3534 = ORIENTED_EDGE('',*,*,#3535,.T.);
#3535 = EDGE_CURVE('',#3528,#3536,#3538,.T.);
#3536 = VERTEX_POINT('',#3537);
#3537 = CARTESIAN_POINT('',(42.008917907477,51.936459909228,26.6));
#3538 = B_SPLINE_CURVE_WITH_KNOTS('',1,(#3539,#3540),.UNSPECIFIED.,.F.,
  .F.,(2,2),(0.,51.15310352266),.PIECEWISE_BEZIER_KNOTS.);
#3539 = CARTESIAN_POINT('',(43.792499402819,45.668444939884,26.6));
#3540 = CARTESIAN_POINT('',(42.008917907477,51.936459909228,26.6));
#3541 = ORIENTED_EDGE('',*,*,#3542,.F.);
#3542 = EDGE_CURVE('',#3543,#3536,#3545,.T.);
#3543 = VERTEX_POINT('',#3544);
#3544 = CARTESIAN_POINT('',(42.008917907477,51.936459909228,26.));
#3545 = LINE('',#3546,#3547);
#3546 = CARTESIAN_POINT('',(42.008917907477,51.936459909228,26.));
#3547 = VECTOR('',#3548,1.);
#3548 = DIRECTION('',(0.,0.,1.));
#3549 = ORIENTED_EDGE('',*,*,#3550,.F.);
#3550 = EDGE_CURVE('',#3526,#3543,#3551,.T.);
#3551 = B_SPLINE_CURVE_WITH_KNOTS('',1,(#3552,#3553),.UNSPECIFIED.,.F.,
  .F.,(2,2),(0.,51.15310352266),.PIECEWISE_BEZIER_KNOTS.);
#3552 = CARTESIAN_POINT('',(43.792499402819,45.668444939884,26.));
#3553 = CARTESIAN_POINT('',(42.008917907477,51.936459909228,26.));
#3554 = SURFACE_OF_LINEAR_EXTRUSION('',#3555,#3558);
#3555 = B_SPLINE_CURVE_WITH_KNOTS('',1,(#3556,#3557),.UNSPECIFIED.,.F.,
  .F.,(2,2),(0.,51.15310352266),.PIECEWISE_BEZIER_KNOTS.);
#3556 = CARTESIAN_POINT('',(43.792499402819,45.668444939884,26.));
#3557 = CARTESIAN_POINT('',(42.008917907477,51.936459909228,26.));
#3558 = VECTOR('',#3559,1.);
#3559 = DIRECTION('',(-0.,-0.,-1.));
#3560 = ADVANCED_FACE('',(#3561),#3584,.T.);
#3561 = FACE_BOUND('',#3562,.T.);
#3562 = EDGE_LOOP('',(#3563,#3564,#3571,#3579));
#3563 = ORIENTED_EDGE('',*,*,#3542,.T.);
#3564 = ORIENTED_EDGE('',*,*,#3565,.T.);
#3565 = EDGE_CURVE('',#3536,#3566,#3568,.T.);
#3566 = VERTEX_POINT('',#3567);
#3567 = CARTESIAN_POINT('',(41.996178039653,51.987419380524,26.6));
#3568 = B_SPLINE_CURVE_WITH_KNOTS('',1,(#3569,#3570),.UNSPECIFIED.,.F.,
  .F.,(2,2),(0.,0.412310562562),.PIECEWISE_BEZIER_KNOTS.);
#3569 = CARTESIAN_POINT('',(42.008917907477,51.936459909228,26.6));
#3570 = CARTESIAN_POINT('',(41.996178039653,51.987419380524,26.6));
#3571 = ORIENTED_EDGE('',*,*,#3572,.F.);
#3572 = EDGE_CURVE('',#3573,#3566,#3575,.T.);
#3573 = VERTEX_POINT('',#3574);
#3574 = CARTESIAN_POINT('',(41.996178039653,51.987419380524,26.));
#3575 = LINE('',#3576,#3577);
#3576 = CARTESIAN_POINT('',(41.996178039653,51.987419380524,26.));
#3577 = VECTOR('',#3578,1.);
#3578 = DIRECTION('',(0.,0.,1.));
#3579 = ORIENTED_EDGE('',*,*,#3580,.F.);
#3580 = EDGE_CURVE('',#3543,#3573,#3581,.T.);
#3581 = B_SPLINE_CURVE_WITH_KNOTS('',1,(#3582,#3583),.UNSPECIFIED.,.F.,
  .F.,(2,2),(0.,0.412310562562),.PIECEWISE_BEZIER_KNOTS.);
#3582 = CARTESIAN_POINT('',(42.008917907477,51.936459909228,26.));
#3583 = CARTESIAN_POINT('',(41.996178039653,51.987419380524,26.));
#3584 = SURFACE_OF_LINEAR_EXTRUSION('',#3585,#3588);
#3585 = B_SPLINE_CURVE_WITH_KNOTS('',1,(#3586,#3587),.UNSPECIFIED.,.F.,
  .F.,(2,2),(0.,0.412310562562),.PIECEWISE_BEZIER_KNOTS.);
#3586 = CARTESIAN_POINT('',(42.008917907477,51.936459909228,26.));
#3587 = CARTESIAN_POINT('',(41.996178039653,51.987419380524,26.));
#3588 = VECTOR('',#3589,1.);
#3589 = DIRECTION('',(-0.,-0.,-1.));
#3590 = ADVANCED_FACE('',(#3591),#3616,.T.);
#3591 = FACE_BOUND('',#3592,.T.);
#3592 = EDGE_LOOP('',(#3593,#3594,#3602,#3610));
#3593 = ORIENTED_EDGE('',*,*,#3572,.T.);
#3594 = ORIENTED_EDGE('',*,*,#3595,.T.);
#3595 = EDGE_CURVE('',#3566,#3596,#3598,.T.);
#3596 = VERTEX_POINT('',#3597);
#3597 = CARTESIAN_POINT('',(42.136316585715,52.102078190939,26.6));
#3598 = B_SPLINE_CURVE_WITH_KNOTS('',2,(#3599,#3600,#3601),
  .UNSPECIFIED.,.F.,.F.,(3,3),(0.,1.),.PIECEWISE_BEZIER_KNOTS.);
#3599 = CARTESIAN_POINT('',(41.996178039653,51.987419380524,26.6));
#3600 = CARTESIAN_POINT('',(41.996178039653,52.102078190939,26.6));
#3601 = CARTESIAN_POINT('',(42.136316585715,52.102078190939,26.6));
#3602 = ORIENTED_EDGE('',*,*,#3603,.F.);
#3603 = EDGE_CURVE('',#3604,#3596,#3606,.T.);
#3604 = VERTEX_POINT('',#3605);
#3605 = CARTESIAN_POINT('',(42.136316585715,52.102078190939,26.));
#3606 = LINE('',#3607,#3608);
#3607 = CARTESIAN_POINT('',(42.136316585715,52.102078190939,26.));
#3608 = VECTOR('',#3609,1.);
#3609 = DIRECTION('',(0.,0.,1.));
#3610 = ORIENTED_EDGE('',*,*,#3611,.F.);
#3611 = EDGE_CURVE('',#3573,#3604,#3612,.T.);
#3612 = B_SPLINE_CURVE_WITH_KNOTS('',2,(#3613,#3614,#3615),
  .UNSPECIFIED.,.F.,.F.,(3,3),(0.,1.),.PIECEWISE_BEZIER_KNOTS.);
#3613 = CARTESIAN_POINT('',(41.996178039653,51.987419380524,26.));
#3614 = CARTESIAN_POINT('',(41.996178039653,52.102078190939,26.));
#3615 = CARTESIAN_POINT('',(42.136316585715,52.102078190939,26.));
#3616 = SURFACE_OF_LINEAR_EXTRUSION('',#3617,#3621);
#3617 = B_SPLINE_CURVE_WITH_KNOTS('',2,(#3618,#3619,#3620),
  .UNSPECIFIED.,.F.,.F.,(3,3),(0.,1.),.PIECEWISE_BEZIER_KNOTS.);
#3618 = CARTESIAN_POINT('',(41.996178039653,51.987419380524,26.));
#3619 = CARTESIAN_POINT('',(41.996178039653,52.102078190939,26.));
#3620 = CARTESIAN_POINT('',(42.136316585715,52.102078190939,26.));
#3621 = VECTOR('',#3622,1.);
#3622 = DIRECTION('',(-0.,-0.,-1.));
#3623 = ADVANCED_FACE('',(#3624),#3647,.T.);
#3624 = FACE_BOUND('',#3625,.T.);
#3625 = EDGE_LOOP('',(#3626,#3627,#3634,#3642));
#3626 = ORIENTED_EDGE('',*,*,#3603,.T.);
#3627 = ORIENTED_EDGE('',*,*,#3628,.T.);
#3628 = EDGE_CURVE('',#3596,#3629,#3631,.T.);
#3629 = VERTEX_POINT('',#3630);
#3630 = CARTESIAN_POINT('',(43.767019667171,52.102078190939,26.6));
#3631 = B_SPLINE_CURVE_WITH_KNOTS('',1,(#3632,#3633),.UNSPECIFIED.,.F.,
  .F.,(2,2),(0.,12.8),.PIECEWISE_BEZIER_KNOTS.);
#3632 = CARTESIAN_POINT('',(42.136316585715,52.102078190939,26.6));
#3633 = CARTESIAN_POINT('',(43.767019667171,52.102078190939,26.6));
#3634 = ORIENTED_EDGE('',*,*,#3635,.F.);
#3635 = EDGE_CURVE('',#3636,#3629,#3638,.T.);
#3636 = VERTEX_POINT('',#3637);
#3637 = CARTESIAN_POINT('',(43.767019667171,52.102078190939,26.));
#3638 = LINE('',#3639,#3640);
#3639 = CARTESIAN_POINT('',(43.767019667171,52.102078190939,26.));
#3640 = VECTOR('',#3641,1.);
#3641 = DIRECTION('',(0.,0.,1.));
#3642 = ORIENTED_EDGE('',*,*,#3643,.F.);
#3643 = EDGE_CURVE('',#3604,#3636,#3644,.T.);
#3644 = B_SPLINE_CURVE_WITH_KNOTS('',1,(#3645,#3646),.UNSPECIFIED.,.F.,
  .F.,(2,2),(0.,12.8),.PIECEWISE_BEZIER_KNOTS.);
#3645 = CARTESIAN_POINT('',(42.136316585715,52.102078190939,26.));
#3646 = CARTESIAN_POINT('',(43.767019667171,52.102078190939,26.));
#3647 = SURFACE_OF_LINEAR_EXTRUSION('',#3648,#3651);
#3648 = B_SPLINE_CURVE_WITH_KNOTS('',1,(#3649,#3650),.UNSPECIFIED.,.F.,
  .F.,(2,2),(0.,12.8),.PIECEWISE_BEZIER_KNOTS.);
#3649 = CARTESIAN_POINT('',(42.136316585715,52.102078190939,26.));
#3650 = CARTESIAN_POINT('',(43.767019667171,52.102078190939,26.));
#3651 = VECTOR('',#3652,1.);
#3652 = DIRECTION('',(-0.,-0.,-1.));
#3653 = ADVANCED_FACE('',(#3654),#3679,.T.);
#3654 = FACE_BOUND('',#3655,.T.);
#3655 = EDGE_LOOP('',(#3656,#3657,#3665,#3673));
#3656 = ORIENTED_EDGE('',*,*,#3635,.T.);
#3657 = ORIENTED_EDGE('',*,*,#3658,.T.);
#3658 = EDGE_CURVE('',#3629,#3659,#3661,.T.);
#3659 = VERTEX_POINT('',#3660);
#3660 = CARTESIAN_POINT('',(43.932637948881,51.961939644876,26.6));
#3661 = B_SPLINE_CURVE_WITH_KNOTS('',2,(#3662,#3663,#3664),
  .UNSPECIFIED.,.F.,.F.,(3,3),(0.,1.),.PIECEWISE_BEZIER_KNOTS.);
#3662 = CARTESIAN_POINT('',(43.767019667171,52.102078190939,26.6));
#3663 = CARTESIAN_POINT('',(43.907158213234,52.102078190939,26.6));
#3664 = CARTESIAN_POINT('',(43.932637948881,51.961939644876,26.6));
#3665 = ORIENTED_EDGE('',*,*,#3666,.F.);
#3666 = EDGE_CURVE('',#3667,#3659,#3669,.T.);
#3667 = VERTEX_POINT('',#3668);
#3668 = CARTESIAN_POINT('',(43.932637948881,51.961939644876,26.));
#3669 = LINE('',#3670,#3671);
#3670 = CARTESIAN_POINT('',(43.932637948881,51.961939644876,26.));
#3671 = VECTOR('',#3672,1.);
#3672 = DIRECTION('',(0.,0.,1.));
#3673 = ORIENTED_EDGE('',*,*,#3674,.F.);
#3674 = EDGE_CURVE('',#3636,#3667,#3675,.T.);
#3675 = B_SPLINE_CURVE_WITH_KNOTS('',2,(#3676,#3677,#3678),
  .UNSPECIFIED.,.F.,.F.,(3,3),(0.,1.),.PIECEWISE_BEZIER_KNOTS.);
#3676 = CARTESIAN_POINT('',(43.767019667171,52.102078190939,26.));
#3677 = CARTESIAN_POINT('',(43.907158213234,52.102078190939,26.));
#3678 = CARTESIAN_POINT('',(43.932637948881,51.961939644876,26.));
#3679 = SURFACE_OF_LINEAR_EXTRUSION('',#3680,#3684);
#3680 = B_SPLINE_CURVE_WITH_KNOTS('',2,(#3681,#3682,#3683),
  .UNSPECIFIED.,.F.,.F.,(3,3),(0.,1.),.PIECEWISE_BEZIER_KNOTS.);
#3681 = CARTESIAN_POINT('',(43.767019667171,52.102078190939,26.));
#3682 = CARTESIAN_POINT('',(43.907158213234,52.102078190939,26.));
#3683 = CARTESIAN_POINT('',(43.932637948881,51.961939644876,26.));
#3684 = VECTOR('',#3685,1.);
#3685 = DIRECTION('',(-0.,-0.,-1.));
#3686 = ADVANCED_FACE('',(#3687),#3710,.T.);
#3687 = FACE_BOUND('',#3688,.T.);
#3688 = EDGE_LOOP('',(#3689,#3690,#3697,#3705));
#3689 = ORIENTED_EDGE('',*,*,#3666,.T.);
#3690 = ORIENTED_EDGE('',*,*,#3691,.T.);
#3691 = EDGE_CURVE('',#3659,#3692,#3694,.T.);
#3692 = VERTEX_POINT('',#3693);
#3693 = CARTESIAN_POINT('',(44.760729357433,48.152719165539,26.6));
#3694 = B_SPLINE_CURVE_WITH_KNOTS('',1,(#3695,#3696),.UNSPECIFIED.,.F.,
  .F.,(2,2),(0.,30.598365969444),.PIECEWISE_BEZIER_KNOTS.);
#3695 = CARTESIAN_POINT('',(43.932637948881,51.961939644876,26.6));
#3696 = CARTESIAN_POINT('',(44.760729357433,48.152719165539,26.6));
#3697 = ORIENTED_EDGE('',*,*,#3698,.F.);
#3698 = EDGE_CURVE('',#3699,#3692,#3701,.T.);
#3699 = VERTEX_POINT('',#3700);
#3700 = CARTESIAN_POINT('',(44.760729357433,48.152719165539,26.));
#3701 = LINE('',#3702,#3703);
#3702 = CARTESIAN_POINT('',(44.760729357433,48.152719165539,26.));
#3703 = VECTOR('',#3704,1.);
#3704 = DIRECTION('',(0.,0.,1.));
#3705 = ORIENTED_EDGE('',*,*,#3706,.F.);
#3706 = EDGE_CURVE('',#3667,#3699,#3707,.T.);
#3707 = B_SPLINE_CURVE_WITH_KNOTS('',1,(#3708,#3709),.UNSPECIFIED.,.F.,
  .F.,(2,2),(0.,30.598365969444),.PIECEWISE_BEZIER_KNOTS.);
#3708 = CARTESIAN_POINT('',(43.932637948881,51.961939644876,26.));
#3709 = CARTESIAN_POINT('',(44.760729357433,48.152719165539,26.));
#3710 = SURFACE_OF_LINEAR_EXTRUSION('',#3711,#3714);
#3711 = B_SPLINE_CURVE_WITH_KNOTS('',1,(#3712,#3713),.UNSPECIFIED.,.F.,
  .F.,(2,2),(0.,30.598365969444),.PIECEWISE_BEZIER_KNOTS.);
#3712 = CARTESIAN_POINT('',(43.932637948881,51.961939644876,26.));
#3713 = CARTESIAN_POINT('',(44.760729357433,48.152719165539,26.));
#3714 = VECTOR('',#3715,1.);
#3715 = DIRECTION('',(-0.,-0.,-1.));
#3716 = ADVANCED_FACE('',(#3717),#3742,.T.);
#3717 = FACE_BOUND('',#3718,.T.);
#3718 = EDGE_LOOP('',(#3719,#3720,#3728,#3736));
#3719 = ORIENTED_EDGE('',*,*,#3698,.T.);
#3720 = ORIENTED_EDGE('',*,*,#3721,.T.);
#3721 = EDGE_CURVE('',#3692,#3722,#3724,.T.);
#3722 = VERTEX_POINT('',#3723);
#3723 = CARTESIAN_POINT('',(44.798948960905,48.101759694243,26.6));
#3724 = B_SPLINE_CURVE_WITH_KNOTS('',2,(#3725,#3726,#3727),
  .UNSPECIFIED.,.F.,.F.,(3,3),(0.,1.),.PIECEWISE_BEZIER_KNOTS.);
#3725 = CARTESIAN_POINT('',(44.760729357433,48.152719165539,26.6));
#3726 = CARTESIAN_POINT('',(44.773469225257,48.101759694243,26.6));
#3727 = CARTESIAN_POINT('',(44.798948960905,48.101759694243,26.6));
#3728 = ORIENTED_EDGE('',*,*,#3729,.F.);
#3729 = EDGE_CURVE('',#3730,#3722,#3732,.T.);
#3730 = VERTEX_POINT('',#3731);
#3731 = CARTESIAN_POINT('',(44.798948960905,48.101759694243,26.));
#3732 = LINE('',#3733,#3734);
#3733 = CARTESIAN_POINT('',(44.798948960905,48.101759694243,26.));
#3734 = VECTOR('',#3735,1.);
#3735 = DIRECTION('',(0.,0.,1.));
#3736 = ORIENTED_EDGE('',*,*,#3737,.F.);
#3737 = EDGE_CURVE('',#3699,#3730,#3738,.T.);
#3738 = B_SPLINE_CURVE_WITH_KNOTS('',2,(#3739,#3740,#3741),
  .UNSPECIFIED.,.F.,.F.,(3,3),(0.,1.),.PIECEWISE_BEZIER_KNOTS.);
#3739 = CARTESIAN_POINT('',(44.760729357433,48.152719165539,26.));
#3740 = CARTESIAN_POINT('',(44.773469225257,48.101759694243,26.));
#3741 = CARTESIAN_POINT('',(44.798948960905,48.101759694243,26.));
#3742 = SURFACE_OF_LINEAR_EXTRUSION('',#3743,#3747);
#3743 = B_SPLINE_CURVE_WITH_KNOTS('',2,(#3744,#3745,#3746),
  .UNSPECIFIED.,.F.,.F.,(3,3),(0.,1.),.PIECEWISE_BEZIER_KNOTS.);
#3744 = CARTESIAN_POINT('',(44.760729357433,48.152719165539,26.));
#3745 = CARTESIAN_POINT('',(44.773469225257,48.101759694243,26.));
#3746 = CARTESIAN_POINT('',(44.798948960905,48.101759694243,26.));
#3747 = VECTOR('',#3748,1.);
#3748 = DIRECTION('',(-0.,-0.,-1.));
#3749 = ADVANCED_FACE('',(#3750),#3775,.T.);
#3750 = FACE_BOUND('',#3751,.T.);
#3751 = EDGE_LOOP('',(#3752,#3753,#3761,#3769));
#3752 = ORIENTED_EDGE('',*,*,#3729,.T.);
#3753 = ORIENTED_EDGE('',*,*,#3754,.T.);
#3754 = EDGE_CURVE('',#3722,#3755,#3757,.T.);
#3755 = VERTEX_POINT('',#3756);
#3756 = CARTESIAN_POINT('',(44.837168564376,48.152719165539,26.6));
#3757 = B_SPLINE_CURVE_WITH_KNOTS('',2,(#3758,#3759,#3760),
  .UNSPECIFIED.,.F.,.F.,(3,3),(0.,1.),.PIECEWISE_BEZIER_KNOTS.);
#3758 = CARTESIAN_POINT('',(44.798948960905,48.101759694243,26.6));
#3759 = CARTESIAN_POINT('',(44.824428696552,48.101759694243,26.6));
#3760 = CARTESIAN_POINT('',(44.837168564376,48.152719165539,26.6));
#3761 = ORIENTED_EDGE('',*,*,#3762,.F.);
#3762 = EDGE_CURVE('',#3763,#3755,#3765,.T.);
#3763 = VERTEX_POINT('',#3764);
#3764 = CARTESIAN_POINT('',(44.837168564376,48.152719165539,26.));
#3765 = LINE('',#3766,#3767);
#3766 = CARTESIAN_POINT('',(44.837168564376,48.152719165539,26.));
#3767 = VECTOR('',#3768,1.);
#3768 = DIRECTION('',(0.,0.,1.));
#3769 = ORIENTED_EDGE('',*,*,#3770,.F.);
#3770 = EDGE_CURVE('',#3730,#3763,#3771,.T.);
#3771 = B_SPLINE_CURVE_WITH_KNOTS('',2,(#3772,#3773,#3774),
  .UNSPECIFIED.,.F.,.F.,(3,3),(0.,1.),.PIECEWISE_BEZIER_KNOTS.);
#3772 = CARTESIAN_POINT('',(44.798948960905,48.101759694243,26.));
#3773 = CARTESIAN_POINT('',(44.824428696552,48.101759694243,26.));
#3774 = CARTESIAN_POINT('',(44.837168564376,48.152719165539,26.));
#3775 = SURFACE_OF_LINEAR_EXTRUSION('',#3776,#3780);
#3776 = B_SPLINE_CURVE_WITH_KNOTS('',2,(#3777,#3778,#3779),
  .UNSPECIFIED.,.F.,.F.,(3,3),(0.,1.),.PIECEWISE_BEZIER_KNOTS.);
#3777 = CARTESIAN_POINT('',(44.798948960905,48.101759694243,26.));
#3778 = CARTESIAN_POINT('',(44.824428696552,48.101759694243,26.));
#3779 = CARTESIAN_POINT('',(44.837168564376,48.152719165539,26.));
#3780 = VECTOR('',#3781,1.);
#3781 = DIRECTION('',(-0.,-0.,-1.));
#3782 = ADVANCED_FACE('',(#3783),#3806,.T.);
#3783 = FACE_BOUND('',#3784,.T.);
#3784 = EDGE_LOOP('',(#3785,#3786,#3793,#3801));
#3785 = ORIENTED_EDGE('',*,*,#3762,.T.);
#3786 = ORIENTED_EDGE('',*,*,#3787,.T.);
#3787 = EDGE_CURVE('',#3755,#3788,#3790,.T.);
#3788 = VERTEX_POINT('',#3789);
#3789 = CARTESIAN_POINT('',(45.652520105104,51.961939644876,26.6));
#3790 = B_SPLINE_CURVE_WITH_KNOTS('',1,(#3791,#3792),.UNSPECIFIED.,.F.,
  .F.,(2,2),(0.,30.577279146451),.PIECEWISE_BEZIER_KNOTS.);
#3791 = CARTESIAN_POINT('',(44.837168564376,48.152719165539,26.6));
#3792 = CARTESIAN_POINT('',(45.652520105104,51.961939644876,26.6));
#3793 = ORIENTED_EDGE('',*,*,#3794,.F.);
#3794 = EDGE_CURVE('',#3795,#3788,#3797,.T.);
#3795 = VERTEX_POINT('',#3796);
#3796 = CARTESIAN_POINT('',(45.652520105104,51.961939644876,26.));
#3797 = LINE('',#3798,#3799);
#3798 = CARTESIAN_POINT('',(45.652520105104,51.961939644876,26.));
#3799 = VECTOR('',#3800,1.);
#3800 = DIRECTION('',(0.,0.,1.));
#3801 = ORIENTED_EDGE('',*,*,#3802,.F.);
#3802 = EDGE_CURVE('',#3763,#3795,#3803,.T.);
#3803 = B_SPLINE_CURVE_WITH_KNOTS('',1,(#3804,#3805),.UNSPECIFIED.,.F.,
  .F.,(2,2),(0.,30.577279146451),.PIECEWISE_BEZIER_KNOTS.);
#3804 = CARTESIAN_POINT('',(44.837168564376,48.152719165539,26.));
#3805 = CARTESIAN_POINT('',(45.652520105104,51.961939644876,26.));
#3806 = SURFACE_OF_LINEAR_EXTRUSION('',#3807,#3810);
#3807 = B_SPLINE_CURVE_WITH_KNOTS('',1,(#3808,#3809),.UNSPECIFIED.,.F.,
  .F.,(2,2),(0.,30.577279146451),.PIECEWISE_BEZIER_KNOTS.);
#3808 = CARTESIAN_POINT('',(44.837168564376,48.152719165539,26.));
#3809 = CARTESIAN_POINT('',(45.652520105104,51.961939644876,26.));
#3810 = VECTOR('',#3811,1.);
#3811 = DIRECTION('',(-0.,-0.,-1.));
#3812 = ADVANCED_FACE('',(#3813),#3838,.T.);
#3813 = FACE_BOUND('',#3814,.T.);
#3814 = EDGE_LOOP('',(#3815,#3816,#3824,#3832));
#3815 = ORIENTED_EDGE('',*,*,#3794,.T.);
#3816 = ORIENTED_EDGE('',*,*,#3817,.T.);
#3817 = EDGE_CURVE('',#3788,#3818,#3820,.T.);
#3818 = VERTEX_POINT('',#3819);
#3819 = CARTESIAN_POINT('',(45.818138386814,52.102078190939,26.6));
#3820 = B_SPLINE_CURVE_WITH_KNOTS('',2,(#3821,#3822,#3823),
  .UNSPECIFIED.,.F.,.F.,(3,3),(0.,1.),.PIECEWISE_BEZIER_KNOTS.);
#3821 = CARTESIAN_POINT('',(45.652520105104,51.961939644876,26.6));
#3822 = CARTESIAN_POINT('',(45.677999840752,52.102078190939,26.6));
#3823 = CARTESIAN_POINT('',(45.818138386814,52.102078190939,26.6));
#3824 = ORIENTED_EDGE('',*,*,#3825,.F.);
#3825 = EDGE_CURVE('',#3826,#3818,#3828,.T.);
#3826 = VERTEX_POINT('',#3827);
#3827 = CARTESIAN_POINT('',(45.818138386814,52.102078190939,26.));
#3828 = LINE('',#3829,#3830);
#3829 = CARTESIAN_POINT('',(45.818138386814,52.102078190939,26.));
#3830 = VECTOR('',#3831,1.);
#3831 = DIRECTION('',(0.,0.,1.));
#3832 = ORIENTED_EDGE('',*,*,#3833,.F.);
#3833 = EDGE_CURVE('',#3795,#3826,#3834,.T.);
#3834 = B_SPLINE_CURVE_WITH_KNOTS('',2,(#3835,#3836,#3837),
  .UNSPECIFIED.,.F.,.F.,(3,3),(0.,1.),.PIECEWISE_BEZIER_KNOTS.);
#3835 = CARTESIAN_POINT('',(45.652520105104,51.961939644876,26.));
#3836 = CARTESIAN_POINT('',(45.677999840752,52.102078190939,26.));
#3837 = CARTESIAN_POINT('',(45.818138386814,52.102078190939,26.));
#3838 = SURFACE_OF_LINEAR_EXTRUSION('',#3839,#3843);
#3839 = B_SPLINE_CURVE_WITH_KNOTS('',2,(#3840,#3841,#3842),
  .UNSPECIFIED.,.F.,.F.,(3,3),(0.,1.),.PIECEWISE_BEZIER_KNOTS.);
#3840 = CARTESIAN_POINT('',(45.652520105104,51.961939644876,26.));
#3841 = CARTESIAN_POINT('',(45.677999840752,52.102078190939,26.));
#3842 = CARTESIAN_POINT('',(45.818138386814,52.102078190939,26.));
#3843 = VECTOR('',#3844,1.);
#3844 = DIRECTION('',(-0.,-0.,-1.));
#3845 = ADVANCED_FACE('',(#3846),#3869,.T.);
#3846 = FACE_BOUND('',#3847,.T.);
#3847 = EDGE_LOOP('',(#3848,#3849,#3856,#3864));
#3848 = ORIENTED_EDGE('',*,*,#3825,.T.);
#3849 = ORIENTED_EDGE('',*,*,#3850,.T.);
#3850 = EDGE_CURVE('',#3818,#3851,#3853,.T.);
#3851 = VERTEX_POINT('',#3852);
#3852 = CARTESIAN_POINT('',(47.44884146827,52.076598455291,26.6));
#3853 = B_SPLINE_CURVE_WITH_KNOTS('',1,(#3854,#3855),.UNSPECIFIED.,.F.,
  .F.,(2,2),(0.,12.801562404644),.PIECEWISE_BEZIER_KNOTS.);
#3854 = CARTESIAN_POINT('',(45.818138386814,52.102078190939,26.6));
#3855 = CARTESIAN_POINT('',(47.44884146827,52.076598455291,26.6));
#3856 = ORIENTED_EDGE('',*,*,#3857,.F.);
#3857 = EDGE_CURVE('',#3858,#3851,#3860,.T.);
#3858 = VERTEX_POINT('',#3859);
#3859 = CARTESIAN_POINT('',(47.44884146827,52.076598455291,26.));
#3860 = LINE('',#3861,#3862);
#3861 = CARTESIAN_POINT('',(47.44884146827,52.076598455291,26.));
#3862 = VECTOR('',#3863,1.);
#3863 = DIRECTION('',(0.,0.,1.));
#3864 = ORIENTED_EDGE('',*,*,#3865,.F.);
#3865 = EDGE_CURVE('',#3826,#3858,#3866,.T.);
#3866 = B_SPLINE_CURVE_WITH_KNOTS('',1,(#3867,#3868),.UNSPECIFIED.,.F.,
  .F.,(2,2),(0.,12.801562404644),.PIECEWISE_BEZIER_KNOTS.);
#3867 = CARTESIAN_POINT('',(45.818138386814,52.102078190939,26.));
#3868 = CARTESIAN_POINT('',(47.44884146827,52.076598455291,26.));
#3869 = SURFACE_OF_LINEAR_EXTRUSION('',#3870,#3873);
#3870 = B_SPLINE_CURVE_WITH_KNOTS('',1,(#3871,#3872),.UNSPECIFIED.,.F.,
  .F.,(2,2),(0.,12.801562404644),.PIECEWISE_BEZIER_KNOTS.);
#3871 = CARTESIAN_POINT('',(45.818138386814,52.102078190939,26.));
#3872 = CARTESIAN_POINT('',(47.44884146827,52.076598455291,26.));
#3873 = VECTOR('',#3874,1.);
#3874 = DIRECTION('',(-0.,-0.,-1.));
#3875 = ADVANCED_FACE('',(#3876),#3901,.T.);
#3876 = FACE_BOUND('',#3877,.T.);
#3877 = EDGE_LOOP('',(#3878,#3879,#3887,#3895));
#3878 = ORIENTED_EDGE('',*,*,#3857,.T.);
#3879 = ORIENTED_EDGE('',*,*,#3880,.T.);
#3880 = EDGE_CURVE('',#3851,#3881,#3883,.T.);
#3881 = VERTEX_POINT('',#3882);
#3882 = CARTESIAN_POINT('',(47.576240146508,51.910980173581,26.6));
#3883 = B_SPLINE_CURVE_WITH_KNOTS('',2,(#3884,#3885,#3886),
  .UNSPECIFIED.,.F.,.F.,(3,3),(0.,1.),.PIECEWISE_BEZIER_KNOTS.);
#3884 = CARTESIAN_POINT('',(47.44884146827,52.076598455291,26.6));
#3885 = CARTESIAN_POINT('',(47.61445974998,52.076598455291,26.6));
#3886 = CARTESIAN_POINT('',(47.576240146508,51.910980173581,26.6));
#3887 = ORIENTED_EDGE('',*,*,#3888,.F.);
#3888 = EDGE_CURVE('',#3889,#3881,#3891,.T.);
#3889 = VERTEX_POINT('',#3890);
#3890 = CARTESIAN_POINT('',(47.576240146508,51.910980173581,26.));
#3891 = LINE('',#3892,#3893);
#3892 = CARTESIAN_POINT('',(47.576240146508,51.910980173581,26.));
#3893 = VECTOR('',#3894,1.);
#3894 = DIRECTION('',(0.,0.,1.));
#3895 = ORIENTED_EDGE('',*,*,#3896,.F.);
#3896 = EDGE_CURVE('',#3858,#3889,#3897,.T.);
#3897 = B_SPLINE_CURVE_WITH_KNOTS('',2,(#3898,#3899,#3900),
  .UNSPECIFIED.,.F.,.F.,(3,3),(0.,1.),.PIECEWISE_BEZIER_KNOTS.);
#3898 = CARTESIAN_POINT('',(47.44884146827,52.076598455291,26.));
#3899 = CARTESIAN_POINT('',(47.61445974998,52.076598455291,26.));
#3900 = CARTESIAN_POINT('',(47.576240146508,51.910980173581,26.));
#3901 = SURFACE_OF_LINEAR_EXTRUSION('',#3902,#3906);
#3902 = B_SPLINE_CURVE_WITH_KNOTS('',2,(#3903,#3904,#3905),
  .UNSPECIFIED.,.F.,.F.,(3,3),(0.,1.),.PIECEWISE_BEZIER_KNOTS.);
#3903 = CARTESIAN_POINT('',(47.44884146827,52.076598455291,26.));
#3904 = CARTESIAN_POINT('',(47.61445974998,52.076598455291,26.));
#3905 = CARTESIAN_POINT('',(47.576240146508,51.910980173581,26.));
#3906 = VECTOR('',#3907,1.);
#3907 = DIRECTION('',(-0.,-0.,-1.));
#3908 = ADVANCED_FACE('',(#3909),#3932,.T.);
#3909 = FACE_BOUND('',#3910,.T.);
#3910 = EDGE_LOOP('',(#3911,#3912,#3919,#3927));
#3911 = ORIENTED_EDGE('',*,*,#3888,.T.);
#3912 = ORIENTED_EDGE('',*,*,#3913,.T.);
#3913 = EDGE_CURVE('',#3881,#3914,#3916,.T.);
#3914 = VERTEX_POINT('',#3915);
#3915 = CARTESIAN_POINT('',(45.818138386814,45.668444939884,26.6));
#3916 = B_SPLINE_CURVE_WITH_KNOTS('',1,(#3917,#3918),.UNSPECIFIED.,.F.,
  .F.,(2,2),(0.,50.906188228937),.PIECEWISE_BEZIER_KNOTS.);
#3917 = CARTESIAN_POINT('',(47.576240146508,51.910980173581,26.6));
#3918 = CARTESIAN_POINT('',(45.818138386814,45.668444939884,26.6));
#3919 = ORIENTED_EDGE('',*,*,#3920,.F.);
#3920 = EDGE_CURVE('',#3921,#3914,#3923,.T.);
#3921 = VERTEX_POINT('',#3922);
#3922 = CARTESIAN_POINT('',(45.818138386814,45.668444939884,26.));
#3923 = LINE('',#3924,#3925);
#3924 = CARTESIAN_POINT('',(45.818138386814,45.668444939884,26.));
#3925 = VECTOR('',#3926,1.);
#3926 = DIRECTION('',(0.,0.,1.));
#3927 = ORIENTED_EDGE('',*,*,#3928,.F.);
#3928 = EDGE_CURVE('',#3889,#3921,#3929,.T.);
#3929 = B_SPLINE_CURVE_WITH_KNOTS('',1,(#3930,#3931),.UNSPECIFIED.,.F.,
  .F.,(2,2),(0.,50.906188228937),.PIECEWISE_BEZIER_KNOTS.);
#3930 = CARTESIAN_POINT('',(47.576240146508,51.910980173581,26.));
#3931 = CARTESIAN_POINT('',(45.818138386814,45.668444939884,26.));
#3932 = SURFACE_OF_LINEAR_EXTRUSION('',#3933,#3936);
#3933 = B_SPLINE_CURVE_WITH_KNOTS('',1,(#3934,#3935),.UNSPECIFIED.,.F.,
  .F.,(2,2),(0.,50.906188228937),.PIECEWISE_BEZIER_KNOTS.);
#3934 = CARTESIAN_POINT('',(47.576240146508,51.910980173581,26.));
#3935 = CARTESIAN_POINT('',(45.818138386814,45.668444939884,26.));
#3936 = VECTOR('',#3937,1.);
#3937 = DIRECTION('',(-0.,-0.,-1.));
#3938 = ADVANCED_FACE('',(#3939),#3964,.T.);
#3939 = FACE_BOUND('',#3940,.T.);
#3940 = EDGE_LOOP('',(#3941,#3942,#3950,#3958));
#3941 = ORIENTED_EDGE('',*,*,#3920,.T.);
#3942 = ORIENTED_EDGE('',*,*,#3943,.T.);
#3943 = EDGE_CURVE('',#3914,#3944,#3946,.T.);
#3944 = VERTEX_POINT('',#3945);
#3945 = CARTESIAN_POINT('',(45.63978023728,45.541046261645,26.6));
#3946 = B_SPLINE_CURVE_WITH_KNOTS('',2,(#3947,#3948,#3949),
  .UNSPECIFIED.,.F.,.F.,(3,3),(0.,1.),.PIECEWISE_BEZIER_KNOTS.);
#3947 = CARTESIAN_POINT('',(45.818138386814,45.668444939884,26.6));
#3948 = CARTESIAN_POINT('',(45.779918783343,45.541046261645,26.6));
#3949 = CARTESIAN_POINT('',(45.63978023728,45.541046261645,26.6));
#3950 = ORIENTED_EDGE('',*,*,#3951,.F.);
#3951 = EDGE_CURVE('',#3952,#3944,#3954,.T.);
#3952 = VERTEX_POINT('',#3953);
#3953 = CARTESIAN_POINT('',(45.63978023728,45.541046261645,26.));
#3954 = LINE('',#3955,#3956);
#3955 = CARTESIAN_POINT('',(45.63978023728,45.541046261645,26.));
#3956 = VECTOR('',#3957,1.);
#3957 = DIRECTION('',(0.,0.,1.));
#3958 = ORIENTED_EDGE('',*,*,#3959,.F.);
#3959 = EDGE_CURVE('',#3921,#3952,#3960,.T.);
#3960 = B_SPLINE_CURVE_WITH_KNOTS('',2,(#3961,#3962,#3963),
  .UNSPECIFIED.,.F.,.F.,(3,3),(0.,1.),.PIECEWISE_BEZIER_KNOTS.);
#3961 = CARTESIAN_POINT('',(45.818138386814,45.668444939884,26.));
#3962 = CARTESIAN_POINT('',(45.779918783343,45.541046261645,26.));
#3963 = CARTESIAN_POINT('',(45.63978023728,45.541046261645,26.));
#3964 = SURFACE_OF_LINEAR_EXTRUSION('',#3965,#3969);
#3965 = B_SPLINE_CURVE_WITH_KNOTS('',2,(#3966,#3967,#3968),
  .UNSPECIFIED.,.F.,.F.,(3,3),(0.,1.),.PIECEWISE_BEZIER_KNOTS.);
#3966 = CARTESIAN_POINT('',(45.818138386814,45.668444939884,26.));
#3967 = CARTESIAN_POINT('',(45.779918783343,45.541046261645,26.));
#3968 = CARTESIAN_POINT('',(45.63978023728,45.541046261645,26.));
#3969 = VECTOR('',#3970,1.);
#3970 = DIRECTION('',(-0.,-0.,-1.));
#3971 = ADVANCED_FACE('',(#3972),#3995,.T.);
#3972 = FACE_BOUND('',#3973,.T.);
#3973 = EDGE_LOOP('',(#3974,#3975,#3982,#3990));
#3974 = ORIENTED_EDGE('',*,*,#3951,.T.);
#3975 = ORIENTED_EDGE('',*,*,#3976,.T.);
#3976 = EDGE_CURVE('',#3944,#3977,#3979,.T.);
#3977 = VERTEX_POINT('',#3978);
#3978 = CARTESIAN_POINT('',(43.970857552353,45.541046261645,26.6));
#3979 = B_SPLINE_CURVE_WITH_KNOTS('',1,(#3980,#3981),.UNSPECIFIED.,.F.,
  .F.,(2,2),(0.,13.1),.PIECEWISE_BEZIER_KNOTS.);
#3980 = CARTESIAN_POINT('',(45.63978023728,45.541046261645,26.6));
#3981 = CARTESIAN_POINT('',(43.970857552353,45.541046261645,26.6));
#3982 = ORIENTED_EDGE('',*,*,#3983,.F.);
#3983 = EDGE_CURVE('',#3984,#3977,#3986,.T.);
#3984 = VERTEX_POINT('',#3985);
#3985 = CARTESIAN_POINT('',(43.970857552353,45.541046261645,26.));
#3986 = LINE('',#3987,#3988);
#3987 = CARTESIAN_POINT('',(43.970857552353,45.541046261645,26.));
#3988 = VECTOR('',#3989,1.);
#3989 = DIRECTION('',(0.,0.,1.));
#3990 = ORIENTED_EDGE('',*,*,#3991,.F.);
#3991 = EDGE_CURVE('',#3952,#3984,#3992,.T.);
#3992 = B_SPLINE_CURVE_WITH_KNOTS('',1,(#3993,#3994),.UNSPECIFIED.,.F.,
  .F.,(2,2),(0.,13.1),.PIECEWISE_BEZIER_KNOTS.);
#3993 = CARTESIAN_POINT('',(45.63978023728,45.541046261645,26.));
#3994 = CARTESIAN_POINT('',(43.970857552353,45.541046261645,26.));
#3995 = SURFACE_OF_LINEAR_EXTRUSION('',#3996,#3999);
#3996 = B_SPLINE_CURVE_WITH_KNOTS('',1,(#3997,#3998),.UNSPECIFIED.,.F.,
  .F.,(2,2),(0.,13.1),.PIECEWISE_BEZIER_KNOTS.);
#3997 = CARTESIAN_POINT('',(45.63978023728,45.541046261645,26.));
#3998 = CARTESIAN_POINT('',(43.970857552353,45.541046261645,26.));
#3999 = VECTOR('',#4000,1.);
#4000 = DIRECTION('',(-0.,-0.,-1.));
#4001 = ADVANCED_FACE('',(#4002),#4018,.T.);
#4002 = FACE_BOUND('',#4003,.T.);
#4003 = EDGE_LOOP('',(#4004,#4005,#4011,#4012));
#4004 = ORIENTED_EDGE('',*,*,#3983,.T.);
#4005 = ORIENTED_EDGE('',*,*,#4006,.T.);
#4006 = EDGE_CURVE('',#3977,#3528,#4007,.T.);
#4007 = B_SPLINE_CURVE_WITH_KNOTS('',2,(#4008,#4009,#4010),
  .UNSPECIFIED.,.F.,.F.,(3,3),(0.,1.),.PIECEWISE_BEZIER_KNOTS.);
#4008 = CARTESIAN_POINT('',(43.970857552353,45.541046261645,26.6));
#4009 = CARTESIAN_POINT('',(43.83071900629,45.541046261645,26.6));
#4010 = CARTESIAN_POINT('',(43.792499402819,45.668444939884,26.6));
#4011 = ORIENTED_EDGE('',*,*,#3525,.F.);
#4012 = ORIENTED_EDGE('',*,*,#4013,.F.);
#4013 = EDGE_CURVE('',#3984,#3526,#4014,.T.);
#4014 = B_SPLINE_CURVE_WITH_KNOTS('',2,(#4015,#4016,#4017),
  .UNSPECIFIED.,.F.,.F.,(3,3),(0.,1.),.PIECEWISE_BEZIER_KNOTS.);
#4015 = CARTESIAN_POINT('',(43.970857552353,45.541046261645,26.));
#4016 = CARTESIAN_POINT('',(43.83071900629,45.541046261645,26.));
#4017 = CARTESIAN_POINT('',(43.792499402819,45.668444939884,26.));
#4018 = SURFACE_OF_LINEAR_EXTRUSION('',#4019,#4023);
#4019 = B_SPLINE_CURVE_WITH_KNOTS('',2,(#4020,#4021,#4022),
  .UNSPECIFIED.,.F.,.F.,(3,3),(0.,1.),.PIECEWISE_BEZIER_KNOTS.);
#4020 = CARTESIAN_POINT('',(43.970857552353,45.541046261645,26.));
#4021 = CARTESIAN_POINT('',(43.83071900629,45.541046261645,26.));
#4022 = CARTESIAN_POINT('',(43.792499402819,45.668444939884,26.));
#4023 = VECTOR('',#4024,1.);
#4024 = DIRECTION('',(-0.,-0.,-1.));
#4025 = ADVANCED_FACE('',(#4026),#4044,.T.);
#4026 = FACE_BOUND('',#4027,.T.);
#4027 = EDGE_LOOP('',(#4028,#4029,#4030,#4031,#4032,#4033,#4034,#4035,
    #4036,#4037,#4038,#4039,#4040,#4041,#4042,#4043));
#4028 = ORIENTED_EDGE('',*,*,#3550,.T.);
#4029 = ORIENTED_EDGE('',*,*,#3580,.T.);
#4030 = ORIENTED_EDGE('',*,*,#3611,.T.);
#4031 = ORIENTED_EDGE('',*,*,#3643,.T.);
#4032 = ORIENTED_EDGE('',*,*,#3674,.T.);
#4033 = ORIENTED_EDGE('',*,*,#3706,.T.);
#4034 = ORIENTED_EDGE('',*,*,#3737,.T.);
#4035 = ORIENTED_EDGE('',*,*,#3770,.T.);
#4036 = ORIENTED_EDGE('',*,*,#3802,.T.);
#4037 = ORIENTED_EDGE('',*,*,#3833,.T.);
#4038 = ORIENTED_EDGE('',*,*,#3865,.T.);
#4039 = ORIENTED_EDGE('',*,*,#3896,.T.);
#4040 = ORIENTED_EDGE('',*,*,#3928,.T.);
#4041 = ORIENTED_EDGE('',*,*,#3959,.T.);
#4042 = ORIENTED_EDGE('',*,*,#3991,.T.);
#4043 = ORIENTED_EDGE('',*,*,#4013,.T.);
#4044 = B_SPLINE_SURFACE_WITH_KNOTS('',1,1,(
    (#4045,#4046)
    ,(#4047,#4048
    )),.UNSPECIFIED.,.F.,.F.,.F.,(2,2),(2,2),(-22.13474395788,
    21.96525604212),(-30.35691964801,21.143080351985),
  .PIECEWISE_BEZIER_KNOTS.);
#4045 = CARTESIAN_POINT('',(47.61445974998,45.541046261645,26.));
#4046 = CARTESIAN_POINT('',(47.61445974998,52.102078190939,26.));
#4047 = CARTESIAN_POINT('',(41.996178039653,45.541046261645,26.));
#4048 = CARTESIAN_POINT('',(41.996178039653,52.102078190939,26.));
#4049 = ADVANCED_FACE('',(#4050),#4068,.F.);
#4050 = FACE_BOUND('',#4051,.F.);
#4051 = EDGE_LOOP('',(#4052,#4053,#4054,#4055,#4056,#4057,#4058,#4059,
    #4060,#4061,#4062,#4063,#4064,#4065,#4066,#4067));
#4052 = ORIENTED_EDGE('',*,*,#3535,.T.);
#4053 = ORIENTED_EDGE('',*,*,#3565,.T.);
#4054 = ORIENTED_EDGE('',*,*,#3595,.T.);
#4055 = ORIENTED_EDGE('',*,*,#3628,.T.);
#4056 = ORIENTED_EDGE('',*,*,#3658,.T.);
#4057 = ORIENTED_EDGE('',*,*,#3691,.T.);
#4058 = ORIENTED_EDGE('',*,*,#3721,.T.);
#4059 = ORIENTED_EDGE('',*,*,#3754,.T.);
#4060 = ORIENTED_EDGE('',*,*,#3787,.T.);
#4061 = ORIENTED_EDGE('',*,*,#3817,.T.);
#4062 = ORIENTED_EDGE('',*,*,#3850,.T.);
#4063 = ORIENTED_EDGE('',*,*,#3880,.T.);
#4064 = ORIENTED_EDGE('',*,*,#3913,.T.);
#4065 = ORIENTED_EDGE('',*,*,#3943,.T.);
#4066 = ORIENTED_EDGE('',*,*,#3976,.T.);
#4067 = ORIENTED_EDGE('',*,*,#4006,.T.);
#4068 = B_SPLINE_SURFACE_WITH_KNOTS('',1,1,(
    (#4069,#4070)
    ,(#4071,#4072
    )),.UNSPECIFIED.,.F.,.F.,.F.,(2,2),(2,2),(-22.13474395788,
    21.96525604212),(-30.35691964801,21.143080351985),
  .PIECEWISE_BEZIER_KNOTS.);
#4069 = CARTESIAN_POINT('',(47.61445974998,45.541046261645,26.6));
#4070 = CARTESIAN_POINT('',(47.61445974998,52.102078190939,26.6));
#4071 = CARTESIAN_POINT('',(41.996178039653,45.541046261645,26.6));
#4072 = CARTESIAN_POINT('',(41.996178039653,52.102078190939,26.6));
#4073 = MANIFOLD_SOLID_BREP('',#4074);
#4074 = CLOSED_SHELL('',(#4075,#4117,#4150,#4183,#4216,#4249,#4282,#4315
    ,#4348,#4381,#4414,#4447,#4471,#4513,#4546,#4579,#4612,#4645,#4678,
    #4711,#4744,#4777,#4810,#4843,#4867,#4901));
#4075 = ADVANCED_FACE('',(#4076),#4110,.T.);
#4076 = FACE_BOUND('',#4077,.T.);
#4077 = EDGE_LOOP('',(#4078,#4088,#4096,#4104));
#4078 = ORIENTED_EDGE('',*,*,#4079,.T.);
#4079 = EDGE_CURVE('',#4080,#4082,#4084,.T.);
#4080 = VERTEX_POINT('',#4081);
#4081 = CARTESIAN_POINT('',(48.073094991639,47.515725774345,26.));
#4082 = VERTEX_POINT('',#4083);
#4083 = CARTESIAN_POINT('',(48.073094991639,47.515725774345,26.6));
#4084 = LINE('',#4085,#4086);
#4085 = CARTESIAN_POINT('',(48.073094991639,47.515725774345,26.));
#4086 = VECTOR('',#4087,1.);
#4087 = DIRECTION('',(0.,0.,1.));
#4088 = ORIENTED_EDGE('',*,*,#4089,.T.);
#4089 = EDGE_CURVE('',#4082,#4090,#4092,.T.);
#4090 = VERTEX_POINT('',#4091);
#4091 = CARTESIAN_POINT('',(47.971176049048,48.827932160204,26.6));
#4092 = B_SPLINE_CURVE_WITH_KNOTS('',2,(#4093,#4094,#4095),
  .UNSPECIFIED.,.F.,.F.,(3,3),(0.,1.),.PIECEWISE_BEZIER_KNOTS.);
#4093 = CARTESIAN_POINT('',(48.073094991639,47.515725774345,26.6));
#4094 = CARTESIAN_POINT('',(47.971176049048,48.101759694243,26.6));
#4095 = CARTESIAN_POINT('',(47.971176049048,48.827932160204,26.6));
#4096 = ORIENTED_EDGE('',*,*,#4097,.F.);
#4097 = EDGE_CURVE('',#4098,#4090,#4100,.T.);
#4098 = VERTEX_POINT('',#4099);
#4099 = CARTESIAN_POINT('',(47.971176049048,48.827932160204,26.));
#4100 = LINE('',#4101,#4102);
#4101 = CARTESIAN_POINT('',(47.971176049048,48.827932160204,26.));
#4102 = VECTOR('',#4103,1.);
#4103 = DIRECTION('',(0.,0.,1.));
#4104 = ORIENTED_EDGE('',*,*,#4105,.F.);
#4105 = EDGE_CURVE('',#4080,#4098,#4106,.T.);
#4106 = B_SPLINE_CURVE_WITH_KNOTS('',2,(#4107,#4108,#4109),
  .UNSPECIFIED.,.F.,.F.,(3,3),(0.,1.),.PIECEWISE_BEZIER_KNOTS.);
#4107 = CARTESIAN_POINT('',(48.073094991639,47.515725774345,26.));
#4108 = CARTESIAN_POINT('',(47.971176049048,48.101759694243,26.));
#4109 = CARTESIAN_POINT('',(47.971176049048,48.827932160204,26.));
#4110 = SURFACE_OF_LINEAR_EXTRUSION('',#4111,#4115);
#4111 = B_SPLINE_CURVE_WITH_KNOTS('',2,(#4112,#4113,#4114),
  .UNSPECIFIED.,.F.,.F.,(3,3),(0.,1.),.PIECEWISE_BEZIER_KNOTS.);
#4112 = CARTESIAN_POINT('',(48.073094991639,47.515725774345,26.));
#4113 = CARTESIAN_POINT('',(47.971176049048,48.101759694243,26.));
#4114 = CARTESIAN_POINT('',(47.971176049048,48.827932160204,26.));
#4115 = VECTOR('',#4116,1.);
#4116 = DIRECTION('',(-0.,-0.,-1.));
#4117 = ADVANCED_FACE('',(#4118),#4143,.T.);
#4118 = FACE_BOUND('',#4119,.T.);
#4119 = EDGE_LOOP('',(#4120,#4130,#4136,#4137));
#4120 = ORIENTED_EDGE('',*,*,#4121,.T.);
#4121 = EDGE_CURVE('',#4122,#4124,#4126,.T.);
#4122 = VERTEX_POINT('',#4123);
#4123 = CARTESIAN_POINT('',(48.920296201927,45.993311569392,26.));
#4124 = VERTEX_POINT('',#4125);
#4125 = CARTESIAN_POINT('',(48.920296201927,45.993311569392,26.6));
#4126 = LINE('',#4127,#4128);
#4127 = CARTESIAN_POINT('',(48.920296201927,45.993311569392,26.));
#4128 = VECTOR('',#4129,1.);
#4129 = DIRECTION('',(0.,0.,1.));
#4130 = ORIENTED_EDGE('',*,*,#4131,.T.);
#4131 = EDGE_CURVE('',#4124,#4082,#4132,.T.);
#4132 = B_SPLINE_CURVE_WITH_KNOTS('',2,(#4133,#4134,#4135),
  .UNSPECIFIED.,.F.,.F.,(3,3),(0.,1.),.PIECEWISE_BEZIER_KNOTS.);
#4133 = CARTESIAN_POINT('',(48.920296201927,45.993311569392,26.6));
#4134 = CARTESIAN_POINT('',(48.213233537702,46.547495819731,26.6));
#4135 = CARTESIAN_POINT('',(48.073094991639,47.515725774345,26.6));
#4136 = ORIENTED_EDGE('',*,*,#4079,.F.);
#4137 = ORIENTED_EDGE('',*,*,#4138,.F.);
#4138 = EDGE_CURVE('',#4122,#4080,#4139,.T.);
#4139 = B_SPLINE_CURVE_WITH_KNOTS('',2,(#4140,#4141,#4142),
  .UNSPECIFIED.,.F.,.F.,(3,3),(0.,1.),.PIECEWISE_BEZIER_KNOTS.);
#4140 = CARTESIAN_POINT('',(48.920296201927,45.993311569392,26.));
#4141 = CARTESIAN_POINT('',(48.213233537702,46.547495819731,26.));
#4142 = CARTESIAN_POINT('',(48.073094991639,47.515725774345,26.));
#4143 = SURFACE_OF_LINEAR_EXTRUSION('',#4144,#4148);
#4144 = B_SPLINE_CURVE_WITH_KNOTS('',2,(#4145,#4146,#4147),
  .UNSPECIFIED.,.F.,.F.,(3,3),(0.,1.),.PIECEWISE_BEZIER_KNOTS.);
#4145 = CARTESIAN_POINT('',(48.920296201927,45.993311569392,26.));
#4146 = CARTESIAN_POINT('',(48.213233537702,46.547495819731,26.));
#4147 = CARTESIAN_POINT('',(48.073094991639,47.515725774345,26.));
#4148 = VECTOR('',#4149,1.);
#4149 = DIRECTION('',(-0.,-0.,-1.));
#4150 = ADVANCED_FACE('',(#4151),#4176,.T.);
#4151 = FACE_BOUND('',#4152,.T.);
#4152 = EDGE_LOOP('',(#4153,#4154,#4162,#4170));
#4153 = ORIENTED_EDGE('',*,*,#4097,.T.);
#4154 = ORIENTED_EDGE('',*,*,#4155,.T.);
#4155 = EDGE_CURVE('',#4090,#4156,#4158,.T.);
#4156 = VERTEX_POINT('',#4157);
#4157 = CARTESIAN_POINT('',(48.073094991639,50.140138546063,26.6));
#4158 = B_SPLINE_CURVE_WITH_KNOTS('',2,(#4159,#4160,#4161),
  .UNSPECIFIED.,.F.,.F.,(3,3),(0.,1.),.PIECEWISE_BEZIER_KNOTS.);
#4159 = CARTESIAN_POINT('',(47.971176049048,48.827932160204,26.6));
#4160 = CARTESIAN_POINT('',(47.971176049048,49.566844493988,26.6));
#4161 = CARTESIAN_POINT('',(48.073094991639,50.140138546063,26.6));
#4162 = ORIENTED_EDGE('',*,*,#4163,.F.);
#4163 = EDGE_CURVE('',#4164,#4156,#4166,.T.);
#4164 = VERTEX_POINT('',#4165);
#4165 = CARTESIAN_POINT('',(48.073094991639,50.140138546063,26.));
#4166 = LINE('',#4167,#4168);
#4167 = CARTESIAN_POINT('',(48.073094991639,50.140138546063,26.));
#4168 = VECTOR('',#4169,1.);
#4169 = DIRECTION('',(0.,0.,1.));
#4170 = ORIENTED_EDGE('',*,*,#4171,.F.);
#4171 = EDGE_CURVE('',#4098,#4164,#4172,.T.);
#4172 = B_SPLINE_CURVE_WITH_KNOTS('',2,(#4173,#4174,#4175),
  .UNSPECIFIED.,.F.,.F.,(3,3),(0.,1.),.PIECEWISE_BEZIER_KNOTS.);
#4173 = CARTESIAN_POINT('',(47.971176049048,48.827932160204,26.));
#4174 = CARTESIAN_POINT('',(47.971176049048,49.566844493988,26.));
#4175 = CARTESIAN_POINT('',(48.073094991639,50.140138546063,26.));
#4176 = SURFACE_OF_LINEAR_EXTRUSION('',#4177,#4181);
#4177 = B_SPLINE_CURVE_WITH_KNOTS('',2,(#4178,#4179,#4180),
  .UNSPECIFIED.,.F.,.F.,(3,3),(0.,1.),.PIECEWISE_BEZIER_KNOTS.);
#4178 = CARTESIAN_POINT('',(47.971176049048,48.827932160204,26.));
#4179 = CARTESIAN_POINT('',(47.971176049048,49.566844493988,26.));
#4180 = CARTESIAN_POINT('',(48.073094991639,50.140138546063,26.));
#4181 = VECTOR('',#4182,1.);
#4182 = DIRECTION('',(-0.,-0.,-1.));
#4183 = ADVANCED_FACE('',(#4184),#4209,.T.);
#4184 = FACE_BOUND('',#4185,.T.);
#4185 = EDGE_LOOP('',(#4186,#4196,#4202,#4203));
#4186 = ORIENTED_EDGE('',*,*,#4187,.T.);
#4187 = EDGE_CURVE('',#4188,#4190,#4192,.T.);
#4188 = VERTEX_POINT('',#4189);
#4189 = CARTESIAN_POINT('',(50.735727366829,45.439127319054,26.));
#4190 = VERTEX_POINT('',#4191);
#4191 = CARTESIAN_POINT('',(50.735727366829,45.439127319054,26.6));
#4192 = LINE('',#4193,#4194);
#4193 = CARTESIAN_POINT('',(50.735727366829,45.439127319054,26.));
#4194 = VECTOR('',#4195,1.);
#4195 = DIRECTION('',(0.,0.,1.));
#4196 = ORIENTED_EDGE('',*,*,#4197,.T.);
#4197 = EDGE_CURVE('',#4190,#4124,#4198,.T.);
#4198 = B_SPLINE_CURVE_WITH_KNOTS('',2,(#4199,#4200,#4201),
  .UNSPECIFIED.,.F.,.F.,(3,3),(0.,1.),.PIECEWISE_BEZIER_KNOTS.);
#4199 = CARTESIAN_POINT('',(50.735727366829,45.439127319054,26.6));
#4200 = CARTESIAN_POINT('',(49.627358866152,45.439127319054,26.6));
#4201 = CARTESIAN_POINT('',(48.920296201927,45.993311569392,26.6));
#4202 = ORIENTED_EDGE('',*,*,#4121,.F.);
#4203 = ORIENTED_EDGE('',*,*,#4204,.F.);
#4204 = EDGE_CURVE('',#4188,#4122,#4205,.T.);
#4205 = B_SPLINE_CURVE_WITH_KNOTS('',2,(#4206,#4207,#4208),
  .UNSPECIFIED.,.F.,.F.,(3,3),(0.,1.),.PIECEWISE_BEZIER_KNOTS.);
#4206 = CARTESIAN_POINT('',(50.735727366829,45.439127319054,26.));
#4207 = CARTESIAN_POINT('',(49.627358866152,45.439127319054,26.));
#4208 = CARTESIAN_POINT('',(48.920296201927,45.993311569392,26.));
#4209 = SURFACE_OF_LINEAR_EXTRUSION('',#4210,#4214);
#4210 = B_SPLINE_CURVE_WITH_KNOTS('',2,(#4211,#4212,#4213),
  .UNSPECIFIED.,.F.,.F.,(3,3),(0.,1.),.PIECEWISE_BEZIER_KNOTS.);
#4211 = CARTESIAN_POINT('',(50.735727366829,45.439127319054,26.));
#4212 = CARTESIAN_POINT('',(49.627358866152,45.439127319054,26.));
#4213 = CARTESIAN_POINT('',(48.920296201927,45.993311569392,26.));
#4214 = VECTOR('',#4215,1.);
#4215 = DIRECTION('',(-0.,-0.,-1.));
#4216 = ADVANCED_FACE('',(#4217),#4242,.T.);
#4217 = FACE_BOUND('',#4218,.T.);
#4218 = EDGE_LOOP('',(#4219,#4220,#4228,#4236));
#4219 = ORIENTED_EDGE('',*,*,#4163,.T.);
#4220 = ORIENTED_EDGE('',*,*,#4221,.T.);
#4221 = EDGE_CURVE('',#4156,#4222,#4224,.T.);
#4222 = VERTEX_POINT('',#4223);
#4223 = CARTESIAN_POINT('',(48.920296201927,51.637073015367,26.6));
#4224 = B_SPLINE_CURVE_WITH_KNOTS('',2,(#4225,#4226,#4227),
  .UNSPECIFIED.,.F.,.F.,(3,3),(0.,1.),.PIECEWISE_BEZIER_KNOTS.);
#4225 = CARTESIAN_POINT('',(48.073094991639,50.140138546063,26.6));
#4226 = CARTESIAN_POINT('',(48.213233537702,51.082888765029,26.6));
#4227 = CARTESIAN_POINT('',(48.920296201927,51.637073015367,26.6));
#4228 = ORIENTED_EDGE('',*,*,#4229,.F.);
#4229 = EDGE_CURVE('',#4230,#4222,#4232,.T.);
#4230 = VERTEX_POINT('',#4231);
#4231 = CARTESIAN_POINT('',(48.920296201927,51.637073015367,26.));
#4232 = LINE('',#4233,#4234);
#4233 = CARTESIAN_POINT('',(48.920296201927,51.637073015367,26.));
#4234 = VECTOR('',#4235,1.);
#4235 = DIRECTION('',(0.,0.,1.));
#4236 = ORIENTED_EDGE('',*,*,#4237,.F.);
#4237 = EDGE_CURVE('',#4164,#4230,#4238,.T.);
#4238 = B_SPLINE_CURVE_WITH_KNOTS('',2,(#4239,#4240,#4241),
  .UNSPECIFIED.,.F.,.F.,(3,3),(0.,1.),.PIECEWISE_BEZIER_KNOTS.);
#4239 = CARTESIAN_POINT('',(48.073094991639,50.140138546063,26.));
#4240 = CARTESIAN_POINT('',(48.213233537702,51.082888765029,26.));
#4241 = CARTESIAN_POINT('',(48.920296201927,51.637073015367,26.));
#4242 = SURFACE_OF_LINEAR_EXTRUSION('',#4243,#4247);
#4243 = B_SPLINE_CURVE_WITH_KNOTS('',2,(#4244,#4245,#4246),
  .UNSPECIFIED.,.F.,.F.,(3,3),(0.,1.),.PIECEWISE_BEZIER_KNOTS.);
#4244 = CARTESIAN_POINT('',(48.073094991639,50.140138546063,26.));
#4245 = CARTESIAN_POINT('',(48.213233537702,51.082888765029,26.));
#4246 = CARTESIAN_POINT('',(48.920296201927,51.637073015367,26.));
#4247 = VECTOR('',#4248,1.);
#4248 = DIRECTION('',(-0.,-0.,-1.));
#4249 = ADVANCED_FACE('',(#4250),#4275,.T.);
#4250 = FACE_BOUND('',#4251,.T.);
#4251 = EDGE_LOOP('',(#4252,#4262,#4268,#4269));
#4252 = ORIENTED_EDGE('',*,*,#4253,.T.);
#4253 = EDGE_CURVE('',#4254,#4256,#4258,.T.);
#4254 = VERTEX_POINT('',#4255);
#4255 = CARTESIAN_POINT('',(52.538418663906,45.993311569392,26.));
#4256 = VERTEX_POINT('',#4257);
#4257 = CARTESIAN_POINT('',(52.538418663906,45.993311569392,26.6));
#4258 = LINE('',#4259,#4260);
#4259 = CARTESIAN_POINT('',(52.538418663906,45.993311569392,26.));
#4260 = VECTOR('',#4261,1.);
#4261 = DIRECTION('',(0.,0.,1.));
#4262 = ORIENTED_EDGE('',*,*,#4263,.T.);
#4263 = EDGE_CURVE('',#4256,#4190,#4264,.T.);
#4264 = B_SPLINE_CURVE_WITH_KNOTS('',2,(#4265,#4266,#4267),
  .UNSPECIFIED.,.F.,.F.,(3,3),(0.,1.),.PIECEWISE_BEZIER_KNOTS.);
#4265 = CARTESIAN_POINT('',(52.538418663906,45.993311569392,26.6));
#4266 = CARTESIAN_POINT('',(51.844095867505,45.439127319054,26.6));
#4267 = CARTESIAN_POINT('',(50.735727366829,45.439127319054,26.6));
#4268 = ORIENTED_EDGE('',*,*,#4187,.F.);
#4269 = ORIENTED_EDGE('',*,*,#4270,.F.);
#4270 = EDGE_CURVE('',#4254,#4188,#4271,.T.);
#4271 = B_SPLINE_CURVE_WITH_KNOTS('',2,(#4272,#4273,#4274),
  .UNSPECIFIED.,.F.,.F.,(3,3),(0.,1.),.PIECEWISE_BEZIER_KNOTS.);
#4272 = CARTESIAN_POINT('',(52.538418663906,45.993311569392,26.));
#4273 = CARTESIAN_POINT('',(51.844095867505,45.439127319054,26.));
#4274 = CARTESIAN_POINT('',(50.735727366829,45.439127319054,26.));
#4275 = SURFACE_OF_LINEAR_EXTRUSION('',#4276,#4280);
#4276 = B_SPLINE_CURVE_WITH_KNOTS('',2,(#4277,#4278,#4279),
  .UNSPECIFIED.,.F.,.F.,(3,3),(0.,1.),.PIECEWISE_BEZIER_KNOTS.);
#4277 = CARTESIAN_POINT('',(52.538418663906,45.993311569392,26.));
#4278 = CARTESIAN_POINT('',(51.844095867505,45.439127319054,26.));
#4279 = CARTESIAN_POINT('',(50.735727366829,45.439127319054,26.));
#4280 = VECTOR('',#4281,1.);
#4281 = DIRECTION('',(-0.,-0.,-1.));
#4282 = ADVANCED_FACE('',(#4283),#4308,.T.);
#4283 = FACE_BOUND('',#4284,.T.);
#4284 = EDGE_LOOP('',(#4285,#4286,#4294,#4302));
#4285 = ORIENTED_EDGE('',*,*,#4229,.T.);
#4286 = ORIENTED_EDGE('',*,*,#4287,.T.);
#4287 = EDGE_CURVE('',#4222,#4288,#4290,.T.);
#4288 = VERTEX_POINT('',#4289);
#4289 = CARTESIAN_POINT('',(50.735727366829,52.191257265706,26.6));
#4290 = B_SPLINE_CURVE_WITH_KNOTS('',2,(#4291,#4292,#4293),
  .UNSPECIFIED.,.F.,.F.,(3,3),(0.,1.),.PIECEWISE_BEZIER_KNOTS.);
#4291 = CARTESIAN_POINT('',(48.920296201927,51.637073015367,26.6));
#4292 = CARTESIAN_POINT('',(49.627358866152,52.191257265706,26.6));
#4293 = CARTESIAN_POINT('',(50.735727366829,52.191257265706,26.6));
#4294 = ORIENTED_EDGE('',*,*,#4295,.F.);
#4295 = EDGE_CURVE('',#4296,#4288,#4298,.T.);
#4296 = VERTEX_POINT('',#4297);
#4297 = CARTESIAN_POINT('',(50.735727366829,52.191257265706,26.));
#4298 = LINE('',#4299,#4300);
#4299 = CARTESIAN_POINT('',(50.735727366829,52.191257265706,26.));
#4300 = VECTOR('',#4301,1.);
#4301 = DIRECTION('',(0.,0.,1.));
#4302 = ORIENTED_EDGE('',*,*,#4303,.F.);
#4303 = EDGE_CURVE('',#4230,#4296,#4304,.T.);
#4304 = B_SPLINE_CURVE_WITH_KNOTS('',2,(#4305,#4306,#4307),
  .UNSPECIFIED.,.F.,.F.,(3,3),(0.,1.),.PIECEWISE_BEZIER_KNOTS.);
#4305 = CARTESIAN_POINT('',(48.920296201927,51.637073015367,26.));
#4306 = CARTESIAN_POINT('',(49.627358866152,52.191257265706,26.));
#4307 = CARTESIAN_POINT('',(50.735727366829,52.191257265706,26.));
#4308 = SURFACE_OF_LINEAR_EXTRUSION('',#4309,#4313);
#4309 = B_SPLINE_CURVE_WITH_KNOTS('',2,(#4310,#4311,#4312),
  .UNSPECIFIED.,.F.,.F.,(3,3),(0.,1.),.PIECEWISE_BEZIER_KNOTS.);
#4310 = CARTESIAN_POINT('',(48.920296201927,51.637073015367,26.));
#4311 = CARTESIAN_POINT('',(49.627358866152,52.191257265706,26.));
#4312 = CARTESIAN_POINT('',(50.735727366829,52.191257265706,26.));
#4313 = VECTOR('',#4314,1.);
#4314 = DIRECTION('',(-0.,-0.,-1.));
#4315 = ADVANCED_FACE('',(#4316),#4341,.T.);
#4316 = FACE_BOUND('',#4317,.T.);
#4317 = EDGE_LOOP('',(#4318,#4328,#4334,#4335));
#4318 = ORIENTED_EDGE('',*,*,#4319,.T.);
#4319 = EDGE_CURVE('',#4320,#4322,#4324,.T.);
#4320 = VERTEX_POINT('',#4321);
#4321 = CARTESIAN_POINT('',(53.37288000637,47.528465642169,26.));
#4322 = VERTEX_POINT('',#4323);
#4323 = CARTESIAN_POINT('',(53.37288000637,47.528465642169,26.6));
#4324 = LINE('',#4325,#4326);
#4325 = CARTESIAN_POINT('',(53.37288000637,47.528465642169,26.));
#4326 = VECTOR('',#4327,1.);
#4327 = DIRECTION('',(0.,0.,1.));
#4328 = ORIENTED_EDGE('',*,*,#4329,.T.);
#4329 = EDGE_CURVE('',#4322,#4256,#4330,.T.);
#4330 = B_SPLINE_CURVE_WITH_KNOTS('',2,(#4331,#4332,#4333),
  .UNSPECIFIED.,.F.,.F.,(3,3),(0.,1.),.PIECEWISE_BEZIER_KNOTS.);
#4331 = CARTESIAN_POINT('',(53.37288000637,47.528465642169,26.6));
#4332 = CARTESIAN_POINT('',(53.232741460307,46.547495819731,26.6));
#4333 = CARTESIAN_POINT('',(52.538418663906,45.993311569392,26.6));
#4334 = ORIENTED_EDGE('',*,*,#4253,.F.);
#4335 = ORIENTED_EDGE('',*,*,#4336,.F.);
#4336 = EDGE_CURVE('',#4320,#4254,#4337,.T.);
#4337 = B_SPLINE_CURVE_WITH_KNOTS('',2,(#4338,#4339,#4340),
  .UNSPECIFIED.,.F.,.F.,(3,3),(0.,1.),.PIECEWISE_BEZIER_KNOTS.);
#4338 = CARTESIAN_POINT('',(53.37288000637,47.528465642169,26.));
#4339 = CARTESIAN_POINT('',(53.232741460307,46.547495819731,26.));
#4340 = CARTESIAN_POINT('',(52.538418663906,45.993311569392,26.));
#4341 = SURFACE_OF_LINEAR_EXTRUSION('',#4342,#4346);
#4342 = B_SPLINE_CURVE_WITH_KNOTS('',2,(#4343,#4344,#4345),
  .UNSPECIFIED.,.F.,.F.,(3,3),(0.,1.),.PIECEWISE_BEZIER_KNOTS.);
#4343 = CARTESIAN_POINT('',(53.37288000637,47.528465642169,26.));
#4344 = CARTESIAN_POINT('',(53.232741460307,46.547495819731,26.));
#4345 = CARTESIAN_POINT('',(52.538418663906,45.993311569392,26.));
#4346 = VECTOR('',#4347,1.);
#4347 = DIRECTION('',(-0.,-0.,-1.));
#4348 = ADVANCED_FACE('',(#4349),#4374,.T.);
#4349 = FACE_BOUND('',#4350,.T.);
#4350 = EDGE_LOOP('',(#4351,#4352,#4360,#4368));
#4351 = ORIENTED_EDGE('',*,*,#4295,.T.);
#4352 = ORIENTED_EDGE('',*,*,#4353,.T.);
#4353 = EDGE_CURVE('',#4288,#4354,#4356,.T.);
#4354 = VERTEX_POINT('',#4355);
#4355 = CARTESIAN_POINT('',(52.525678796082,51.637073015367,26.6));
#4356 = B_SPLINE_CURVE_WITH_KNOTS('',2,(#4357,#4358,#4359),
  .UNSPECIFIED.,.F.,.F.,(3,3),(0.,1.),.PIECEWISE_BEZIER_KNOTS.);
#4357 = CARTESIAN_POINT('',(50.735727366829,52.191257265706,26.6));
#4358 = CARTESIAN_POINT('',(51.831355999682,52.191257265706,26.6));
#4359 = CARTESIAN_POINT('',(52.525678796082,51.637073015367,26.6));
#4360 = ORIENTED_EDGE('',*,*,#4361,.F.);
#4361 = EDGE_CURVE('',#4362,#4354,#4364,.T.);
#4362 = VERTEX_POINT('',#4363);
#4363 = CARTESIAN_POINT('',(52.525678796082,51.637073015367,26.));
#4364 = LINE('',#4365,#4366);
#4365 = CARTESIAN_POINT('',(52.525678796082,51.637073015367,26.));
#4366 = VECTOR('',#4367,1.);
#4367 = DIRECTION('',(0.,0.,1.));
#4368 = ORIENTED_EDGE('',*,*,#4369,.F.);
#4369 = EDGE_CURVE('',#4296,#4362,#4370,.T.);
#4370 = B_SPLINE_CURVE_WITH_KNOTS('',2,(#4371,#4372,#4373),
  .UNSPECIFIED.,.F.,.F.,(3,3),(0.,1.),.PIECEWISE_BEZIER_KNOTS.);
#4371 = CARTESIAN_POINT('',(50.735727366829,52.191257265706,26.));
#4372 = CARTESIAN_POINT('',(51.831355999682,52.191257265706,26.));
#4373 = CARTESIAN_POINT('',(52.525678796082,51.637073015367,26.));
#4374 = SURFACE_OF_LINEAR_EXTRUSION('',#4375,#4379);
#4375 = B_SPLINE_CURVE_WITH_KNOTS('',2,(#4376,#4377,#4378),
  .UNSPECIFIED.,.F.,.F.,(3,3),(0.,1.),.PIECEWISE_BEZIER_KNOTS.);
#4376 = CARTESIAN_POINT('',(50.735727366829,52.191257265706,26.));
#4377 = CARTESIAN_POINT('',(51.831355999682,52.191257265706,26.));
#4378 = CARTESIAN_POINT('',(52.525678796082,51.637073015367,26.));
#4379 = VECTOR('',#4380,1.);
#4380 = DIRECTION('',(-0.,-0.,-1.));
#4381 = ADVANCED_FACE('',(#4382),#4407,.T.);
#4382 = FACE_BOUND('',#4383,.T.);
#4383 = EDGE_LOOP('',(#4384,#4394,#4400,#4401));
#4384 = ORIENTED_EDGE('',*,*,#4385,.T.);
#4385 = EDGE_CURVE('',#4386,#4388,#4390,.T.);
#4386 = VERTEX_POINT('',#4387);
#4387 = CARTESIAN_POINT('',(53.474798948961,48.827932160204,26.));
#4388 = VERTEX_POINT('',#4389);
#4389 = CARTESIAN_POINT('',(53.474798948961,48.827932160204,26.6));
#4390 = LINE('',#4391,#4392);
#4391 = CARTESIAN_POINT('',(53.474798948961,48.827932160204,26.));
#4392 = VECTOR('',#4393,1.);
#4393 = DIRECTION('',(0.,0.,1.));
#4394 = ORIENTED_EDGE('',*,*,#4395,.T.);
#4395 = EDGE_CURVE('',#4388,#4322,#4396,.T.);
#4396 = B_SPLINE_CURVE_WITH_KNOTS('',2,(#4397,#4398,#4399),
  .UNSPECIFIED.,.F.,.F.,(3,3),(0.,1.),.PIECEWISE_BEZIER_KNOTS.);
#4397 = CARTESIAN_POINT('',(53.474798948961,48.827932160204,26.6));
#4398 = CARTESIAN_POINT('',(53.474798948961,48.114499562067,26.6));
#4399 = CARTESIAN_POINT('',(53.37288000637,47.528465642169,26.6));
#4400 = ORIENTED_EDGE('',*,*,#4319,.F.);
#4401 = ORIENTED_EDGE('',*,*,#4402,.F.);
#4402 = EDGE_CURVE('',#4386,#4320,#4403,.T.);
#4403 = B_SPLINE_CURVE_WITH_KNOTS('',2,(#4404,#4405,#4406),
  .UNSPECIFIED.,.F.,.F.,(3,3),(0.,1.),.PIECEWISE_BEZIER_KNOTS.);
#4404 = CARTESIAN_POINT('',(53.474798948961,48.827932160204,26.));
#4405 = CARTESIAN_POINT('',(53.474798948961,48.114499562067,26.));
#4406 = CARTESIAN_POINT('',(53.37288000637,47.528465642169,26.));
#4407 = SURFACE_OF_LINEAR_EXTRUSION('',#4408,#4412);
#4408 = B_SPLINE_CURVE_WITH_KNOTS('',2,(#4409,#4410,#4411),
  .UNSPECIFIED.,.F.,.F.,(3,3),(0.,1.),.PIECEWISE_BEZIER_KNOTS.);
#4409 = CARTESIAN_POINT('',(53.474798948961,48.827932160204,26.));
#4410 = CARTESIAN_POINT('',(53.474798948961,48.114499562067,26.));
#4411 = CARTESIAN_POINT('',(53.37288000637,47.528465642169,26.));
#4412 = VECTOR('',#4413,1.);
#4413 = DIRECTION('',(-0.,-0.,-1.));
#4414 = ADVANCED_FACE('',(#4415),#4440,.T.);
#4415 = FACE_BOUND('',#4416,.T.);
#4416 = EDGE_LOOP('',(#4417,#4418,#4426,#4434));
#4417 = ORIENTED_EDGE('',*,*,#4361,.T.);
#4418 = ORIENTED_EDGE('',*,*,#4419,.T.);
#4419 = EDGE_CURVE('',#4354,#4420,#4422,.T.);
#4420 = VERTEX_POINT('',#4421);
#4421 = CARTESIAN_POINT('',(53.37288000637,50.140138546063,26.6));
#4422 = B_SPLINE_CURVE_WITH_KNOTS('',2,(#4423,#4424,#4425),
  .UNSPECIFIED.,.F.,.F.,(3,3),(0.,1.),.PIECEWISE_BEZIER_KNOTS.);
#4423 = CARTESIAN_POINT('',(52.525678796082,51.637073015367,26.6));
#4424 = CARTESIAN_POINT('',(53.220001592483,51.082888765029,26.6));
#4425 = CARTESIAN_POINT('',(53.37288000637,50.140138546063,26.6));
#4426 = ORIENTED_EDGE('',*,*,#4427,.F.);
#4427 = EDGE_CURVE('',#4428,#4420,#4430,.T.);
#4428 = VERTEX_POINT('',#4429);
#4429 = CARTESIAN_POINT('',(53.37288000637,50.140138546063,26.));
#4430 = LINE('',#4431,#4432);
#4431 = CARTESIAN_POINT('',(53.37288000637,50.140138546063,26.));
#4432 = VECTOR('',#4433,1.);
#4433 = DIRECTION('',(0.,0.,1.));
#4434 = ORIENTED_EDGE('',*,*,#4435,.F.);
#4435 = EDGE_CURVE('',#4362,#4428,#4436,.T.);
#4436 = B_SPLINE_CURVE_WITH_KNOTS('',2,(#4437,#4438,#4439),
  .UNSPECIFIED.,.F.,.F.,(3,3),(0.,1.),.PIECEWISE_BEZIER_KNOTS.);
#4437 = CARTESIAN_POINT('',(52.525678796082,51.637073015367,26.));
#4438 = CARTESIAN_POINT('',(53.220001592483,51.082888765029,26.));
#4439 = CARTESIAN_POINT('',(53.37288000637,50.140138546063,26.));
#4440 = SURFACE_OF_LINEAR_EXTRUSION('',#4441,#4445);
#4441 = B_SPLINE_CURVE_WITH_KNOTS('',2,(#4442,#4443,#4444),
  .UNSPECIFIED.,.F.,.F.,(3,3),(0.,1.),.PIECEWISE_BEZIER_KNOTS.);
#4442 = CARTESIAN_POINT('',(52.525678796082,51.637073015367,26.));
#4443 = CARTESIAN_POINT('',(53.220001592483,51.082888765029,26.));
#4444 = CARTESIAN_POINT('',(53.37288000637,50.140138546063,26.));
#4445 = VECTOR('',#4446,1.);
#4446 = DIRECTION('',(-0.,-0.,-1.));
#4447 = ADVANCED_FACE('',(#4448),#4464,.T.);
#4448 = FACE_BOUND('',#4449,.T.);
#4449 = EDGE_LOOP('',(#4450,#4451,#4457,#4458));
#4450 = ORIENTED_EDGE('',*,*,#4427,.T.);
#4451 = ORIENTED_EDGE('',*,*,#4452,.T.);
#4452 = EDGE_CURVE('',#4420,#4388,#4453,.T.);
#4453 = B_SPLINE_CURVE_WITH_KNOTS('',2,(#4454,#4455,#4456),
  .UNSPECIFIED.,.F.,.F.,(3,3),(0.,1.),.PIECEWISE_BEZIER_KNOTS.);
#4454 = CARTESIAN_POINT('',(53.37288000637,50.140138546063,26.6));
#4455 = CARTESIAN_POINT('',(53.474798948961,49.566844493988,26.6));
#4456 = CARTESIAN_POINT('',(53.474798948961,48.827932160204,26.6));
#4457 = ORIENTED_EDGE('',*,*,#4385,.F.);
#4458 = ORIENTED_EDGE('',*,*,#4459,.F.);
#4459 = EDGE_CURVE('',#4428,#4386,#4460,.T.);
#4460 = B_SPLINE_CURVE_WITH_KNOTS('',2,(#4461,#4462,#4463),
  .UNSPECIFIED.,.F.,.F.,(3,3),(0.,1.),.PIECEWISE_BEZIER_KNOTS.);
#4461 = CARTESIAN_POINT('',(53.37288000637,50.140138546063,26.));
#4462 = CARTESIAN_POINT('',(53.474798948961,49.566844493988,26.));
#4463 = CARTESIAN_POINT('',(53.474798948961,48.827932160204,26.));
#4464 = SURFACE_OF_LINEAR_EXTRUSION('',#4465,#4469);
#4465 = B_SPLINE_CURVE_WITH_KNOTS('',2,(#4466,#4467,#4468),
  .UNSPECIFIED.,.F.,.F.,(3,3),(0.,1.),.PIECEWISE_BEZIER_KNOTS.);
#4466 = CARTESIAN_POINT('',(53.37288000637,50.140138546063,26.));
#4467 = CARTESIAN_POINT('',(53.474798948961,49.566844493988,26.));
#4468 = CARTESIAN_POINT('',(53.474798948961,48.827932160204,26.));
#4469 = VECTOR('',#4470,1.);
#4470 = DIRECTION('',(-0.,-0.,-1.));
#4471 = ADVANCED_FACE('',(#4472),#4506,.T.);
#4472 = FACE_BOUND('',#4473,.T.);
#4473 = EDGE_LOOP('',(#4474,#4484,#4492,#4500));
#4474 = ORIENTED_EDGE('',*,*,#4475,.T.);
#4475 = EDGE_CURVE('',#4476,#4478,#4480,.T.);
#4476 = VERTEX_POINT('',#4477);
#4477 = CARTESIAN_POINT('',(51.302651484991,47.197229078748,26.));
#4478 = VERTEX_POINT('',#4479);
#4479 = CARTESIAN_POINT('',(51.302651484991,47.197229078748,26.6));
#4480 = LINE('',#4481,#4482);
#4481 = CARTESIAN_POINT('',(51.302651484991,47.197229078748,26.));
#4482 = VECTOR('',#4483,1.);
#4483 = DIRECTION('',(0.,0.,1.));
#4484 = ORIENTED_EDGE('',*,*,#4485,.T.);
#4485 = EDGE_CURVE('',#4478,#4486,#4488,.T.);
#4486 = VERTEX_POINT('',#4487);
#4487 = CARTESIAN_POINT('',(51.614778246676,47.783262998646,26.6));
#4488 = B_SPLINE_CURVE_WITH_KNOTS('',2,(#4489,#4490,#4491),
  .UNSPECIFIED.,.F.,.F.,(3,3),(0.,1.),.PIECEWISE_BEZIER_KNOTS.);
#4489 = CARTESIAN_POINT('',(51.302651484991,47.197229078748,26.6));
#4490 = CARTESIAN_POINT('',(51.538339039732,47.413806831754,26.6));
#4491 = CARTESIAN_POINT('',(51.614778246676,47.783262998646,26.6));
#4492 = ORIENTED_EDGE('',*,*,#4493,.F.);
#4493 = EDGE_CURVE('',#4494,#4486,#4496,.T.);
#4494 = VERTEX_POINT('',#4495);
#4495 = CARTESIAN_POINT('',(51.614778246676,47.783262998646,26.));
#4496 = LINE('',#4497,#4498);
#4497 = CARTESIAN_POINT('',(51.614778246676,47.783262998646,26.));
#4498 = VECTOR('',#4499,1.);
#4499 = DIRECTION('',(0.,0.,1.));
#4500 = ORIENTED_EDGE('',*,*,#4501,.F.);
#4501 = EDGE_CURVE('',#4476,#4494,#4502,.T.);
#4502 = B_SPLINE_CURVE_WITH_KNOTS('',2,(#4503,#4504,#4505),
  .UNSPECIFIED.,.F.,.F.,(3,3),(0.,1.),.PIECEWISE_BEZIER_KNOTS.);
#4503 = CARTESIAN_POINT('',(51.302651484991,47.197229078748,26.));
#4504 = CARTESIAN_POINT('',(51.538339039732,47.413806831754,26.));
#4505 = CARTESIAN_POINT('',(51.614778246676,47.783262998646,26.));
#4506 = SURFACE_OF_LINEAR_EXTRUSION('',#4507,#4511);
#4507 = B_SPLINE_CURVE_WITH_KNOTS('',2,(#4508,#4509,#4510),
  .UNSPECIFIED.,.F.,.F.,(3,3),(0.,1.),.PIECEWISE_BEZIER_KNOTS.);
#4508 = CARTESIAN_POINT('',(51.302651484991,47.197229078748,26.));
#4509 = CARTESIAN_POINT('',(51.538339039732,47.413806831754,26.));
#4510 = CARTESIAN_POINT('',(51.614778246676,47.783262998646,26.));
#4511 = VECTOR('',#4512,1.);
#4512 = DIRECTION('',(-0.,-0.,-1.));
#4513 = ADVANCED_FACE('',(#4514),#4539,.T.);
#4514 = FACE_BOUND('',#4515,.T.);
#4515 = EDGE_LOOP('',(#4516,#4526,#4532,#4533));
#4516 = ORIENTED_EDGE('',*,*,#4517,.T.);
#4517 = EDGE_CURVE('',#4518,#4520,#4522,.T.);
#4518 = VERTEX_POINT('',#4519);
#4519 = CARTESIAN_POINT('',(50.735727366829,46.980651325742,26.));
#4520 = VERTEX_POINT('',#4521);
#4521 = CARTESIAN_POINT('',(50.735727366829,46.980651325742,26.6));
#4522 = LINE('',#4523,#4524);
#4523 = CARTESIAN_POINT('',(50.735727366829,46.980651325742,26.));
#4524 = VECTOR('',#4525,1.);
#4525 = DIRECTION('',(0.,0.,1.));
#4526 = ORIENTED_EDGE('',*,*,#4527,.T.);
#4527 = EDGE_CURVE('',#4520,#4478,#4528,.T.);
#4528 = B_SPLINE_CURVE_WITH_KNOTS('',2,(#4529,#4530,#4531),
  .UNSPECIFIED.,.F.,.F.,(3,3),(0.,1.),.PIECEWISE_BEZIER_KNOTS.);
#4529 = CARTESIAN_POINT('',(50.735727366829,46.980651325742,26.6));
#4530 = CARTESIAN_POINT('',(51.066963930249,46.980651325742,26.6));
#4531 = CARTESIAN_POINT('',(51.302651484991,47.197229078748,26.6));
#4532 = ORIENTED_EDGE('',*,*,#4475,.F.);
#4533 = ORIENTED_EDGE('',*,*,#4534,.F.);
#4534 = EDGE_CURVE('',#4518,#4476,#4535,.T.);
#4535 = B_SPLINE_CURVE_WITH_KNOTS('',2,(#4536,#4537,#4538),
  .UNSPECIFIED.,.F.,.F.,(3,3),(0.,1.),.PIECEWISE_BEZIER_KNOTS.);
#4536 = CARTESIAN_POINT('',(50.735727366829,46.980651325742,26.));
#4537 = CARTESIAN_POINT('',(51.066963930249,46.980651325742,26.));
#4538 = CARTESIAN_POINT('',(51.302651484991,47.197229078748,26.));
#4539 = SURFACE_OF_LINEAR_EXTRUSION('',#4540,#4544);
#4540 = B_SPLINE_CURVE_WITH_KNOTS('',2,(#4541,#4542,#4543),
  .UNSPECIFIED.,.F.,.F.,(3,3),(0.,1.),.PIECEWISE_BEZIER_KNOTS.);
#4541 = CARTESIAN_POINT('',(50.735727366829,46.980651325742,26.));
#4542 = CARTESIAN_POINT('',(51.066963930249,46.980651325742,26.));
#4543 = CARTESIAN_POINT('',(51.302651484991,47.197229078748,26.));
#4544 = VECTOR('',#4545,1.);
#4545 = DIRECTION('',(-0.,-0.,-1.));
#4546 = ADVANCED_FACE('',(#4547),#4572,.T.);
#4547 = FACE_BOUND('',#4548,.T.);
#4548 = EDGE_LOOP('',(#4549,#4559,#4565,#4566));
#4549 = ORIENTED_EDGE('',*,*,#4550,.T.);
#4550 = EDGE_CURVE('',#4551,#4553,#4555,.T.);
#4551 = VERTEX_POINT('',#4552);
#4552 = CARTESIAN_POINT('',(50.14969344693,47.197229078748,26.));
#4553 = VERTEX_POINT('',#4554);
#4554 = CARTESIAN_POINT('',(50.14969344693,47.197229078748,26.6));
#4555 = LINE('',#4556,#4557);
#4556 = CARTESIAN_POINT('',(50.14969344693,47.197229078748,26.));
#4557 = VECTOR('',#4558,1.);
#4558 = DIRECTION('',(0.,0.,1.));
#4559 = ORIENTED_EDGE('',*,*,#4560,.T.);
#4560 = EDGE_CURVE('',#4553,#4520,#4561,.T.);
#4561 = B_SPLINE_CURVE_WITH_KNOTS('',2,(#4562,#4563,#4564),
  .UNSPECIFIED.,.F.,.F.,(3,3),(0.,1.),.PIECEWISE_BEZIER_KNOTS.);
#4562 = CARTESIAN_POINT('',(50.14969344693,47.197229078748,26.6));
#4563 = CARTESIAN_POINT('',(50.391750935584,46.980651325742,26.6));
#4564 = CARTESIAN_POINT('',(50.735727366829,46.980651325742,26.6));
#4565 = ORIENTED_EDGE('',*,*,#4517,.F.);
#4566 = ORIENTED_EDGE('',*,*,#4567,.F.);
#4567 = EDGE_CURVE('',#4551,#4518,#4568,.T.);
#4568 = B_SPLINE_CURVE_WITH_KNOTS('',2,(#4569,#4570,#4571),
  .UNSPECIFIED.,.F.,.F.,(3,3),(0.,1.),.PIECEWISE_BEZIER_KNOTS.);
#4569 = CARTESIAN_POINT('',(50.14969344693,47.197229078748,26.));
#4570 = CARTESIAN_POINT('',(50.391750935584,46.980651325742,26.));
#4571 = CARTESIAN_POINT('',(50.735727366829,46.980651325742,26.));
#4572 = SURFACE_OF_LINEAR_EXTRUSION('',#4573,#4577);
#4573 = B_SPLINE_CURVE_WITH_KNOTS('',2,(#4574,#4575,#4576),
  .UNSPECIFIED.,.F.,.F.,(3,3),(0.,1.),.PIECEWISE_BEZIER_KNOTS.);
#4574 = CARTESIAN_POINT('',(50.14969344693,47.197229078748,26.));
#4575 = CARTESIAN_POINT('',(50.391750935584,46.980651325742,26.));
#4576 = CARTESIAN_POINT('',(50.735727366829,46.980651325742,26.));
#4577 = VECTOR('',#4578,1.);
#4578 = DIRECTION('',(-0.,-0.,-1.));
#4579 = ADVANCED_FACE('',(#4580),#4605,.T.);
#4580 = FACE_BOUND('',#4581,.T.);
#4581 = EDGE_LOOP('',(#4582,#4592,#4598,#4599));
#4582 = ORIENTED_EDGE('',*,*,#4583,.T.);
#4583 = EDGE_CURVE('',#4584,#4586,#4588,.T.);
#4584 = VERTEX_POINT('',#4585);
#4585 = CARTESIAN_POINT('',(49.831196751334,47.783262998646,26.));
#4586 = VERTEX_POINT('',#4587);
#4587 = CARTESIAN_POINT('',(49.831196751334,47.783262998646,26.6));
#4588 = LINE('',#4589,#4590);
#4589 = CARTESIAN_POINT('',(49.831196751334,47.783262998646,26.));
#4590 = VECTOR('',#4591,1.);
#4591 = DIRECTION('',(0.,0.,1.));
#4592 = ORIENTED_EDGE('',*,*,#4593,.T.);
#4593 = EDGE_CURVE('',#4586,#4553,#4594,.T.);
#4594 = B_SPLINE_CURVE_WITH_KNOTS('',2,(#4595,#4596,#4597),
  .UNSPECIFIED.,.F.,.F.,(3,3),(0.,1.),.PIECEWISE_BEZIER_KNOTS.);
#4595 = CARTESIAN_POINT('',(49.831196751334,47.783262998646,26.6));
#4596 = CARTESIAN_POINT('',(49.907635958277,47.413806831754,26.6));
#4597 = CARTESIAN_POINT('',(50.14969344693,47.197229078748,26.6));
#4598 = ORIENTED_EDGE('',*,*,#4550,.F.);
#4599 = ORIENTED_EDGE('',*,*,#4600,.F.);
#4600 = EDGE_CURVE('',#4584,#4551,#4601,.T.);
#4601 = B_SPLINE_CURVE_WITH_KNOTS('',2,(#4602,#4603,#4604),
  .UNSPECIFIED.,.F.,.F.,(3,3),(0.,1.),.PIECEWISE_BEZIER_KNOTS.);
#4602 = CARTESIAN_POINT('',(49.831196751334,47.783262998646,26.));
#4603 = CARTESIAN_POINT('',(49.907635958277,47.413806831754,26.));
#4604 = CARTESIAN_POINT('',(50.14969344693,47.197229078748,26.));
#4605 = SURFACE_OF_LINEAR_EXTRUSION('',#4606,#4610);
#4606 = B_SPLINE_CURVE_WITH_KNOTS('',2,(#4607,#4608,#4609),
  .UNSPECIFIED.,.F.,.F.,(3,3),(0.,1.),.PIECEWISE_BEZIER_KNOTS.);
#4607 = CARTESIAN_POINT('',(49.831196751334,47.783262998646,26.));
#4608 = CARTESIAN_POINT('',(49.907635958277,47.413806831754,26.));
#4609 = CARTESIAN_POINT('',(50.14969344693,47.197229078748,26.));
#4610 = VECTOR('',#4611,1.);
#4611 = DIRECTION('',(-0.,-0.,-1.));
#4612 = ADVANCED_FACE('',(#4613),#4638,.T.);
#4613 = FACE_BOUND('',#4614,.T.);
#4614 = EDGE_LOOP('',(#4615,#4625,#4631,#4632));
#4615 = ORIENTED_EDGE('',*,*,#4616,.T.);
#4616 = EDGE_CURVE('',#4617,#4619,#4621,.T.);
#4617 = VERTEX_POINT('',#4618);
#4618 = CARTESIAN_POINT('',(49.780237280038,48.827932160204,26.));
#4619 = VERTEX_POINT('',#4620);
#4620 = CARTESIAN_POINT('',(49.780237280038,48.827932160204,26.6));
#4621 = LINE('',#4622,#4623);
#4622 = CARTESIAN_POINT('',(49.780237280038,48.827932160204,26.));
#4623 = VECTOR('',#4624,1.);
#4624 = DIRECTION('',(0.,0.,1.));
#4625 = ORIENTED_EDGE('',*,*,#4626,.T.);
#4626 = EDGE_CURVE('',#4619,#4586,#4627,.T.);
#4627 = B_SPLINE_CURVE_WITH_KNOTS('',2,(#4628,#4629,#4630),
  .UNSPECIFIED.,.F.,.F.,(3,3),(0.,1.),.PIECEWISE_BEZIER_KNOTS.);
#4628 = CARTESIAN_POINT('',(49.780237280038,48.827932160204,26.6));
#4629 = CARTESIAN_POINT('',(49.780237280038,48.19093876901,26.6));
#4630 = CARTESIAN_POINT('',(49.831196751334,47.783262998646,26.6));
#4631 = ORIENTED_EDGE('',*,*,#4583,.F.);
#4632 = ORIENTED_EDGE('',*,*,#4633,.F.);
#4633 = EDGE_CURVE('',#4617,#4584,#4634,.T.);
#4634 = B_SPLINE_CURVE_WITH_KNOTS('',2,(#4635,#4636,#4637),
  .UNSPECIFIED.,.F.,.F.,(3,3),(0.,1.),.PIECEWISE_BEZIER_KNOTS.);
#4635 = CARTESIAN_POINT('',(49.780237280038,48.827932160204,26.));
#4636 = CARTESIAN_POINT('',(49.780237280038,48.19093876901,26.));
#4637 = CARTESIAN_POINT('',(49.831196751334,47.783262998646,26.));
#4638 = SURFACE_OF_LINEAR_EXTRUSION('',#4639,#4643);
#4639 = B_SPLINE_CURVE_WITH_KNOTS('',2,(#4640,#4641,#4642),
  .UNSPECIFIED.,.F.,.F.,(3,3),(0.,1.),.PIECEWISE_BEZIER_KNOTS.);
#4640 = CARTESIAN_POINT('',(49.780237280038,48.827932160204,26.));
#4641 = CARTESIAN_POINT('',(49.780237280038,48.19093876901,26.));
#4642 = CARTESIAN_POINT('',(49.831196751334,47.783262998646,26.));
#4643 = VECTOR('',#4644,1.);
#4644 = DIRECTION('',(-0.,-0.,-1.));
#4645 = ADVANCED_FACE('',(#4646),#4671,.T.);
#4646 = FACE_BOUND('',#4647,.T.);
#4647 = EDGE_LOOP('',(#4648,#4658,#4664,#4665));
#4648 = ORIENTED_EDGE('',*,*,#4649,.T.);
#4649 = EDGE_CURVE('',#4650,#4652,#4654,.T.);
#4650 = VERTEX_POINT('',#4651);
#4651 = CARTESIAN_POINT('',(49.843936619158,49.859861453937,26.));
#4652 = VERTEX_POINT('',#4653);
#4653 = CARTESIAN_POINT('',(49.843936619158,49.859861453937,26.6));
#4654 = LINE('',#4655,#4656);
#4655 = CARTESIAN_POINT('',(49.843936619158,49.859861453937,26.));
#4656 = VECTOR('',#4657,1.);
#4657 = DIRECTION('',(0.,0.,1.));
#4658 = ORIENTED_EDGE('',*,*,#4659,.T.);
#4659 = EDGE_CURVE('',#4652,#4619,#4660,.T.);
#4660 = B_SPLINE_CURVE_WITH_KNOTS('',2,(#4661,#4662,#4663),
  .UNSPECIFIED.,.F.,.F.,(3,3),(0.,1.),.PIECEWISE_BEZIER_KNOTS.);
#4661 = CARTESIAN_POINT('',(49.843936619158,49.859861453937,26.6));
#4662 = CARTESIAN_POINT('',(49.780237280038,49.477665419221,26.6));
#4663 = CARTESIAN_POINT('',(49.780237280038,48.827932160204,26.6));
#4664 = ORIENTED_EDGE('',*,*,#4616,.F.);
#4665 = ORIENTED_EDGE('',*,*,#4666,.F.);
#4666 = EDGE_CURVE('',#4650,#4617,#4667,.T.);
#4667 = B_SPLINE_CURVE_WITH_KNOTS('',2,(#4668,#4669,#4670),
  .UNSPECIFIED.,.F.,.F.,(3,3),(0.,1.),.PIECEWISE_BEZIER_KNOTS.);
#4668 = CARTESIAN_POINT('',(49.843936619158,49.859861453937,26.));
#4669 = CARTESIAN_POINT('',(49.780237280038,49.477665419221,26.));
#4670 = CARTESIAN_POINT('',(49.780237280038,48.827932160204,26.));
#4671 = SURFACE_OF_LINEAR_EXTRUSION('',#4672,#4676);
#4672 = B_SPLINE_CURVE_WITH_KNOTS('',2,(#4673,#4674,#4675),
  .UNSPECIFIED.,.F.,.F.,(3,3),(0.,1.),.PIECEWISE_BEZIER_KNOTS.);
#4673 = CARTESIAN_POINT('',(49.843936619158,49.859861453937,26.));
#4674 = CARTESIAN_POINT('',(49.780237280038,49.477665419221,26.));
#4675 = CARTESIAN_POINT('',(49.780237280038,48.827932160204,26.));
#4676 = VECTOR('',#4677,1.);
#4677 = DIRECTION('',(-0.,-0.,-1.));
#4678 = ADVANCED_FACE('',(#4679),#4704,.T.);
#4679 = FACE_BOUND('',#4680,.T.);
#4680 = EDGE_LOOP('',(#4681,#4691,#4697,#4698));
#4681 = ORIENTED_EDGE('',*,*,#4682,.T.);
#4682 = EDGE_CURVE('',#4683,#4685,#4687,.T.);
#4683 = VERTEX_POINT('',#4684);
#4684 = CARTESIAN_POINT('',(50.143323513019,50.439525439924,26.));
#4685 = VERTEX_POINT('',#4686);
#4686 = CARTESIAN_POINT('',(50.143323513019,50.439525439924,26.6));
#4687 = LINE('',#4688,#4689);
#4688 = CARTESIAN_POINT('',(50.143323513019,50.439525439924,26.));
#4689 = VECTOR('',#4690,1.);
#4690 = DIRECTION('',(0.,0.,1.));
#4691 = ORIENTED_EDGE('',*,*,#4692,.T.);
#4692 = EDGE_CURVE('',#4685,#4652,#4693,.T.);
#4693 = B_SPLINE_CURVE_WITH_KNOTS('',2,(#4694,#4695,#4696),
  .UNSPECIFIED.,.F.,.F.,(3,3),(0.,1.),.PIECEWISE_BEZIER_KNOTS.);
#4694 = CARTESIAN_POINT('',(50.143323513019,50.439525439924,26.6));
#4695 = CARTESIAN_POINT('',(49.907635958277,50.22931762083,26.6));
#4696 = CARTESIAN_POINT('',(49.843936619158,49.859861453937,26.6));
#4697 = ORIENTED_EDGE('',*,*,#4649,.F.);
#4698 = ORIENTED_EDGE('',*,*,#4699,.F.);
#4699 = EDGE_CURVE('',#4683,#4650,#4700,.T.);
#4700 = B_SPLINE_CURVE_WITH_KNOTS('',2,(#4701,#4702,#4703),
  .UNSPECIFIED.,.F.,.F.,(3,3),(0.,1.),.PIECEWISE_BEZIER_KNOTS.);
#4701 = CARTESIAN_POINT('',(50.143323513019,50.439525439924,26.));
#4702 = CARTESIAN_POINT('',(49.907635958277,50.22931762083,26.));
#4703 = CARTESIAN_POINT('',(49.843936619158,49.859861453937,26.));
#4704 = SURFACE_OF_LINEAR_EXTRUSION('',#4705,#4709);
#4705 = B_SPLINE_CURVE_WITH_KNOTS('',2,(#4706,#4707,#4708),
  .UNSPECIFIED.,.F.,.F.,(3,3),(0.,1.),.PIECEWISE_BEZIER_KNOTS.);
#4706 = CARTESIAN_POINT('',(50.143323513019,50.439525439924,26.));
#4707 = CARTESIAN_POINT('',(49.907635958277,50.22931762083,26.));
#4708 = CARTESIAN_POINT('',(49.843936619158,49.859861453937,26.));
#4709 = VECTOR('',#4710,1.);
#4710 = DIRECTION('',(-0.,-0.,-1.));
#4711 = ADVANCED_FACE('',(#4712),#4737,.T.);
#4712 = FACE_BOUND('',#4713,.T.);
#4713 = EDGE_LOOP('',(#4714,#4724,#4730,#4731));
#4714 = ORIENTED_EDGE('',*,*,#4715,.T.);
#4715 = EDGE_CURVE('',#4716,#4718,#4720,.T.);
#4716 = VERTEX_POINT('',#4717);
#4717 = CARTESIAN_POINT('',(50.722987499005,50.649733259017,26.));
#4718 = VERTEX_POINT('',#4719);
#4719 = CARTESIAN_POINT('',(50.722987499005,50.649733259017,26.6));
#4720 = LINE('',#4721,#4722);
#4721 = CARTESIAN_POINT('',(50.722987499005,50.649733259017,26.));
#4722 = VECTOR('',#4723,1.);
#4723 = DIRECTION('',(0.,0.,1.));
#4724 = ORIENTED_EDGE('',*,*,#4725,.T.);
#4725 = EDGE_CURVE('',#4718,#4685,#4726,.T.);
#4726 = B_SPLINE_CURVE_WITH_KNOTS('',2,(#4727,#4728,#4729),
  .UNSPECIFIED.,.F.,.F.,(3,3),(0.,1.),.PIECEWISE_BEZIER_KNOTS.);
#4727 = CARTESIAN_POINT('',(50.722987499005,50.649733259017,26.6));
#4728 = CARTESIAN_POINT('',(50.37901106776,50.649733259017,26.6));
#4729 = CARTESIAN_POINT('',(50.143323513019,50.439525439924,26.6));
#4730 = ORIENTED_EDGE('',*,*,#4682,.F.);
#4731 = ORIENTED_EDGE('',*,*,#4732,.F.);
#4732 = EDGE_CURVE('',#4716,#4683,#4733,.T.);
#4733 = B_SPLINE_CURVE_WITH_KNOTS('',2,(#4734,#4735,#4736),
  .UNSPECIFIED.,.F.,.F.,(3,3),(0.,1.),.PIECEWISE_BEZIER_KNOTS.);
#4734 = CARTESIAN_POINT('',(50.722987499005,50.649733259017,26.));
#4735 = CARTESIAN_POINT('',(50.37901106776,50.649733259017,26.));
#4736 = CARTESIAN_POINT('',(50.143323513019,50.439525439924,26.));
#4737 = SURFACE_OF_LINEAR_EXTRUSION('',#4738,#4742);
#4738 = B_SPLINE_CURVE_WITH_KNOTS('',2,(#4739,#4740,#4741),
  .UNSPECIFIED.,.F.,.F.,(3,3),(0.,1.),.PIECEWISE_BEZIER_KNOTS.);
#4739 = CARTESIAN_POINT('',(50.722987499005,50.649733259017,26.));
#4740 = CARTESIAN_POINT('',(50.37901106776,50.649733259017,26.));
#4741 = CARTESIAN_POINT('',(50.143323513019,50.439525439924,26.));
#4742 = VECTOR('',#4743,1.);
#4743 = DIRECTION('',(-0.,-0.,-1.));
#4744 = ADVANCED_FACE('',(#4745),#4770,.T.);
#4745 = FACE_BOUND('',#4746,.T.);
#4746 = EDGE_LOOP('',(#4747,#4757,#4763,#4764));
#4747 = ORIENTED_EDGE('',*,*,#4748,.T.);
#4748 = EDGE_CURVE('',#4749,#4751,#4753,.T.);
#4749 = VERTEX_POINT('',#4750);
#4750 = CARTESIAN_POINT('',(51.315391352815,50.439525439924,26.));
#4751 = VERTEX_POINT('',#4752);
#4752 = CARTESIAN_POINT('',(51.315391352815,50.439525439924,26.6));
#4753 = LINE('',#4754,#4755);
#4754 = CARTESIAN_POINT('',(51.315391352815,50.439525439924,26.));
#4755 = VECTOR('',#4756,1.);
#4756 = DIRECTION('',(0.,0.,1.));
#4757 = ORIENTED_EDGE('',*,*,#4758,.T.);
#4758 = EDGE_CURVE('',#4751,#4718,#4759,.T.);
#4759 = B_SPLINE_CURVE_WITH_KNOTS('',2,(#4760,#4761,#4762),
  .UNSPECIFIED.,.F.,.F.,(3,3),(0.,1.),.PIECEWISE_BEZIER_KNOTS.);
#4760 = CARTESIAN_POINT('',(51.315391352815,50.439525439924,26.6));
#4761 = CARTESIAN_POINT('',(51.079703798073,50.649733259017,26.6));
#4762 = CARTESIAN_POINT('',(50.722987499005,50.649733259017,26.6));
#4763 = ORIENTED_EDGE('',*,*,#4715,.F.);
#4764 = ORIENTED_EDGE('',*,*,#4765,.F.);
#4765 = EDGE_CURVE('',#4749,#4716,#4766,.T.);
#4766 = B_SPLINE_CURVE_WITH_KNOTS('',2,(#4767,#4768,#4769),
  .UNSPECIFIED.,.F.,.F.,(3,3),(0.,1.),.PIECEWISE_BEZIER_KNOTS.);
#4767 = CARTESIAN_POINT('',(51.315391352815,50.439525439924,26.));
#4768 = CARTESIAN_POINT('',(51.079703798073,50.649733259017,26.));
#4769 = CARTESIAN_POINT('',(50.722987499005,50.649733259017,26.));
#4770 = SURFACE_OF_LINEAR_EXTRUSION('',#4771,#4775);
#4771 = B_SPLINE_CURVE_WITH_KNOTS('',2,(#4772,#4773,#4774),
  .UNSPECIFIED.,.F.,.F.,(3,3),(0.,1.),.PIECEWISE_BEZIER_KNOTS.);
#4772 = CARTESIAN_POINT('',(51.315391352815,50.439525439924,26.));
#4773 = CARTESIAN_POINT('',(51.079703798073,50.649733259017,26.));
#4774 = CARTESIAN_POINT('',(50.722987499005,50.649733259017,26.));
#4775 = VECTOR('',#4776,1.);
#4776 = DIRECTION('',(-0.,-0.,-1.));
#4777 = ADVANCED_FACE('',(#4778),#4803,.T.);
#4778 = FACE_BOUND('',#4779,.T.);
#4779 = EDGE_LOOP('',(#4780,#4790,#4796,#4797));
#4780 = ORIENTED_EDGE('',*,*,#4781,.T.);
#4781 = EDGE_CURVE('',#4782,#4784,#4786,.T.);
#4782 = VERTEX_POINT('',#4783);
#4783 = CARTESIAN_POINT('',(51.614778246676,49.859861453937,26.));
#4784 = VERTEX_POINT('',#4785);
#4785 = CARTESIAN_POINT('',(51.614778246676,49.859861453937,26.6));
#4786 = LINE('',#4787,#4788);
#4787 = CARTESIAN_POINT('',(51.614778246676,49.859861453937,26.));
#4788 = VECTOR('',#4789,1.);
#4789 = DIRECTION('',(0.,0.,1.));
#4790 = ORIENTED_EDGE('',*,*,#4791,.T.);
#4791 = EDGE_CURVE('',#4784,#4751,#4792,.T.);
#4792 = B_SPLINE_CURVE_WITH_KNOTS('',2,(#4793,#4794,#4795),
  .UNSPECIFIED.,.F.,.F.,(3,3),(0.,1.),.PIECEWISE_BEZIER_KNOTS.);
#4793 = CARTESIAN_POINT('',(51.614778246676,49.859861453937,26.6));
#4794 = CARTESIAN_POINT('',(51.551078907556,50.22931762083,26.6));
#4795 = CARTESIAN_POINT('',(51.315391352815,50.439525439924,26.6));
#4796 = ORIENTED_EDGE('',*,*,#4748,.F.);
#4797 = ORIENTED_EDGE('',*,*,#4798,.F.);
#4798 = EDGE_CURVE('',#4782,#4749,#4799,.T.);
#4799 = B_SPLINE_CURVE_WITH_KNOTS('',2,(#4800,#4801,#4802),
  .UNSPECIFIED.,.F.,.F.,(3,3),(0.,1.),.PIECEWISE_BEZIER_KNOTS.);
#4800 = CARTESIAN_POINT('',(51.614778246676,49.859861453937,26.));
#4801 = CARTESIAN_POINT('',(51.551078907556,50.22931762083,26.));
#4802 = CARTESIAN_POINT('',(51.315391352815,50.439525439924,26.));
#4803 = SURFACE_OF_LINEAR_EXTRUSION('',#4804,#4808);
#4804 = B_SPLINE_CURVE_WITH_KNOTS('',2,(#4805,#4806,#4807),
  .UNSPECIFIED.,.F.,.F.,(3,3),(0.,1.),.PIECEWISE_BEZIER_KNOTS.);
#4805 = CARTESIAN_POINT('',(51.614778246676,49.859861453937,26.));
#4806 = CARTESIAN_POINT('',(51.551078907556,50.22931762083,26.));
#4807 = CARTESIAN_POINT('',(51.315391352815,50.439525439924,26.));
#4808 = VECTOR('',#4809,1.);
#4809 = DIRECTION('',(-0.,-0.,-1.));
#4810 = ADVANCED_FACE('',(#4811),#4836,.T.);
#4811 = FACE_BOUND('',#4812,.T.);
#4812 = EDGE_LOOP('',(#4813,#4823,#4829,#4830));
#4813 = ORIENTED_EDGE('',*,*,#4814,.T.);
#4814 = EDGE_CURVE('',#4815,#4817,#4819,.T.);
#4815 = VERTEX_POINT('',#4816);
#4816 = CARTESIAN_POINT('',(51.678477585795,48.827932160204,26.));
#4817 = VERTEX_POINT('',#4818);
#4818 = CARTESIAN_POINT('',(51.678477585795,48.827932160204,26.6));
#4819 = LINE('',#4820,#4821);
#4820 = CARTESIAN_POINT('',(51.678477585795,48.827932160204,26.));
#4821 = VECTOR('',#4822,1.);
#4822 = DIRECTION('',(0.,0.,1.));
#4823 = ORIENTED_EDGE('',*,*,#4824,.T.);
#4824 = EDGE_CURVE('',#4817,#4784,#4825,.T.);
#4825 = B_SPLINE_CURVE_WITH_KNOTS('',2,(#4826,#4827,#4828),
  .UNSPECIFIED.,.F.,.F.,(3,3),(0.,1.),.PIECEWISE_BEZIER_KNOTS.);
#4826 = CARTESIAN_POINT('',(51.678477585795,48.827932160204,26.6));
#4827 = CARTESIAN_POINT('',(51.678477585795,49.350266740983,26.6));
#4828 = CARTESIAN_POINT('',(51.614778246676,49.859861453937,26.6));
#4829 = ORIENTED_EDGE('',*,*,#4781,.F.);
#4830 = ORIENTED_EDGE('',*,*,#4831,.F.);
#4831 = EDGE_CURVE('',#4815,#4782,#4832,.T.);
#4832 = B_SPLINE_CURVE_WITH_KNOTS('',2,(#4833,#4834,#4835),
  .UNSPECIFIED.,.F.,.F.,(3,3),(0.,1.),.PIECEWISE_BEZIER_KNOTS.);
#4833 = CARTESIAN_POINT('',(51.678477585795,48.827932160204,26.));
#4834 = CARTESIAN_POINT('',(51.678477585795,49.350266740983,26.));
#4835 = CARTESIAN_POINT('',(51.614778246676,49.859861453937,26.));
#4836 = SURFACE_OF_LINEAR_EXTRUSION('',#4837,#4841);
#4837 = B_SPLINE_CURVE_WITH_KNOTS('',2,(#4838,#4839,#4840),
  .UNSPECIFIED.,.F.,.F.,(3,3),(0.,1.),.PIECEWISE_BEZIER_KNOTS.);
#4838 = CARTESIAN_POINT('',(51.678477585795,48.827932160204,26.));
#4839 = CARTESIAN_POINT('',(51.678477585795,49.350266740983,26.));
#4840 = CARTESIAN_POINT('',(51.614778246676,49.859861453937,26.));
#4841 = VECTOR('',#4842,1.);
#4842 = DIRECTION('',(-0.,-0.,-1.));
#4843 = ADVANCED_FACE('',(#4844),#4860,.T.);
#4844 = FACE_BOUND('',#4845,.T.);
#4845 = EDGE_LOOP('',(#4846,#4847,#4853,#4854));
#4846 = ORIENTED_EDGE('',*,*,#4493,.T.);
#4847 = ORIENTED_EDGE('',*,*,#4848,.T.);
#4848 = EDGE_CURVE('',#4486,#4817,#4849,.T.);
#4849 = B_SPLINE_CURVE_WITH_KNOTS('',2,(#4850,#4851,#4852),
  .UNSPECIFIED.,.F.,.F.,(3,3),(0.,1.),.PIECEWISE_BEZIER_KNOTS.);
#4850 = CARTESIAN_POINT('',(51.614778246676,47.783262998646,26.6));
#4851 = CARTESIAN_POINT('',(51.678477585795,48.318337447249,26.6));
#4852 = CARTESIAN_POINT('',(51.678477585795,48.827932160204,26.6));
#4853 = ORIENTED_EDGE('',*,*,#4814,.F.);
#4854 = ORIENTED_EDGE('',*,*,#4855,.F.);
#4855 = EDGE_CURVE('',#4494,#4815,#4856,.T.);
#4856 = B_SPLINE_CURVE_WITH_KNOTS('',2,(#4857,#4858,#4859),
  .UNSPECIFIED.,.F.,.F.,(3,3),(0.,1.),.PIECEWISE_BEZIER_KNOTS.);
#4857 = CARTESIAN_POINT('',(51.614778246676,47.783262998646,26.));
#4858 = CARTESIAN_POINT('',(51.678477585795,48.318337447249,26.));
#4859 = CARTESIAN_POINT('',(51.678477585795,48.827932160204,26.));
#4860 = SURFACE_OF_LINEAR_EXTRUSION('',#4861,#4865);
#4861 = B_SPLINE_CURVE_WITH_KNOTS('',2,(#4862,#4863,#4864),
  .UNSPECIFIED.,.F.,.F.,(3,3),(0.,1.),.PIECEWISE_BEZIER_KNOTS.);
#4862 = CARTESIAN_POINT('',(51.614778246676,47.783262998646,26.));
#4863 = CARTESIAN_POINT('',(51.678477585795,48.318337447249,26.));
#4864 = CARTESIAN_POINT('',(51.678477585795,48.827932160204,26.));
#4865 = VECTOR('',#4866,1.);
#4866 = DIRECTION('',(-0.,-0.,-1.));
#4867 = ADVANCED_FACE('',(#4868,#4882),#4896,.T.);
#4868 = FACE_BOUND('',#4869,.T.);
#4869 = EDGE_LOOP('',(#4870,#4871,#4872,#4873,#4874,#4875,#4876,#4877,
    #4878,#4879,#4880,#4881));
#4870 = ORIENTED_EDGE('',*,*,#4105,.T.);
#4871 = ORIENTED_EDGE('',*,*,#4171,.T.);
#4872 = ORIENTED_EDGE('',*,*,#4237,.T.);
#4873 = ORIENTED_EDGE('',*,*,#4303,.T.);
#4874 = ORIENTED_EDGE('',*,*,#4369,.T.);
#4875 = ORIENTED_EDGE('',*,*,#4435,.T.);
#4876 = ORIENTED_EDGE('',*,*,#4459,.T.);
#4877 = ORIENTED_EDGE('',*,*,#4402,.T.);
#4878 = ORIENTED_EDGE('',*,*,#4336,.T.);
#4879 = ORIENTED_EDGE('',*,*,#4270,.T.);
#4880 = ORIENTED_EDGE('',*,*,#4204,.T.);
#4881 = ORIENTED_EDGE('',*,*,#4138,.T.);
#4882 = FACE_BOUND('',#4883,.T.);
#4883 = EDGE_LOOP('',(#4884,#4885,#4886,#4887,#4888,#4889,#4890,#4891,
    #4892,#4893,#4894,#4895));
#4884 = ORIENTED_EDGE('',*,*,#4501,.T.);
#4885 = ORIENTED_EDGE('',*,*,#4855,.T.);
#4886 = ORIENTED_EDGE('',*,*,#4831,.T.);
#4887 = ORIENTED_EDGE('',*,*,#4798,.T.);
#4888 = ORIENTED_EDGE('',*,*,#4765,.T.);
#4889 = ORIENTED_EDGE('',*,*,#4732,.T.);
#4890 = ORIENTED_EDGE('',*,*,#4699,.T.);
#4891 = ORIENTED_EDGE('',*,*,#4666,.T.);
#4892 = ORIENTED_EDGE('',*,*,#4633,.T.);
#4893 = ORIENTED_EDGE('',*,*,#4600,.T.);
#4894 = ORIENTED_EDGE('',*,*,#4567,.T.);
#4895 = ORIENTED_EDGE('',*,*,#4534,.T.);
#4896 = B_SPLINE_SURFACE_WITH_KNOTS('',1,1,(
    (#4897,#4898)
    ,(#4899,#4900
    )),.UNSPECIFIED.,.F.,.F.,.F.,(2,2),(2,2),(-21.59744077226,
    21.602559227735),(-26.49531399406,26.504686005932),
  .PIECEWISE_BEZIER_KNOTS.);
#4897 = CARTESIAN_POINT('',(53.474798948961,45.439127319054,26.));
#4898 = CARTESIAN_POINT('',(53.474798948961,52.191257265706,26.));
#4899 = CARTESIAN_POINT('',(47.971176049048,45.439127319054,26.));
#4900 = CARTESIAN_POINT('',(47.971176049048,52.191257265706,26.));
#4901 = ADVANCED_FACE('',(#4902,#4916),#4930,.F.);
#4902 = FACE_BOUND('',#4903,.F.);
#4903 = EDGE_LOOP('',(#4904,#4905,#4906,#4907,#4908,#4909,#4910,#4911,
    #4912,#4913,#4914,#4915));
#4904 = ORIENTED_EDGE('',*,*,#4089,.T.);
#4905 = ORIENTED_EDGE('',*,*,#4155,.T.);
#4906 = ORIENTED_EDGE('',*,*,#4221,.T.);
#4907 = ORIENTED_EDGE('',*,*,#4287,.T.);
#4908 = ORIENTED_EDGE('',*,*,#4353,.T.);
#4909 = ORIENTED_EDGE('',*,*,#4419,.T.);
#4910 = ORIENTED_EDGE('',*,*,#4452,.T.);
#4911 = ORIENTED_EDGE('',*,*,#4395,.T.);
#4912 = ORIENTED_EDGE('',*,*,#4329,.T.);
#4913 = ORIENTED_EDGE('',*,*,#4263,.T.);
#4914 = ORIENTED_EDGE('',*,*,#4197,.T.);
#4915 = ORIENTED_EDGE('',*,*,#4131,.T.);
#4916 = FACE_BOUND('',#4917,.F.);
#4917 = EDGE_LOOP('',(#4918,#4919,#4920,#4921,#4922,#4923,#4924,#4925,
    #4926,#4927,#4928,#4929));
#4918 = ORIENTED_EDGE('',*,*,#4485,.T.);
#4919 = ORIENTED_EDGE('',*,*,#4848,.T.);
#4920 = ORIENTED_EDGE('',*,*,#4824,.T.);
#4921 = ORIENTED_EDGE('',*,*,#4791,.T.);
#4922 = ORIENTED_EDGE('',*,*,#4758,.T.);
#4923 = ORIENTED_EDGE('',*,*,#4725,.T.);
#4924 = ORIENTED_EDGE('',*,*,#4692,.T.);
#4925 = ORIENTED_EDGE('',*,*,#4659,.T.);
#4926 = ORIENTED_EDGE('',*,*,#4626,.T.);
#4927 = ORIENTED_EDGE('',*,*,#4593,.T.);
#4928 = ORIENTED_EDGE('',*,*,#4560,.T.);
#4929 = ORIENTED_EDGE('',*,*,#4527,.T.);
#4930 = B_SPLINE_SURFACE_WITH_KNOTS('',1,1,(
    (#4931,#4932)
    ,(#4933,#4934
    )),.UNSPECIFIED.,.F.,.F.,.F.,(2,2),(2,2),(-21.59744077226,
    21.602559227735),(-26.49531399406,26.504686005932),
  .PIECEWISE_BEZIER_KNOTS.);
#4931 = CARTESIAN_POINT('',(53.474798948961,45.439127319054,26.6));
#4932 = CARTESIAN_POINT('',(53.474798948961,52.191257265706,26.6));
#4933 = CARTESIAN_POINT('',(47.971176049048,45.439127319054,26.6));
#4934 = CARTESIAN_POINT('',(47.971176049048,52.191257265706,26.6));
#4935 = MANIFOLD_SOLID_BREP('',#4936);
#4936 = CLOSED_SHELL('',(#4937,#4976,#5009,#5042,#5072,#5105,#5138,#5168
    ,#5201,#5234,#5264,#5297,#5321,#5341));
#4937 = ADVANCED_FACE('',(#4938),#4970,.T.);
#4938 = FACE_BOUND('',#4939,.T.);
#4939 = EDGE_LOOP('',(#4940,#4950,#4957,#4965));
#4940 = ORIENTED_EDGE('',*,*,#4941,.T.);
#4941 = EDGE_CURVE('',#4942,#4944,#4946,.T.);
#4942 = VERTEX_POINT('',#4943);
#4943 = CARTESIAN_POINT('',(54.481248507047,45.693924675531,26.));
#4944 = VERTEX_POINT('',#4945);
#4945 = CARTESIAN_POINT('',(54.481248507047,45.693924675531,26.6));
#4946 = LINE('',#4947,#4948);
#4947 = CARTESIAN_POINT('',(54.481248507047,45.693924675531,26.));
#4948 = VECTOR('',#4949,1.);
#4949 = DIRECTION('',(0.,0.,1.));
#4950 = ORIENTED_EDGE('',*,*,#4951,.T.);
#4951 = EDGE_CURVE('',#4944,#4952,#4954,.T.);
#4952 = VERTEX_POINT('',#4953);
#4953 = CARTESIAN_POINT('',(54.481248507047,54.306075324469,26.6));
#4954 = B_SPLINE_CURVE_WITH_KNOTS('',1,(#4955,#4956),.UNSPECIFIED.,.F.,
  .F.,(2,2),(0.,67.6),.PIECEWISE_BEZIER_KNOTS.);
#4955 = CARTESIAN_POINT('',(54.481248507047,45.693924675531,26.6));
#4956 = CARTESIAN_POINT('',(54.481248507047,54.306075324469,26.6));
#4957 = ORIENTED_EDGE('',*,*,#4958,.F.);
#4958 = EDGE_CURVE('',#4959,#4952,#4961,.T.);
#4959 = VERTEX_POINT('',#4960);
#4960 = CARTESIAN_POINT('',(54.481248507047,54.306075324469,26.));
#4961 = LINE('',#4962,#4963);
#4962 = CARTESIAN_POINT('',(54.481248507047,54.306075324469,26.));
#4963 = VECTOR('',#4964,1.);
#4964 = DIRECTION('',(0.,0.,1.));
#4965 = ORIENTED_EDGE('',*,*,#4966,.F.);
#4966 = EDGE_CURVE('',#4942,#4959,#4967,.T.);
#4967 = B_SPLINE_CURVE_WITH_KNOTS('',1,(#4968,#4969),.UNSPECIFIED.,.F.,
  .F.,(2,2),(0.,67.6),.PIECEWISE_BEZIER_KNOTS.);
#4968 = CARTESIAN_POINT('',(54.481248507047,45.693924675531,26.));
#4969 = CARTESIAN_POINT('',(54.481248507047,54.306075324469,26.));
#4970 = SURFACE_OF_LINEAR_EXTRUSION('',#4971,#4974);
#4971 = B_SPLINE_CURVE_WITH_KNOTS('',1,(#4972,#4973),.UNSPECIFIED.,.F.,
  .F.,(2,2),(0.,67.6),.PIECEWISE_BEZIER_KNOTS.);
#4972 = CARTESIAN_POINT('',(54.481248507047,45.693924675531,26.));
#4973 = CARTESIAN_POINT('',(54.481248507047,54.306075324469,26.));
#4974 = VECTOR('',#4975,1.);
#4975 = DIRECTION('',(-0.,-0.,-1.));
#4976 = ADVANCED_FACE('',(#4977),#5002,.T.);
#4977 = FACE_BOUND('',#4978,.T.);
#4978 = EDGE_LOOP('',(#4979,#4980,#4988,#4996));
#4979 = ORIENTED_EDGE('',*,*,#4958,.T.);
#4980 = ORIENTED_EDGE('',*,*,#4981,.T.);
#4981 = EDGE_CURVE('',#4952,#4982,#4984,.T.);
#4982 = VERTEX_POINT('',#4983);
#4983 = CARTESIAN_POINT('',(54.52583804443,54.414364200971,26.6));
#4984 = B_SPLINE_CURVE_WITH_KNOTS('',2,(#4985,#4986,#4987),
  .UNSPECIFIED.,.F.,.F.,(3,3),(0.,1.),.PIECEWISE_BEZIER_KNOTS.);
#4985 = CARTESIAN_POINT('',(54.481248507047,54.306075324469,26.6));
#4986 = CARTESIAN_POINT('',(54.481248507047,54.369774663588,26.6));
#4987 = CARTESIAN_POINT('',(54.52583804443,54.414364200971,26.6));
#4988 = ORIENTED_EDGE('',*,*,#4989,.F.);
#4989 = EDGE_CURVE('',#4990,#4982,#4992,.T.);
#4990 = VERTEX_POINT('',#4991);
#4991 = CARTESIAN_POINT('',(54.52583804443,54.414364200971,26.));
#4992 = LINE('',#4993,#4994);
#4993 = CARTESIAN_POINT('',(54.52583804443,54.414364200971,26.));
#4994 = VECTOR('',#4995,1.);
#4995 = DIRECTION('',(0.,0.,1.));
#4996 = ORIENTED_EDGE('',*,*,#4997,.F.);
#4997 = EDGE_CURVE('',#4959,#4990,#4998,.T.);
#4998 = B_SPLINE_CURVE_WITH_KNOTS('',2,(#4999,#5000,#5001),
  .UNSPECIFIED.,.F.,.F.,(3,3),(0.,1.),.PIECEWISE_BEZIER_KNOTS.);
#4999 = CARTESIAN_POINT('',(54.481248507047,54.306075324469,26.));
#5000 = CARTESIAN_POINT('',(54.481248507047,54.369774663588,26.));
#5001 = CARTESIAN_POINT('',(54.52583804443,54.414364200971,26.));
#5002 = SURFACE_OF_LINEAR_EXTRUSION('',#5003,#5007);
#5003 = B_SPLINE_CURVE_WITH_KNOTS('',2,(#5004,#5005,#5006),
  .UNSPECIFIED.,.F.,.F.,(3,3),(0.,1.),.PIECEWISE_BEZIER_KNOTS.);
#5004 = CARTESIAN_POINT('',(54.481248507047,54.306075324469,26.));
#5005 = CARTESIAN_POINT('',(54.481248507047,54.369774663588,26.));
#5006 = CARTESIAN_POINT('',(54.52583804443,54.414364200971,26.));
#5007 = VECTOR('',#5008,1.);
#5008 = DIRECTION('',(-0.,-0.,-1.));
#5009 = ADVANCED_FACE('',(#5010),#5035,.T.);
#5010 = FACE_BOUND('',#5011,.T.);
#5011 = EDGE_LOOP('',(#5012,#5013,#5021,#5029));
#5012 = ORIENTED_EDGE('',*,*,#4989,.T.);
#5013 = ORIENTED_EDGE('',*,*,#5014,.T.);
#5014 = EDGE_CURVE('',#4982,#5015,#5017,.T.);
#5015 = VERTEX_POINT('',#5016);
#5016 = CARTESIAN_POINT('',(54.634126920933,54.458953738355,26.6));
#5017 = B_SPLINE_CURVE_WITH_KNOTS('',2,(#5018,#5019,#5020),
  .UNSPECIFIED.,.F.,.F.,(3,3),(0.,1.),.PIECEWISE_BEZIER_KNOTS.);
#5018 = CARTESIAN_POINT('',(54.52583804443,54.414364200971,26.6));
#5019 = CARTESIAN_POINT('',(54.570427581814,54.458953738355,26.6));
#5020 = CARTESIAN_POINT('',(54.634126920933,54.458953738355,26.6));
#5021 = ORIENTED_EDGE('',*,*,#5022,.F.);
#5022 = EDGE_CURVE('',#5023,#5015,#5025,.T.);
#5023 = VERTEX_POINT('',#5024);
#5024 = CARTESIAN_POINT('',(54.634126920933,54.458953738355,26.));
#5025 = LINE('',#5026,#5027);
#5026 = CARTESIAN_POINT('',(54.634126920933,54.458953738355,26.));
#5027 = VECTOR('',#5028,1.);
#5028 = DIRECTION('',(0.,0.,1.));
#5029 = ORIENTED_EDGE('',*,*,#5030,.F.);
#5030 = EDGE_CURVE('',#4990,#5023,#5031,.T.);
#5031 = B_SPLINE_CURVE_WITH_KNOTS('',2,(#5032,#5033,#5034),
  .UNSPECIFIED.,.F.,.F.,(3,3),(0.,1.),.PIECEWISE_BEZIER_KNOTS.);
#5032 = CARTESIAN_POINT('',(54.52583804443,54.414364200971,26.));
#5033 = CARTESIAN_POINT('',(54.570427581814,54.458953738355,26.));
#5034 = CARTESIAN_POINT('',(54.634126920933,54.458953738355,26.));
#5035 = SURFACE_OF_LINEAR_EXTRUSION('',#5036,#5040);
#5036 = B_SPLINE_CURVE_WITH_KNOTS('',2,(#5037,#5038,#5039),
  .UNSPECIFIED.,.F.,.F.,(3,3),(0.,1.),.PIECEWISE_BEZIER_KNOTS.);
#5037 = CARTESIAN_POINT('',(54.52583804443,54.414364200971,26.));
#5038 = CARTESIAN_POINT('',(54.570427581814,54.458953738355,26.));
#5039 = CARTESIAN_POINT('',(54.634126920933,54.458953738355,26.));
#5040 = VECTOR('',#5041,1.);
#5041 = DIRECTION('',(-0.,-0.,-1.));
#5042 = ADVANCED_FACE('',(#5043),#5066,.T.);
#5043 = FACE_BOUND('',#5044,.T.);
#5044 = EDGE_LOOP('',(#5045,#5046,#5053,#5061));
#5045 = ORIENTED_EDGE('',*,*,#5022,.T.);
#5046 = ORIENTED_EDGE('',*,*,#5047,.T.);
#5047 = EDGE_CURVE('',#5015,#5048,#5050,.T.);
#5048 = VERTEX_POINT('',#5049);
#5049 = CARTESIAN_POINT('',(56.124691456326,54.458953738355,26.6));
#5050 = B_SPLINE_CURVE_WITH_KNOTS('',1,(#5051,#5052),.UNSPECIFIED.,.F.,
  .F.,(2,2),(0.,11.7),.PIECEWISE_BEZIER_KNOTS.);
#5051 = CARTESIAN_POINT('',(54.634126920933,54.458953738355,26.6));
#5052 = CARTESIAN_POINT('',(56.124691456326,54.458953738355,26.6));
#5053 = ORIENTED_EDGE('',*,*,#5054,.F.);
#5054 = EDGE_CURVE('',#5055,#5048,#5057,.T.);
#5055 = VERTEX_POINT('',#5056);
#5056 = CARTESIAN_POINT('',(56.124691456326,54.458953738355,26.));
#5057 = LINE('',#5058,#5059);
#5058 = CARTESIAN_POINT('',(56.124691456326,54.458953738355,26.));
#5059 = VECTOR('',#5060,1.);
#5060 = DIRECTION('',(0.,0.,1.));
#5061 = ORIENTED_EDGE('',*,*,#5062,.F.);
#5062 = EDGE_CURVE('',#5023,#5055,#5063,.T.);
#5063 = B_SPLINE_CURVE_WITH_KNOTS('',1,(#5064,#5065),.UNSPECIFIED.,.F.,
  .F.,(2,2),(0.,11.7),.PIECEWISE_BEZIER_KNOTS.);
#5064 = CARTESIAN_POINT('',(54.634126920933,54.458953738355,26.));
#5065 = CARTESIAN_POINT('',(56.124691456326,54.458953738355,26.));
#5066 = SURFACE_OF_LINEAR_EXTRUSION('',#5067,#5070);
#5067 = B_SPLINE_CURVE_WITH_KNOTS('',1,(#5068,#5069),.UNSPECIFIED.,.F.,
  .F.,(2,2),(0.,11.7),.PIECEWISE_BEZIER_KNOTS.);
#5068 = CARTESIAN_POINT('',(54.634126920933,54.458953738355,26.));
#5069 = CARTESIAN_POINT('',(56.124691456326,54.458953738355,26.));
#5070 = VECTOR('',#5071,1.);
#5071 = DIRECTION('',(-0.,-0.,-1.));
#5072 = ADVANCED_FACE('',(#5073),#5098,.T.);
#5073 = FACE_BOUND('',#5074,.T.);
#5074 = EDGE_LOOP('',(#5075,#5076,#5084,#5092));
#5075 = ORIENTED_EDGE('',*,*,#5054,.T.);
#5076 = ORIENTED_EDGE('',*,*,#5077,.T.);
#5077 = EDGE_CURVE('',#5048,#5078,#5080,.T.);
#5078 = VERTEX_POINT('',#5079);
#5079 = CARTESIAN_POINT('',(56.232980332829,54.414364200971,26.6));
#5080 = B_SPLINE_CURVE_WITH_KNOTS('',2,(#5081,#5082,#5083),
  .UNSPECIFIED.,.F.,.F.,(3,3),(0.,1.),.PIECEWISE_BEZIER_KNOTS.);
#5081 = CARTESIAN_POINT('',(56.124691456326,54.458953738355,26.6));
#5082 = CARTESIAN_POINT('',(56.188390795445,54.458953738355,26.6));
#5083 = CARTESIAN_POINT('',(56.232980332829,54.414364200971,26.6));
#5084 = ORIENTED_EDGE('',*,*,#5085,.F.);
#5085 = EDGE_CURVE('',#5086,#5078,#5088,.T.);
#5086 = VERTEX_POINT('',#5087);
#5087 = CARTESIAN_POINT('',(56.232980332829,54.414364200971,26.));
#5088 = LINE('',#5089,#5090);
#5089 = CARTESIAN_POINT('',(56.232980332829,54.414364200971,26.));
#5090 = VECTOR('',#5091,1.);
#5091 = DIRECTION('',(0.,0.,1.));
#5092 = ORIENTED_EDGE('',*,*,#5093,.F.);
#5093 = EDGE_CURVE('',#5055,#5086,#5094,.T.);
#5094 = B_SPLINE_CURVE_WITH_KNOTS('',2,(#5095,#5096,#5097),
  .UNSPECIFIED.,.F.,.F.,(3,3),(0.,1.),.PIECEWISE_BEZIER_KNOTS.);
#5095 = CARTESIAN_POINT('',(56.124691456326,54.458953738355,26.));
#5096 = CARTESIAN_POINT('',(56.188390795445,54.458953738355,26.));
#5097 = CARTESIAN_POINT('',(56.232980332829,54.414364200971,26.));
#5098 = SURFACE_OF_LINEAR_EXTRUSION('',#5099,#5103);
#5099 = B_SPLINE_CURVE_WITH_KNOTS('',2,(#5100,#5101,#5102),
  .UNSPECIFIED.,.F.,.F.,(3,3),(0.,1.),.PIECEWISE_BEZIER_KNOTS.);
#5100 = CARTESIAN_POINT('',(56.124691456326,54.458953738355,26.));
#5101 = CARTESIAN_POINT('',(56.188390795445,54.458953738355,26.));
#5102 = CARTESIAN_POINT('',(56.232980332829,54.414364200971,26.));
#5103 = VECTOR('',#5104,1.);
#5104 = DIRECTION('',(-0.,-0.,-1.));
#5105 = ADVANCED_FACE('',(#5106),#5131,.T.);
#5106 = FACE_BOUND('',#5107,.T.);
#5107 = EDGE_LOOP('',(#5108,#5109,#5117,#5125));
#5108 = ORIENTED_EDGE('',*,*,#5085,.T.);
#5109 = ORIENTED_EDGE('',*,*,#5110,.T.);
#5110 = EDGE_CURVE('',#5078,#5111,#5113,.T.);
#5111 = VERTEX_POINT('',#5112);
#5112 = CARTESIAN_POINT('',(56.277569870213,54.306075324469,26.6));
#5113 = B_SPLINE_CURVE_WITH_KNOTS('',2,(#5114,#5115,#5116),
  .UNSPECIFIED.,.F.,.F.,(3,3),(0.,1.),.PIECEWISE_BEZIER_KNOTS.);
#5114 = CARTESIAN_POINT('',(56.232980332829,54.414364200971,26.6));
#5115 = CARTESIAN_POINT('',(56.277569870213,54.369774663588,26.6));
#5116 = CARTESIAN_POINT('',(56.277569870213,54.306075324469,26.6));
#5117 = ORIENTED_EDGE('',*,*,#5118,.F.);
#5118 = EDGE_CURVE('',#5119,#5111,#5121,.T.);
#5119 = VERTEX_POINT('',#5120);
#5120 = CARTESIAN_POINT('',(56.277569870213,54.306075324469,26.));
#5121 = LINE('',#5122,#5123);
#5122 = CARTESIAN_POINT('',(56.277569870213,54.306075324469,26.));
#5123 = VECTOR('',#5124,1.);
#5124 = DIRECTION('',(0.,0.,1.));
#5125 = ORIENTED_EDGE('',*,*,#5126,.F.);
#5126 = EDGE_CURVE('',#5086,#5119,#5127,.T.);
#5127 = B_SPLINE_CURVE_WITH_KNOTS('',2,(#5128,#5129,#5130),
  .UNSPECIFIED.,.F.,.F.,(3,3),(0.,1.),.PIECEWISE_BEZIER_KNOTS.);
#5128 = CARTESIAN_POINT('',(56.232980332829,54.414364200971,26.));
#5129 = CARTESIAN_POINT('',(56.277569870213,54.369774663588,26.));
#5130 = CARTESIAN_POINT('',(56.277569870213,54.306075324469,26.));
#5131 = SURFACE_OF_LINEAR_EXTRUSION('',#5132,#5136);
#5132 = B_SPLINE_CURVE_WITH_KNOTS('',2,(#5133,#5134,#5135),
  .UNSPECIFIED.,.F.,.F.,(3,3),(0.,1.),.PIECEWISE_BEZIER_KNOTS.);
#5133 = CARTESIAN_POINT('',(56.232980332829,54.414364200971,26.));
#5134 = CARTESIAN_POINT('',(56.277569870213,54.369774663588,26.));
#5135 = CARTESIAN_POINT('',(56.277569870213,54.306075324469,26.));
#5136 = VECTOR('',#5137,1.);
#5137 = DIRECTION('',(-0.,-0.,-1.));
#5138 = ADVANCED_FACE('',(#5139),#5162,.T.);
#5139 = FACE_BOUND('',#5140,.T.);
#5140 = EDGE_LOOP('',(#5141,#5142,#5149,#5157));
#5141 = ORIENTED_EDGE('',*,*,#5118,.T.);
#5142 = ORIENTED_EDGE('',*,*,#5143,.T.);
#5143 = EDGE_CURVE('',#5111,#5144,#5146,.T.);
#5144 = VERTEX_POINT('',#5145);
#5145 = CARTESIAN_POINT('',(56.277569870213,45.693924675531,26.6));
#5146 = B_SPLINE_CURVE_WITH_KNOTS('',1,(#5147,#5148),.UNSPECIFIED.,.F.,
  .F.,(2,2),(0.,67.6),.PIECEWISE_BEZIER_KNOTS.);
#5147 = CARTESIAN_POINT('',(56.277569870213,54.306075324469,26.6));
#5148 = CARTESIAN_POINT('',(56.277569870213,45.693924675531,26.6));
#5149 = ORIENTED_EDGE('',*,*,#5150,.F.);
#5150 = EDGE_CURVE('',#5151,#5144,#5153,.T.);
#5151 = VERTEX_POINT('',#5152);
#5152 = CARTESIAN_POINT('',(56.277569870213,45.693924675531,26.));
#5153 = LINE('',#5154,#5155);
#5154 = CARTESIAN_POINT('',(56.277569870213,45.693924675531,26.));
#5155 = VECTOR('',#5156,1.);
#5156 = DIRECTION('',(0.,0.,1.));
#5157 = ORIENTED_EDGE('',*,*,#5158,.F.);
#5158 = EDGE_CURVE('',#5119,#5151,#5159,.T.);
#5159 = B_SPLINE_CURVE_WITH_KNOTS('',1,(#5160,#5161),.UNSPECIFIED.,.F.,
  .F.,(2,2),(0.,67.6),.PIECEWISE_BEZIER_KNOTS.);
#5160 = CARTESIAN_POINT('',(56.277569870213,54.306075324469,26.));
#5161 = CARTESIAN_POINT('',(56.277569870213,45.693924675531,26.));
#5162 = SURFACE_OF_LINEAR_EXTRUSION('',#5163,#5166);
#5163 = B_SPLINE_CURVE_WITH_KNOTS('',1,(#5164,#5165),.UNSPECIFIED.,.F.,
  .F.,(2,2),(0.,67.6),.PIECEWISE_BEZIER_KNOTS.);
#5164 = CARTESIAN_POINT('',(56.277569870213,54.306075324469,26.));
#5165 = CARTESIAN_POINT('',(56.277569870213,45.693924675531,26.));
#5166 = VECTOR('',#5167,1.);
#5167 = DIRECTION('',(-0.,-0.,-1.));
#5168 = ADVANCED_FACE('',(#5169),#5194,.T.);
#5169 = FACE_BOUND('',#5170,.T.);
#5170 = EDGE_LOOP('',(#5171,#5172,#5180,#5188));
#5171 = ORIENTED_EDGE('',*,*,#5150,.T.);
#5172 = ORIENTED_EDGE('',*,*,#5173,.T.);
#5173 = EDGE_CURVE('',#5144,#5174,#5176,.T.);
#5174 = VERTEX_POINT('',#5175);
#5175 = CARTESIAN_POINT('',(56.232980332829,45.585635799029,26.6));
#5176 = B_SPLINE_CURVE_WITH_KNOTS('',2,(#5177,#5178,#5179),
  .UNSPECIFIED.,.F.,.F.,(3,3),(0.,1.),.PIECEWISE_BEZIER_KNOTS.);
#5177 = CARTESIAN_POINT('',(56.277569870213,45.693924675531,26.6));
#5178 = CARTESIAN_POINT('',(56.277569870213,45.630225336412,26.6));
#5179 = CARTESIAN_POINT('',(56.232980332829,45.585635799029,26.6));
#5180 = ORIENTED_EDGE('',*,*,#5181,.F.);
#5181 = EDGE_CURVE('',#5182,#5174,#5184,.T.);
#5182 = VERTEX_POINT('',#5183);
#5183 = CARTESIAN_POINT('',(56.232980332829,45.585635799029,26.));
#5184 = LINE('',#5185,#5186);
#5185 = CARTESIAN_POINT('',(56.232980332829,45.585635799029,26.));
#5186 = VECTOR('',#5187,1.);
#5187 = DIRECTION('',(0.,0.,1.));
#5188 = ORIENTED_EDGE('',*,*,#5189,.F.);
#5189 = EDGE_CURVE('',#5151,#5182,#5190,.T.);
#5190 = B_SPLINE_CURVE_WITH_KNOTS('',2,(#5191,#5192,#5193),
  .UNSPECIFIED.,.F.,.F.,(3,3),(0.,1.),.PIECEWISE_BEZIER_KNOTS.);
#5191 = CARTESIAN_POINT('',(56.277569870213,45.693924675531,26.));
#5192 = CARTESIAN_POINT('',(56.277569870213,45.630225336412,26.));
#5193 = CARTESIAN_POINT('',(56.232980332829,45.585635799029,26.));
#5194 = SURFACE_OF_LINEAR_EXTRUSION('',#5195,#5199);
#5195 = B_SPLINE_CURVE_WITH_KNOTS('',2,(#5196,#5197,#5198),
  .UNSPECIFIED.,.F.,.F.,(3,3),(0.,1.),.PIECEWISE_BEZIER_KNOTS.);
#5196 = CARTESIAN_POINT('',(56.277569870213,45.693924675531,26.));
#5197 = CARTESIAN_POINT('',(56.277569870213,45.630225336412,26.));
#5198 = CARTESIAN_POINT('',(56.232980332829,45.585635799029,26.));
#5199 = VECTOR('',#5200,1.);
#5200 = DIRECTION('',(-0.,-0.,-1.));
#5201 = ADVANCED_FACE('',(#5202),#5227,.T.);
#5202 = FACE_BOUND('',#5203,.T.);
#5203 = EDGE_LOOP('',(#5204,#5205,#5213,#5221));
#5204 = ORIENTED_EDGE('',*,*,#5181,.T.);
#5205 = ORIENTED_EDGE('',*,*,#5206,.T.);
#5206 = EDGE_CURVE('',#5174,#5207,#5209,.T.);
#5207 = VERTEX_POINT('',#5208);
#5208 = CARTESIAN_POINT('',(56.124691456326,45.541046261645,26.6));
#5209 = B_SPLINE_CURVE_WITH_KNOTS('',2,(#5210,#5211,#5212),
  .UNSPECIFIED.,.F.,.F.,(3,3),(0.,1.),.PIECEWISE_BEZIER_KNOTS.);
#5210 = CARTESIAN_POINT('',(56.232980332829,45.585635799029,26.6));
#5211 = CARTESIAN_POINT('',(56.188390795445,45.541046261645,26.6));
#5212 = CARTESIAN_POINT('',(56.124691456326,45.541046261645,26.6));
#5213 = ORIENTED_EDGE('',*,*,#5214,.F.);
#5214 = EDGE_CURVE('',#5215,#5207,#5217,.T.);
#5215 = VERTEX_POINT('',#5216);
#5216 = CARTESIAN_POINT('',(56.124691456326,45.541046261645,26.));
#5217 = LINE('',#5218,#5219);
#5218 = CARTESIAN_POINT('',(56.124691456326,45.541046261645,26.));
#5219 = VECTOR('',#5220,1.);
#5220 = DIRECTION('',(0.,0.,1.));
#5221 = ORIENTED_EDGE('',*,*,#5222,.F.);
#5222 = EDGE_CURVE('',#5182,#5215,#5223,.T.);
#5223 = B_SPLINE_CURVE_WITH_KNOTS('',2,(#5224,#5225,#5226),
  .UNSPECIFIED.,.F.,.F.,(3,3),(0.,1.),.PIECEWISE_BEZIER_KNOTS.);
#5224 = CARTESIAN_POINT('',(56.232980332829,45.585635799029,26.));
#5225 = CARTESIAN_POINT('',(56.188390795445,45.541046261645,26.));
#5226 = CARTESIAN_POINT('',(56.124691456326,45.541046261645,26.));
#5227 = SURFACE_OF_LINEAR_EXTRUSION('',#5228,#5232);
#5228 = B_SPLINE_CURVE_WITH_KNOTS('',2,(#5229,#5230,#5231),
  .UNSPECIFIED.,.F.,.F.,(3,3),(0.,1.),.PIECEWISE_BEZIER_KNOTS.);
#5229 = CARTESIAN_POINT('',(56.232980332829,45.585635799029,26.));
#5230 = CARTESIAN_POINT('',(56.188390795445,45.541046261645,26.));
#5231 = CARTESIAN_POINT('',(56.124691456326,45.541046261645,26.));
#5232 = VECTOR('',#5233,1.);
#5233 = DIRECTION('',(-0.,-0.,-1.));
#5234 = ADVANCED_FACE('',(#5235),#5258,.T.);
#5235 = FACE_BOUND('',#5236,.T.);
#5236 = EDGE_LOOP('',(#5237,#5238,#5245,#5253));
#5237 = ORIENTED_EDGE('',*,*,#5214,.T.);
#5238 = ORIENTED_EDGE('',*,*,#5239,.T.);
#5239 = EDGE_CURVE('',#5207,#5240,#5242,.T.);
#5240 = VERTEX_POINT('',#5241);
#5241 = CARTESIAN_POINT('',(54.634126920933,45.541046261645,26.6));
#5242 = B_SPLINE_CURVE_WITH_KNOTS('',1,(#5243,#5244),.UNSPECIFIED.,.F.,
  .F.,(2,2),(0.,11.7),.PIECEWISE_BEZIER_KNOTS.);
#5243 = CARTESIAN_POINT('',(56.124691456326,45.541046261645,26.6));
#5244 = CARTESIAN_POINT('',(54.634126920933,45.541046261645,26.6));
#5245 = ORIENTED_EDGE('',*,*,#5246,.F.);
#5246 = EDGE_CURVE('',#5247,#5240,#5249,.T.);
#5247 = VERTEX_POINT('',#5248);
#5248 = CARTESIAN_POINT('',(54.634126920933,45.541046261645,26.));
#5249 = LINE('',#5250,#5251);
#5250 = CARTESIAN_POINT('',(54.634126920933,45.541046261645,26.));
#5251 = VECTOR('',#5252,1.);
#5252 = DIRECTION('',(0.,0.,1.));
#5253 = ORIENTED_EDGE('',*,*,#5254,.F.);
#5254 = EDGE_CURVE('',#5215,#5247,#5255,.T.);
#5255 = B_SPLINE_CURVE_WITH_KNOTS('',1,(#5256,#5257),.UNSPECIFIED.,.F.,
  .F.,(2,2),(0.,11.7),.PIECEWISE_BEZIER_KNOTS.);
#5256 = CARTESIAN_POINT('',(56.124691456326,45.541046261645,26.));
#5257 = CARTESIAN_POINT('',(54.634126920933,45.541046261645,26.));
#5258 = SURFACE_OF_LINEAR_EXTRUSION('',#5259,#5262);
#5259 = B_SPLINE_CURVE_WITH_KNOTS('',1,(#5260,#5261),.UNSPECIFIED.,.F.,
  .F.,(2,2),(0.,11.7),.PIECEWISE_BEZIER_KNOTS.);
#5260 = CARTESIAN_POINT('',(56.124691456326,45.541046261645,26.));
#5261 = CARTESIAN_POINT('',(54.634126920933,45.541046261645,26.));
#5262 = VECTOR('',#5263,1.);
#5263 = DIRECTION('',(-0.,-0.,-1.));
#5264 = ADVANCED_FACE('',(#5265),#5290,.T.);
#5265 = FACE_BOUND('',#5266,.T.);
#5266 = EDGE_LOOP('',(#5267,#5268,#5276,#5284));
#5267 = ORIENTED_EDGE('',*,*,#5246,.T.);
#5268 = ORIENTED_EDGE('',*,*,#5269,.T.);
#5269 = EDGE_CURVE('',#5240,#5270,#5272,.T.);
#5270 = VERTEX_POINT('',#5271);
#5271 = CARTESIAN_POINT('',(54.52583804443,45.585635799029,26.6));
#5272 = B_SPLINE_CURVE_WITH_KNOTS('',2,(#5273,#5274,#5275),
  .UNSPECIFIED.,.F.,.F.,(3,3),(0.,1.),.PIECEWISE_BEZIER_KNOTS.);
#5273 = CARTESIAN_POINT('',(54.634126920933,45.541046261645,26.6));
#5274 = CARTESIAN_POINT('',(54.570427581814,45.541046261645,26.6));
#5275 = CARTESIAN_POINT('',(54.52583804443,45.585635799029,26.6));
#5276 = ORIENTED_EDGE('',*,*,#5277,.F.);
#5277 = EDGE_CURVE('',#5278,#5270,#5280,.T.);
#5278 = VERTEX_POINT('',#5279);
#5279 = CARTESIAN_POINT('',(54.52583804443,45.585635799029,26.));
#5280 = LINE('',#5281,#5282);
#5281 = CARTESIAN_POINT('',(54.52583804443,45.585635799029,26.));
#5282 = VECTOR('',#5283,1.);
#5283 = DIRECTION('',(0.,0.,1.));
#5284 = ORIENTED_EDGE('',*,*,#5285,.F.);
#5285 = EDGE_CURVE('',#5247,#5278,#5286,.T.);
#5286 = B_SPLINE_CURVE_WITH_KNOTS('',2,(#5287,#5288,#5289),
  .UNSPECIFIED.,.F.,.F.,(3,3),(0.,1.),.PIECEWISE_BEZIER_KNOTS.);
#5287 = CARTESIAN_POINT('',(54.634126920933,45.541046261645,26.));
#5288 = CARTESIAN_POINT('',(54.570427581814,45.541046261645,26.));
#5289 = CARTESIAN_POINT('',(54.52583804443,45.585635799029,26.));
#5290 = SURFACE_OF_LINEAR_EXTRUSION('',#5291,#5295);
#5291 = B_SPLINE_CURVE_WITH_KNOTS('',2,(#5292,#5293,#5294),
  .UNSPECIFIED.,.F.,.F.,(3,3),(0.,1.),.PIECEWISE_BEZIER_KNOTS.);
#5292 = CARTESIAN_POINT('',(54.634126920933,45.541046261645,26.));
#5293 = CARTESIAN_POINT('',(54.570427581814,45.541046261645,26.));
#5294 = CARTESIAN_POINT('',(54.52583804443,45.585635799029,26.));
#5295 = VECTOR('',#5296,1.);
#5296 = DIRECTION('',(-0.,-0.,-1.));
#5297 = ADVANCED_FACE('',(#5298),#5314,.T.);
#5298 = FACE_BOUND('',#5299,.T.);
#5299 = EDGE_LOOP('',(#5300,#5301,#5307,#5308));
#5300 = ORIENTED_EDGE('',*,*,#5277,.T.);
#5301 = ORIENTED_EDGE('',*,*,#5302,.T.);
#5302 = EDGE_CURVE('',#5270,#4944,#5303,.T.);
#5303 = B_SPLINE_CURVE_WITH_KNOTS('',2,(#5304,#5305,#5306),
  .UNSPECIFIED.,.F.,.F.,(3,3),(0.,1.),.PIECEWISE_BEZIER_KNOTS.);
#5304 = CARTESIAN_POINT('',(54.52583804443,45.585635799029,26.6));
#5305 = CARTESIAN_POINT('',(54.481248507047,45.630225336412,26.6));
#5306 = CARTESIAN_POINT('',(54.481248507047,45.693924675531,26.6));
#5307 = ORIENTED_EDGE('',*,*,#4941,.F.);
#5308 = ORIENTED_EDGE('',*,*,#5309,.F.);
#5309 = EDGE_CURVE('',#5278,#4942,#5310,.T.);
#5310 = B_SPLINE_CURVE_WITH_KNOTS('',2,(#5311,#5312,#5313),
  .UNSPECIFIED.,.F.,.F.,(3,3),(0.,1.),.PIECEWISE_BEZIER_KNOTS.);
#5311 = CARTESIAN_POINT('',(54.52583804443,45.585635799029,26.));
#5312 = CARTESIAN_POINT('',(54.481248507047,45.630225336412,26.));
#5313 = CARTESIAN_POINT('',(54.481248507047,45.693924675531,26.));
#5314 = SURFACE_OF_LINEAR_EXTRUSION('',#5315,#5319);
#5315 = B_SPLINE_CURVE_WITH_KNOTS('',2,(#5316,#5317,#5318),
  .UNSPECIFIED.,.F.,.F.,(3,3),(0.,1.),.PIECEWISE_BEZIER_KNOTS.);
#5316 = CARTESIAN_POINT('',(54.52583804443,45.585635799029,26.));
#5317 = CARTESIAN_POINT('',(54.481248507047,45.630225336412,26.));
#5318 = CARTESIAN_POINT('',(54.481248507047,45.693924675531,26.));
#5319 = VECTOR('',#5320,1.);
#5320 = DIRECTION('',(-0.,-0.,-1.));
#5321 = ADVANCED_FACE('',(#5322),#5336,.T.);
#5322 = FACE_BOUND('',#5323,.T.);
#5323 = EDGE_LOOP('',(#5324,#5325,#5326,#5327,#5328,#5329,#5330,#5331,
    #5332,#5333,#5334,#5335));
#5324 = ORIENTED_EDGE('',*,*,#4966,.T.);
#5325 = ORIENTED_EDGE('',*,*,#4997,.T.);
#5326 = ORIENTED_EDGE('',*,*,#5030,.T.);
#5327 = ORIENTED_EDGE('',*,*,#5062,.T.);
#5328 = ORIENTED_EDGE('',*,*,#5093,.T.);
#5329 = ORIENTED_EDGE('',*,*,#5126,.T.);
#5330 = ORIENTED_EDGE('',*,*,#5158,.T.);
#5331 = ORIENTED_EDGE('',*,*,#5189,.T.);
#5332 = ORIENTED_EDGE('',*,*,#5222,.T.);
#5333 = ORIENTED_EDGE('',*,*,#5254,.T.);
#5334 = ORIENTED_EDGE('',*,*,#5285,.T.);
#5335 = ORIENTED_EDGE('',*,*,#5309,.T.);
#5336 = B_SPLINE_SURFACE_WITH_KNOTS('',1,1,(
    (#5337,#5338)
    ,(#5339,#5340
    )),.UNSPECIFIED.,.F.,.F.,.F.,(2,2),(2,2),(-7.05,7.05),(-35.,35.),
  .PIECEWISE_BEZIER_KNOTS.);
#5337 = CARTESIAN_POINT('',(56.277569870213,45.541046261645,26.));
#5338 = CARTESIAN_POINT('',(56.277569870213,54.458953738355,26.));
#5339 = CARTESIAN_POINT('',(54.481248507047,45.541046261645,26.));
#5340 = CARTESIAN_POINT('',(54.481248507047,54.458953738355,26.));
#5341 = ADVANCED_FACE('',(#5342),#5356,.F.);
#5342 = FACE_BOUND('',#5343,.F.);
#5343 = EDGE_LOOP('',(#5344,#5345,#5346,#5347,#5348,#5349,#5350,#5351,
    #5352,#5353,#5354,#5355));
#5344 = ORIENTED_EDGE('',*,*,#4951,.T.);
#5345 = ORIENTED_EDGE('',*,*,#4981,.T.);
#5346 = ORIENTED_EDGE('',*,*,#5014,.T.);
#5347 = ORIENTED_EDGE('',*,*,#5047,.T.);
#5348 = ORIENTED_EDGE('',*,*,#5077,.T.);
#5349 = ORIENTED_EDGE('',*,*,#5110,.T.);
#5350 = ORIENTED_EDGE('',*,*,#5143,.T.);
#5351 = ORIENTED_EDGE('',*,*,#5173,.T.);
#5352 = ORIENTED_EDGE('',*,*,#5206,.T.);
#5353 = ORIENTED_EDGE('',*,*,#5239,.T.);
#5354 = ORIENTED_EDGE('',*,*,#5269,.T.);
#5355 = ORIENTED_EDGE('',*,*,#5302,.T.);
#5356 = B_SPLINE_SURFACE_WITH_KNOTS('',1,1,(
    (#5357,#5358)
    ,(#5359,#5360
    )),.UNSPECIFIED.,.F.,.F.,.F.,(2,2),(2,2),(-7.05,7.05),(-35.,35.),
  .PIECEWISE_BEZIER_KNOTS.);
#5357 = CARTESIAN_POINT('',(56.277569870213,45.541046261645,26.6));
#5358 = CARTESIAN_POINT('',(56.277569870213,54.458953738355,26.6));
#5359 = CARTESIAN_POINT('',(54.481248507047,45.541046261645,26.6));
#5360 = CARTESIAN_POINT('',(54.481248507047,54.458953738355,26.6));
#5361 = MANIFOLD_SOLID_BREP('',#5362);
#5362 = CLOSED_SHELL('',(#5363,#5402,#5432,#5465,#5495,#5528,#5558,#5591
    ,#5624,#5654,#5687,#5717,#5750,#5780,#5813,#5843,#5867,#5891));
#5363 = ADVANCED_FACE('',(#5364),#5396,.T.);
#5364 = FACE_BOUND('',#5365,.T.);
#5365 = EDGE_LOOP('',(#5366,#5376,#5383,#5391));
#5366 = ORIENTED_EDGE('',*,*,#5367,.T.);
#5367 = EDGE_CURVE('',#5368,#5370,#5372,.T.);
#5368 = VERTEX_POINT('',#5369);
#5369 = CARTESIAN_POINT('',(58.863763038458,45.668444939884,26.));
#5370 = VERTEX_POINT('',#5371);
#5371 = CARTESIAN_POINT('',(58.863763038458,45.668444939884,26.6));
#5372 = LINE('',#5373,#5374);
#5373 = CARTESIAN_POINT('',(58.863763038458,45.668444939884,26.));
#5374 = VECTOR('',#5375,1.);
#5375 = DIRECTION('',(0.,0.,1.));
#5376 = ORIENTED_EDGE('',*,*,#5377,.T.);
#5377 = EDGE_CURVE('',#5370,#5378,#5380,.T.);
#5378 = VERTEX_POINT('',#5379);
#5379 = CARTESIAN_POINT('',(57.080181543116,51.936459909228,26.6));
#5380 = B_SPLINE_CURVE_WITH_KNOTS('',1,(#5381,#5382),.UNSPECIFIED.,.F.,
  .F.,(2,2),(0.,51.15310352266),.PIECEWISE_BEZIER_KNOTS.);
#5381 = CARTESIAN_POINT('',(58.863763038458,45.668444939884,26.6));
#5382 = CARTESIAN_POINT('',(57.080181543116,51.936459909228,26.6));
#5383 = ORIENTED_EDGE('',*,*,#5384,.F.);
#5384 = EDGE_CURVE('',#5385,#5378,#5387,.T.);
#5385 = VERTEX_POINT('',#5386);
#5386 = CARTESIAN_POINT('',(57.080181543116,51.936459909228,26.));
#5387 = LINE('',#5388,#5389);
#5388 = CARTESIAN_POINT('',(57.080181543116,51.936459909228,26.));
#5389 = VECTOR('',#5390,1.);
#5390 = DIRECTION('',(0.,0.,1.));
#5391 = ORIENTED_EDGE('',*,*,#5392,.F.);
#5392 = EDGE_CURVE('',#5368,#5385,#5393,.T.);
#5393 = B_SPLINE_CURVE_WITH_KNOTS('',1,(#5394,#5395),.UNSPECIFIED.,.F.,
  .F.,(2,2),(0.,51.15310352266),.PIECEWISE_BEZIER_KNOTS.);
#5394 = CARTESIAN_POINT('',(58.863763038458,45.668444939884,26.));
#5395 = CARTESIAN_POINT('',(57.080181543116,51.936459909228,26.));
#5396 = SURFACE_OF_LINEAR_EXTRUSION('',#5397,#5400);
#5397 = B_SPLINE_CURVE_WITH_KNOTS('',1,(#5398,#5399),.UNSPECIFIED.,.F.,
  .F.,(2,2),(0.,51.15310352266),.PIECEWISE_BEZIER_KNOTS.);
#5398 = CARTESIAN_POINT('',(58.863763038458,45.668444939884,26.));
#5399 = CARTESIAN_POINT('',(57.080181543116,51.936459909228,26.));
#5400 = VECTOR('',#5401,1.);
#5401 = DIRECTION('',(-0.,-0.,-1.));
#5402 = ADVANCED_FACE('',(#5403),#5426,.T.);
#5403 = FACE_BOUND('',#5404,.T.);
#5404 = EDGE_LOOP('',(#5405,#5406,#5413,#5421));
#5405 = ORIENTED_EDGE('',*,*,#5384,.T.);
#5406 = ORIENTED_EDGE('',*,*,#5407,.T.);
#5407 = EDGE_CURVE('',#5378,#5408,#5410,.T.);
#5408 = VERTEX_POINT('',#5409);
#5409 = CARTESIAN_POINT('',(57.067441675293,51.987419380524,26.6));
#5410 = B_SPLINE_CURVE_WITH_KNOTS('',1,(#5411,#5412),.UNSPECIFIED.,.F.,
  .F.,(2,2),(0.,0.412310562562),.PIECEWISE_BEZIER_KNOTS.);
#5411 = CARTESIAN_POINT('',(57.080181543116,51.936459909228,26.6));
#5412 = CARTESIAN_POINT('',(57.067441675293,51.987419380524,26.6));
#5413 = ORIENTED_EDGE('',*,*,#5414,.F.);
#5414 = EDGE_CURVE('',#5415,#5408,#5417,.T.);
#5415 = VERTEX_POINT('',#5416);
#5416 = CARTESIAN_POINT('',(57.067441675293,51.987419380524,26.));
#5417 = LINE('',#5418,#5419);
#5418 = CARTESIAN_POINT('',(57.067441675293,51.987419380524,26.));
#5419 = VECTOR('',#5420,1.);
#5420 = DIRECTION('',(0.,0.,1.));
#5421 = ORIENTED_EDGE('',*,*,#5422,.F.);
#5422 = EDGE_CURVE('',#5385,#5415,#5423,.T.);
#5423 = B_SPLINE_CURVE_WITH_KNOTS('',1,(#5424,#5425),.UNSPECIFIED.,.F.,
  .F.,(2,2),(0.,0.412310562562),.PIECEWISE_BEZIER_KNOTS.);
#5424 = CARTESIAN_POINT('',(57.080181543116,51.936459909228,26.));
#5425 = CARTESIAN_POINT('',(57.067441675293,51.987419380524,26.));
#5426 = SURFACE_OF_LINEAR_EXTRUSION('',#5427,#5430);
#5427 = B_SPLINE_CURVE_WITH_KNOTS('',1,(#5428,#5429),.UNSPECIFIED.,.F.,
  .F.,(2,2),(0.,0.412310562562),.PIECEWISE_BEZIER_KNOTS.);
#5428 = CARTESIAN_POINT('',(57.080181543116,51.936459909228,26.));
#5429 = CARTESIAN_POINT('',(57.067441675293,51.987419380524,26.));
#5430 = VECTOR('',#5431,1.);
#5431 = DIRECTION('',(-0.,-0.,-1.));
#5432 = ADVANCED_FACE('',(#5433),#5458,.T.);
#5433 = FACE_BOUND('',#5434,.T.);
#5434 = EDGE_LOOP('',(#5435,#5436,#5444,#5452));
#5435 = ORIENTED_EDGE('',*,*,#5414,.T.);
#5436 = ORIENTED_EDGE('',*,*,#5437,.T.);
#5437 = EDGE_CURVE('',#5408,#5438,#5440,.T.);
#5438 = VERTEX_POINT('',#5439);
#5439 = CARTESIAN_POINT('',(57.207580221355,52.102078190939,26.6));
#5440 = B_SPLINE_CURVE_WITH_KNOTS('',2,(#5441,#5442,#5443),
  .UNSPECIFIED.,.F.,.F.,(3,3),(0.,1.),.PIECEWISE_BEZIER_KNOTS.);
#5441 = CARTESIAN_POINT('',(57.067441675293,51.987419380524,26.6));
#5442 = CARTESIAN_POINT('',(57.067441675293,52.102078190939,26.6));
#5443 = CARTESIAN_POINT('',(57.207580221355,52.102078190939,26.6));
#5444 = ORIENTED_EDGE('',*,*,#5445,.F.);
#5445 = EDGE_CURVE('',#5446,#5438,#5448,.T.);
#5446 = VERTEX_POINT('',#5447);
#5447 = CARTESIAN_POINT('',(57.207580221355,52.102078190939,26.));
#5448 = LINE('',#5449,#5450);
#5449 = CARTESIAN_POINT('',(57.207580221355,52.102078190939,26.));
#5450 = VECTOR('',#5451,1.);
#5451 = DIRECTION('',(0.,0.,1.));
#5452 = ORIENTED_EDGE('',*,*,#5453,.F.);
#5453 = EDGE_CURVE('',#5415,#5446,#5454,.T.);
#5454 = B_SPLINE_CURVE_WITH_KNOTS('',2,(#5455,#5456,#5457),
  .UNSPECIFIED.,.F.,.F.,(3,3),(0.,1.),.PIECEWISE_BEZIER_KNOTS.);
#5455 = CARTESIAN_POINT('',(57.067441675293,51.987419380524,26.));
#5456 = CARTESIAN_POINT('',(57.067441675293,52.102078190939,26.));
#5457 = CARTESIAN_POINT('',(57.207580221355,52.102078190939,26.));
#5458 = SURFACE_OF_LINEAR_EXTRUSION('',#5459,#5463);
#5459 = B_SPLINE_CURVE_WITH_KNOTS('',2,(#5460,#5461,#5462),
  .UNSPECIFIED.,.F.,.F.,(3,3),(0.,1.),.PIECEWISE_BEZIER_KNOTS.);
#5460 = CARTESIAN_POINT('',(57.067441675293,51.987419380524,26.));
#5461 = CARTESIAN_POINT('',(57.067441675293,52.102078190939,26.));
#5462 = CARTESIAN_POINT('',(57.207580221355,52.102078190939,26.));
#5463 = VECTOR('',#5464,1.);
#5464 = DIRECTION('',(-0.,-0.,-1.));
#5465 = ADVANCED_FACE('',(#5466),#5489,.T.);
#5466 = FACE_BOUND('',#5467,.T.);
#5467 = EDGE_LOOP('',(#5468,#5469,#5476,#5484));
#5468 = ORIENTED_EDGE('',*,*,#5445,.T.);
#5469 = ORIENTED_EDGE('',*,*,#5470,.T.);
#5470 = EDGE_CURVE('',#5438,#5471,#5473,.T.);
#5471 = VERTEX_POINT('',#5472);
#5472 = CARTESIAN_POINT('',(58.838283302811,52.102078190939,26.6));
#5473 = B_SPLINE_CURVE_WITH_KNOTS('',1,(#5474,#5475),.UNSPECIFIED.,.F.,
  .F.,(2,2),(0.,12.8),.PIECEWISE_BEZIER_KNOTS.);
#5474 = CARTESIAN_POINT('',(57.207580221355,52.102078190939,26.6));
#5475 = CARTESIAN_POINT('',(58.838283302811,52.102078190939,26.6));
#5476 = ORIENTED_EDGE('',*,*,#5477,.F.);
#5477 = EDGE_CURVE('',#5478,#5471,#5480,.T.);
#5478 = VERTEX_POINT('',#5479);
#5479 = CARTESIAN_POINT('',(58.838283302811,52.102078190939,26.));
#5480 = LINE('',#5481,#5482);
#5481 = CARTESIAN_POINT('',(58.838283302811,52.102078190939,26.));
#5482 = VECTOR('',#5483,1.);
#5483 = DIRECTION('',(0.,0.,1.));
#5484 = ORIENTED_EDGE('',*,*,#5485,.F.);
#5485 = EDGE_CURVE('',#5446,#5478,#5486,.T.);
#5486 = B_SPLINE_CURVE_WITH_KNOTS('',1,(#5487,#5488),.UNSPECIFIED.,.F.,
  .F.,(2,2),(0.,12.8),.PIECEWISE_BEZIER_KNOTS.);
#5487 = CARTESIAN_POINT('',(57.207580221355,52.102078190939,26.));
#5488 = CARTESIAN_POINT('',(58.838283302811,52.102078190939,26.));
#5489 = SURFACE_OF_LINEAR_EXTRUSION('',#5490,#5493);
#5490 = B_SPLINE_CURVE_WITH_KNOTS('',1,(#5491,#5492),.UNSPECIFIED.,.F.,
  .F.,(2,2),(0.,12.8),.PIECEWISE_BEZIER_KNOTS.);
#5491 = CARTESIAN_POINT('',(57.207580221355,52.102078190939,26.));
#5492 = CARTESIAN_POINT('',(58.838283302811,52.102078190939,26.));
#5493 = VECTOR('',#5494,1.);
#5494 = DIRECTION('',(-0.,-0.,-1.));
#5495 = ADVANCED_FACE('',(#5496),#5521,.T.);
#5496 = FACE_BOUND('',#5497,.T.);
#5497 = EDGE_LOOP('',(#5498,#5499,#5507,#5515));
#5498 = ORIENTED_EDGE('',*,*,#5477,.T.);
#5499 = ORIENTED_EDGE('',*,*,#5500,.T.);
#5500 = EDGE_CURVE('',#5471,#5501,#5503,.T.);
#5501 = VERTEX_POINT('',#5502);
#5502 = CARTESIAN_POINT('',(59.003901584521,51.961939644876,26.6));
#5503 = B_SPLINE_CURVE_WITH_KNOTS('',2,(#5504,#5505,#5506),
  .UNSPECIFIED.,.F.,.F.,(3,3),(0.,1.),.PIECEWISE_BEZIER_KNOTS.);
#5504 = CARTESIAN_POINT('',(58.838283302811,52.102078190939,26.6));
#5505 = CARTESIAN_POINT('',(58.978421848873,52.102078190939,26.6));
#5506 = CARTESIAN_POINT('',(59.003901584521,51.961939644876,26.6));
#5507 = ORIENTED_EDGE('',*,*,#5508,.F.);
#5508 = EDGE_CURVE('',#5509,#5501,#5511,.T.);
#5509 = VERTEX_POINT('',#5510);
#5510 = CARTESIAN_POINT('',(59.003901584521,51.961939644876,26.));
#5511 = LINE('',#5512,#5513);
#5512 = CARTESIAN_POINT('',(59.003901584521,51.961939644876,26.));
#5513 = VECTOR('',#5514,1.);
#5514 = DIRECTION('',(0.,0.,1.));
#5515 = ORIENTED_EDGE('',*,*,#5516,.F.);
#5516 = EDGE_CURVE('',#5478,#5509,#5517,.T.);
#5517 = B_SPLINE_CURVE_WITH_KNOTS('',2,(#5518,#5519,#5520),
  .UNSPECIFIED.,.F.,.F.,(3,3),(0.,1.),.PIECEWISE_BEZIER_KNOTS.);
#5518 = CARTESIAN_POINT('',(58.838283302811,52.102078190939,26.));
#5519 = CARTESIAN_POINT('',(58.978421848873,52.102078190939,26.));
#5520 = CARTESIAN_POINT('',(59.003901584521,51.961939644876,26.));
#5521 = SURFACE_OF_LINEAR_EXTRUSION('',#5522,#5526);
#5522 = B_SPLINE_CURVE_WITH_KNOTS('',2,(#5523,#5524,#5525),
  .UNSPECIFIED.,.F.,.F.,(3,3),(0.,1.),.PIECEWISE_BEZIER_KNOTS.);
#5523 = CARTESIAN_POINT('',(58.838283302811,52.102078190939,26.));
#5524 = CARTESIAN_POINT('',(58.978421848873,52.102078190939,26.));
#5525 = CARTESIAN_POINT('',(59.003901584521,51.961939644876,26.));
#5526 = VECTOR('',#5527,1.);
#5527 = DIRECTION('',(-0.,-0.,-1.));
#5528 = ADVANCED_FACE('',(#5529),#5552,.T.);
#5529 = FACE_BOUND('',#5530,.T.);
#5530 = EDGE_LOOP('',(#5531,#5532,#5539,#5547));
#5531 = ORIENTED_EDGE('',*,*,#5508,.T.);
#5532 = ORIENTED_EDGE('',*,*,#5533,.T.);
#5533 = EDGE_CURVE('',#5501,#5534,#5536,.T.);
#5534 = VERTEX_POINT('',#5535);
#5535 = CARTESIAN_POINT('',(59.831992993073,48.152719165539,26.6));
#5536 = B_SPLINE_CURVE_WITH_KNOTS('',1,(#5537,#5538),.UNSPECIFIED.,.F.,
  .F.,(2,2),(0.,30.598365969444),.PIECEWISE_BEZIER_KNOTS.);
#5537 = CARTESIAN_POINT('',(59.003901584521,51.961939644876,26.6));
#5538 = CARTESIAN_POINT('',(59.831992993073,48.152719165539,26.6));
#5539 = ORIENTED_EDGE('',*,*,#5540,.F.);
#5540 = EDGE_CURVE('',#5541,#5534,#5543,.T.);
#5541 = VERTEX_POINT('',#5542);
#5542 = CARTESIAN_POINT('',(59.831992993073,48.152719165539,26.));
#5543 = LINE('',#5544,#5545);
#5544 = CARTESIAN_POINT('',(59.831992993073,48.152719165539,26.));
#5545 = VECTOR('',#5546,1.);
#5546 = DIRECTION('',(0.,0.,1.));
#5547 = ORIENTED_EDGE('',*,*,#5548,.F.);
#5548 = EDGE_CURVE('',#5509,#5541,#5549,.T.);
#5549 = B_SPLINE_CURVE_WITH_KNOTS('',1,(#5550,#5551),.UNSPECIFIED.,.F.,
  .F.,(2,2),(0.,30.598365969444),.PIECEWISE_BEZIER_KNOTS.);
#5550 = CARTESIAN_POINT('',(59.003901584521,51.961939644876,26.));
#5551 = CARTESIAN_POINT('',(59.831992993073,48.152719165539,26.));
#5552 = SURFACE_OF_LINEAR_EXTRUSION('',#5553,#5556);
#5553 = B_SPLINE_CURVE_WITH_KNOTS('',1,(#5554,#5555),.UNSPECIFIED.,.F.,
  .F.,(2,2),(0.,30.598365969444),.PIECEWISE_BEZIER_KNOTS.);
#5554 = CARTESIAN_POINT('',(59.003901584521,51.961939644876,26.));
#5555 = CARTESIAN_POINT('',(59.831992993073,48.152719165539,26.));
#5556 = VECTOR('',#5557,1.);
#5557 = DIRECTION('',(-0.,-0.,-1.));
#5558 = ADVANCED_FACE('',(#5559),#5584,.T.);
#5559 = FACE_BOUND('',#5560,.T.);
#5560 = EDGE_LOOP('',(#5561,#5562,#5570,#5578));
#5561 = ORIENTED_EDGE('',*,*,#5540,.T.);
#5562 = ORIENTED_EDGE('',*,*,#5563,.T.);
#5563 = EDGE_CURVE('',#5534,#5564,#5566,.T.);
#5564 = VERTEX_POINT('',#5565);
#5565 = CARTESIAN_POINT('',(59.870212596544,48.101759694243,26.6));
#5566 = B_SPLINE_CURVE_WITH_KNOTS('',2,(#5567,#5568,#5569),
  .UNSPECIFIED.,.F.,.F.,(3,3),(0.,1.),.PIECEWISE_BEZIER_KNOTS.);
#5567 = CARTESIAN_POINT('',(59.831992993073,48.152719165539,26.6));
#5568 = CARTESIAN_POINT('',(59.844732860897,48.101759694243,26.6));
#5569 = CARTESIAN_POINT('',(59.870212596544,48.101759694243,26.6));
#5570 = ORIENTED_EDGE('',*,*,#5571,.F.);
#5571 = EDGE_CURVE('',#5572,#5564,#5574,.T.);
#5572 = VERTEX_POINT('',#5573);
#5573 = CARTESIAN_POINT('',(59.870212596544,48.101759694243,26.));
#5574 = LINE('',#5575,#5576);
#5575 = CARTESIAN_POINT('',(59.870212596544,48.101759694243,26.));
#5576 = VECTOR('',#5577,1.);
#5577 = DIRECTION('',(0.,0.,1.));
#5578 = ORIENTED_EDGE('',*,*,#5579,.F.);
#5579 = EDGE_CURVE('',#5541,#5572,#5580,.T.);
#5580 = B_SPLINE_CURVE_WITH_KNOTS('',2,(#5581,#5582,#5583),
  .UNSPECIFIED.,.F.,.F.,(3,3),(0.,1.),.PIECEWISE_BEZIER_KNOTS.);
#5581 = CARTESIAN_POINT('',(59.831992993073,48.152719165539,26.));
#5582 = CARTESIAN_POINT('',(59.844732860897,48.101759694243,26.));
#5583 = CARTESIAN_POINT('',(59.870212596544,48.101759694243,26.));
#5584 = SURFACE_OF_LINEAR_EXTRUSION('',#5585,#5589);
#5585 = B_SPLINE_CURVE_WITH_KNOTS('',2,(#5586,#5587,#5588),
  .UNSPECIFIED.,.F.,.F.,(3,3),(0.,1.),.PIECEWISE_BEZIER_KNOTS.);
#5586 = CARTESIAN_POINT('',(59.831992993073,48.152719165539,26.));
#5587 = CARTESIAN_POINT('',(59.844732860897,48.101759694243,26.));
#5588 = CARTESIAN_POINT('',(59.870212596544,48.101759694243,26.));
#5589 = VECTOR('',#5590,1.);
#5590 = DIRECTION('',(-0.,-0.,-1.));
#5591 = ADVANCED_FACE('',(#5592),#5617,.T.);
#5592 = FACE_BOUND('',#5593,.T.);
#5593 = EDGE_LOOP('',(#5594,#5595,#5603,#5611));
#5594 = ORIENTED_EDGE('',*,*,#5571,.T.);
#5595 = ORIENTED_EDGE('',*,*,#5596,.T.);
#5596 = EDGE_CURVE('',#5564,#5597,#5599,.T.);
#5597 = VERTEX_POINT('',#5598);
#5598 = CARTESIAN_POINT('',(59.908432200016,48.152719165539,26.6));
#5599 = B_SPLINE_CURVE_WITH_KNOTS('',2,(#5600,#5601,#5602),
  .UNSPECIFIED.,.F.,.F.,(3,3),(0.,1.),.PIECEWISE_BEZIER_KNOTS.);
#5600 = CARTESIAN_POINT('',(59.870212596544,48.101759694243,26.6));
#5601 = CARTESIAN_POINT('',(59.895692332192,48.101759694243,26.6));
#5602 = CARTESIAN_POINT('',(59.908432200016,48.152719165539,26.6));
#5603 = ORIENTED_EDGE('',*,*,#5604,.F.);
#5604 = EDGE_CURVE('',#5605,#5597,#5607,.T.);
#5605 = VERTEX_POINT('',#5606);
#5606 = CARTESIAN_POINT('',(59.908432200016,48.152719165539,26.));
#5607 = LINE('',#5608,#5609);
#5608 = CARTESIAN_POINT('',(59.908432200016,48.152719165539,26.));
#5609 = VECTOR('',#5610,1.);
#5610 = DIRECTION('',(0.,0.,1.));
#5611 = ORIENTED_EDGE('',*,*,#5612,.F.);
#5612 = EDGE_CURVE('',#5572,#5605,#5613,.T.);
#5613 = B_SPLINE_CURVE_WITH_KNOTS('',2,(#5614,#5615,#5616),
  .UNSPECIFIED.,.F.,.F.,(3,3),(0.,1.),.PIECEWISE_BEZIER_KNOTS.);
#5614 = CARTESIAN_POINT('',(59.870212596544,48.101759694243,26.));
#5615 = CARTESIAN_POINT('',(59.895692332192,48.101759694243,26.));
#5616 = CARTESIAN_POINT('',(59.908432200016,48.152719165539,26.));
#5617 = SURFACE_OF_LINEAR_EXTRUSION('',#5618,#5622);
#5618 = B_SPLINE_CURVE_WITH_KNOTS('',2,(#5619,#5620,#5621),
  .UNSPECIFIED.,.F.,.F.,(3,3),(0.,1.),.PIECEWISE_BEZIER_KNOTS.);
#5619 = CARTESIAN_POINT('',(59.870212596544,48.101759694243,26.));
#5620 = CARTESIAN_POINT('',(59.895692332192,48.101759694243,26.));
#5621 = CARTESIAN_POINT('',(59.908432200016,48.152719165539,26.));
#5622 = VECTOR('',#5623,1.);
#5623 = DIRECTION('',(-0.,-0.,-1.));
#5624 = ADVANCED_FACE('',(#5625),#5648,.T.);
#5625 = FACE_BOUND('',#5626,.T.);
#5626 = EDGE_LOOP('',(#5627,#5628,#5635,#5643));
#5627 = ORIENTED_EDGE('',*,*,#5604,.T.);
#5628 = ORIENTED_EDGE('',*,*,#5629,.T.);
#5629 = EDGE_CURVE('',#5597,#5630,#5632,.T.);
#5630 = VERTEX_POINT('',#5631);
#5631 = CARTESIAN_POINT('',(60.723783740744,51.961939644876,26.6));
#5632 = B_SPLINE_CURVE_WITH_KNOTS('',1,(#5633,#5634),.UNSPECIFIED.,.F.,
  .F.,(2,2),(0.,30.577279146451),.PIECEWISE_BEZIER_KNOTS.);
#5633 = CARTESIAN_POINT('',(59.908432200016,48.152719165539,26.6));
#5634 = CARTESIAN_POINT('',(60.723783740744,51.961939644876,26.6));
#5635 = ORIENTED_EDGE('',*,*,#5636,.F.);
#5636 = EDGE_CURVE('',#5637,#5630,#5639,.T.);
#5637 = VERTEX_POINT('',#5638);
#5638 = CARTESIAN_POINT('',(60.723783740744,51.961939644876,26.));
#5639 = LINE('',#5640,#5641);
#5640 = CARTESIAN_POINT('',(60.723783740744,51.961939644876,26.));
#5641 = VECTOR('',#5642,1.);
#5642 = DIRECTION('',(0.,0.,1.));
#5643 = ORIENTED_EDGE('',*,*,#5644,.F.);
#5644 = EDGE_CURVE('',#5605,#5637,#5645,.T.);
#5645 = B_SPLINE_CURVE_WITH_KNOTS('',1,(#5646,#5647),.UNSPECIFIED.,.F.,
  .F.,(2,2),(0.,30.577279146451),.PIECEWISE_BEZIER_KNOTS.);
#5646 = CARTESIAN_POINT('',(59.908432200016,48.152719165539,26.));
#5647 = CARTESIAN_POINT('',(60.723783740744,51.961939644876,26.));
#5648 = SURFACE_OF_LINEAR_EXTRUSION('',#5649,#5652);
#5649 = B_SPLINE_CURVE_WITH_KNOTS('',1,(#5650,#5651),.UNSPECIFIED.,.F.,
  .F.,(2,2),(0.,30.577279146451),.PIECEWISE_BEZIER_KNOTS.);
#5650 = CARTESIAN_POINT('',(59.908432200016,48.152719165539,26.));
#5651 = CARTESIAN_POINT('',(60.723783740744,51.961939644876,26.));
#5652 = VECTOR('',#5653,1.);
#5653 = DIRECTION('',(-0.,-0.,-1.));
#5654 = ADVANCED_FACE('',(#5655),#5680,.T.);
#5655 = FACE_BOUND('',#5656,.T.);
#5656 = EDGE_LOOP('',(#5657,#5658,#5666,#5674));
#5657 = ORIENTED_EDGE('',*,*,#5636,.T.);
#5658 = ORIENTED_EDGE('',*,*,#5659,.T.);
#5659 = EDGE_CURVE('',#5630,#5660,#5662,.T.);
#5660 = VERTEX_POINT('',#5661);
#5661 = CARTESIAN_POINT('',(60.889402022454,52.102078190939,26.6));
#5662 = B_SPLINE_CURVE_WITH_KNOTS('',2,(#5663,#5664,#5665),
  .UNSPECIFIED.,.F.,.F.,(3,3),(0.,1.),.PIECEWISE_BEZIER_KNOTS.);
#5663 = CARTESIAN_POINT('',(60.723783740744,51.961939644876,26.6));
#5664 = CARTESIAN_POINT('',(60.749263476391,52.102078190939,26.6));
#5665 = CARTESIAN_POINT('',(60.889402022454,52.102078190939,26.6));
#5666 = ORIENTED_EDGE('',*,*,#5667,.F.);
#5667 = EDGE_CURVE('',#5668,#5660,#5670,.T.);
#5668 = VERTEX_POINT('',#5669);
#5669 = CARTESIAN_POINT('',(60.889402022454,52.102078190939,26.));
#5670 = LINE('',#5671,#5672);
#5671 = CARTESIAN_POINT('',(60.889402022454,52.102078190939,26.));
#5672 = VECTOR('',#5673,1.);
#5673 = DIRECTION('',(0.,0.,1.));
#5674 = ORIENTED_EDGE('',*,*,#5675,.F.);
#5675 = EDGE_CURVE('',#5637,#5668,#5676,.T.);
#5676 = B_SPLINE_CURVE_WITH_KNOTS('',2,(#5677,#5678,#5679),
  .UNSPECIFIED.,.F.,.F.,(3,3),(0.,1.),.PIECEWISE_BEZIER_KNOTS.);
#5677 = CARTESIAN_POINT('',(60.723783740744,51.961939644876,26.));
#5678 = CARTESIAN_POINT('',(60.749263476391,52.102078190939,26.));
#5679 = CARTESIAN_POINT('',(60.889402022454,52.102078190939,26.));
#5680 = SURFACE_OF_LINEAR_EXTRUSION('',#5681,#5685);
#5681 = B_SPLINE_CURVE_WITH_KNOTS('',2,(#5682,#5683,#5684),
  .UNSPECIFIED.,.F.,.F.,(3,3),(0.,1.),.PIECEWISE_BEZIER_KNOTS.);
#5682 = CARTESIAN_POINT('',(60.723783740744,51.961939644876,26.));
#5683 = CARTESIAN_POINT('',(60.749263476391,52.102078190939,26.));
#5684 = CARTESIAN_POINT('',(60.889402022454,52.102078190939,26.));
#5685 = VECTOR('',#5686,1.);
#5686 = DIRECTION('',(-0.,-0.,-1.));
#5687 = ADVANCED_FACE('',(#5688),#5711,.T.);
#5688 = FACE_BOUND('',#5689,.T.);
#5689 = EDGE_LOOP('',(#5690,#5691,#5698,#5706));
#5690 = ORIENTED_EDGE('',*,*,#5667,.T.);
#5691 = ORIENTED_EDGE('',*,*,#5692,.T.);
#5692 = EDGE_CURVE('',#5660,#5693,#5695,.T.);
#5693 = VERTEX_POINT('',#5694);
#5694 = CARTESIAN_POINT('',(62.52010510391,52.076598455291,26.6));
#5695 = B_SPLINE_CURVE_WITH_KNOTS('',1,(#5696,#5697),.UNSPECIFIED.,.F.,
  .F.,(2,2),(0.,12.801562404644),.PIECEWISE_BEZIER_KNOTS.);
#5696 = CARTESIAN_POINT('',(60.889402022454,52.102078190939,26.6));
#5697 = CARTESIAN_POINT('',(62.52010510391,52.076598455291,26.6));
#5698 = ORIENTED_EDGE('',*,*,#5699,.F.);
#5699 = EDGE_CURVE('',#5700,#5693,#5702,.T.);
#5700 = VERTEX_POINT('',#5701);
#5701 = CARTESIAN_POINT('',(62.52010510391,52.076598455291,26.));
#5702 = LINE('',#5703,#5704);
#5703 = CARTESIAN_POINT('',(62.52010510391,52.076598455291,26.));
#5704 = VECTOR('',#5705,1.);
#5705 = DIRECTION('',(0.,0.,1.));
#5706 = ORIENTED_EDGE('',*,*,#5707,.F.);
#5707 = EDGE_CURVE('',#5668,#5700,#5708,.T.);
#5708 = B_SPLINE_CURVE_WITH_KNOTS('',1,(#5709,#5710),.UNSPECIFIED.,.F.,
  .F.,(2,2),(0.,12.801562404644),.PIECEWISE_BEZIER_KNOTS.);
#5709 = CARTESIAN_POINT('',(60.889402022454,52.102078190939,26.));
#5710 = CARTESIAN_POINT('',(62.52010510391,52.076598455291,26.));
#5711 = SURFACE_OF_LINEAR_EXTRUSION('',#5712,#5715);
#5712 = B_SPLINE_CURVE_WITH_KNOTS('',1,(#5713,#5714),.UNSPECIFIED.,.F.,
  .F.,(2,2),(0.,12.801562404644),.PIECEWISE_BEZIER_KNOTS.);
#5713 = CARTESIAN_POINT('',(60.889402022454,52.102078190939,26.));
#5714 = CARTESIAN_POINT('',(62.52010510391,52.076598455291,26.));
#5715 = VECTOR('',#5716,1.);
#5716 = DIRECTION('',(-0.,-0.,-1.));
#5717 = ADVANCED_FACE('',(#5718),#5743,.T.);
#5718 = FACE_BOUND('',#5719,.T.);
#5719 = EDGE_LOOP('',(#5720,#5721,#5729,#5737));
#5720 = ORIENTED_EDGE('',*,*,#5699,.T.);
#5721 = ORIENTED_EDGE('',*,*,#5722,.T.);
#5722 = EDGE_CURVE('',#5693,#5723,#5725,.T.);
#5723 = VERTEX_POINT('',#5724);
#5724 = CARTESIAN_POINT('',(62.647503782148,51.910980173581,26.6));
#5725 = B_SPLINE_CURVE_WITH_KNOTS('',2,(#5726,#5727,#5728),
  .UNSPECIFIED.,.F.,.F.,(3,3),(0.,1.),.PIECEWISE_BEZIER_KNOTS.);
#5726 = CARTESIAN_POINT('',(62.52010510391,52.076598455291,26.6));
#5727 = CARTESIAN_POINT('',(62.68572338562,52.076598455291,26.6));
#5728 = CARTESIAN_POINT('',(62.647503782148,51.910980173581,26.6));
#5729 = ORIENTED_EDGE('',*,*,#5730,.F.);
#5730 = EDGE_CURVE('',#5731,#5723,#5733,.T.);
#5731 = VERTEX_POINT('',#5732);
#5732 = CARTESIAN_POINT('',(62.647503782148,51.910980173581,26.));
#5733 = LINE('',#5734,#5735);
#5734 = CARTESIAN_POINT('',(62.647503782148,51.910980173581,26.));
#5735 = VECTOR('',#5736,1.);
#5736 = DIRECTION('',(0.,0.,1.));
#5737 = ORIENTED_EDGE('',*,*,#5738,.F.);
#5738 = EDGE_CURVE('',#5700,#5731,#5739,.T.);
#5739 = B_SPLINE_CURVE_WITH_KNOTS('',2,(#5740,#5741,#5742),
  .UNSPECIFIED.,.F.,.F.,(3,3),(0.,1.),.PIECEWISE_BEZIER_KNOTS.);
#5740 = CARTESIAN_POINT('',(62.52010510391,52.076598455291,26.));
#5741 = CARTESIAN_POINT('',(62.68572338562,52.076598455291,26.));
#5742 = CARTESIAN_POINT('',(62.647503782148,51.910980173581,26.));
#5743 = SURFACE_OF_LINEAR_EXTRUSION('',#5744,#5748);
#5744 = B_SPLINE_CURVE_WITH_KNOTS('',2,(#5745,#5746,#5747),
  .UNSPECIFIED.,.F.,.F.,(3,3),(0.,1.),.PIECEWISE_BEZIER_KNOTS.);
#5745 = CARTESIAN_POINT('',(62.52010510391,52.076598455291,26.));
#5746 = CARTESIAN_POINT('',(62.68572338562,52.076598455291,26.));
#5747 = CARTESIAN_POINT('',(62.647503782148,51.910980173581,26.));
#5748 = VECTOR('',#5749,1.);
#5749 = DIRECTION('',(-0.,-0.,-1.));
#5750 = ADVANCED_FACE('',(#5751),#5774,.T.);
#5751 = FACE_BOUND('',#5752,.T.);
#5752 = EDGE_LOOP('',(#5753,#5754,#5761,#5769));
#5753 = ORIENTED_EDGE('',*,*,#5730,.T.);
#5754 = ORIENTED_EDGE('',*,*,#5755,.T.);
#5755 = EDGE_CURVE('',#5723,#5756,#5758,.T.);
#5756 = VERTEX_POINT('',#5757);
#5757 = CARTESIAN_POINT('',(60.889402022454,45.668444939884,26.6));
#5758 = B_SPLINE_CURVE_WITH_KNOTS('',1,(#5759,#5760),.UNSPECIFIED.,.F.,
  .F.,(2,2),(0.,50.906188228937),.PIECEWISE_BEZIER_KNOTS.);
#5759 = CARTESIAN_POINT('',(62.647503782148,51.910980173581,26.6));
#5760 = CARTESIAN_POINT('',(60.889402022454,45.668444939884,26.6));
#5761 = ORIENTED_EDGE('',*,*,#5762,.F.);
#5762 = EDGE_CURVE('',#5763,#5756,#5765,.T.);
#5763 = VERTEX_POINT('',#5764);
#5764 = CARTESIAN_POINT('',(60.889402022454,45.668444939884,26.));
#5765 = LINE('',#5766,#5767);
#5766 = CARTESIAN_POINT('',(60.889402022454,45.668444939884,26.));
#5767 = VECTOR('',#5768,1.);
#5768 = DIRECTION('',(0.,0.,1.));
#5769 = ORIENTED_EDGE('',*,*,#5770,.F.);
#5770 = EDGE_CURVE('',#5731,#5763,#5771,.T.);
#5771 = B_SPLINE_CURVE_WITH_KNOTS('',1,(#5772,#5773),.UNSPECIFIED.,.F.,
  .F.,(2,2),(0.,50.906188228937),.PIECEWISE_BEZIER_KNOTS.);
#5772 = CARTESIAN_POINT('',(62.647503782148,51.910980173581,26.));
#5773 = CARTESIAN_POINT('',(60.889402022454,45.668444939884,26.));
#5774 = SURFACE_OF_LINEAR_EXTRUSION('',#5775,#5778);
#5775 = B_SPLINE_CURVE_WITH_KNOTS('',1,(#5776,#5777),.UNSPECIFIED.,.F.,
  .F.,(2,2),(0.,50.906188228937),.PIECEWISE_BEZIER_KNOTS.);
#5776 = CARTESIAN_POINT('',(62.647503782148,51.910980173581,26.));
#5777 = CARTESIAN_POINT('',(60.889402022454,45.668444939884,26.));
#5778 = VECTOR('',#5779,1.);
#5779 = DIRECTION('',(-0.,-0.,-1.));
#5780 = ADVANCED_FACE('',(#5781),#5806,.T.);
#5781 = FACE_BOUND('',#5782,.T.);
#5782 = EDGE_LOOP('',(#5783,#5784,#5792,#5800));
#5783 = ORIENTED_EDGE('',*,*,#5762,.T.);
#5784 = ORIENTED_EDGE('',*,*,#5785,.T.);
#5785 = EDGE_CURVE('',#5756,#5786,#5788,.T.);
#5786 = VERTEX_POINT('',#5787);
#5787 = CARTESIAN_POINT('',(60.71104387292,45.541046261645,26.6));
#5788 = B_SPLINE_CURVE_WITH_KNOTS('',2,(#5789,#5790,#5791),
  .UNSPECIFIED.,.F.,.F.,(3,3),(0.,1.),.PIECEWISE_BEZIER_KNOTS.);
#5789 = CARTESIAN_POINT('',(60.889402022454,45.668444939884,26.6));
#5790 = CARTESIAN_POINT('',(60.851182418982,45.541046261645,26.6));
#5791 = CARTESIAN_POINT('',(60.71104387292,45.541046261645,26.6));
#5792 = ORIENTED_EDGE('',*,*,#5793,.F.);
#5793 = EDGE_CURVE('',#5794,#5786,#5796,.T.);
#5794 = VERTEX_POINT('',#5795);
#5795 = CARTESIAN_POINT('',(60.71104387292,45.541046261645,26.));
#5796 = LINE('',#5797,#5798);
#5797 = CARTESIAN_POINT('',(60.71104387292,45.541046261645,26.));
#5798 = VECTOR('',#5799,1.);
#5799 = DIRECTION('',(0.,0.,1.));
#5800 = ORIENTED_EDGE('',*,*,#5801,.F.);
#5801 = EDGE_CURVE('',#5763,#5794,#5802,.T.);
#5802 = B_SPLINE_CURVE_WITH_KNOTS('',2,(#5803,#5804,#5805),
  .UNSPECIFIED.,.F.,.F.,(3,3),(0.,1.),.PIECEWISE_BEZIER_KNOTS.);
#5803 = CARTESIAN_POINT('',(60.889402022454,45.668444939884,26.));
#5804 = CARTESIAN_POINT('',(60.851182418982,45.541046261645,26.));
#5805 = CARTESIAN_POINT('',(60.71104387292,45.541046261645,26.));
#5806 = SURFACE_OF_LINEAR_EXTRUSION('',#5807,#5811);
#5807 = B_SPLINE_CURVE_WITH_KNOTS('',2,(#5808,#5809,#5810),
  .UNSPECIFIED.,.F.,.F.,(3,3),(0.,1.),.PIECEWISE_BEZIER_KNOTS.);
#5808 = CARTESIAN_POINT('',(60.889402022454,45.668444939884,26.));
#5809 = CARTESIAN_POINT('',(60.851182418982,45.541046261645,26.));
#5810 = CARTESIAN_POINT('',(60.71104387292,45.541046261645,26.));
#5811 = VECTOR('',#5812,1.);
#5812 = DIRECTION('',(-0.,-0.,-1.));
#5813 = ADVANCED_FACE('',(#5814),#5837,.T.);
#5814 = FACE_BOUND('',#5815,.T.);
#5815 = EDGE_LOOP('',(#5816,#5817,#5824,#5832));
#5816 = ORIENTED_EDGE('',*,*,#5793,.T.);
#5817 = ORIENTED_EDGE('',*,*,#5818,.T.);
#5818 = EDGE_CURVE('',#5786,#5819,#5821,.T.);
#5819 = VERTEX_POINT('',#5820);
#5820 = CARTESIAN_POINT('',(59.042121187993,45.541046261645,26.6));
#5821 = B_SPLINE_CURVE_WITH_KNOTS('',1,(#5822,#5823),.UNSPECIFIED.,.F.,
  .F.,(2,2),(0.,13.1),.PIECEWISE_BEZIER_KNOTS.);
#5822 = CARTESIAN_POINT('',(60.71104387292,45.541046261645,26.6));
#5823 = CARTESIAN_POINT('',(59.042121187993,45.541046261645,26.6));
#5824 = ORIENTED_EDGE('',*,*,#5825,.F.);
#5825 = EDGE_CURVE('',#5826,#5819,#5828,.T.);
#5826 = VERTEX_POINT('',#5827);
#5827 = CARTESIAN_POINT('',(59.042121187993,45.541046261645,26.));
#5828 = LINE('',#5829,#5830);
#5829 = CARTESIAN_POINT('',(59.042121187993,45.541046261645,26.));
#5830 = VECTOR('',#5831,1.);
#5831 = DIRECTION('',(0.,0.,1.));
#5832 = ORIENTED_EDGE('',*,*,#5833,.F.);
#5833 = EDGE_CURVE('',#5794,#5826,#5834,.T.);
#5834 = B_SPLINE_CURVE_WITH_KNOTS('',1,(#5835,#5836),.UNSPECIFIED.,.F.,
  .F.,(2,2),(0.,13.1),.PIECEWISE_BEZIER_KNOTS.);
#5835 = CARTESIAN_POINT('',(60.71104387292,45.541046261645,26.));
#5836 = CARTESIAN_POINT('',(59.042121187993,45.541046261645,26.));
#5837 = SURFACE_OF_LINEAR_EXTRUSION('',#5838,#5841);
#5838 = B_SPLINE_CURVE_WITH_KNOTS('',1,(#5839,#5840),.UNSPECIFIED.,.F.,
  .F.,(2,2),(0.,13.1),.PIECEWISE_BEZIER_KNOTS.);
#5839 = CARTESIAN_POINT('',(60.71104387292,45.541046261645,26.));
#5840 = CARTESIAN_POINT('',(59.042121187993,45.541046261645,26.));
#5841 = VECTOR('',#5842,1.);
#5842 = DIRECTION('',(-0.,-0.,-1.));
#5843 = ADVANCED_FACE('',(#5844),#5860,.T.);
#5844 = FACE_BOUND('',#5845,.T.);
#5845 = EDGE_LOOP('',(#5846,#5847,#5853,#5854));
#5846 = ORIENTED_EDGE('',*,*,#5825,.T.);
#5847 = ORIENTED_EDGE('',*,*,#5848,.T.);
#5848 = EDGE_CURVE('',#5819,#5370,#5849,.T.);
#5849 = B_SPLINE_CURVE_WITH_KNOTS('',2,(#5850,#5851,#5852),
  .UNSPECIFIED.,.F.,.F.,(3,3),(0.,1.),.PIECEWISE_BEZIER_KNOTS.);
#5850 = CARTESIAN_POINT('',(59.042121187993,45.541046261645,26.6));
#5851 = CARTESIAN_POINT('',(58.90198264193,45.541046261645,26.6));
#5852 = CARTESIAN_POINT('',(58.863763038458,45.668444939884,26.6));
#5853 = ORIENTED_EDGE('',*,*,#5367,.F.);
#5854 = ORIENTED_EDGE('',*,*,#5855,.F.);
#5855 = EDGE_CURVE('',#5826,#5368,#5856,.T.);
#5856 = B_SPLINE_CURVE_WITH_KNOTS('',2,(#5857,#5858,#5859),
  .UNSPECIFIED.,.F.,.F.,(3,3),(0.,1.),.PIECEWISE_BEZIER_KNOTS.);
#5857 = CARTESIAN_POINT('',(59.042121187993,45.541046261645,26.));
#5858 = CARTESIAN_POINT('',(58.90198264193,45.541046261645,26.));
#5859 = CARTESIAN_POINT('',(58.863763038458,45.668444939884,26.));
#5860 = SURFACE_OF_LINEAR_EXTRUSION('',#5861,#5865);
#5861 = B_SPLINE_CURVE_WITH_KNOTS('',2,(#5862,#5863,#5864),
  .UNSPECIFIED.,.F.,.F.,(3,3),(0.,1.),.PIECEWISE_BEZIER_KNOTS.);
#5862 = CARTESIAN_POINT('',(59.042121187993,45.541046261645,26.));
#5863 = CARTESIAN_POINT('',(58.90198264193,45.541046261645,26.));
#5864 = CARTESIAN_POINT('',(58.863763038458,45.668444939884,26.));
#5865 = VECTOR('',#5866,1.);
#5866 = DIRECTION('',(-0.,-0.,-1.));
#5867 = ADVANCED_FACE('',(#5868),#5886,.T.);
#5868 = FACE_BOUND('',#5869,.T.);
#5869 = EDGE_LOOP('',(#5870,#5871,#5872,#5873,#5874,#5875,#5876,#5877,
    #5878,#5879,#5880,#5881,#5882,#5883,#5884,#5885));
#5870 = ORIENTED_EDGE('',*,*,#5392,.T.);
#5871 = ORIENTED_EDGE('',*,*,#5422,.T.);
#5872 = ORIENTED_EDGE('',*,*,#5453,.T.);
#5873 = ORIENTED_EDGE('',*,*,#5485,.T.);
#5874 = ORIENTED_EDGE('',*,*,#5516,.T.);
#5875 = ORIENTED_EDGE('',*,*,#5548,.T.);
#5876 = ORIENTED_EDGE('',*,*,#5579,.T.);
#5877 = ORIENTED_EDGE('',*,*,#5612,.T.);
#5878 = ORIENTED_EDGE('',*,*,#5644,.T.);
#5879 = ORIENTED_EDGE('',*,*,#5675,.T.);
#5880 = ORIENTED_EDGE('',*,*,#5707,.T.);
#5881 = ORIENTED_EDGE('',*,*,#5738,.T.);
#5882 = ORIENTED_EDGE('',*,*,#5770,.T.);
#5883 = ORIENTED_EDGE('',*,*,#5801,.T.);
#5884 = ORIENTED_EDGE('',*,*,#5833,.T.);
#5885 = ORIENTED_EDGE('',*,*,#5855,.T.);
#5886 = B_SPLINE_SURFACE_WITH_KNOTS('',1,1,(
    (#5887,#5888)
    ,(#5889,#5890
    )),.UNSPECIFIED.,.F.,.F.,.F.,(2,2),(2,2),(-22.13474395788,
    21.96525604212),(-30.35691964801,21.143080351985),
  .PIECEWISE_BEZIER_KNOTS.);
#5887 = CARTESIAN_POINT('',(62.68572338562,45.541046261645,26.));
#5888 = CARTESIAN_POINT('',(62.68572338562,52.102078190939,26.));
#5889 = CARTESIAN_POINT('',(57.067441675293,45.541046261645,26.));
#5890 = CARTESIAN_POINT('',(57.067441675293,52.102078190939,26.));
#5891 = ADVANCED_FACE('',(#5892),#5910,.F.);
#5892 = FACE_BOUND('',#5893,.F.);
#5893 = EDGE_LOOP('',(#5894,#5895,#5896,#5897,#5898,#5899,#5900,#5901,
    #5902,#5903,#5904,#5905,#5906,#5907,#5908,#5909));
#5894 = ORIENTED_EDGE('',*,*,#5377,.T.);
#5895 = ORIENTED_EDGE('',*,*,#5407,.T.);
#5896 = ORIENTED_EDGE('',*,*,#5437,.T.);
#5897 = ORIENTED_EDGE('',*,*,#5470,.T.);
#5898 = ORIENTED_EDGE('',*,*,#5500,.T.);
#5899 = ORIENTED_EDGE('',*,*,#5533,.T.);
#5900 = ORIENTED_EDGE('',*,*,#5563,.T.);
#5901 = ORIENTED_EDGE('',*,*,#5596,.T.);
#5902 = ORIENTED_EDGE('',*,*,#5629,.T.);
#5903 = ORIENTED_EDGE('',*,*,#5659,.T.);
#5904 = ORIENTED_EDGE('',*,*,#5692,.T.);
#5905 = ORIENTED_EDGE('',*,*,#5722,.T.);
#5906 = ORIENTED_EDGE('',*,*,#5755,.T.);
#5907 = ORIENTED_EDGE('',*,*,#5785,.T.);
#5908 = ORIENTED_EDGE('',*,*,#5818,.T.);
#5909 = ORIENTED_EDGE('',*,*,#5848,.T.);
#5910 = B_SPLINE_SURFACE_WITH_KNOTS('',1,1,(
    (#5911,#5912)
    ,(#5913,#5914
    )),.UNSPECIFIED.,.F.,.F.,.F.,(2,2),(2,2),(-22.13474395788,
    21.96525604212),(-30.35691964801,21.143080351985),
  .PIECEWISE_BEZIER_KNOTS.);
#5911 = CARTESIAN_POINT('',(62.68572338562,45.541046261645,26.6));
#5912 = CARTESIAN_POINT('',(62.68572338562,52.102078190939,26.6));
#5913 = CARTESIAN_POINT('',(57.067441675293,45.541046261645,26.6));
#5914 = CARTESIAN_POINT('',(57.067441675293,52.102078190939,26.6));
#5915 = MANIFOLD_SOLID_BREP('',#5916);
#5916 = CLOSED_SHELL('',(#5917,#5956,#5989,#6022,#6055,#6085,#6118,#6151
    ,#6184,#6217,#6250,#6283,#6316,#6349,#6382,#6415,#6448,#6481,#6514,
    #6544,#6577,#6610,#6634,#6676,#6709,#6742,#6775,#6808,#6841,#6871,
    #6904,#6928,#6969));
#5917 = ADVANCED_FACE('',(#5918),#5950,.T.);
#5918 = FACE_BOUND('',#5919,.T.);
#5919 = EDGE_LOOP('',(#5920,#5930,#5937,#5945));
#5920 = ORIENTED_EDGE('',*,*,#5921,.T.);
#5921 = EDGE_CURVE('',#5922,#5924,#5926,.T.);
#5922 = VERTEX_POINT('',#5923);
#5923 = CARTESIAN_POINT('',(68.469623377657,48.878891631499,26.));
#5924 = VERTEX_POINT('',#5925);
#5925 = CARTESIAN_POINT('',(68.469623377657,48.878891631499,26.6));
#5926 = LINE('',#5927,#5928);
#5927 = CARTESIAN_POINT('',(68.469623377657,48.878891631499,26.));
#5928 = VECTOR('',#5929,1.);
#5929 = DIRECTION('',(0.,0.,1.));
#5930 = ORIENTED_EDGE('',*,*,#5931,.T.);
#5931 = EDGE_CURVE('',#5924,#5932,#5934,.T.);
#5932 = VERTEX_POINT('',#5933);
#5933 = CARTESIAN_POINT('',(68.456883509834,48.382036786368,26.6));
#5934 = B_SPLINE_CURVE_WITH_KNOTS('',1,(#5935,#5936),.UNSPECIFIED.,.F.,
  .F.,(2,2),(0.,3.901281840626),.PIECEWISE_BEZIER_KNOTS.);
#5935 = CARTESIAN_POINT('',(68.469623377657,48.878891631499,26.6));
#5936 = CARTESIAN_POINT('',(68.456883509834,48.382036786368,26.6));
#5937 = ORIENTED_EDGE('',*,*,#5938,.F.);
#5938 = EDGE_CURVE('',#5939,#5932,#5941,.T.);
#5939 = VERTEX_POINT('',#5940);
#5940 = CARTESIAN_POINT('',(68.456883509834,48.382036786368,26.));
#5941 = LINE('',#5942,#5943);
#5942 = CARTESIAN_POINT('',(68.456883509834,48.382036786368,26.));
#5943 = VECTOR('',#5944,1.);
#5944 = DIRECTION('',(0.,0.,1.));
#5945 = ORIENTED_EDGE('',*,*,#5946,.F.);
#5946 = EDGE_CURVE('',#5922,#5939,#5947,.T.);
#5947 = B_SPLINE_CURVE_WITH_KNOTS('',1,(#5948,#5949),.UNSPECIFIED.,.F.,
  .F.,(2,2),(0.,3.901281840626),.PIECEWISE_BEZIER_KNOTS.);
#5948 = CARTESIAN_POINT('',(68.469623377657,48.878891631499,26.));
#5949 = CARTESIAN_POINT('',(68.456883509834,48.382036786368,26.));
#5950 = SURFACE_OF_LINEAR_EXTRUSION('',#5951,#5954);
#5951 = B_SPLINE_CURVE_WITH_KNOTS('',1,(#5952,#5953),.UNSPECIFIED.,.F.,
  .F.,(2,2),(0.,3.901281840626),.PIECEWISE_BEZIER_KNOTS.);
#5952 = CARTESIAN_POINT('',(68.469623377657,48.878891631499,26.));
#5953 = CARTESIAN_POINT('',(68.456883509834,48.382036786368,26.));
#5954 = VECTOR('',#5955,1.);
#5955 = DIRECTION('',(-0.,-0.,-1.));
#5956 = ADVANCED_FACE('',(#5957),#5982,.T.);
#5957 = FACE_BOUND('',#5958,.T.);
#5958 = EDGE_LOOP('',(#5959,#5969,#5975,#5976));
#5959 = ORIENTED_EDGE('',*,*,#5960,.T.);
#5960 = EDGE_CURVE('',#5961,#5963,#5965,.T.);
#5961 = VERTEX_POINT('',#5962);
#5962 = CARTESIAN_POINT('',(68.431403774186,49.808901982642,26.));
#5963 = VERTEX_POINT('',#5964);
#5964 = CARTESIAN_POINT('',(68.431403774186,49.808901982642,26.6));
#5965 = LINE('',#5966,#5967);
#5966 = CARTESIAN_POINT('',(68.431403774186,49.808901982642,26.));
#5967 = VECTOR('',#5968,1.);
#5968 = DIRECTION('',(0.,0.,1.));
#5969 = ORIENTED_EDGE('',*,*,#5970,.T.);
#5970 = EDGE_CURVE('',#5963,#5924,#5971,.T.);
#5971 = B_SPLINE_CURVE_WITH_KNOTS('',2,(#5972,#5973,#5974),
  .UNSPECIFIED.,.F.,.F.,(3,3),(0.,1.),.PIECEWISE_BEZIER_KNOTS.);
#5972 = CARTESIAN_POINT('',(68.431403774186,49.808901982642,26.6));
#5973 = CARTESIAN_POINT('',(68.469623377657,49.388486344454,26.6));
#5974 = CARTESIAN_POINT('',(68.469623377657,48.878891631499,26.6));
#5975 = ORIENTED_EDGE('',*,*,#5921,.F.);
#5976 = ORIENTED_EDGE('',*,*,#5977,.F.);
#5977 = EDGE_CURVE('',#5961,#5922,#5978,.T.);
#5978 = B_SPLINE_CURVE_WITH_KNOTS('',2,(#5979,#5980,#5981),
  .UNSPECIFIED.,.F.,.F.,(3,3),(0.,1.),.PIECEWISE_BEZIER_KNOTS.);
#5979 = CARTESIAN_POINT('',(68.431403774186,49.808901982642,26.));
#5980 = CARTESIAN_POINT('',(68.469623377657,49.388486344454,26.));
#5981 = CARTESIAN_POINT('',(68.469623377657,48.878891631499,26.));
#5982 = SURFACE_OF_LINEAR_EXTRUSION('',#5983,#5987);
#5983 = B_SPLINE_CURVE_WITH_KNOTS('',2,(#5984,#5985,#5986),
  .UNSPECIFIED.,.F.,.F.,(3,3),(0.,1.),.PIECEWISE_BEZIER_KNOTS.);
#5984 = CARTESIAN_POINT('',(68.431403774186,49.808901982642,26.));
#5985 = CARTESIAN_POINT('',(68.469623377657,49.388486344454,26.));
#5986 = CARTESIAN_POINT('',(68.469623377657,48.878891631499,26.));
#5987 = VECTOR('',#5988,1.);
#5988 = DIRECTION('',(-0.,-0.,-1.));
#5989 = ADVANCED_FACE('',(#5990),#6015,.T.);
#5990 = FACE_BOUND('',#5991,.T.);
#5991 = EDGE_LOOP('',(#5992,#5993,#6001,#6009));
#5992 = ORIENTED_EDGE('',*,*,#5938,.T.);
#5993 = ORIENTED_EDGE('',*,*,#5994,.T.);
#5994 = EDGE_CURVE('',#5932,#5995,#5997,.T.);
#5995 = VERTEX_POINT('',#5996);
#5996 = CARTESIAN_POINT('',(68.304005095947,48.229158372482,26.6));
#5997 = B_SPLINE_CURVE_WITH_KNOTS('',2,(#5998,#5999,#6000),
  .UNSPECIFIED.,.F.,.F.,(3,3),(0.,1.),.PIECEWISE_BEZIER_KNOTS.);
#5998 = CARTESIAN_POINT('',(68.456883509834,48.382036786368,26.6));
#5999 = CARTESIAN_POINT('',(68.456883509834,48.229158372482,26.6));
#6000 = CARTESIAN_POINT('',(68.304005095947,48.229158372482,26.6));
#6001 = ORIENTED_EDGE('',*,*,#6002,.F.);
#6002 = EDGE_CURVE('',#6003,#5995,#6005,.T.);
#6003 = VERTEX_POINT('',#6004);
#6004 = CARTESIAN_POINT('',(68.304005095947,48.229158372482,26.));
#6005 = LINE('',#6006,#6007);
#6006 = CARTESIAN_POINT('',(68.304005095947,48.229158372482,26.));
#6007 = VECTOR('',#6008,1.);
#6008 = DIRECTION('',(0.,0.,1.));
#6009 = ORIENTED_EDGE('',*,*,#6010,.F.);
#6010 = EDGE_CURVE('',#5939,#6003,#6011,.T.);
#6011 = B_SPLINE_CURVE_WITH_KNOTS('',2,(#6012,#6013,#6014),
  .UNSPECIFIED.,.F.,.F.,(3,3),(0.,1.),.PIECEWISE_BEZIER_KNOTS.);
#6012 = CARTESIAN_POINT('',(68.456883509834,48.382036786368,26.));
#6013 = CARTESIAN_POINT('',(68.456883509834,48.229158372482,26.));
#6014 = CARTESIAN_POINT('',(68.304005095947,48.229158372482,26.));
#6015 = SURFACE_OF_LINEAR_EXTRUSION('',#6016,#6020);
#6016 = B_SPLINE_CURVE_WITH_KNOTS('',2,(#6017,#6018,#6019),
  .UNSPECIFIED.,.F.,.F.,(3,3),(0.,1.),.PIECEWISE_BEZIER_KNOTS.);
#6017 = CARTESIAN_POINT('',(68.456883509834,48.382036786368,26.));
#6018 = CARTESIAN_POINT('',(68.456883509834,48.229158372482,26.));
#6019 = CARTESIAN_POINT('',(68.304005095947,48.229158372482,26.));
#6020 = VECTOR('',#6021,1.);
#6021 = DIRECTION('',(-0.,-0.,-1.));
#6022 = ADVANCED_FACE('',(#6023),#6048,.T.);
#6023 = FACE_BOUND('',#6024,.T.);
#6024 = EDGE_LOOP('',(#6025,#6035,#6041,#6042));
#6025 = ORIENTED_EDGE('',*,*,#6026,.T.);
#6026 = EDGE_CURVE('',#6027,#6029,#6031,.T.);
#6027 = VERTEX_POINT('',#6028);
#6028 = CARTESIAN_POINT('',(67.628792101282,51.535154072776,26.));
#6029 = VERTEX_POINT('',#6030);
#6030 = CARTESIAN_POINT('',(67.628792101282,51.535154072776,26.6));
#6031 = LINE('',#6032,#6033);
#6032 = CARTESIAN_POINT('',(67.628792101282,51.535154072776,26.));
#6033 = VECTOR('',#6034,1.);
#6034 = DIRECTION('',(0.,0.,1.));
#6035 = ORIENTED_EDGE('',*,*,#6036,.T.);
#6036 = EDGE_CURVE('',#6029,#5963,#6037,.T.);
#6037 = B_SPLINE_CURVE_WITH_KNOTS('',2,(#6038,#6039,#6040),
  .UNSPECIFIED.,.F.,.F.,(3,3),(0.,1.),.PIECEWISE_BEZIER_KNOTS.);
#6038 = CARTESIAN_POINT('',(67.628792101282,51.535154072776,26.6));
#6039 = CARTESIAN_POINT('',(68.354964567243,50.879050879847,26.6));
#6040 = CARTESIAN_POINT('',(68.431403774186,49.808901982642,26.6));
#6041 = ORIENTED_EDGE('',*,*,#5960,.F.);
#6042 = ORIENTED_EDGE('',*,*,#6043,.F.);
#6043 = EDGE_CURVE('',#6027,#5961,#6044,.T.);
#6044 = B_SPLINE_CURVE_WITH_KNOTS('',2,(#6045,#6046,#6047),
  .UNSPECIFIED.,.F.,.F.,(3,3),(0.,1.),.PIECEWISE_BEZIER_KNOTS.);
#6045 = CARTESIAN_POINT('',(67.628792101282,51.535154072776,26.));
#6046 = CARTESIAN_POINT('',(68.354964567243,50.879050879847,26.));
#6047 = CARTESIAN_POINT('',(68.431403774186,49.808901982642,26.));
#6048 = SURFACE_OF_LINEAR_EXTRUSION('',#6049,#6053);
#6049 = B_SPLINE_CURVE_WITH_KNOTS('',2,(#6050,#6051,#6052),
  .UNSPECIFIED.,.F.,.F.,(3,3),(0.,1.),.PIECEWISE_BEZIER_KNOTS.);
#6050 = CARTESIAN_POINT('',(67.628792101282,51.535154072776,26.));
#6051 = CARTESIAN_POINT('',(68.354964567243,50.879050879847,26.));
#6052 = CARTESIAN_POINT('',(68.431403774186,49.808901982642,26.));
#6053 = VECTOR('',#6054,1.);
#6054 = DIRECTION('',(-0.,-0.,-1.));
#6055 = ADVANCED_FACE('',(#6056),#6079,.T.);
#6056 = FACE_BOUND('',#6057,.T.);
#6057 = EDGE_LOOP('',(#6058,#6059,#6066,#6074));
#6058 = ORIENTED_EDGE('',*,*,#6002,.T.);
#6059 = ORIENTED_EDGE('',*,*,#6060,.T.);
#6060 = EDGE_CURVE('',#5995,#6061,#6063,.T.);
#6061 = VERTEX_POINT('',#6062);
#6062 = CARTESIAN_POINT('',(64.927940122621,48.229158372482,26.6));
#6063 = B_SPLINE_CURVE_WITH_KNOTS('',1,(#6064,#6065),.UNSPECIFIED.,.F.,
  .F.,(2,2),(0.,26.5),.PIECEWISE_BEZIER_KNOTS.);
#6064 = CARTESIAN_POINT('',(68.304005095947,48.229158372482,26.6));
#6065 = CARTESIAN_POINT('',(64.927940122621,48.229158372482,26.6));
#6066 = ORIENTED_EDGE('',*,*,#6067,.F.);
#6067 = EDGE_CURVE('',#6068,#6061,#6070,.T.);
#6068 = VERTEX_POINT('',#6069);
#6069 = CARTESIAN_POINT('',(64.927940122621,48.229158372482,26.));
#6070 = LINE('',#6071,#6072);
#6071 = CARTESIAN_POINT('',(64.927940122621,48.229158372482,26.));
#6072 = VECTOR('',#6073,1.);
#6073 = DIRECTION('',(0.,0.,1.));
#6074 = ORIENTED_EDGE('',*,*,#6075,.F.);
#6075 = EDGE_CURVE('',#6003,#6068,#6076,.T.);
#6076 = B_SPLINE_CURVE_WITH_KNOTS('',1,(#6077,#6078),.UNSPECIFIED.,.F.,
  .F.,(2,2),(0.,26.5),.PIECEWISE_BEZIER_KNOTS.);
#6077 = CARTESIAN_POINT('',(68.304005095947,48.229158372482,26.));
#6078 = CARTESIAN_POINT('',(64.927940122621,48.229158372482,26.));
#6079 = SURFACE_OF_LINEAR_EXTRUSION('',#6080,#6083);
#6080 = B_SPLINE_CURVE_WITH_KNOTS('',1,(#6081,#6082),.UNSPECIFIED.,.F.,
  .F.,(2,2),(0.,26.5),.PIECEWISE_BEZIER_KNOTS.);
#6081 = CARTESIAN_POINT('',(68.304005095947,48.229158372482,26.));
#6082 = CARTESIAN_POINT('',(64.927940122621,48.229158372482,26.));
#6083 = VECTOR('',#6084,1.);
#6084 = DIRECTION('',(-0.,-0.,-1.));
#6085 = ADVANCED_FACE('',(#6086),#6111,.T.);
#6086 = FACE_BOUND('',#6087,.T.);
#6087 = EDGE_LOOP('',(#6088,#6098,#6104,#6105));
#6088 = ORIENTED_EDGE('',*,*,#6089,.T.);
#6089 = EDGE_CURVE('',#6090,#6092,#6094,.T.);
#6090 = VERTEX_POINT('',#6091);
#6091 = CARTESIAN_POINT('',(65.743291663349,52.191257265706,26.));
#6092 = VERTEX_POINT('',#6093);
#6093 = CARTESIAN_POINT('',(65.743291663349,52.191257265706,26.6));
#6094 = LINE('',#6095,#6096);
#6095 = CARTESIAN_POINT('',(65.743291663349,52.191257265706,26.));
#6096 = VECTOR('',#6097,1.);
#6097 = DIRECTION('',(0.,0.,1.));
#6098 = ORIENTED_EDGE('',*,*,#6099,.T.);
#6099 = EDGE_CURVE('',#6092,#6029,#6100,.T.);
#6100 = B_SPLINE_CURVE_WITH_KNOTS('',2,(#6101,#6102,#6103),
  .UNSPECIFIED.,.F.,.F.,(3,3),(0.,1.),.PIECEWISE_BEZIER_KNOTS.);
#6101 = CARTESIAN_POINT('',(65.743291663349,52.191257265706,26.6));
#6102 = CARTESIAN_POINT('',(66.902619635321,52.191257265706,26.6));
#6103 = CARTESIAN_POINT('',(67.628792101282,51.535154072776,26.6));
#6104 = ORIENTED_EDGE('',*,*,#6026,.F.);
#6105 = ORIENTED_EDGE('',*,*,#6106,.F.);
#6106 = EDGE_CURVE('',#6090,#6027,#6107,.T.);
#6107 = B_SPLINE_CURVE_WITH_KNOTS('',2,(#6108,#6109,#6110),
  .UNSPECIFIED.,.F.,.F.,(3,3),(0.,1.),.PIECEWISE_BEZIER_KNOTS.);
#6108 = CARTESIAN_POINT('',(65.743291663349,52.191257265706,26.));
#6109 = CARTESIAN_POINT('',(66.902619635321,52.191257265706,26.));
#6110 = CARTESIAN_POINT('',(67.628792101282,51.535154072776,26.));
#6111 = SURFACE_OF_LINEAR_EXTRUSION('',#6112,#6116);
#6112 = B_SPLINE_CURVE_WITH_KNOTS('',2,(#6113,#6114,#6115),
  .UNSPECIFIED.,.F.,.F.,(3,3),(0.,1.),.PIECEWISE_BEZIER_KNOTS.);
#6113 = CARTESIAN_POINT('',(65.743291663349,52.191257265706,26.));
#6114 = CARTESIAN_POINT('',(66.902619635321,52.191257265706,26.));
#6115 = CARTESIAN_POINT('',(67.628792101282,51.535154072776,26.));
#6116 = VECTOR('',#6117,1.);
#6117 = DIRECTION('',(-0.,-0.,-1.));
#6118 = ADVANCED_FACE('',(#6119),#6144,.T.);
#6119 = FACE_BOUND('',#6120,.T.);
#6120 = EDGE_LOOP('',(#6121,#6122,#6130,#6138));
#6121 = ORIENTED_EDGE('',*,*,#6067,.T.);
#6122 = ORIENTED_EDGE('',*,*,#6123,.T.);
#6123 = EDGE_CURVE('',#6061,#6124,#6126,.T.);
#6124 = VERTEX_POINT('',#6125);
#6125 = CARTESIAN_POINT('',(64.864240783502,48.165459033363,26.6));
#6126 = B_SPLINE_CURVE_WITH_KNOTS('',2,(#6127,#6128,#6129),
  .UNSPECIFIED.,.F.,.F.,(3,3),(0.,1.),.PIECEWISE_BEZIER_KNOTS.);
#6127 = CARTESIAN_POINT('',(64.927940122621,48.229158372482,26.6));
#6128 = CARTESIAN_POINT('',(64.864240783502,48.229158372482,26.6));
#6129 = CARTESIAN_POINT('',(64.864240783502,48.165459033363,26.6));
#6130 = ORIENTED_EDGE('',*,*,#6131,.F.);
#6131 = EDGE_CURVE('',#6132,#6124,#6134,.T.);
#6132 = VERTEX_POINT('',#6133);
#6133 = CARTESIAN_POINT('',(64.864240783502,48.165459033363,26.));
#6134 = LINE('',#6135,#6136);
#6135 = CARTESIAN_POINT('',(64.864240783502,48.165459033363,26.));
#6136 = VECTOR('',#6137,1.);
#6137 = DIRECTION('',(0.,0.,1.));
#6138 = ORIENTED_EDGE('',*,*,#6139,.F.);
#6139 = EDGE_CURVE('',#6068,#6132,#6140,.T.);
#6140 = B_SPLINE_CURVE_WITH_KNOTS('',2,(#6141,#6142,#6143),
  .UNSPECIFIED.,.F.,.F.,(3,3),(0.,1.),.PIECEWISE_BEZIER_KNOTS.);
#6141 = CARTESIAN_POINT('',(64.927940122621,48.229158372482,26.));
#6142 = CARTESIAN_POINT('',(64.864240783502,48.229158372482,26.));
#6143 = CARTESIAN_POINT('',(64.864240783502,48.165459033363,26.));
#6144 = SURFACE_OF_LINEAR_EXTRUSION('',#6145,#6149);
#6145 = B_SPLINE_CURVE_WITH_KNOTS('',2,(#6146,#6147,#6148),
  .UNSPECIFIED.,.F.,.F.,(3,3),(0.,1.),.PIECEWISE_BEZIER_KNOTS.);
#6146 = CARTESIAN_POINT('',(64.927940122621,48.229158372482,26.));
#6147 = CARTESIAN_POINT('',(64.864240783502,48.229158372482,26.));
#6148 = CARTESIAN_POINT('',(64.864240783502,48.165459033363,26.));
#6149 = VECTOR('',#6150,1.);
#6150 = DIRECTION('',(-0.,-0.,-1.));
#6151 = ADVANCED_FACE('',(#6152),#6177,.T.);
#6152 = FACE_BOUND('',#6153,.T.);
#6153 = EDGE_LOOP('',(#6154,#6164,#6170,#6171));
#6154 = ORIENTED_EDGE('',*,*,#6155,.T.);
#6155 = EDGE_CURVE('',#6156,#6158,#6160,.T.);
#6156 = VERTEX_POINT('',#6157);
#6157 = CARTESIAN_POINT('',(63.972450035831,51.61159327972,26.));
#6158 = VERTEX_POINT('',#6159);
#6159 = CARTESIAN_POINT('',(63.972450035831,51.61159327972,26.6));
#6160 = LINE('',#6161,#6162);
#6161 = CARTESIAN_POINT('',(63.972450035831,51.61159327972,26.));
#6162 = VECTOR('',#6163,1.);
#6163 = DIRECTION('',(0.,0.,1.));
#6164 = ORIENTED_EDGE('',*,*,#6165,.T.);
#6165 = EDGE_CURVE('',#6158,#6092,#6166,.T.);
#6166 = B_SPLINE_CURVE_WITH_KNOTS('',2,(#6167,#6168,#6169),
  .UNSPECIFIED.,.F.,.F.,(3,3),(0.,1.),.PIECEWISE_BEZIER_KNOTS.);
#6167 = CARTESIAN_POINT('',(63.972450035831,51.61159327972,26.6));
#6168 = CARTESIAN_POINT('',(64.673142766144,52.191257265706,26.6));
#6169 = CARTESIAN_POINT('',(65.743291663349,52.191257265706,26.6));
#6170 = ORIENTED_EDGE('',*,*,#6089,.F.);
#6171 = ORIENTED_EDGE('',*,*,#6172,.F.);
#6172 = EDGE_CURVE('',#6156,#6090,#6173,.T.);
#6173 = B_SPLINE_CURVE_WITH_KNOTS('',2,(#6174,#6175,#6176),
  .UNSPECIFIED.,.F.,.F.,(3,3),(0.,1.),.PIECEWISE_BEZIER_KNOTS.);
#6174 = CARTESIAN_POINT('',(63.972450035831,51.61159327972,26.));
#6175 = CARTESIAN_POINT('',(64.673142766144,52.191257265706,26.));
#6176 = CARTESIAN_POINT('',(65.743291663349,52.191257265706,26.));
#6177 = SURFACE_OF_LINEAR_EXTRUSION('',#6178,#6182);
#6178 = B_SPLINE_CURVE_WITH_KNOTS('',2,(#6179,#6180,#6181),
  .UNSPECIFIED.,.F.,.F.,(3,3),(0.,1.),.PIECEWISE_BEZIER_KNOTS.);
#6179 = CARTESIAN_POINT('',(63.972450035831,51.61159327972,26.));
#6180 = CARTESIAN_POINT('',(64.673142766144,52.191257265706,26.));
#6181 = CARTESIAN_POINT('',(65.743291663349,52.191257265706,26.));
#6182 = VECTOR('',#6183,1.);
#6183 = DIRECTION('',(-0.,-0.,-1.));
#6184 = ADVANCED_FACE('',(#6185),#6210,.T.);
#6185 = FACE_BOUND('',#6186,.T.);
#6186 = EDGE_LOOP('',(#6187,#6188,#6196,#6204));
#6187 = ORIENTED_EDGE('',*,*,#6131,.T.);
#6188 = ORIENTED_EDGE('',*,*,#6189,.T.);
#6189 = EDGE_CURVE('',#6124,#6190,#6192,.T.);
#6190 = VERTEX_POINT('',#6191);
#6191 = CARTESIAN_POINT('',(64.915200254797,47.732303527351,26.6));
#6192 = B_SPLINE_CURVE_WITH_KNOTS('',2,(#6193,#6194,#6195),
  .UNSPECIFIED.,.F.,.F.,(3,3),(0.,1.),.PIECEWISE_BEZIER_KNOTS.);
#6193 = CARTESIAN_POINT('',(64.864240783502,48.165459033363,26.6));
#6194 = CARTESIAN_POINT('',(64.88972051915,47.872442073413,26.6));
#6195 = CARTESIAN_POINT('',(64.915200254797,47.732303527351,26.6));
#6196 = ORIENTED_EDGE('',*,*,#6197,.F.);
#6197 = EDGE_CURVE('',#6198,#6190,#6200,.T.);
#6198 = VERTEX_POINT('',#6199);
#6199 = CARTESIAN_POINT('',(64.915200254797,47.732303527351,26.));
#6200 = LINE('',#6201,#6202);
#6201 = CARTESIAN_POINT('',(64.915200254797,47.732303527351,26.));
#6202 = VECTOR('',#6203,1.);
#6203 = DIRECTION('',(0.,0.,1.));
#6204 = ORIENTED_EDGE('',*,*,#6205,.F.);
#6205 = EDGE_CURVE('',#6132,#6198,#6206,.T.);
#6206 = B_SPLINE_CURVE_WITH_KNOTS('',2,(#6207,#6208,#6209),
  .UNSPECIFIED.,.F.,.F.,(3,3),(0.,1.),.PIECEWISE_BEZIER_KNOTS.);
#6207 = CARTESIAN_POINT('',(64.864240783502,48.165459033363,26.));
#6208 = CARTESIAN_POINT('',(64.88972051915,47.872442073413,26.));
#6209 = CARTESIAN_POINT('',(64.915200254797,47.732303527351,26.));
#6210 = SURFACE_OF_LINEAR_EXTRUSION('',#6211,#6215);
#6211 = B_SPLINE_CURVE_WITH_KNOTS('',2,(#6212,#6213,#6214),
  .UNSPECIFIED.,.F.,.F.,(3,3),(0.,1.),.PIECEWISE_BEZIER_KNOTS.);
#6212 = CARTESIAN_POINT('',(64.864240783502,48.165459033363,26.));
#6213 = CARTESIAN_POINT('',(64.88972051915,47.872442073413,26.));
#6214 = CARTESIAN_POINT('',(64.915200254797,47.732303527351,26.));
#6215 = VECTOR('',#6216,1.);
#6216 = DIRECTION('',(-0.,-0.,-1.));
#6217 = ADVANCED_FACE('',(#6218),#6243,.T.);
#6218 = FACE_BOUND('',#6219,.T.);
#6219 = EDGE_LOOP('',(#6220,#6230,#6236,#6237));
#6220 = ORIENTED_EDGE('',*,*,#6221,.T.);
#6221 = EDGE_CURVE('',#6222,#6224,#6226,.T.);
#6222 = VERTEX_POINT('',#6223);
#6223 = CARTESIAN_POINT('',(63.131618759455,50.063699339119,26.));
#6224 = VERTEX_POINT('',#6225);
#6225 = CARTESIAN_POINT('',(63.131618759455,50.063699339119,26.6));
#6226 = LINE('',#6227,#6228);
#6227 = CARTESIAN_POINT('',(63.131618759455,50.063699339119,26.));
#6228 = VECTOR('',#6229,1.);
#6229 = DIRECTION('',(0.,0.,1.));
#6230 = ORIENTED_EDGE('',*,*,#6231,.T.);
#6231 = EDGE_CURVE('',#6224,#6158,#6232,.T.);
#6232 = B_SPLINE_CURVE_WITH_KNOTS('',2,(#6233,#6234,#6235),
  .UNSPECIFIED.,.F.,.F.,(3,3),(0.,1.),.PIECEWISE_BEZIER_KNOTS.);
#6233 = CARTESIAN_POINT('',(63.131618759455,50.063699339119,26.6));
#6234 = CARTESIAN_POINT('',(63.271757305518,51.031929293734,26.6));
#6235 = CARTESIAN_POINT('',(63.972450035831,51.61159327972,26.6));
#6236 = ORIENTED_EDGE('',*,*,#6155,.F.);
#6237 = ORIENTED_EDGE('',*,*,#6238,.F.);
#6238 = EDGE_CURVE('',#6222,#6156,#6239,.T.);
#6239 = B_SPLINE_CURVE_WITH_KNOTS('',2,(#6240,#6241,#6242),
  .UNSPECIFIED.,.F.,.F.,(3,3),(0.,1.),.PIECEWISE_BEZIER_KNOTS.);
#6240 = CARTESIAN_POINT('',(63.131618759455,50.063699339119,26.));
#6241 = CARTESIAN_POINT('',(63.271757305518,51.031929293734,26.));
#6242 = CARTESIAN_POINT('',(63.972450035831,51.61159327972,26.));
#6243 = SURFACE_OF_LINEAR_EXTRUSION('',#6244,#6248);
#6244 = B_SPLINE_CURVE_WITH_KNOTS('',2,(#6245,#6246,#6247),
  .UNSPECIFIED.,.F.,.F.,(3,3),(0.,1.),.PIECEWISE_BEZIER_KNOTS.);
#6245 = CARTESIAN_POINT('',(63.131618759455,50.063699339119,26.));
#6246 = CARTESIAN_POINT('',(63.271757305518,51.031929293734,26.));
#6247 = CARTESIAN_POINT('',(63.972450035831,51.61159327972,26.));
#6248 = VECTOR('',#6249,1.);
#6249 = DIRECTION('',(-0.,-0.,-1.));
#6250 = ADVANCED_FACE('',(#6251),#6276,.T.);
#6251 = FACE_BOUND('',#6252,.T.);
#6252 = EDGE_LOOP('',(#6253,#6254,#6262,#6270));
#6253 = ORIENTED_EDGE('',*,*,#6197,.T.);
#6254 = ORIENTED_EDGE('',*,*,#6255,.T.);
#6255 = EDGE_CURVE('',#6190,#6256,#6258,.T.);
#6256 = VERTEX_POINT('',#6257);
#6257 = CARTESIAN_POINT('',(65.227327016482,47.171749343101,26.6));
#6258 = B_SPLINE_CURVE_WITH_KNOTS('',2,(#6259,#6260,#6261),
  .UNSPECIFIED.,.F.,.F.,(3,3),(0.,1.),.PIECEWISE_BEZIER_KNOTS.);
#6259 = CARTESIAN_POINT('',(64.915200254797,47.732303527351,26.6));
#6260 = CARTESIAN_POINT('',(64.978899593917,47.375587228283,26.6));
#6261 = CARTESIAN_POINT('',(65.227327016482,47.171749343101,26.6));
#6262 = ORIENTED_EDGE('',*,*,#6263,.F.);
#6263 = EDGE_CURVE('',#6264,#6256,#6266,.T.);
#6264 = VERTEX_POINT('',#6265);
#6265 = CARTESIAN_POINT('',(65.227327016482,47.171749343101,26.));
#6266 = LINE('',#6267,#6268);
#6267 = CARTESIAN_POINT('',(65.227327016482,47.171749343101,26.));
#6268 = VECTOR('',#6269,1.);
#6269 = DIRECTION('',(0.,0.,1.));
#6270 = ORIENTED_EDGE('',*,*,#6271,.F.);
#6271 = EDGE_CURVE('',#6198,#6264,#6272,.T.);
#6272 = B_SPLINE_CURVE_WITH_KNOTS('',2,(#6273,#6274,#6275),
  .UNSPECIFIED.,.F.,.F.,(3,3),(0.,1.),.PIECEWISE_BEZIER_KNOTS.);
#6273 = CARTESIAN_POINT('',(64.915200254797,47.732303527351,26.));
#6274 = CARTESIAN_POINT('',(64.978899593917,47.375587228283,26.));
#6275 = CARTESIAN_POINT('',(65.227327016482,47.171749343101,26.));
#6276 = SURFACE_OF_LINEAR_EXTRUSION('',#6277,#6281);
#6277 = B_SPLINE_CURVE_WITH_KNOTS('',2,(#6278,#6279,#6280),
  .UNSPECIFIED.,.F.,.F.,(3,3),(0.,1.),.PIECEWISE_BEZIER_KNOTS.);
#6278 = CARTESIAN_POINT('',(64.915200254797,47.732303527351,26.));
#6279 = CARTESIAN_POINT('',(64.978899593917,47.375587228283,26.));
#6280 = CARTESIAN_POINT('',(65.227327016482,47.171749343101,26.));
#6281 = VECTOR('',#6282,1.);
#6282 = DIRECTION('',(-0.,-0.,-1.));
#6283 = ADVANCED_FACE('',(#6284),#6309,.T.);
#6284 = FACE_BOUND('',#6285,.T.);
#6285 = EDGE_LOOP('',(#6286,#6296,#6302,#6303));
#6286 = ORIENTED_EDGE('',*,*,#6287,.T.);
#6287 = EDGE_CURVE('',#6288,#6290,#6292,.T.);
#6288 = VERTEX_POINT('',#6289);
#6289 = CARTESIAN_POINT('',(63.055179552512,49.031770045386,26.));
#6290 = VERTEX_POINT('',#6291);
#6291 = CARTESIAN_POINT('',(63.055179552512,49.031770045386,26.6));
#6292 = LINE('',#6293,#6294);
#6293 = CARTESIAN_POINT('',(63.055179552512,49.031770045386,26.));
#6294 = VECTOR('',#6295,1.);
#6295 = DIRECTION('',(0.,0.,1.));
#6296 = ORIENTED_EDGE('',*,*,#6297,.T.);
#6297 = EDGE_CURVE('',#6290,#6224,#6298,.T.);
#6298 = B_SPLINE_CURVE_WITH_KNOTS('',2,(#6299,#6300,#6301),
  .UNSPECIFIED.,.F.,.F.,(3,3),(0.,1.),.PIECEWISE_BEZIER_KNOTS.);
#6299 = CARTESIAN_POINT('',(63.055179552512,49.031770045386,26.6));
#6300 = CARTESIAN_POINT('',(63.055179552512,49.643283700932,26.6));
#6301 = CARTESIAN_POINT('',(63.131618759455,50.063699339119,26.6));
#6302 = ORIENTED_EDGE('',*,*,#6221,.F.);
#6303 = ORIENTED_EDGE('',*,*,#6304,.F.);
#6304 = EDGE_CURVE('',#6288,#6222,#6305,.T.);
#6305 = B_SPLINE_CURVE_WITH_KNOTS('',2,(#6306,#6307,#6308),
  .UNSPECIFIED.,.F.,.F.,(3,3),(0.,1.),.PIECEWISE_BEZIER_KNOTS.);
#6306 = CARTESIAN_POINT('',(63.055179552512,49.031770045386,26.));
#6307 = CARTESIAN_POINT('',(63.055179552512,49.643283700932,26.));
#6308 = CARTESIAN_POINT('',(63.131618759455,50.063699339119,26.));
#6309 = SURFACE_OF_LINEAR_EXTRUSION('',#6310,#6314);
#6310 = B_SPLINE_CURVE_WITH_KNOTS('',2,(#6311,#6312,#6313),
  .UNSPECIFIED.,.F.,.F.,(3,3),(0.,1.),.PIECEWISE_BEZIER_KNOTS.);
#6311 = CARTESIAN_POINT('',(63.055179552512,49.031770045386,26.));
#6312 = CARTESIAN_POINT('',(63.055179552512,49.643283700932,26.));
#6313 = CARTESIAN_POINT('',(63.131618759455,50.063699339119,26.));
#6314 = VECTOR('',#6315,1.);
#6315 = DIRECTION('',(-0.,-0.,-1.));
#6316 = ADVANCED_FACE('',(#6317),#6342,.T.);
#6317 = FACE_BOUND('',#6318,.T.);
#6318 = EDGE_LOOP('',(#6319,#6320,#6328,#6336));
#6319 = ORIENTED_EDGE('',*,*,#6263,.T.);
#6320 = ORIENTED_EDGE('',*,*,#6321,.T.);
#6321 = EDGE_CURVE('',#6256,#6322,#6324,.T.);
#6322 = VERTEX_POINT('',#6323);
#6323 = CARTESIAN_POINT('',(65.84521060594,46.967911457919,26.6));
#6324 = B_SPLINE_CURVE_WITH_KNOTS('',2,(#6325,#6326,#6327),
  .UNSPECIFIED.,.F.,.F.,(3,3),(0.,1.),.PIECEWISE_BEZIER_KNOTS.);
#6325 = CARTESIAN_POINT('',(65.227327016482,47.171749343101,26.6));
#6326 = CARTESIAN_POINT('',(65.475754439048,46.967911457919,26.6));
#6327 = CARTESIAN_POINT('',(65.84521060594,46.967911457919,26.6));
#6328 = ORIENTED_EDGE('',*,*,#6329,.F.);
#6329 = EDGE_CURVE('',#6330,#6322,#6332,.T.);
#6330 = VERTEX_POINT('',#6331);
#6331 = CARTESIAN_POINT('',(65.84521060594,46.967911457919,26.));
#6332 = LINE('',#6333,#6334);
#6333 = CARTESIAN_POINT('',(65.84521060594,46.967911457919,26.));
#6334 = VECTOR('',#6335,1.);
#6335 = DIRECTION('',(0.,0.,1.));
#6336 = ORIENTED_EDGE('',*,*,#6337,.F.);
#6337 = EDGE_CURVE('',#6264,#6330,#6338,.T.);
#6338 = B_SPLINE_CURVE_WITH_KNOTS('',2,(#6339,#6340,#6341),
  .UNSPECIFIED.,.F.,.F.,(3,3),(0.,1.),.PIECEWISE_BEZIER_KNOTS.);
#6339 = CARTESIAN_POINT('',(65.227327016482,47.171749343101,26.));
#6340 = CARTESIAN_POINT('',(65.475754439048,46.967911457919,26.));
#6341 = CARTESIAN_POINT('',(65.84521060594,46.967911457919,26.));
#6342 = SURFACE_OF_LINEAR_EXTRUSION('',#6343,#6347);
#6343 = B_SPLINE_CURVE_WITH_KNOTS('',2,(#6344,#6345,#6346),
  .UNSPECIFIED.,.F.,.F.,(3,3),(0.,1.),.PIECEWISE_BEZIER_KNOTS.);
#6344 = CARTESIAN_POINT('',(65.227327016482,47.171749343101,26.));
#6345 = CARTESIAN_POINT('',(65.475754439048,46.967911457919,26.));
#6346 = CARTESIAN_POINT('',(65.84521060594,46.967911457919,26.));
#6347 = VECTOR('',#6348,1.);
#6348 = DIRECTION('',(-0.,-0.,-1.));
#6349 = ADVANCED_FACE('',(#6350),#6375,.T.);
#6350 = FACE_BOUND('',#6351,.T.);
#6351 = EDGE_LOOP('',(#6352,#6362,#6368,#6369));
#6352 = ORIENTED_EDGE('',*,*,#6353,.T.);
#6353 = EDGE_CURVE('',#6354,#6356,#6358,.T.);
#6354 = VERTEX_POINT('',#6355);
#6355 = CARTESIAN_POINT('',(63.169838362927,47.439286567402,26.));
#6356 = VERTEX_POINT('',#6357);
#6357 = CARTESIAN_POINT('',(63.169838362927,47.439286567402,26.6));
#6358 = LINE('',#6359,#6360);
#6359 = CARTESIAN_POINT('',(63.169838362927,47.439286567402,26.));
#6360 = VECTOR('',#6361,1.);
#6361 = DIRECTION('',(0.,0.,1.));
#6362 = ORIENTED_EDGE('',*,*,#6363,.T.);
#6363 = EDGE_CURVE('',#6356,#6290,#6364,.T.);
#6364 = B_SPLINE_CURVE_WITH_KNOTS('',2,(#6365,#6366,#6367),
  .UNSPECIFIED.,.F.,.F.,(3,3),(0.,1.),.PIECEWISE_BEZIER_KNOTS.);
#6365 = CARTESIAN_POINT('',(63.169838362927,47.439286567402,26.6));
#6366 = CARTESIAN_POINT('',(63.055179552512,47.961621148181,26.6));
#6367 = CARTESIAN_POINT('',(63.055179552512,49.031770045386,26.6));
#6368 = ORIENTED_EDGE('',*,*,#6287,.F.);
#6369 = ORIENTED_EDGE('',*,*,#6370,.F.);
#6370 = EDGE_CURVE('',#6354,#6288,#6371,.T.);
#6371 = B_SPLINE_CURVE_WITH_KNOTS('',2,(#6372,#6373,#6374),
  .UNSPECIFIED.,.F.,.F.,(3,3),(0.,1.),.PIECEWISE_BEZIER_KNOTS.);
#6372 = CARTESIAN_POINT('',(63.169838362927,47.439286567402,26.));
#6373 = CARTESIAN_POINT('',(63.055179552512,47.961621148181,26.));
#6374 = CARTESIAN_POINT('',(63.055179552512,49.031770045386,26.));
#6375 = SURFACE_OF_LINEAR_EXTRUSION('',#6376,#6380);
#6376 = B_SPLINE_CURVE_WITH_KNOTS('',2,(#6377,#6378,#6379),
  .UNSPECIFIED.,.F.,.F.,(3,3),(0.,1.),.PIECEWISE_BEZIER_KNOTS.);
#6377 = CARTESIAN_POINT('',(63.169838362927,47.439286567402,26.));
#6378 = CARTESIAN_POINT('',(63.055179552512,47.961621148181,26.));
#6379 = CARTESIAN_POINT('',(63.055179552512,49.031770045386,26.));
#6380 = VECTOR('',#6381,1.);
#6381 = DIRECTION('',(-0.,-0.,-1.));
#6382 = ADVANCED_FACE('',(#6383),#6408,.T.);
#6383 = FACE_BOUND('',#6384,.T.);
#6384 = EDGE_LOOP('',(#6385,#6386,#6394,#6402));
#6385 = ORIENTED_EDGE('',*,*,#6329,.T.);
#6386 = ORIENTED_EDGE('',*,*,#6387,.T.);
#6387 = EDGE_CURVE('',#6322,#6388,#6390,.T.);
#6388 = VERTEX_POINT('',#6389);
#6389 = CARTESIAN_POINT('',(66.711521617963,47.541205509993,26.6));
#6390 = B_SPLINE_CURVE_WITH_KNOTS('',2,(#6391,#6392,#6393),
  .UNSPECIFIED.,.F.,.F.,(3,3),(0.,1.),.PIECEWISE_BEZIER_KNOTS.);
#6391 = CARTESIAN_POINT('',(65.84521060594,46.967911457919,26.6));
#6392 = CARTESIAN_POINT('',(66.46946412931,46.980651325742,26.6));
#6393 = CARTESIAN_POINT('',(66.711521617963,47.541205509993,26.6));
#6394 = ORIENTED_EDGE('',*,*,#6395,.F.);
#6395 = EDGE_CURVE('',#6396,#6388,#6398,.T.);
#6396 = VERTEX_POINT('',#6397);
#6397 = CARTESIAN_POINT('',(66.711521617963,47.541205509993,26.));
#6398 = LINE('',#6399,#6400);
#6399 = CARTESIAN_POINT('',(66.711521617963,47.541205509993,26.));
#6400 = VECTOR('',#6401,1.);
#6401 = DIRECTION('',(0.,0.,1.));
#6402 = ORIENTED_EDGE('',*,*,#6403,.F.);
#6403 = EDGE_CURVE('',#6330,#6396,#6404,.T.);
#6404 = B_SPLINE_CURVE_WITH_KNOTS('',2,(#6405,#6406,#6407),
  .UNSPECIFIED.,.F.,.F.,(3,3),(0.,1.),.PIECEWISE_BEZIER_KNOTS.);
#6405 = CARTESIAN_POINT('',(65.84521060594,46.967911457919,26.));
#6406 = CARTESIAN_POINT('',(66.46946412931,46.980651325742,26.));
#6407 = CARTESIAN_POINT('',(66.711521617963,47.541205509993,26.));
#6408 = SURFACE_OF_LINEAR_EXTRUSION('',#6409,#6413);
#6409 = B_SPLINE_CURVE_WITH_KNOTS('',2,(#6410,#6411,#6412),
  .UNSPECIFIED.,.F.,.F.,(3,3),(0.,1.),.PIECEWISE_BEZIER_KNOTS.);
#6410 = CARTESIAN_POINT('',(65.84521060594,46.967911457919,26.));
#6411 = CARTESIAN_POINT('',(66.46946412931,46.980651325742,26.));
#6412 = CARTESIAN_POINT('',(66.711521617963,47.541205509993,26.));
#6413 = VECTOR('',#6414,1.);
#6414 = DIRECTION('',(-0.,-0.,-1.));
#6415 = ADVANCED_FACE('',(#6416),#6441,.T.);
#6416 = FACE_BOUND('',#6417,.T.);
#6417 = EDGE_LOOP('',(#6418,#6428,#6434,#6435));
#6418 = ORIENTED_EDGE('',*,*,#6419,.T.);
#6419 = EDGE_CURVE('',#6420,#6422,#6424,.T.);
#6420 = VERTEX_POINT('',#6421);
#6421 = CARTESIAN_POINT('',(64.042519308862,45.955091965921,26.));
#6422 = VERTEX_POINT('',#6423);
#6423 = CARTESIAN_POINT('',(64.042519308862,45.955091965921,26.6));
#6424 = LINE('',#6425,#6426);
#6425 = CARTESIAN_POINT('',(64.042519308862,45.955091965921,26.));
#6426 = VECTOR('',#6427,1.);
#6427 = DIRECTION('',(0.,0.,1.));
#6428 = ORIENTED_EDGE('',*,*,#6429,.T.);
#6429 = EDGE_CURVE('',#6422,#6356,#6430,.T.);
#6430 = B_SPLINE_CURVE_WITH_KNOTS('',2,(#6431,#6432,#6433),
  .UNSPECIFIED.,.F.,.F.,(3,3),(0.,1.),.PIECEWISE_BEZIER_KNOTS.);
#6431 = CARTESIAN_POINT('',(64.042519308862,45.955091965921,26.6));
#6432 = CARTESIAN_POINT('',(63.373676248109,46.471056612788,26.6));
#6433 = CARTESIAN_POINT('',(63.169838362927,47.439286567402,26.6));
#6434 = ORIENTED_EDGE('',*,*,#6353,.F.);
#6435 = ORIENTED_EDGE('',*,*,#6436,.F.);
#6436 = EDGE_CURVE('',#6420,#6354,#6437,.T.);
#6437 = B_SPLINE_CURVE_WITH_KNOTS('',2,(#6438,#6439,#6440),
  .UNSPECIFIED.,.F.,.F.,(3,3),(0.,1.),.PIECEWISE_BEZIER_KNOTS.);
#6438 = CARTESIAN_POINT('',(64.042519308862,45.955091965921,26.));
#6439 = CARTESIAN_POINT('',(63.373676248109,46.471056612788,26.));
#6440 = CARTESIAN_POINT('',(63.169838362927,47.439286567402,26.));
#6441 = SURFACE_OF_LINEAR_EXTRUSION('',#6442,#6446);
#6442 = B_SPLINE_CURVE_WITH_KNOTS('',2,(#6443,#6444,#6445),
  .UNSPECIFIED.,.F.,.F.,(3,3),(0.,1.),.PIECEWISE_BEZIER_KNOTS.);
#6443 = CARTESIAN_POINT('',(64.042519308862,45.955091965921,26.));
#6444 = CARTESIAN_POINT('',(63.373676248109,46.471056612788,26.));
#6445 = CARTESIAN_POINT('',(63.169838362927,47.439286567402,26.));
#6446 = VECTOR('',#6447,1.);
#6447 = DIRECTION('',(-0.,-0.,-1.));
#6448 = ADVANCED_FACE('',(#6449),#6474,.T.);
#6449 = FACE_BOUND('',#6450,.T.);
#6450 = EDGE_LOOP('',(#6451,#6452,#6460,#6468));
#6451 = ORIENTED_EDGE('',*,*,#6395,.T.);
#6452 = ORIENTED_EDGE('',*,*,#6453,.T.);
#6453 = EDGE_CURVE('',#6388,#6454,#6456,.T.);
#6454 = VERTEX_POINT('',#6455);
#6455 = CARTESIAN_POINT('',(66.902619635321,47.643124452584,26.6));
#6456 = B_SPLINE_CURVE_WITH_KNOTS('',2,(#6457,#6458,#6459),
  .UNSPECIFIED.,.F.,.F.,(3,3),(0.,1.),.PIECEWISE_BEZIER_KNOTS.);
#6457 = CARTESIAN_POINT('',(66.711521617963,47.541205509993,26.6));
#6458 = CARTESIAN_POINT('',(66.775220957083,47.668604188232,26.6));
#6459 = CARTESIAN_POINT('',(66.902619635321,47.643124452584,26.6));
#6460 = ORIENTED_EDGE('',*,*,#6461,.F.);
#6461 = EDGE_CURVE('',#6462,#6454,#6464,.T.);
#6462 = VERTEX_POINT('',#6463);
#6463 = CARTESIAN_POINT('',(66.902619635321,47.643124452584,26.));
#6464 = LINE('',#6465,#6466);
#6465 = CARTESIAN_POINT('',(66.902619635321,47.643124452584,26.));
#6466 = VECTOR('',#6467,1.);
#6467 = DIRECTION('',(0.,0.,1.));
#6468 = ORIENTED_EDGE('',*,*,#6469,.F.);
#6469 = EDGE_CURVE('',#6396,#6462,#6470,.T.);
#6470 = B_SPLINE_CURVE_WITH_KNOTS('',2,(#6471,#6472,#6473),
  .UNSPECIFIED.,.F.,.F.,(3,3),(0.,1.),.PIECEWISE_BEZIER_KNOTS.);
#6471 = CARTESIAN_POINT('',(66.711521617963,47.541205509993,26.));
#6472 = CARTESIAN_POINT('',(66.775220957083,47.668604188232,26.));
#6473 = CARTESIAN_POINT('',(66.902619635321,47.643124452584,26.));
#6474 = SURFACE_OF_LINEAR_EXTRUSION('',#6475,#6479);
#6475 = B_SPLINE_CURVE_WITH_KNOTS('',2,(#6476,#6477,#6478),
  .UNSPECIFIED.,.F.,.F.,(3,3),(0.,1.),.PIECEWISE_BEZIER_KNOTS.);
#6476 = CARTESIAN_POINT('',(66.711521617963,47.541205509993,26.));
#6477 = CARTESIAN_POINT('',(66.775220957083,47.668604188232,26.));
#6478 = CARTESIAN_POINT('',(66.902619635321,47.643124452584,26.));
#6479 = VECTOR('',#6480,1.);
#6480 = DIRECTION('',(-0.,-0.,-1.));
#6481 = ADVANCED_FACE('',(#6482),#6507,.T.);
#6482 = FACE_BOUND('',#6483,.T.);
#6483 = EDGE_LOOP('',(#6484,#6494,#6500,#6501));
#6484 = ORIENTED_EDGE('',*,*,#6485,.T.);
#6485 = EDGE_CURVE('',#6486,#6488,#6490,.T.);
#6486 = VERTEX_POINT('',#6487);
#6487 = CARTESIAN_POINT('',(65.84521060594,45.439127319054,26.));
#6488 = VERTEX_POINT('',#6489);
#6489 = CARTESIAN_POINT('',(65.84521060594,45.439127319054,26.6));
#6490 = LINE('',#6491,#6492);
#6491 = CARTESIAN_POINT('',(65.84521060594,45.439127319054,26.));
#6492 = VECTOR('',#6493,1.);
#6493 = DIRECTION('',(0.,0.,1.));
#6494 = ORIENTED_EDGE('',*,*,#6495,.T.);
#6495 = EDGE_CURVE('',#6488,#6422,#6496,.T.);
#6496 = B_SPLINE_CURVE_WITH_KNOTS('',2,(#6497,#6498,#6499),
  .UNSPECIFIED.,.F.,.F.,(3,3),(0.,1.),.PIECEWISE_BEZIER_KNOTS.);
#6497 = CARTESIAN_POINT('',(65.84521060594,45.439127319054,26.6));
#6498 = CARTESIAN_POINT('',(64.711362369615,45.439127319054,26.6));
#6499 = CARTESIAN_POINT('',(64.042519308862,45.955091965921,26.6));
#6500 = ORIENTED_EDGE('',*,*,#6419,.F.);
#6501 = ORIENTED_EDGE('',*,*,#6502,.F.);
#6502 = EDGE_CURVE('',#6486,#6420,#6503,.T.);
#6503 = B_SPLINE_CURVE_WITH_KNOTS('',2,(#6504,#6505,#6506),
  .UNSPECIFIED.,.F.,.F.,(3,3),(0.,1.),.PIECEWISE_BEZIER_KNOTS.);
#6504 = CARTESIAN_POINT('',(65.84521060594,45.439127319054,26.));
#6505 = CARTESIAN_POINT('',(64.711362369615,45.439127319054,26.));
#6506 = CARTESIAN_POINT('',(64.042519308862,45.955091965921,26.));
#6507 = SURFACE_OF_LINEAR_EXTRUSION('',#6508,#6512);
#6508 = B_SPLINE_CURVE_WITH_KNOTS('',2,(#6509,#6510,#6511),
  .UNSPECIFIED.,.F.,.F.,(3,3),(0.,1.),.PIECEWISE_BEZIER_KNOTS.);
#6509 = CARTESIAN_POINT('',(65.84521060594,45.439127319054,26.));
#6510 = CARTESIAN_POINT('',(64.711362369615,45.439127319054,26.));
#6511 = CARTESIAN_POINT('',(64.042519308862,45.955091965921,26.));
#6512 = VECTOR('',#6513,1.);
#6513 = DIRECTION('',(-0.,-0.,-1.));
#6514 = ADVANCED_FACE('',(#6515),#6538,.T.);
#6515 = FACE_BOUND('',#6516,.T.);
#6516 = EDGE_LOOP('',(#6517,#6518,#6525,#6533));
#6517 = ORIENTED_EDGE('',*,*,#6461,.T.);
#6518 = ORIENTED_EDGE('',*,*,#6519,.T.);
#6519 = EDGE_CURVE('',#6454,#6520,#6522,.T.);
#6520 = VERTEX_POINT('',#6521);
#6521 = CARTESIAN_POINT('',(68.253045624652,47.375587228283,26.6));
#6522 = B_SPLINE_CURVE_WITH_KNOTS('',1,(#6523,#6524),.UNSPECIFIED.,.F.,
  .F.,(2,2),(0.,10.806016842482),.PIECEWISE_BEZIER_KNOTS.);
#6523 = CARTESIAN_POINT('',(66.902619635321,47.643124452584,26.6));
#6524 = CARTESIAN_POINT('',(68.253045624652,47.375587228283,26.6));
#6525 = ORIENTED_EDGE('',*,*,#6526,.F.);
#6526 = EDGE_CURVE('',#6527,#6520,#6529,.T.);
#6527 = VERTEX_POINT('',#6528);
#6528 = CARTESIAN_POINT('',(68.253045624652,47.375587228283,26.));
#6529 = LINE('',#6530,#6531);
#6530 = CARTESIAN_POINT('',(68.253045624652,47.375587228283,26.));
#6531 = VECTOR('',#6532,1.);
#6532 = DIRECTION('',(0.,0.,1.));
#6533 = ORIENTED_EDGE('',*,*,#6534,.F.);
#6534 = EDGE_CURVE('',#6462,#6527,#6535,.T.);
#6535 = B_SPLINE_CURVE_WITH_KNOTS('',1,(#6536,#6537),.UNSPECIFIED.,.F.,
  .F.,(2,2),(0.,10.806016842482),.PIECEWISE_BEZIER_KNOTS.);
#6536 = CARTESIAN_POINT('',(66.902619635321,47.643124452584,26.));
#6537 = CARTESIAN_POINT('',(68.253045624652,47.375587228283,26.));
#6538 = SURFACE_OF_LINEAR_EXTRUSION('',#6539,#6542);
#6539 = B_SPLINE_CURVE_WITH_KNOTS('',1,(#6540,#6541),.UNSPECIFIED.,.F.,
  .F.,(2,2),(0.,10.806016842482),.PIECEWISE_BEZIER_KNOTS.);
#6540 = CARTESIAN_POINT('',(66.902619635321,47.643124452584,26.));
#6541 = CARTESIAN_POINT('',(68.253045624652,47.375587228283,26.));
#6542 = VECTOR('',#6543,1.);
#6543 = DIRECTION('',(-0.,-0.,-1.));
#6544 = ADVANCED_FACE('',(#6545),#6570,.T.);
#6545 = FACE_BOUND('',#6546,.T.);
#6546 = EDGE_LOOP('',(#6547,#6557,#6563,#6564));
#6547 = ORIENTED_EDGE('',*,*,#6548,.T.);
#6548 = EDGE_CURVE('',#6549,#6551,#6553,.T.);
#6549 = VERTEX_POINT('',#6550);
#6550 = CARTESIAN_POINT('',(67.431324150012,45.891392626801,26.));
#6551 = VERTEX_POINT('',#6552);
#6552 = CARTESIAN_POINT('',(67.431324150012,45.891392626801,26.6));
#6553 = LINE('',#6554,#6555);
#6554 = CARTESIAN_POINT('',(67.431324150012,45.891392626801,26.));
#6555 = VECTOR('',#6556,1.);
#6556 = DIRECTION('',(0.,0.,1.));
#6557 = ORIENTED_EDGE('',*,*,#6558,.T.);
#6558 = EDGE_CURVE('',#6551,#6488,#6559,.T.);
#6559 = B_SPLINE_CURVE_WITH_KNOTS('',2,(#6560,#6561,#6562),
  .UNSPECIFIED.,.F.,.F.,(3,3),(0.,1.),.PIECEWISE_BEZIER_KNOTS.);
#6560 = CARTESIAN_POINT('',(67.431324150012,45.891392626801,26.6));
#6561 = CARTESIAN_POINT('',(66.787960824906,45.439127319054,26.6));
#6562 = CARTESIAN_POINT('',(65.84521060594,45.439127319054,26.6));
#6563 = ORIENTED_EDGE('',*,*,#6485,.F.);
#6564 = ORIENTED_EDGE('',*,*,#6565,.F.);
#6565 = EDGE_CURVE('',#6549,#6486,#6566,.T.);
#6566 = B_SPLINE_CURVE_WITH_KNOTS('',2,(#6567,#6568,#6569),
  .UNSPECIFIED.,.F.,.F.,(3,3),(0.,1.),.PIECEWISE_BEZIER_KNOTS.);
#6567 = CARTESIAN_POINT('',(67.431324150012,45.891392626801,26.));
#6568 = CARTESIAN_POINT('',(66.787960824906,45.439127319054,26.));
#6569 = CARTESIAN_POINT('',(65.84521060594,45.439127319054,26.));
#6570 = SURFACE_OF_LINEAR_EXTRUSION('',#6571,#6575);
#6571 = B_SPLINE_CURVE_WITH_KNOTS('',2,(#6572,#6573,#6574),
  .UNSPECIFIED.,.F.,.F.,(3,3),(0.,1.),.PIECEWISE_BEZIER_KNOTS.);
#6572 = CARTESIAN_POINT('',(67.431324150012,45.891392626801,26.));
#6573 = CARTESIAN_POINT('',(66.787960824906,45.439127319054,26.));
#6574 = CARTESIAN_POINT('',(65.84521060594,45.439127319054,26.));
#6575 = VECTOR('',#6576,1.);
#6576 = DIRECTION('',(-0.,-0.,-1.));
#6577 = ADVANCED_FACE('',(#6578),#6603,.T.);
#6578 = FACE_BOUND('',#6579,.T.);
#6579 = EDGE_LOOP('',(#6580,#6581,#6589,#6597));
#6580 = ORIENTED_EDGE('',*,*,#6526,.T.);
#6581 = ORIENTED_EDGE('',*,*,#6582,.T.);
#6582 = EDGE_CURVE('',#6520,#6583,#6585,.T.);
#6583 = VERTEX_POINT('',#6584);
#6584 = CARTESIAN_POINT('',(68.354964567243,47.184489210924,26.6));
#6585 = B_SPLINE_CURVE_WITH_KNOTS('',2,(#6586,#6587,#6588),
  .UNSPECIFIED.,.F.,.F.,(3,3),(0.,1.),.PIECEWISE_BEZIER_KNOTS.);
#6586 = CARTESIAN_POINT('',(68.253045624652,47.375587228283,26.6));
#6587 = CARTESIAN_POINT('',(68.405924038538,47.337367624811,26.6));
#6588 = CARTESIAN_POINT('',(68.354964567243,47.184489210924,26.6));
#6589 = ORIENTED_EDGE('',*,*,#6590,.F.);
#6590 = EDGE_CURVE('',#6591,#6583,#6593,.T.);
#6591 = VERTEX_POINT('',#6592);
#6592 = CARTESIAN_POINT('',(68.354964567243,47.184489210924,26.));
#6593 = LINE('',#6594,#6595);
#6594 = CARTESIAN_POINT('',(68.354964567243,47.184489210924,26.));
#6595 = VECTOR('',#6596,1.);
#6596 = DIRECTION('',(0.,0.,1.));
#6597 = ORIENTED_EDGE('',*,*,#6598,.F.);
#6598 = EDGE_CURVE('',#6527,#6591,#6599,.T.);
#6599 = B_SPLINE_CURVE_WITH_KNOTS('',2,(#6600,#6601,#6602),
  .UNSPECIFIED.,.F.,.F.,(3,3),(0.,1.),.PIECEWISE_BEZIER_KNOTS.);
#6600 = CARTESIAN_POINT('',(68.253045624652,47.375587228283,26.));
#6601 = CARTESIAN_POINT('',(68.405924038538,47.337367624811,26.));
#6602 = CARTESIAN_POINT('',(68.354964567243,47.184489210924,26.));
#6603 = SURFACE_OF_LINEAR_EXTRUSION('',#6604,#6608);
#6604 = B_SPLINE_CURVE_WITH_KNOTS('',2,(#6605,#6606,#6607),
  .UNSPECIFIED.,.F.,.F.,(3,3),(0.,1.),.PIECEWISE_BEZIER_KNOTS.);
#6605 = CARTESIAN_POINT('',(68.253045624652,47.375587228283,26.));
#6606 = CARTESIAN_POINT('',(68.405924038538,47.337367624811,26.));
#6607 = CARTESIAN_POINT('',(68.354964567243,47.184489210924,26.));
#6608 = VECTOR('',#6609,1.);
#6609 = DIRECTION('',(-0.,-0.,-1.));
#6610 = ADVANCED_FACE('',(#6611),#6627,.T.);
#6611 = FACE_BOUND('',#6612,.T.);
#6612 = EDGE_LOOP('',(#6613,#6614,#6620,#6621));
#6613 = ORIENTED_EDGE('',*,*,#6590,.T.);
#6614 = ORIENTED_EDGE('',*,*,#6615,.T.);
#6615 = EDGE_CURVE('',#6583,#6551,#6616,.T.);
#6616 = B_SPLINE_CURVE_WITH_KNOTS('',2,(#6617,#6618,#6619),
  .UNSPECIFIED.,.F.,.F.,(3,3),(0.,1.),.PIECEWISE_BEZIER_KNOTS.);
#6617 = CARTESIAN_POINT('',(68.354964567243,47.184489210924,26.6));
#6618 = CARTESIAN_POINT('',(68.074687475117,46.343657934549,26.6));
#6619 = CARTESIAN_POINT('',(67.431324150012,45.891392626801,26.6));
#6620 = ORIENTED_EDGE('',*,*,#6548,.F.);
#6621 = ORIENTED_EDGE('',*,*,#6622,.F.);
#6622 = EDGE_CURVE('',#6591,#6549,#6623,.T.);
#6623 = B_SPLINE_CURVE_WITH_KNOTS('',2,(#6624,#6625,#6626),
  .UNSPECIFIED.,.F.,.F.,(3,3),(0.,1.),.PIECEWISE_BEZIER_KNOTS.);
#6624 = CARTESIAN_POINT('',(68.354964567243,47.184489210924,26.));
#6625 = CARTESIAN_POINT('',(68.074687475117,46.343657934549,26.));
#6626 = CARTESIAN_POINT('',(67.431324150012,45.891392626801,26.));
#6627 = SURFACE_OF_LINEAR_EXTRUSION('',#6628,#6632);
#6628 = B_SPLINE_CURVE_WITH_KNOTS('',2,(#6629,#6630,#6631),
  .UNSPECIFIED.,.F.,.F.,(3,3),(0.,1.),.PIECEWISE_BEZIER_KNOTS.);
#6629 = CARTESIAN_POINT('',(68.354964567243,47.184489210924,26.));
#6630 = CARTESIAN_POINT('',(68.074687475117,46.343657934549,26.));
#6631 = CARTESIAN_POINT('',(67.431324150012,45.891392626801,26.));
#6632 = VECTOR('',#6633,1.);
#6633 = DIRECTION('',(-0.,-0.,-1.));
#6634 = ADVANCED_FACE('',(#6635),#6669,.T.);
#6635 = FACE_BOUND('',#6636,.T.);
#6636 = EDGE_LOOP('',(#6637,#6647,#6655,#6663));
#6637 = ORIENTED_EDGE('',*,*,#6638,.T.);
#6638 = EDGE_CURVE('',#6639,#6641,#6643,.T.);
#6639 = VERTEX_POINT('',#6640);
#6640 = CARTESIAN_POINT('',(65.189107413011,50.445895373835,26.));
#6641 = VERTEX_POINT('',#6642);
#6642 = CARTESIAN_POINT('',(65.189107413011,50.445895373835,26.6));
#6643 = LINE('',#6644,#6645);
#6644 = CARTESIAN_POINT('',(65.189107413011,50.445895373835,26.));
#6645 = VECTOR('',#6646,1.);
#6646 = DIRECTION('',(0.,0.,1.));
#6647 = ORIENTED_EDGE('',*,*,#6648,.T.);
#6648 = EDGE_CURVE('',#6641,#6649,#6651,.T.);
#6649 = VERTEX_POINT('',#6650);
#6650 = CARTESIAN_POINT('',(64.902460386973,49.885341189585,26.6));
#6651 = B_SPLINE_CURVE_WITH_KNOTS('',2,(#6652,#6653,#6654),
  .UNSPECIFIED.,.F.,.F.,(3,3),(0.,1.),.PIECEWISE_BEZIER_KNOTS.);
#6652 = CARTESIAN_POINT('',(65.189107413011,50.445895373835,26.6));
#6653 = CARTESIAN_POINT('',(64.966159726093,50.242057488654,26.6));
#6654 = CARTESIAN_POINT('',(64.902460386973,49.885341189585,26.6));
#6655 = ORIENTED_EDGE('',*,*,#6656,.F.);
#6656 = EDGE_CURVE('',#6657,#6649,#6659,.T.);
#6657 = VERTEX_POINT('',#6658);
#6658 = CARTESIAN_POINT('',(64.902460386973,49.885341189585,26.));
#6659 = LINE('',#6660,#6661);
#6660 = CARTESIAN_POINT('',(64.902460386973,49.885341189585,26.));
#6661 = VECTOR('',#6662,1.);
#6662 = DIRECTION('',(0.,0.,1.));
#6663 = ORIENTED_EDGE('',*,*,#6664,.F.);
#6664 = EDGE_CURVE('',#6639,#6657,#6665,.T.);
#6665 = B_SPLINE_CURVE_WITH_KNOTS('',2,(#6666,#6667,#6668),
  .UNSPECIFIED.,.F.,.F.,(3,3),(0.,1.),.PIECEWISE_BEZIER_KNOTS.);
#6666 = CARTESIAN_POINT('',(65.189107413011,50.445895373835,26.));
#6667 = CARTESIAN_POINT('',(64.966159726093,50.242057488654,26.));
#6668 = CARTESIAN_POINT('',(64.902460386973,49.885341189585,26.));
#6669 = SURFACE_OF_LINEAR_EXTRUSION('',#6670,#6674);
#6670 = B_SPLINE_CURVE_WITH_KNOTS('',2,(#6671,#6672,#6673),
  .UNSPECIFIED.,.F.,.F.,(3,3),(0.,1.),.PIECEWISE_BEZIER_KNOTS.);
#6671 = CARTESIAN_POINT('',(65.189107413011,50.445895373835,26.));
#6672 = CARTESIAN_POINT('',(64.966159726093,50.242057488654,26.));
#6673 = CARTESIAN_POINT('',(64.902460386973,49.885341189585,26.));
#6674 = VECTOR('',#6675,1.);
#6675 = DIRECTION('',(-0.,-0.,-1.));
#6676 = ADVANCED_FACE('',(#6677),#6702,.T.);
#6677 = FACE_BOUND('',#6678,.T.);
#6678 = EDGE_LOOP('',(#6679,#6689,#6695,#6696));
#6679 = ORIENTED_EDGE('',*,*,#6680,.T.);
#6680 = EDGE_CURVE('',#6681,#6683,#6685,.T.);
#6681 = VERTEX_POINT('',#6682);
#6682 = CARTESIAN_POINT('',(65.756031531173,50.649733259017,26.));
#6683 = VERTEX_POINT('',#6684);
#6684 = CARTESIAN_POINT('',(65.756031531173,50.649733259017,26.6));
#6685 = LINE('',#6686,#6687);
#6686 = CARTESIAN_POINT('',(65.756031531173,50.649733259017,26.));
#6687 = VECTOR('',#6688,1.);
#6688 = DIRECTION('',(0.,0.,1.));
#6689 = ORIENTED_EDGE('',*,*,#6690,.T.);
#6690 = EDGE_CURVE('',#6683,#6641,#6691,.T.);
#6691 = B_SPLINE_CURVE_WITH_KNOTS('',2,(#6692,#6693,#6694),
  .UNSPECIFIED.,.F.,.F.,(3,3),(0.,1.),.PIECEWISE_BEZIER_KNOTS.);
#6692 = CARTESIAN_POINT('',(65.756031531173,50.649733259017,26.6));
#6693 = CARTESIAN_POINT('',(65.412055099928,50.649733259017,26.6));
#6694 = CARTESIAN_POINT('',(65.189107413011,50.445895373835,26.6));
#6695 = ORIENTED_EDGE('',*,*,#6638,.F.);
#6696 = ORIENTED_EDGE('',*,*,#6697,.F.);
#6697 = EDGE_CURVE('',#6681,#6639,#6698,.T.);
#6698 = B_SPLINE_CURVE_WITH_KNOTS('',2,(#6699,#6700,#6701),
  .UNSPECIFIED.,.F.,.F.,(3,3),(0.,1.),.PIECEWISE_BEZIER_KNOTS.);
#6699 = CARTESIAN_POINT('',(65.756031531173,50.649733259017,26.));
#6700 = CARTESIAN_POINT('',(65.412055099928,50.649733259017,26.));
#6701 = CARTESIAN_POINT('',(65.189107413011,50.445895373835,26.));
#6702 = SURFACE_OF_LINEAR_EXTRUSION('',#6703,#6707);
#6703 = B_SPLINE_CURVE_WITH_KNOTS('',2,(#6704,#6705,#6706),
  .UNSPECIFIED.,.F.,.F.,(3,3),(0.,1.),.PIECEWISE_BEZIER_KNOTS.);
#6704 = CARTESIAN_POINT('',(65.756031531173,50.649733259017,26.));
#6705 = CARTESIAN_POINT('',(65.412055099928,50.649733259017,26.));
#6706 = CARTESIAN_POINT('',(65.189107413011,50.445895373835,26.));
#6707 = VECTOR('',#6708,1.);
#6708 = DIRECTION('',(-0.,-0.,-1.));
#6709 = ADVANCED_FACE('',(#6710),#6735,.T.);
#6710 = FACE_BOUND('',#6711,.T.);
#6711 = EDGE_LOOP('',(#6712,#6722,#6728,#6729));
#6712 = ORIENTED_EDGE('',*,*,#6713,.T.);
#6713 = EDGE_CURVE('',#6714,#6716,#6718,.T.);
#6714 = VERTEX_POINT('',#6715);
#6715 = CARTESIAN_POINT('',(66.329325583247,50.439525439924,26.));
#6716 = VERTEX_POINT('',#6717);
#6717 = CARTESIAN_POINT('',(66.329325583247,50.439525439924,26.6));
#6718 = LINE('',#6719,#6720);
#6719 = CARTESIAN_POINT('',(66.329325583247,50.439525439924,26.));
#6720 = VECTOR('',#6721,1.);
#6721 = DIRECTION('',(0.,0.,1.));
#6722 = ORIENTED_EDGE('',*,*,#6723,.T.);
#6723 = EDGE_CURVE('',#6716,#6683,#6724,.T.);
#6724 = B_SPLINE_CURVE_WITH_KNOTS('',2,(#6725,#6726,#6727),
  .UNSPECIFIED.,.F.,.F.,(3,3),(0.,1.),.PIECEWISE_BEZIER_KNOTS.);
#6725 = CARTESIAN_POINT('',(66.329325583247,50.439525439924,26.6));
#6726 = CARTESIAN_POINT('',(66.100007962417,50.649733259017,26.6));
#6727 = CARTESIAN_POINT('',(65.756031531173,50.649733259017,26.6));
#6728 = ORIENTED_EDGE('',*,*,#6680,.F.);
#6729 = ORIENTED_EDGE('',*,*,#6730,.F.);
#6730 = EDGE_CURVE('',#6714,#6681,#6731,.T.);
#6731 = B_SPLINE_CURVE_WITH_KNOTS('',2,(#6732,#6733,#6734),
  .UNSPECIFIED.,.F.,.F.,(3,3),(0.,1.),.PIECEWISE_BEZIER_KNOTS.);
#6732 = CARTESIAN_POINT('',(66.329325583247,50.439525439924,26.));
#6733 = CARTESIAN_POINT('',(66.100007962417,50.649733259017,26.));
#6734 = CARTESIAN_POINT('',(65.756031531173,50.649733259017,26.));
#6735 = SURFACE_OF_LINEAR_EXTRUSION('',#6736,#6740);
#6736 = B_SPLINE_CURVE_WITH_KNOTS('',2,(#6737,#6738,#6739),
  .UNSPECIFIED.,.F.,.F.,(3,3),(0.,1.),.PIECEWISE_BEZIER_KNOTS.);
#6737 = CARTESIAN_POINT('',(66.329325583247,50.439525439924,26.));
#6738 = CARTESIAN_POINT('',(66.100007962417,50.649733259017,26.));
#6739 = CARTESIAN_POINT('',(65.756031531173,50.649733259017,26.));
#6740 = VECTOR('',#6741,1.);
#6741 = DIRECTION('',(-0.,-0.,-1.));
#6742 = ADVANCED_FACE('',(#6743),#6768,.T.);
#6743 = FACE_BOUND('',#6744,.T.);
#6744 = EDGE_LOOP('',(#6745,#6755,#6761,#6762));
#6745 = ORIENTED_EDGE('',*,*,#6746,.T.);
#6746 = EDGE_CURVE('',#6747,#6749,#6751,.T.);
#6747 = VERTEX_POINT('',#6748);
#6748 = CARTESIAN_POINT('',(66.609602675372,49.885341189585,26.));
#6749 = VERTEX_POINT('',#6750);
#6750 = CARTESIAN_POINT('',(66.609602675372,49.885341189585,26.6));
#6751 = LINE('',#6752,#6753);
#6752 = CARTESIAN_POINT('',(66.609602675372,49.885341189585,26.));
#6753 = VECTOR('',#6754,1.);
#6754 = DIRECTION('',(0.,0.,1.));
#6755 = ORIENTED_EDGE('',*,*,#6756,.T.);
#6756 = EDGE_CURVE('',#6749,#6716,#6757,.T.);
#6757 = B_SPLINE_CURVE_WITH_KNOTS('',2,(#6758,#6759,#6760),
  .UNSPECIFIED.,.F.,.F.,(3,3),(0.,1.),.PIECEWISE_BEZIER_KNOTS.);
#6758 = CARTESIAN_POINT('',(66.609602675372,49.885341189585,26.6));
#6759 = CARTESIAN_POINT('',(66.558643204077,50.22931762083,26.6));
#6760 = CARTESIAN_POINT('',(66.329325583247,50.439525439924,26.6));
#6761 = ORIENTED_EDGE('',*,*,#6713,.F.);
#6762 = ORIENTED_EDGE('',*,*,#6763,.F.);
#6763 = EDGE_CURVE('',#6747,#6714,#6764,.T.);
#6764 = B_SPLINE_CURVE_WITH_KNOTS('',2,(#6765,#6766,#6767),
  .UNSPECIFIED.,.F.,.F.,(3,3),(0.,1.),.PIECEWISE_BEZIER_KNOTS.);
#6765 = CARTESIAN_POINT('',(66.609602675372,49.885341189585,26.));
#6766 = CARTESIAN_POINT('',(66.558643204077,50.22931762083,26.));
#6767 = CARTESIAN_POINT('',(66.329325583247,50.439525439924,26.));
#6768 = SURFACE_OF_LINEAR_EXTRUSION('',#6769,#6773);
#6769 = B_SPLINE_CURVE_WITH_KNOTS('',2,(#6770,#6771,#6772),
  .UNSPECIFIED.,.F.,.F.,(3,3),(0.,1.),.PIECEWISE_BEZIER_KNOTS.);
#6770 = CARTESIAN_POINT('',(66.609602675372,49.885341189585,26.));
#6771 = CARTESIAN_POINT('',(66.558643204077,50.22931762083,26.));
#6772 = CARTESIAN_POINT('',(66.329325583247,50.439525439924,26.));
#6773 = VECTOR('',#6774,1.);
#6774 = DIRECTION('',(-0.,-0.,-1.));
#6775 = ADVANCED_FACE('',(#6776),#6801,.T.);
#6776 = FACE_BOUND('',#6777,.T.);
#6777 = EDGE_LOOP('',(#6778,#6788,#6794,#6795));
#6778 = ORIENTED_EDGE('',*,*,#6779,.T.);
#6779 = EDGE_CURVE('',#6780,#6782,#6784,.T.);
#6780 = VERTEX_POINT('',#6781);
#6781 = CARTESIAN_POINT('',(66.647822278844,49.401226212278,26.));
#6782 = VERTEX_POINT('',#6783);
#6783 = CARTESIAN_POINT('',(66.647822278844,49.401226212278,26.6));
#6784 = LINE('',#6785,#6786);
#6785 = CARTESIAN_POINT('',(66.647822278844,49.401226212278,26.));
#6786 = VECTOR('',#6787,1.);
#6787 = DIRECTION('',(0.,0.,1.));
#6788 = ORIENTED_EDGE('',*,*,#6789,.T.);
#6789 = EDGE_CURVE('',#6782,#6749,#6790,.T.);
#6790 = B_SPLINE_CURVE_WITH_KNOTS('',2,(#6791,#6792,#6793),
  .UNSPECIFIED.,.F.,.F.,(3,3),(0.,1.),.PIECEWISE_BEZIER_KNOTS.);
#6791 = CARTESIAN_POINT('',(66.647822278844,49.401226212278,26.6));
#6792 = CARTESIAN_POINT('',(66.647822278844,49.656023568755,26.6));
#6793 = CARTESIAN_POINT('',(66.609602675372,49.885341189585,26.6));
#6794 = ORIENTED_EDGE('',*,*,#6746,.F.);
#6795 = ORIENTED_EDGE('',*,*,#6796,.F.);
#6796 = EDGE_CURVE('',#6780,#6747,#6797,.T.);
#6797 = B_SPLINE_CURVE_WITH_KNOTS('',2,(#6798,#6799,#6800),
  .UNSPECIFIED.,.F.,.F.,(3,3),(0.,1.),.PIECEWISE_BEZIER_KNOTS.);
#6798 = CARTESIAN_POINT('',(66.647822278844,49.401226212278,26.));
#6799 = CARTESIAN_POINT('',(66.647822278844,49.656023568755,26.));
#6800 = CARTESIAN_POINT('',(66.609602675372,49.885341189585,26.));
#6801 = SURFACE_OF_LINEAR_EXTRUSION('',#6802,#6806);
#6802 = B_SPLINE_CURVE_WITH_KNOTS('',2,(#6803,#6804,#6805),
  .UNSPECIFIED.,.F.,.F.,(3,3),(0.,1.),.PIECEWISE_BEZIER_KNOTS.);
#6803 = CARTESIAN_POINT('',(66.647822278844,49.401226212278,26.));
#6804 = CARTESIAN_POINT('',(66.647822278844,49.656023568755,26.));
#6805 = CARTESIAN_POINT('',(66.609602675372,49.885341189585,26.));
#6806 = VECTOR('',#6807,1.);
#6807 = DIRECTION('',(-0.,-0.,-1.));
#6808 = ADVANCED_FACE('',(#6809),#6834,.T.);
#6809 = FACE_BOUND('',#6810,.T.);
#6810 = EDGE_LOOP('',(#6811,#6821,#6827,#6828));
#6811 = ORIENTED_EDGE('',*,*,#6812,.T.);
#6812 = EDGE_CURVE('',#6813,#6815,#6817,.T.);
#6813 = VERTEX_POINT('',#6814);
#6814 = CARTESIAN_POINT('',(66.584122939724,49.337526873159,26.));
#6815 = VERTEX_POINT('',#6816);
#6816 = CARTESIAN_POINT('',(66.584122939724,49.337526873159,26.6));
#6817 = LINE('',#6818,#6819);
#6818 = CARTESIAN_POINT('',(66.584122939724,49.337526873159,26.));
#6819 = VECTOR('',#6820,1.);
#6820 = DIRECTION('',(0.,0.,1.));
#6821 = ORIENTED_EDGE('',*,*,#6822,.T.);
#6822 = EDGE_CURVE('',#6815,#6782,#6823,.T.);
#6823 = B_SPLINE_CURVE_WITH_KNOTS('',2,(#6824,#6825,#6826),
  .UNSPECIFIED.,.F.,.F.,(3,3),(0.,1.),.PIECEWISE_BEZIER_KNOTS.);
#6824 = CARTESIAN_POINT('',(66.584122939724,49.337526873159,26.6));
#6825 = CARTESIAN_POINT('',(66.647822278844,49.337526873159,26.6));
#6826 = CARTESIAN_POINT('',(66.647822278844,49.401226212278,26.6));
#6827 = ORIENTED_EDGE('',*,*,#6779,.F.);
#6828 = ORIENTED_EDGE('',*,*,#6829,.F.);
#6829 = EDGE_CURVE('',#6813,#6780,#6830,.T.);
#6830 = B_SPLINE_CURVE_WITH_KNOTS('',2,(#6831,#6832,#6833),
  .UNSPECIFIED.,.F.,.F.,(3,3),(0.,1.),.PIECEWISE_BEZIER_KNOTS.);
#6831 = CARTESIAN_POINT('',(66.584122939724,49.337526873159,26.));
#6832 = CARTESIAN_POINT('',(66.647822278844,49.337526873159,26.));
#6833 = CARTESIAN_POINT('',(66.647822278844,49.401226212278,26.));
#6834 = SURFACE_OF_LINEAR_EXTRUSION('',#6835,#6839);
#6835 = B_SPLINE_CURVE_WITH_KNOTS('',2,(#6836,#6837,#6838),
  .UNSPECIFIED.,.F.,.F.,(3,3),(0.,1.),.PIECEWISE_BEZIER_KNOTS.);
#6836 = CARTESIAN_POINT('',(66.584122939724,49.337526873159,26.));
#6837 = CARTESIAN_POINT('',(66.647822278844,49.337526873159,26.));
#6838 = CARTESIAN_POINT('',(66.647822278844,49.401226212278,26.));
#6839 = VECTOR('',#6840,1.);
#6840 = DIRECTION('',(-0.,-0.,-1.));
#6841 = ADVANCED_FACE('',(#6842),#6865,.T.);
#6842 = FACE_BOUND('',#6843,.T.);
#6843 = EDGE_LOOP('',(#6844,#6854,#6859,#6860));
#6844 = ORIENTED_EDGE('',*,*,#6845,.T.);
#6845 = EDGE_CURVE('',#6846,#6848,#6850,.T.);
#6846 = VERTEX_POINT('',#6847);
#6847 = CARTESIAN_POINT('',(64.927940122621,49.337526873159,26.));
#6848 = VERTEX_POINT('',#6849);
#6849 = CARTESIAN_POINT('',(64.927940122621,49.337526873159,26.6));
#6850 = LINE('',#6851,#6852);
#6851 = CARTESIAN_POINT('',(64.927940122621,49.337526873159,26.));
#6852 = VECTOR('',#6853,1.);
#6853 = DIRECTION('',(0.,0.,1.));
#6854 = ORIENTED_EDGE('',*,*,#6855,.T.);
#6855 = EDGE_CURVE('',#6848,#6815,#6856,.T.);
#6856 = B_SPLINE_CURVE_WITH_KNOTS('',1,(#6857,#6858),.UNSPECIFIED.,.F.,
  .F.,(2,2),(0.,13.),.PIECEWISE_BEZIER_KNOTS.);
#6857 = CARTESIAN_POINT('',(64.927940122621,49.337526873159,26.6));
#6858 = CARTESIAN_POINT('',(66.584122939724,49.337526873159,26.6));
#6859 = ORIENTED_EDGE('',*,*,#6812,.F.);
#6860 = ORIENTED_EDGE('',*,*,#6861,.F.);
#6861 = EDGE_CURVE('',#6846,#6813,#6862,.T.);
#6862 = B_SPLINE_CURVE_WITH_KNOTS('',1,(#6863,#6864),.UNSPECIFIED.,.F.,
  .F.,(2,2),(0.,13.),.PIECEWISE_BEZIER_KNOTS.);
#6863 = CARTESIAN_POINT('',(64.927940122621,49.337526873159,26.));
#6864 = CARTESIAN_POINT('',(66.584122939724,49.337526873159,26.));
#6865 = SURFACE_OF_LINEAR_EXTRUSION('',#6866,#6869);
#6866 = B_SPLINE_CURVE_WITH_KNOTS('',1,(#6867,#6868),.UNSPECIFIED.,.F.,
  .F.,(2,2),(0.,13.),.PIECEWISE_BEZIER_KNOTS.);
#6867 = CARTESIAN_POINT('',(64.927940122621,49.337526873159,26.));
#6868 = CARTESIAN_POINT('',(66.584122939724,49.337526873159,26.));
#6869 = VECTOR('',#6870,1.);
#6870 = DIRECTION('',(-0.,-0.,-1.));
#6871 = ADVANCED_FACE('',(#6872),#6897,.T.);
#6872 = FACE_BOUND('',#6873,.T.);
#6873 = EDGE_LOOP('',(#6874,#6884,#6890,#6891));
#6874 = ORIENTED_EDGE('',*,*,#6875,.T.);
#6875 = EDGE_CURVE('',#6876,#6878,#6880,.T.);
#6876 = VERTEX_POINT('',#6877);
#6877 = CARTESIAN_POINT('',(64.864240783502,49.401226212278,26.));
#6878 = VERTEX_POINT('',#6879);
#6879 = CARTESIAN_POINT('',(64.864240783502,49.401226212278,26.6));
#6880 = LINE('',#6881,#6882);
#6881 = CARTESIAN_POINT('',(64.864240783502,49.401226212278,26.));
#6882 = VECTOR('',#6883,1.);
#6883 = DIRECTION('',(0.,0.,1.));
#6884 = ORIENTED_EDGE('',*,*,#6885,.T.);
#6885 = EDGE_CURVE('',#6878,#6848,#6886,.T.);
#6886 = B_SPLINE_CURVE_WITH_KNOTS('',2,(#6887,#6888,#6889),
  .UNSPECIFIED.,.F.,.F.,(3,3),(0.,1.),.PIECEWISE_BEZIER_KNOTS.);
#6887 = CARTESIAN_POINT('',(64.864240783502,49.401226212278,26.6));
#6888 = CARTESIAN_POINT('',(64.864240783502,49.337526873159,26.6));
#6889 = CARTESIAN_POINT('',(64.927940122621,49.337526873159,26.6));
#6890 = ORIENTED_EDGE('',*,*,#6845,.F.);
#6891 = ORIENTED_EDGE('',*,*,#6892,.F.);
#6892 = EDGE_CURVE('',#6876,#6846,#6893,.T.);
#6893 = B_SPLINE_CURVE_WITH_KNOTS('',2,(#6894,#6895,#6896),
  .UNSPECIFIED.,.F.,.F.,(3,3),(0.,1.),.PIECEWISE_BEZIER_KNOTS.);
#6894 = CARTESIAN_POINT('',(64.864240783502,49.401226212278,26.));
#6895 = CARTESIAN_POINT('',(64.864240783502,49.337526873159,26.));
#6896 = CARTESIAN_POINT('',(64.927940122621,49.337526873159,26.));
#6897 = SURFACE_OF_LINEAR_EXTRUSION('',#6898,#6902);
#6898 = B_SPLINE_CURVE_WITH_KNOTS('',2,(#6899,#6900,#6901),
  .UNSPECIFIED.,.F.,.F.,(3,3),(0.,1.),.PIECEWISE_BEZIER_KNOTS.);
#6899 = CARTESIAN_POINT('',(64.864240783502,49.401226212278,26.));
#6900 = CARTESIAN_POINT('',(64.864240783502,49.337526873159,26.));
#6901 = CARTESIAN_POINT('',(64.927940122621,49.337526873159,26.));
#6902 = VECTOR('',#6903,1.);
#6903 = DIRECTION('',(-0.,-0.,-1.));
#6904 = ADVANCED_FACE('',(#6905),#6921,.T.);
#6905 = FACE_BOUND('',#6906,.T.);
#6906 = EDGE_LOOP('',(#6907,#6908,#6914,#6915));
#6907 = ORIENTED_EDGE('',*,*,#6656,.T.);
#6908 = ORIENTED_EDGE('',*,*,#6909,.T.);
#6909 = EDGE_CURVE('',#6649,#6878,#6910,.T.);
#6910 = B_SPLINE_CURVE_WITH_KNOTS('',2,(#6911,#6912,#6913),
  .UNSPECIFIED.,.F.,.F.,(3,3),(0.,1.),.PIECEWISE_BEZIER_KNOTS.);
#6911 = CARTESIAN_POINT('',(64.902460386973,49.885341189585,26.6));
#6912 = CARTESIAN_POINT('',(64.864240783502,49.656023568755,26.6));
#6913 = CARTESIAN_POINT('',(64.864240783502,49.401226212278,26.6));
#6914 = ORIENTED_EDGE('',*,*,#6875,.F.);
#6915 = ORIENTED_EDGE('',*,*,#6916,.F.);
#6916 = EDGE_CURVE('',#6657,#6876,#6917,.T.);
#6917 = B_SPLINE_CURVE_WITH_KNOTS('',2,(#6918,#6919,#6920),
  .UNSPECIFIED.,.F.,.F.,(3,3),(0.,1.),.PIECEWISE_BEZIER_KNOTS.);
#6918 = CARTESIAN_POINT('',(64.902460386973,49.885341189585,26.));
#6919 = CARTESIAN_POINT('',(64.864240783502,49.656023568755,26.));
#6920 = CARTESIAN_POINT('',(64.864240783502,49.401226212278,26.));
#6921 = SURFACE_OF_LINEAR_EXTRUSION('',#6922,#6926);
#6922 = B_SPLINE_CURVE_WITH_KNOTS('',2,(#6923,#6924,#6925),
  .UNSPECIFIED.,.F.,.F.,(3,3),(0.,1.),.PIECEWISE_BEZIER_KNOTS.);
#6923 = CARTESIAN_POINT('',(64.902460386973,49.885341189585,26.));
#6924 = CARTESIAN_POINT('',(64.864240783502,49.656023568755,26.));
#6925 = CARTESIAN_POINT('',(64.864240783502,49.401226212278,26.));
#6926 = VECTOR('',#6927,1.);
#6927 = DIRECTION('',(-0.,-0.,-1.));
#6928 = ADVANCED_FACE('',(#6929,#6953),#6964,.T.);
#6929 = FACE_BOUND('',#6930,.T.);
#6930 = EDGE_LOOP('',(#6931,#6932,#6933,#6934,#6935,#6936,#6937,#6938,
    #6939,#6940,#6941,#6942,#6943,#6944,#6945,#6946,#6947,#6948,#6949,
    #6950,#6951,#6952));
#6931 = ORIENTED_EDGE('',*,*,#5946,.T.);
#6932 = ORIENTED_EDGE('',*,*,#6010,.T.);
#6933 = ORIENTED_EDGE('',*,*,#6075,.T.);
#6934 = ORIENTED_EDGE('',*,*,#6139,.T.);
#6935 = ORIENTED_EDGE('',*,*,#6205,.T.);
#6936 = ORIENTED_EDGE('',*,*,#6271,.T.);
#6937 = ORIENTED_EDGE('',*,*,#6337,.T.);
#6938 = ORIENTED_EDGE('',*,*,#6403,.T.);
#6939 = ORIENTED_EDGE('',*,*,#6469,.T.);
#6940 = ORIENTED_EDGE('',*,*,#6534,.T.);
#6941 = ORIENTED_EDGE('',*,*,#6598,.T.);
#6942 = ORIENTED_EDGE('',*,*,#6622,.T.);
#6943 = ORIENTED_EDGE('',*,*,#6565,.T.);
#6944 = ORIENTED_EDGE('',*,*,#6502,.T.);
#6945 = ORIENTED_EDGE('',*,*,#6436,.T.);
#6946 = ORIENTED_EDGE('',*,*,#6370,.T.);
#6947 = ORIENTED_EDGE('',*,*,#6304,.T.);
#6948 = ORIENTED_EDGE('',*,*,#6238,.T.);
#6949 = ORIENTED_EDGE('',*,*,#6172,.T.);
#6950 = ORIENTED_EDGE('',*,*,#6106,.T.);
#6951 = ORIENTED_EDGE('',*,*,#6043,.T.);
#6952 = ORIENTED_EDGE('',*,*,#5977,.T.);
#6953 = FACE_BOUND('',#6954,.T.);
#6954 = EDGE_LOOP('',(#6955,#6956,#6957,#6958,#6959,#6960,#6961,#6962,
    #6963));
#6955 = ORIENTED_EDGE('',*,*,#6664,.T.);
#6956 = ORIENTED_EDGE('',*,*,#6916,.T.);
#6957 = ORIENTED_EDGE('',*,*,#6892,.T.);
#6958 = ORIENTED_EDGE('',*,*,#6861,.T.);
#6959 = ORIENTED_EDGE('',*,*,#6829,.T.);
#6960 = ORIENTED_EDGE('',*,*,#6796,.T.);
#6961 = ORIENTED_EDGE('',*,*,#6763,.T.);
#6962 = ORIENTED_EDGE('',*,*,#6730,.T.);
#6963 = ORIENTED_EDGE('',*,*,#6697,.T.);
#6964 = B_SPLINE_SURFACE_WITH_KNOTS('',1,1,(
    (#6965,#6966)
    ,(#6967,#6968
    )),.UNSPECIFIED.,.F.,.F.,.F.,(2,2),(2,2),(-20.26740901661,
    22.232590983385),(-24.23822845062,28.761771549371),
  .PIECEWISE_BEZIER_KNOTS.);
#6965 = CARTESIAN_POINT('',(68.469623377657,45.439127319054,26.));
#6966 = CARTESIAN_POINT('',(68.469623377657,52.191257265706,26.));
#6967 = CARTESIAN_POINT('',(63.055179552512,45.439127319054,26.));
#6968 = CARTESIAN_POINT('',(63.055179552512,52.191257265706,26.));
#6969 = ADVANCED_FACE('',(#6970,#6994),#7005,.F.);
#6970 = FACE_BOUND('',#6971,.F.);
#6971 = EDGE_LOOP('',(#6972,#6973,#6974,#6975,#6976,#6977,#6978,#6979,
    #6980,#6981,#6982,#6983,#6984,#6985,#6986,#6987,#6988,#6989,#6990,
    #6991,#6992,#6993));
#6972 = ORIENTED_EDGE('',*,*,#5931,.T.);
#6973 = ORIENTED_EDGE('',*,*,#5994,.T.);
#6974 = ORIENTED_EDGE('',*,*,#6060,.T.);
#6975 = ORIENTED_EDGE('',*,*,#6123,.T.);
#6976 = ORIENTED_EDGE('',*,*,#6189,.T.);
#6977 = ORIENTED_EDGE('',*,*,#6255,.T.);
#6978 = ORIENTED_EDGE('',*,*,#6321,.T.);
#6979 = ORIENTED_EDGE('',*,*,#6387,.T.);
#6980 = ORIENTED_EDGE('',*,*,#6453,.T.);
#6981 = ORIENTED_EDGE('',*,*,#6519,.T.);
#6982 = ORIENTED_EDGE('',*,*,#6582,.T.);
#6983 = ORIENTED_EDGE('',*,*,#6615,.T.);
#6984 = ORIENTED_EDGE('',*,*,#6558,.T.);
#6985 = ORIENTED_EDGE('',*,*,#6495,.T.);
#6986 = ORIENTED_EDGE('',*,*,#6429,.T.);
#6987 = ORIENTED_EDGE('',*,*,#6363,.T.);
#6988 = ORIENTED_EDGE('',*,*,#6297,.T.);
#6989 = ORIENTED_EDGE('',*,*,#6231,.T.);
#6990 = ORIENTED_EDGE('',*,*,#6165,.T.);
#6991 = ORIENTED_EDGE('',*,*,#6099,.T.);
#6992 = ORIENTED_EDGE('',*,*,#6036,.T.);
#6993 = ORIENTED_EDGE('',*,*,#5970,.T.);
#6994 = FACE_BOUND('',#6995,.F.);
#6995 = EDGE_LOOP('',(#6996,#6997,#6998,#6999,#7000,#7001,#7002,#7003,
    #7004));
#6996 = ORIENTED_EDGE('',*,*,#6648,.T.);
#6997 = ORIENTED_EDGE('',*,*,#6909,.T.);
#6998 = ORIENTED_EDGE('',*,*,#6885,.T.);
#6999 = ORIENTED_EDGE('',*,*,#6855,.T.);
#7000 = ORIENTED_EDGE('',*,*,#6822,.T.);
#7001 = ORIENTED_EDGE('',*,*,#6789,.T.);
#7002 = ORIENTED_EDGE('',*,*,#6756,.T.);
#7003 = ORIENTED_EDGE('',*,*,#6723,.T.);
#7004 = ORIENTED_EDGE('',*,*,#6690,.T.);
#7005 = B_SPLINE_SURFACE_WITH_KNOTS('',1,1,(
    (#7006,#7007)
    ,(#7008,#7009
    )),.UNSPECIFIED.,.F.,.F.,.F.,(2,2),(2,2),(-20.26740901661,
    22.232590983385),(-24.23822845062,28.761771549371),
  .PIECEWISE_BEZIER_KNOTS.);
#7006 = CARTESIAN_POINT('',(68.469623377657,45.439127319054,26.6));
#7007 = CARTESIAN_POINT('',(68.469623377657,52.191257265706,26.6));
#7008 = CARTESIAN_POINT('',(63.055179552512,45.439127319054,26.6));
#7009 = CARTESIAN_POINT('',(63.055179552512,52.191257265706,26.6));
#7010 = MANIFOLD_SOLID_BREP('',#7011);
#7011 = CLOSED_SHELL('',(#7012,#7051,#7084,#7114,#7147,#7177,#7210,#7240
    ,#7273,#7306,#7336,#7369,#7399,#7432,#7462,#7495,#7525,#7558,#7588,
    #7621,#7654,#7684,#7708,#7738));
#7012 = ADVANCED_FACE('',(#7013),#7045,.T.);
#7013 = FACE_BOUND('',#7014,.T.);
#7014 = EDGE_LOOP('',(#7015,#7025,#7032,#7040));
#7015 = ORIENTED_EDGE('',*,*,#7016,.T.);
#7016 = EDGE_CURVE('',#7017,#7019,#7021,.T.);
#7017 = VERTEX_POINT('',#7018);
#7018 = CARTESIAN_POINT('',(74.482840990525,54.458953738355,26.));
#7019 = VERTEX_POINT('',#7020);
#7020 = CARTESIAN_POINT('',(74.482840990525,54.458953738355,26.6));
#7021 = LINE('',#7022,#7023);
#7022 = CARTESIAN_POINT('',(74.482840990525,54.458953738355,26.));
#7023 = VECTOR('',#7024,1.);
#7024 = DIRECTION('',(0.,0.,1.));
#7025 = ORIENTED_EDGE('',*,*,#7026,.T.);
#7026 = EDGE_CURVE('',#7019,#7027,#7029,.T.);
#7027 = VERTEX_POINT('',#7028);
#7028 = CARTESIAN_POINT('',(75.132574249542,54.458953738355,26.6));
#7029 = B_SPLINE_CURVE_WITH_KNOTS('',1,(#7030,#7031),.UNSPECIFIED.,.F.,
  .F.,(2,2),(0.,5.1),.PIECEWISE_BEZIER_KNOTS.);
#7030 = CARTESIAN_POINT('',(74.482840990525,54.458953738355,26.6));
#7031 = CARTESIAN_POINT('',(75.132574249542,54.458953738355,26.6));
#7032 = ORIENTED_EDGE('',*,*,#7033,.F.);
#7033 = EDGE_CURVE('',#7034,#7027,#7036,.T.);
#7034 = VERTEX_POINT('',#7035);
#7035 = CARTESIAN_POINT('',(75.132574249542,54.458953738355,26.));
#7036 = LINE('',#7037,#7038);
#7037 = CARTESIAN_POINT('',(75.132574249542,54.458953738355,26.));
#7038 = VECTOR('',#7039,1.);
#7039 = DIRECTION('',(0.,0.,1.));
#7040 = ORIENTED_EDGE('',*,*,#7041,.F.);
#7041 = EDGE_CURVE('',#7017,#7034,#7042,.T.);
#7042 = B_SPLINE_CURVE_WITH_KNOTS('',1,(#7043,#7044),.UNSPECIFIED.,.F.,
  .F.,(2,2),(0.,5.1),.PIECEWISE_BEZIER_KNOTS.);
#7043 = CARTESIAN_POINT('',(74.482840990525,54.458953738355,26.));
#7044 = CARTESIAN_POINT('',(75.132574249542,54.458953738355,26.));
#7045 = SURFACE_OF_LINEAR_EXTRUSION('',#7046,#7049);
#7046 = B_SPLINE_CURVE_WITH_KNOTS('',1,(#7047,#7048),.UNSPECIFIED.,.F.,
  .F.,(2,2),(0.,5.1),.PIECEWISE_BEZIER_KNOTS.);
#7047 = CARTESIAN_POINT('',(74.482840990525,54.458953738355,26.));
#7048 = CARTESIAN_POINT('',(75.132574249542,54.458953738355,26.));
#7049 = VECTOR('',#7050,1.);
#7050 = DIRECTION('',(-0.,-0.,-1.));
#7051 = ADVANCED_FACE('',(#7052),#7077,.T.);
#7052 = FACE_BOUND('',#7053,.T.);
#7053 = EDGE_LOOP('',(#7054,#7055,#7063,#7071));
#7054 = ORIENTED_EDGE('',*,*,#7033,.T.);
#7055 = ORIENTED_EDGE('',*,*,#7056,.T.);
#7056 = EDGE_CURVE('',#7027,#7057,#7059,.T.);
#7057 = VERTEX_POINT('',#7058);
#7058 = CARTESIAN_POINT('',(75.259972927781,54.331555060116,26.6));
#7059 = B_SPLINE_CURVE_WITH_KNOTS('',2,(#7060,#7061,#7062),
  .UNSPECIFIED.,.F.,.F.,(3,3),(0.,1.),.PIECEWISE_BEZIER_KNOTS.);
#7060 = CARTESIAN_POINT('',(75.132574249542,54.458953738355,26.6));
#7061 = CARTESIAN_POINT('',(75.259972927781,54.458953738355,26.6));
#7062 = CARTESIAN_POINT('',(75.259972927781,54.331555060116,26.6));
#7063 = ORIENTED_EDGE('',*,*,#7064,.F.);
#7064 = EDGE_CURVE('',#7065,#7057,#7067,.T.);
#7065 = VERTEX_POINT('',#7066);
#7066 = CARTESIAN_POINT('',(75.259972927781,54.331555060116,26.));
#7067 = LINE('',#7068,#7069);
#7068 = CARTESIAN_POINT('',(75.259972927781,54.331555060116,26.));
#7069 = VECTOR('',#7070,1.);
#7070 = DIRECTION('',(0.,0.,1.));
#7071 = ORIENTED_EDGE('',*,*,#7072,.F.);
#7072 = EDGE_CURVE('',#7034,#7065,#7073,.T.);
#7073 = B_SPLINE_CURVE_WITH_KNOTS('',2,(#7074,#7075,#7076),
  .UNSPECIFIED.,.F.,.F.,(3,3),(0.,1.),.PIECEWISE_BEZIER_KNOTS.);
#7074 = CARTESIAN_POINT('',(75.132574249542,54.458953738355,26.));
#7075 = CARTESIAN_POINT('',(75.259972927781,54.458953738355,26.));
#7076 = CARTESIAN_POINT('',(75.259972927781,54.331555060116,26.));
#7077 = SURFACE_OF_LINEAR_EXTRUSION('',#7078,#7082);
#7078 = B_SPLINE_CURVE_WITH_KNOTS('',2,(#7079,#7080,#7081),
  .UNSPECIFIED.,.F.,.F.,(3,3),(0.,1.),.PIECEWISE_BEZIER_KNOTS.);
#7079 = CARTESIAN_POINT('',(75.132574249542,54.458953738355,26.));
#7080 = CARTESIAN_POINT('',(75.259972927781,54.458953738355,26.));
#7081 = CARTESIAN_POINT('',(75.259972927781,54.331555060116,26.));
#7082 = VECTOR('',#7083,1.);
#7083 = DIRECTION('',(-0.,-0.,-1.));
#7084 = ADVANCED_FACE('',(#7085),#7108,.T.);
#7085 = FACE_BOUND('',#7086,.T.);
#7086 = EDGE_LOOP('',(#7087,#7088,#7095,#7103));
#7087 = ORIENTED_EDGE('',*,*,#7064,.T.);
#7088 = ORIENTED_EDGE('',*,*,#7089,.T.);
#7089 = EDGE_CURVE('',#7057,#7090,#7092,.T.);
#7090 = VERTEX_POINT('',#7091);
#7091 = CARTESIAN_POINT('',(75.259972927781,45.668444939884,26.6));
#7092 = B_SPLINE_CURVE_WITH_KNOTS('',1,(#7093,#7094),.UNSPECIFIED.,.F.,
  .F.,(2,2),(0.,68.),.PIECEWISE_BEZIER_KNOTS.);
#7093 = CARTESIAN_POINT('',(75.259972927781,54.331555060116,26.6));
#7094 = CARTESIAN_POINT('',(75.259972927781,45.668444939884,26.6));
#7095 = ORIENTED_EDGE('',*,*,#7096,.F.);
#7096 = EDGE_CURVE('',#7097,#7090,#7099,.T.);
#7097 = VERTEX_POINT('',#7098);
#7098 = CARTESIAN_POINT('',(75.259972927781,45.668444939884,26.));
#7099 = LINE('',#7100,#7101);
#7100 = CARTESIAN_POINT('',(75.259972927781,45.668444939884,26.));
#7101 = VECTOR('',#7102,1.);
#7102 = DIRECTION('',(0.,0.,1.));
#7103 = ORIENTED_EDGE('',*,*,#7104,.F.);
#7104 = EDGE_CURVE('',#7065,#7097,#7105,.T.);
#7105 = B_SPLINE_CURVE_WITH_KNOTS('',1,(#7106,#7107),.UNSPECIFIED.,.F.,
  .F.,(2,2),(0.,68.),.PIECEWISE_BEZIER_KNOTS.);
#7106 = CARTESIAN_POINT('',(75.259972927781,54.331555060116,26.));
#7107 = CARTESIAN_POINT('',(75.259972927781,45.668444939884,26.));
#7108 = SURFACE_OF_LINEAR_EXTRUSION('',#7109,#7112);
#7109 = B_SPLINE_CURVE_WITH_KNOTS('',1,(#7110,#7111),.UNSPECIFIED.,.F.,
  .F.,(2,2),(0.,68.),.PIECEWISE_BEZIER_KNOTS.);
#7110 = CARTESIAN_POINT('',(75.259972927781,54.331555060116,26.));
#7111 = CARTESIAN_POINT('',(75.259972927781,45.668444939884,26.));
#7112 = VECTOR('',#7113,1.);
#7113 = DIRECTION('',(-0.,-0.,-1.));
#7114 = ADVANCED_FACE('',(#7115),#7140,.T.);
#7115 = FACE_BOUND('',#7116,.T.);
#7116 = EDGE_LOOP('',(#7117,#7118,#7126,#7134));
#7117 = ORIENTED_EDGE('',*,*,#7096,.T.);
#7118 = ORIENTED_EDGE('',*,*,#7119,.T.);
#7119 = EDGE_CURVE('',#7090,#7120,#7122,.T.);
#7120 = VERTEX_POINT('',#7121);
#7121 = CARTESIAN_POINT('',(75.132574249542,45.541046261645,26.6));
#7122 = B_SPLINE_CURVE_WITH_KNOTS('',2,(#7123,#7124,#7125),
  .UNSPECIFIED.,.F.,.F.,(3,3),(0.,1.),.PIECEWISE_BEZIER_KNOTS.);
#7123 = CARTESIAN_POINT('',(75.259972927781,45.668444939884,26.6));
#7124 = CARTESIAN_POINT('',(75.259972927781,45.541046261645,26.6));
#7125 = CARTESIAN_POINT('',(75.132574249542,45.541046261645,26.6));
#7126 = ORIENTED_EDGE('',*,*,#7127,.F.);
#7127 = EDGE_CURVE('',#7128,#7120,#7130,.T.);
#7128 = VERTEX_POINT('',#7129);
#7129 = CARTESIAN_POINT('',(75.132574249542,45.541046261645,26.));
#7130 = LINE('',#7131,#7132);
#7131 = CARTESIAN_POINT('',(75.132574249542,45.541046261645,26.));
#7132 = VECTOR('',#7133,1.);
#7133 = DIRECTION('',(0.,0.,1.));
#7134 = ORIENTED_EDGE('',*,*,#7135,.F.);
#7135 = EDGE_CURVE('',#7097,#7128,#7136,.T.);
#7136 = B_SPLINE_CURVE_WITH_KNOTS('',2,(#7137,#7138,#7139),
  .UNSPECIFIED.,.F.,.F.,(3,3),(0.,1.),.PIECEWISE_BEZIER_KNOTS.);
#7137 = CARTESIAN_POINT('',(75.259972927781,45.668444939884,26.));
#7138 = CARTESIAN_POINT('',(75.259972927781,45.541046261645,26.));
#7139 = CARTESIAN_POINT('',(75.132574249542,45.541046261645,26.));
#7140 = SURFACE_OF_LINEAR_EXTRUSION('',#7141,#7145);
#7141 = B_SPLINE_CURVE_WITH_KNOTS('',2,(#7142,#7143,#7144),
  .UNSPECIFIED.,.F.,.F.,(3,3),(0.,1.),.PIECEWISE_BEZIER_KNOTS.);
#7142 = CARTESIAN_POINT('',(75.259972927781,45.668444939884,26.));
#7143 = CARTESIAN_POINT('',(75.259972927781,45.541046261645,26.));
#7144 = CARTESIAN_POINT('',(75.132574249542,45.541046261645,26.));
#7145 = VECTOR('',#7146,1.);
#7146 = DIRECTION('',(-0.,-0.,-1.));
#7147 = ADVANCED_FACE('',(#7148),#7171,.T.);
#7148 = FACE_BOUND('',#7149,.T.);
#7149 = EDGE_LOOP('',(#7150,#7151,#7158,#7166));
#7150 = ORIENTED_EDGE('',*,*,#7127,.T.);
#7151 = ORIENTED_EDGE('',*,*,#7152,.T.);
#7152 = EDGE_CURVE('',#7120,#7153,#7155,.T.);
#7153 = VERTEX_POINT('',#7154);
#7154 = CARTESIAN_POINT('',(74.444621387053,45.541046261645,26.6));
#7155 = B_SPLINE_CURVE_WITH_KNOTS('',1,(#7156,#7157),.UNSPECIFIED.,.F.,
  .F.,(2,2),(0.,5.4),.PIECEWISE_BEZIER_KNOTS.);
#7156 = CARTESIAN_POINT('',(75.132574249542,45.541046261645,26.6));
#7157 = CARTESIAN_POINT('',(74.444621387053,45.541046261645,26.6));
#7158 = ORIENTED_EDGE('',*,*,#7159,.F.);
#7159 = EDGE_CURVE('',#7160,#7153,#7162,.T.);
#7160 = VERTEX_POINT('',#7161);
#7161 = CARTESIAN_POINT('',(74.444621387053,45.541046261645,26.));
#7162 = LINE('',#7163,#7164);
#7163 = CARTESIAN_POINT('',(74.444621387053,45.541046261645,26.));
#7164 = VECTOR('',#7165,1.);
#7165 = DIRECTION('',(0.,0.,1.));
#7166 = ORIENTED_EDGE('',*,*,#7167,.F.);
#7167 = EDGE_CURVE('',#7128,#7160,#7168,.T.);
#7168 = B_SPLINE_CURVE_WITH_KNOTS('',1,(#7169,#7170),.UNSPECIFIED.,.F.,
  .F.,(2,2),(0.,5.4),.PIECEWISE_BEZIER_KNOTS.);
#7169 = CARTESIAN_POINT('',(75.132574249542,45.541046261645,26.));
#7170 = CARTESIAN_POINT('',(74.444621387053,45.541046261645,26.));
#7171 = SURFACE_OF_LINEAR_EXTRUSION('',#7172,#7175);
#7172 = B_SPLINE_CURVE_WITH_KNOTS('',1,(#7173,#7174),.UNSPECIFIED.,.F.,
  .F.,(2,2),(0.,5.4),.PIECEWISE_BEZIER_KNOTS.);
#7173 = CARTESIAN_POINT('',(75.132574249542,45.541046261645,26.));
#7174 = CARTESIAN_POINT('',(74.444621387053,45.541046261645,26.));
#7175 = VECTOR('',#7176,1.);
#7176 = DIRECTION('',(-0.,-0.,-1.));
#7177 = ADVANCED_FACE('',(#7178),#7203,.T.);
#7178 = FACE_BOUND('',#7179,.T.);
#7179 = EDGE_LOOP('',(#7180,#7181,#7189,#7197));
#7180 = ORIENTED_EDGE('',*,*,#7159,.T.);
#7181 = ORIENTED_EDGE('',*,*,#7182,.T.);
#7182 = EDGE_CURVE('',#7153,#7183,#7185,.T.);
#7183 = VERTEX_POINT('',#7184);
#7184 = CARTESIAN_POINT('',(74.291742973167,45.630225336412,26.6));
#7185 = B_SPLINE_CURVE_WITH_KNOTS('',2,(#7186,#7187,#7188),
  .UNSPECIFIED.,.F.,.F.,(3,3),(0.,1.),.PIECEWISE_BEZIER_KNOTS.);
#7186 = CARTESIAN_POINT('',(74.444621387053,45.541046261645,26.6));
#7187 = CARTESIAN_POINT('',(74.329962576638,45.541046261645,26.6));
#7188 = CARTESIAN_POINT('',(74.291742973167,45.630225336412,26.6));
#7189 = ORIENTED_EDGE('',*,*,#7190,.F.);
#7190 = EDGE_CURVE('',#7191,#7183,#7193,.T.);
#7191 = VERTEX_POINT('',#7192);
#7192 = CARTESIAN_POINT('',(74.291742973167,45.630225336412,26.));
#7193 = LINE('',#7194,#7195);
#7194 = CARTESIAN_POINT('',(74.291742973167,45.630225336412,26.));
#7195 = VECTOR('',#7196,1.);
#7196 = DIRECTION('',(0.,0.,1.));
#7197 = ORIENTED_EDGE('',*,*,#7198,.F.);
#7198 = EDGE_CURVE('',#7160,#7191,#7199,.T.);
#7199 = B_SPLINE_CURVE_WITH_KNOTS('',2,(#7200,#7201,#7202),
  .UNSPECIFIED.,.F.,.F.,(3,3),(0.,1.),.PIECEWISE_BEZIER_KNOTS.);
#7200 = CARTESIAN_POINT('',(74.444621387053,45.541046261645,26.));
#7201 = CARTESIAN_POINT('',(74.329962576638,45.541046261645,26.));
#7202 = CARTESIAN_POINT('',(74.291742973167,45.630225336412,26.));
#7203 = SURFACE_OF_LINEAR_EXTRUSION('',#7204,#7208);
#7204 = B_SPLINE_CURVE_WITH_KNOTS('',2,(#7205,#7206,#7207),
  .UNSPECIFIED.,.F.,.F.,(3,3),(0.,1.),.PIECEWISE_BEZIER_KNOTS.);
#7205 = CARTESIAN_POINT('',(74.444621387053,45.541046261645,26.));
#7206 = CARTESIAN_POINT('',(74.329962576638,45.541046261645,26.));
#7207 = CARTESIAN_POINT('',(74.291742973167,45.630225336412,26.));
#7208 = VECTOR('',#7209,1.);
#7209 = DIRECTION('',(-0.,-0.,-1.));
#7210 = ADVANCED_FACE('',(#7211),#7234,.T.);
#7211 = FACE_BOUND('',#7212,.T.);
#7212 = EDGE_LOOP('',(#7213,#7214,#7221,#7229));
#7213 = ORIENTED_EDGE('',*,*,#7190,.T.);
#7214 = ORIENTED_EDGE('',*,*,#7215,.T.);
#7215 = EDGE_CURVE('',#7183,#7216,#7218,.T.);
#7216 = VERTEX_POINT('',#7217);
#7217 = CARTESIAN_POINT('',(70.877458396369,52.446054622183,26.6));
#7218 = B_SPLINE_CURVE_WITH_KNOTS('',1,(#7219,#7220),.UNSPECIFIED.,.F.,
  .F.,(2,2),(0.,59.83719578991),.PIECEWISE_BEZIER_KNOTS.);
#7219 = CARTESIAN_POINT('',(74.291742973167,45.630225336412,26.6));
#7220 = CARTESIAN_POINT('',(70.877458396369,52.446054622183,26.6));
#7221 = ORIENTED_EDGE('',*,*,#7222,.F.);
#7222 = EDGE_CURVE('',#7223,#7216,#7225,.T.);
#7223 = VERTEX_POINT('',#7224);
#7224 = CARTESIAN_POINT('',(70.877458396369,52.446054622183,26.));
#7225 = LINE('',#7226,#7227);
#7226 = CARTESIAN_POINT('',(70.877458396369,52.446054622183,26.));
#7227 = VECTOR('',#7228,1.);
#7228 = DIRECTION('',(0.,0.,1.));
#7229 = ORIENTED_EDGE('',*,*,#7230,.F.);
#7230 = EDGE_CURVE('',#7191,#7223,#7231,.T.);
#7231 = B_SPLINE_CURVE_WITH_KNOTS('',1,(#7232,#7233),.UNSPECIFIED.,.F.,
  .F.,(2,2),(0.,59.83719578991),.PIECEWISE_BEZIER_KNOTS.);
#7232 = CARTESIAN_POINT('',(74.291742973167,45.630225336412,26.));
#7233 = CARTESIAN_POINT('',(70.877458396369,52.446054622183,26.));
#7234 = SURFACE_OF_LINEAR_EXTRUSION('',#7235,#7238);
#7235 = B_SPLINE_CURVE_WITH_KNOTS('',1,(#7236,#7237),.UNSPECIFIED.,.F.,
  .F.,(2,2),(0.,59.83719578991),.PIECEWISE_BEZIER_KNOTS.);
#7236 = CARTESIAN_POINT('',(74.291742973167,45.630225336412,26.));
#7237 = CARTESIAN_POINT('',(70.877458396369,52.446054622183,26.));
#7238 = VECTOR('',#7239,1.);
#7239 = DIRECTION('',(-0.,-0.,-1.));
#7240 = ADVANCED_FACE('',(#7241),#7266,.T.);
#7241 = FACE_BOUND('',#7242,.T.);
#7242 = EDGE_LOOP('',(#7243,#7244,#7252,#7260));
#7243 = ORIENTED_EDGE('',*,*,#7222,.T.);
#7244 = ORIENTED_EDGE('',*,*,#7245,.T.);
#7245 = EDGE_CURVE('',#7216,#7246,#7248,.T.);
#7246 = VERTEX_POINT('',#7247);
#7247 = CARTESIAN_POINT('',(70.832868858986,52.471534357831,26.6));
#7248 = B_SPLINE_CURVE_WITH_KNOTS('',2,(#7249,#7250,#7251),
  .UNSPECIFIED.,.F.,.F.,(3,3),(0.,1.),.PIECEWISE_BEZIER_KNOTS.);
#7249 = CARTESIAN_POINT('',(70.877458396369,52.446054622183,26.6));
#7250 = CARTESIAN_POINT('',(70.851978660721,52.471534357831,26.6));
#7251 = CARTESIAN_POINT('',(70.832868858986,52.471534357831,26.6));
#7252 = ORIENTED_EDGE('',*,*,#7253,.F.);
#7253 = EDGE_CURVE('',#7254,#7246,#7256,.T.);
#7254 = VERTEX_POINT('',#7255);
#7255 = CARTESIAN_POINT('',(70.832868858986,52.471534357831,26.));
#7256 = LINE('',#7257,#7258);
#7257 = CARTESIAN_POINT('',(70.832868858986,52.471534357831,26.));
#7258 = VECTOR('',#7259,1.);
#7259 = DIRECTION('',(0.,0.,1.));
#7260 = ORIENTED_EDGE('',*,*,#7261,.F.);
#7261 = EDGE_CURVE('',#7223,#7254,#7262,.T.);
#7262 = B_SPLINE_CURVE_WITH_KNOTS('',2,(#7263,#7264,#7265),
  .UNSPECIFIED.,.F.,.F.,(3,3),(0.,1.),.PIECEWISE_BEZIER_KNOTS.);
#7263 = CARTESIAN_POINT('',(70.877458396369,52.446054622183,26.));
#7264 = CARTESIAN_POINT('',(70.851978660721,52.471534357831,26.));
#7265 = CARTESIAN_POINT('',(70.832868858986,52.471534357831,26.));
#7266 = SURFACE_OF_LINEAR_EXTRUSION('',#7267,#7271);
#7267 = B_SPLINE_CURVE_WITH_KNOTS('',2,(#7268,#7269,#7270),
  .UNSPECIFIED.,.F.,.F.,(3,3),(0.,1.),.PIECEWISE_BEZIER_KNOTS.);
#7268 = CARTESIAN_POINT('',(70.877458396369,52.446054622183,26.));
#7269 = CARTESIAN_POINT('',(70.851978660721,52.471534357831,26.));
#7270 = CARTESIAN_POINT('',(70.832868858986,52.471534357831,26.));
#7271 = VECTOR('',#7272,1.);
#7272 = DIRECTION('',(-0.,-0.,-1.));
#7273 = ADVANCED_FACE('',(#7274),#7299,.T.);
#7274 = FACE_BOUND('',#7275,.T.);
#7275 = EDGE_LOOP('',(#7276,#7277,#7285,#7293));
#7276 = ORIENTED_EDGE('',*,*,#7253,.T.);
#7277 = ORIENTED_EDGE('',*,*,#7278,.T.);
#7278 = EDGE_CURVE('',#7246,#7279,#7281,.T.);
#7279 = VERTEX_POINT('',#7280);
#7280 = CARTESIAN_POINT('',(70.81375905725,52.433314754359,26.6));
#7281 = B_SPLINE_CURVE_WITH_KNOTS('',2,(#7282,#7283,#7284),
  .UNSPECIFIED.,.F.,.F.,(3,3),(0.,1.),.PIECEWISE_BEZIER_KNOTS.);
#7282 = CARTESIAN_POINT('',(70.832868858986,52.471534357831,26.6));
#7283 = CARTESIAN_POINT('',(70.81375905725,52.471534357831,26.6));
#7284 = CARTESIAN_POINT('',(70.81375905725,52.433314754359,26.6));
#7285 = ORIENTED_EDGE('',*,*,#7286,.F.);
#7286 = EDGE_CURVE('',#7287,#7279,#7289,.T.);
#7287 = VERTEX_POINT('',#7288);
#7288 = CARTESIAN_POINT('',(70.81375905725,52.433314754359,26.));
#7289 = LINE('',#7290,#7291);
#7290 = CARTESIAN_POINT('',(70.81375905725,52.433314754359,26.));
#7291 = VECTOR('',#7292,1.);
#7292 = DIRECTION('',(0.,0.,1.));
#7293 = ORIENTED_EDGE('',*,*,#7294,.F.);
#7294 = EDGE_CURVE('',#7254,#7287,#7295,.T.);
#7295 = B_SPLINE_CURVE_WITH_KNOTS('',2,(#7296,#7297,#7298),
  .UNSPECIFIED.,.F.,.F.,(3,3),(0.,1.),.PIECEWISE_BEZIER_KNOTS.);
#7296 = CARTESIAN_POINT('',(70.832868858986,52.471534357831,26.));
#7297 = CARTESIAN_POINT('',(70.81375905725,52.471534357831,26.));
#7298 = CARTESIAN_POINT('',(70.81375905725,52.433314754359,26.));
#7299 = SURFACE_OF_LINEAR_EXTRUSION('',#7300,#7304);
#7300 = B_SPLINE_CURVE_WITH_KNOTS('',2,(#7301,#7302,#7303),
  .UNSPECIFIED.,.F.,.F.,(3,3),(0.,1.),.PIECEWISE_BEZIER_KNOTS.);
#7301 = CARTESIAN_POINT('',(70.832868858986,52.471534357831,26.));
#7302 = CARTESIAN_POINT('',(70.81375905725,52.471534357831,26.));
#7303 = CARTESIAN_POINT('',(70.81375905725,52.433314754359,26.));
#7304 = VECTOR('',#7305,1.);
#7305 = DIRECTION('',(-0.,-0.,-1.));
#7306 = ADVANCED_FACE('',(#7307),#7330,.T.);
#7307 = FACE_BOUND('',#7308,.T.);
#7308 = EDGE_LOOP('',(#7309,#7310,#7317,#7325));
#7309 = ORIENTED_EDGE('',*,*,#7286,.T.);
#7310 = ORIENTED_EDGE('',*,*,#7311,.T.);
#7311 = EDGE_CURVE('',#7279,#7312,#7314,.T.);
#7312 = VERTEX_POINT('',#7313);
#7313 = CARTESIAN_POINT('',(70.826498925074,45.668444939884,26.6));
#7314 = B_SPLINE_CURVE_WITH_KNOTS('',1,(#7315,#7316),.UNSPECIFIED.,.F.,
  .F.,(2,2),(0.,53.100094161875),.PIECEWISE_BEZIER_KNOTS.);
#7315 = CARTESIAN_POINT('',(70.81375905725,52.433314754359,26.6));
#7316 = CARTESIAN_POINT('',(70.826498925074,45.668444939884,26.6));
#7317 = ORIENTED_EDGE('',*,*,#7318,.F.);
#7318 = EDGE_CURVE('',#7319,#7312,#7321,.T.);
#7319 = VERTEX_POINT('',#7320);
#7320 = CARTESIAN_POINT('',(70.826498925074,45.668444939884,26.));
#7321 = LINE('',#7322,#7323);
#7322 = CARTESIAN_POINT('',(70.826498925074,45.668444939884,26.));
#7323 = VECTOR('',#7324,1.);
#7324 = DIRECTION('',(0.,0.,1.));
#7325 = ORIENTED_EDGE('',*,*,#7326,.F.);
#7326 = EDGE_CURVE('',#7287,#7319,#7327,.T.);
#7327 = B_SPLINE_CURVE_WITH_KNOTS('',1,(#7328,#7329),.UNSPECIFIED.,.F.,
  .F.,(2,2),(0.,53.100094161875),.PIECEWISE_BEZIER_KNOTS.);
#7328 = CARTESIAN_POINT('',(70.81375905725,52.433314754359,26.));
#7329 = CARTESIAN_POINT('',(70.826498925074,45.668444939884,26.));
#7330 = SURFACE_OF_LINEAR_EXTRUSION('',#7331,#7334);
#7331 = B_SPLINE_CURVE_WITH_KNOTS('',1,(#7332,#7333),.UNSPECIFIED.,.F.,
  .F.,(2,2),(0.,53.100094161875),.PIECEWISE_BEZIER_KNOTS.);
#7332 = CARTESIAN_POINT('',(70.81375905725,52.433314754359,26.));
#7333 = CARTESIAN_POINT('',(70.826498925074,45.668444939884,26.));
#7334 = VECTOR('',#7335,1.);
#7335 = DIRECTION('',(-0.,-0.,-1.));
#7336 = ADVANCED_FACE('',(#7337),#7362,.T.);
#7337 = FACE_BOUND('',#7338,.T.);
#7338 = EDGE_LOOP('',(#7339,#7340,#7348,#7356));
#7339 = ORIENTED_EDGE('',*,*,#7318,.T.);
#7340 = ORIENTED_EDGE('',*,*,#7341,.T.);
#7341 = EDGE_CURVE('',#7312,#7342,#7344,.T.);
#7342 = VERTEX_POINT('',#7343);
#7343 = CARTESIAN_POINT('',(70.699100246835,45.541046261645,26.6));
#7344 = B_SPLINE_CURVE_WITH_KNOTS('',2,(#7345,#7346,#7347),
  .UNSPECIFIED.,.F.,.F.,(3,3),(0.,1.),.PIECEWISE_BEZIER_KNOTS.);
#7345 = CARTESIAN_POINT('',(70.826498925074,45.668444939884,26.6));
#7346 = CARTESIAN_POINT('',(70.826498925074,45.541046261645,26.6));
#7347 = CARTESIAN_POINT('',(70.699100246835,45.541046261645,26.6));
#7348 = ORIENTED_EDGE('',*,*,#7349,.F.);
#7349 = EDGE_CURVE('',#7350,#7342,#7352,.T.);
#7350 = VERTEX_POINT('',#7351);
#7351 = CARTESIAN_POINT('',(70.699100246835,45.541046261645,26.));
#7352 = LINE('',#7353,#7354);
#7353 = CARTESIAN_POINT('',(70.699100246835,45.541046261645,26.));
#7354 = VECTOR('',#7355,1.);
#7355 = DIRECTION('',(0.,0.,1.));
#7356 = ORIENTED_EDGE('',*,*,#7357,.F.);
#7357 = EDGE_CURVE('',#7319,#7350,#7358,.T.);
#7358 = B_SPLINE_CURVE_WITH_KNOTS('',2,(#7359,#7360,#7361),
  .UNSPECIFIED.,.F.,.F.,(3,3),(0.,1.),.PIECEWISE_BEZIER_KNOTS.);
#7359 = CARTESIAN_POINT('',(70.826498925074,45.668444939884,26.));
#7360 = CARTESIAN_POINT('',(70.826498925074,45.541046261645,26.));
#7361 = CARTESIAN_POINT('',(70.699100246835,45.541046261645,26.));
#7362 = SURFACE_OF_LINEAR_EXTRUSION('',#7363,#7367);
#7363 = B_SPLINE_CURVE_WITH_KNOTS('',2,(#7364,#7365,#7366),
  .UNSPECIFIED.,.F.,.F.,(3,3),(0.,1.),.PIECEWISE_BEZIER_KNOTS.);
#7364 = CARTESIAN_POINT('',(70.826498925074,45.668444939884,26.));
#7365 = CARTESIAN_POINT('',(70.826498925074,45.541046261645,26.));
#7366 = CARTESIAN_POINT('',(70.699100246835,45.541046261645,26.));
#7367 = VECTOR('',#7368,1.);
#7368 = DIRECTION('',(-0.,-0.,-1.));
#7369 = ADVANCED_FACE('',(#7370),#7393,.T.);
#7370 = FACE_BOUND('',#7371,.T.);
#7371 = EDGE_LOOP('',(#7372,#7373,#7380,#7388));
#7372 = ORIENTED_EDGE('',*,*,#7349,.T.);
#7373 = ORIENTED_EDGE('',*,*,#7374,.T.);
#7374 = EDGE_CURVE('',#7342,#7375,#7377,.T.);
#7375 = VERTEX_POINT('',#7376);
#7376 = CARTESIAN_POINT('',(70.049366987818,45.541046261645,26.6));
#7377 = B_SPLINE_CURVE_WITH_KNOTS('',1,(#7378,#7379),.UNSPECIFIED.,.F.,
  .F.,(2,2),(0.,5.1),.PIECEWISE_BEZIER_KNOTS.);
#7378 = CARTESIAN_POINT('',(70.699100246835,45.541046261645,26.6));
#7379 = CARTESIAN_POINT('',(70.049366987818,45.541046261645,26.6));
#7380 = ORIENTED_EDGE('',*,*,#7381,.F.);
#7381 = EDGE_CURVE('',#7382,#7375,#7384,.T.);
#7382 = VERTEX_POINT('',#7383);
#7383 = CARTESIAN_POINT('',(70.049366987818,45.541046261645,26.));
#7384 = LINE('',#7385,#7386);
#7385 = CARTESIAN_POINT('',(70.049366987818,45.541046261645,26.));
#7386 = VECTOR('',#7387,1.);
#7387 = DIRECTION('',(0.,0.,1.));
#7388 = ORIENTED_EDGE('',*,*,#7389,.F.);
#7389 = EDGE_CURVE('',#7350,#7382,#7390,.T.);
#7390 = B_SPLINE_CURVE_WITH_KNOTS('',1,(#7391,#7392),.UNSPECIFIED.,.F.,
  .F.,(2,2),(0.,5.1),.PIECEWISE_BEZIER_KNOTS.);
#7391 = CARTESIAN_POINT('',(70.699100246835,45.541046261645,26.));
#7392 = CARTESIAN_POINT('',(70.049366987818,45.541046261645,26.));
#7393 = SURFACE_OF_LINEAR_EXTRUSION('',#7394,#7397);
#7394 = B_SPLINE_CURVE_WITH_KNOTS('',1,(#7395,#7396),.UNSPECIFIED.,.F.,
  .F.,(2,2),(0.,5.1),.PIECEWISE_BEZIER_KNOTS.);
#7395 = CARTESIAN_POINT('',(70.699100246835,45.541046261645,26.));
#7396 = CARTESIAN_POINT('',(70.049366987818,45.541046261645,26.));
#7397 = VECTOR('',#7398,1.);
#7398 = DIRECTION('',(-0.,-0.,-1.));
#7399 = ADVANCED_FACE('',(#7400),#7425,.T.);
#7400 = FACE_BOUND('',#7401,.T.);
#7401 = EDGE_LOOP('',(#7402,#7403,#7411,#7419));
#7402 = ORIENTED_EDGE('',*,*,#7381,.T.);
#7403 = ORIENTED_EDGE('',*,*,#7404,.T.);
#7404 = EDGE_CURVE('',#7375,#7405,#7407,.T.);
#7405 = VERTEX_POINT('',#7406);
#7406 = CARTESIAN_POINT('',(69.921968309579,45.668444939884,26.6));
#7407 = B_SPLINE_CURVE_WITH_KNOTS('',2,(#7408,#7409,#7410),
  .UNSPECIFIED.,.F.,.F.,(3,3),(0.,1.),.PIECEWISE_BEZIER_KNOTS.);
#7408 = CARTESIAN_POINT('',(70.049366987818,45.541046261645,26.6));
#7409 = CARTESIAN_POINT('',(69.921968309579,45.541046261645,26.6));
#7410 = CARTESIAN_POINT('',(69.921968309579,45.668444939884,26.6));
#7411 = ORIENTED_EDGE('',*,*,#7412,.F.);
#7412 = EDGE_CURVE('',#7413,#7405,#7415,.T.);
#7413 = VERTEX_POINT('',#7414);
#7414 = CARTESIAN_POINT('',(69.921968309579,45.668444939884,26.));
#7415 = LINE('',#7416,#7417);
#7416 = CARTESIAN_POINT('',(69.921968309579,45.668444939884,26.));
#7417 = VECTOR('',#7418,1.);
#7418 = DIRECTION('',(0.,0.,1.));
#7419 = ORIENTED_EDGE('',*,*,#7420,.F.);
#7420 = EDGE_CURVE('',#7382,#7413,#7421,.T.);
#7421 = B_SPLINE_CURVE_WITH_KNOTS('',2,(#7422,#7423,#7424),
  .UNSPECIFIED.,.F.,.F.,(3,3),(0.,1.),.PIECEWISE_BEZIER_KNOTS.);
#7422 = CARTESIAN_POINT('',(70.049366987818,45.541046261645,26.));
#7423 = CARTESIAN_POINT('',(69.921968309579,45.541046261645,26.));
#7424 = CARTESIAN_POINT('',(69.921968309579,45.668444939884,26.));
#7425 = SURFACE_OF_LINEAR_EXTRUSION('',#7426,#7430);
#7426 = B_SPLINE_CURVE_WITH_KNOTS('',2,(#7427,#7428,#7429),
  .UNSPECIFIED.,.F.,.F.,(3,3),(0.,1.),.PIECEWISE_BEZIER_KNOTS.);
#7427 = CARTESIAN_POINT('',(70.049366987818,45.541046261645,26.));
#7428 = CARTESIAN_POINT('',(69.921968309579,45.541046261645,26.));
#7429 = CARTESIAN_POINT('',(69.921968309579,45.668444939884,26.));
#7430 = VECTOR('',#7431,1.);
#7431 = DIRECTION('',(-0.,-0.,-1.));
#7432 = ADVANCED_FACE('',(#7433),#7456,.T.);
#7433 = FACE_BOUND('',#7434,.T.);
#7434 = EDGE_LOOP('',(#7435,#7436,#7443,#7451));
#7435 = ORIENTED_EDGE('',*,*,#7412,.T.);
#7436 = ORIENTED_EDGE('',*,*,#7437,.T.);
#7437 = EDGE_CURVE('',#7405,#7438,#7440,.T.);
#7438 = VERTEX_POINT('',#7439);
#7439 = CARTESIAN_POINT('',(69.921968309579,54.331555060116,26.6));
#7440 = B_SPLINE_CURVE_WITH_KNOTS('',1,(#7441,#7442),.UNSPECIFIED.,.F.,
  .F.,(2,2),(0.,68.),.PIECEWISE_BEZIER_KNOTS.);
#7441 = CARTESIAN_POINT('',(69.921968309579,45.668444939884,26.6));
#7442 = CARTESIAN_POINT('',(69.921968309579,54.331555060116,26.6));
#7443 = ORIENTED_EDGE('',*,*,#7444,.F.);
#7444 = EDGE_CURVE('',#7445,#7438,#7447,.T.);
#7445 = VERTEX_POINT('',#7446);
#7446 = CARTESIAN_POINT('',(69.921968309579,54.331555060116,26.));
#7447 = LINE('',#7448,#7449);
#7448 = CARTESIAN_POINT('',(69.921968309579,54.331555060116,26.));
#7449 = VECTOR('',#7450,1.);
#7450 = DIRECTION('',(0.,0.,1.));
#7451 = ORIENTED_EDGE('',*,*,#7452,.F.);
#7452 = EDGE_CURVE('',#7413,#7445,#7453,.T.);
#7453 = B_SPLINE_CURVE_WITH_KNOTS('',1,(#7454,#7455),.UNSPECIFIED.,.F.,
  .F.,(2,2),(0.,68.),.PIECEWISE_BEZIER_KNOTS.);
#7454 = CARTESIAN_POINT('',(69.921968309579,45.668444939884,26.));
#7455 = CARTESIAN_POINT('',(69.921968309579,54.331555060116,26.));
#7456 = SURFACE_OF_LINEAR_EXTRUSION('',#7457,#7460);
#7457 = B_SPLINE_CURVE_WITH_KNOTS('',1,(#7458,#7459),.UNSPECIFIED.,.F.,
  .F.,(2,2),(0.,68.),.PIECEWISE_BEZIER_KNOTS.);
#7458 = CARTESIAN_POINT('',(69.921968309579,45.668444939884,26.));
#7459 = CARTESIAN_POINT('',(69.921968309579,54.331555060116,26.));
#7460 = VECTOR('',#7461,1.);
#7461 = DIRECTION('',(-0.,-0.,-1.));
#7462 = ADVANCED_FACE('',(#7463),#7488,.T.);
#7463 = FACE_BOUND('',#7464,.T.);
#7464 = EDGE_LOOP('',(#7465,#7466,#7474,#7482));
#7465 = ORIENTED_EDGE('',*,*,#7444,.T.);
#7466 = ORIENTED_EDGE('',*,*,#7467,.T.);
#7467 = EDGE_CURVE('',#7438,#7468,#7470,.T.);
#7468 = VERTEX_POINT('',#7469);
#7469 = CARTESIAN_POINT('',(70.049366987818,54.458953738355,26.6));
#7470 = B_SPLINE_CURVE_WITH_KNOTS('',2,(#7471,#7472,#7473),
  .UNSPECIFIED.,.F.,.F.,(3,3),(0.,1.),.PIECEWISE_BEZIER_KNOTS.);
#7471 = CARTESIAN_POINT('',(69.921968309579,54.331555060116,26.6));
#7472 = CARTESIAN_POINT('',(69.921968309579,54.458953738355,26.6));
#7473 = CARTESIAN_POINT('',(70.049366987818,54.458953738355,26.6));
#7474 = ORIENTED_EDGE('',*,*,#7475,.F.);
#7475 = EDGE_CURVE('',#7476,#7468,#7478,.T.);
#7476 = VERTEX_POINT('',#7477);
#7477 = CARTESIAN_POINT('',(70.049366987818,54.458953738355,26.));
#7478 = LINE('',#7479,#7480);
#7479 = CARTESIAN_POINT('',(70.049366987818,54.458953738355,26.));
#7480 = VECTOR('',#7481,1.);
#7481 = DIRECTION('',(0.,0.,1.));
#7482 = ORIENTED_EDGE('',*,*,#7483,.F.);
#7483 = EDGE_CURVE('',#7445,#7476,#7484,.T.);
#7484 = B_SPLINE_CURVE_WITH_KNOTS('',2,(#7485,#7486,#7487),
  .UNSPECIFIED.,.F.,.F.,(3,3),(0.,1.),.PIECEWISE_BEZIER_KNOTS.);
#7485 = CARTESIAN_POINT('',(69.921968309579,54.331555060116,26.));
#7486 = CARTESIAN_POINT('',(69.921968309579,54.458953738355,26.));
#7487 = CARTESIAN_POINT('',(70.049366987818,54.458953738355,26.));
#7488 = SURFACE_OF_LINEAR_EXTRUSION('',#7489,#7493);
#7489 = B_SPLINE_CURVE_WITH_KNOTS('',2,(#7490,#7491,#7492),
  .UNSPECIFIED.,.F.,.F.,(3,3),(0.,1.),.PIECEWISE_BEZIER_KNOTS.);
#7490 = CARTESIAN_POINT('',(69.921968309579,54.331555060116,26.));
#7491 = CARTESIAN_POINT('',(69.921968309579,54.458953738355,26.));
#7492 = CARTESIAN_POINT('',(70.049366987818,54.458953738355,26.));
#7493 = VECTOR('',#7494,1.);
#7494 = DIRECTION('',(-0.,-0.,-1.));
#7495 = ADVANCED_FACE('',(#7496),#7519,.T.);
#7496 = FACE_BOUND('',#7497,.T.);
#7497 = EDGE_LOOP('',(#7498,#7499,#7506,#7514));
#7498 = ORIENTED_EDGE('',*,*,#7475,.T.);
#7499 = ORIENTED_EDGE('',*,*,#7500,.T.);
#7500 = EDGE_CURVE('',#7468,#7501,#7503,.T.);
#7501 = VERTEX_POINT('',#7502);
#7502 = CARTESIAN_POINT('',(70.737319850307,54.458953738355,26.6));
#7503 = B_SPLINE_CURVE_WITH_KNOTS('',1,(#7504,#7505),.UNSPECIFIED.,.F.,
  .F.,(2,2),(0.,5.4),.PIECEWISE_BEZIER_KNOTS.);
#7504 = CARTESIAN_POINT('',(70.049366987818,54.458953738355,26.6));
#7505 = CARTESIAN_POINT('',(70.737319850307,54.458953738355,26.6));
#7506 = ORIENTED_EDGE('',*,*,#7507,.F.);
#7507 = EDGE_CURVE('',#7508,#7501,#7510,.T.);
#7508 = VERTEX_POINT('',#7509);
#7509 = CARTESIAN_POINT('',(70.737319850307,54.458953738355,26.));
#7510 = LINE('',#7511,#7512);
#7511 = CARTESIAN_POINT('',(70.737319850307,54.458953738355,26.));
#7512 = VECTOR('',#7513,1.);
#7513 = DIRECTION('',(0.,0.,1.));
#7514 = ORIENTED_EDGE('',*,*,#7515,.F.);
#7515 = EDGE_CURVE('',#7476,#7508,#7516,.T.);
#7516 = B_SPLINE_CURVE_WITH_KNOTS('',1,(#7517,#7518),.UNSPECIFIED.,.F.,
  .F.,(2,2),(0.,5.4),.PIECEWISE_BEZIER_KNOTS.);
#7517 = CARTESIAN_POINT('',(70.049366987818,54.458953738355,26.));
#7518 = CARTESIAN_POINT('',(70.737319850307,54.458953738355,26.));
#7519 = SURFACE_OF_LINEAR_EXTRUSION('',#7520,#7523);
#7520 = B_SPLINE_CURVE_WITH_KNOTS('',1,(#7521,#7522),.UNSPECIFIED.,.F.,
  .F.,(2,2),(0.,5.4),.PIECEWISE_BEZIER_KNOTS.);
#7521 = CARTESIAN_POINT('',(70.049366987818,54.458953738355,26.));
#7522 = CARTESIAN_POINT('',(70.737319850307,54.458953738355,26.));
#7523 = VECTOR('',#7524,1.);
#7524 = DIRECTION('',(-0.,-0.,-1.));
#7525 = ADVANCED_FACE('',(#7526),#7551,.T.);
#7526 = FACE_BOUND('',#7527,.T.);
#7527 = EDGE_LOOP('',(#7528,#7529,#7537,#7545));
#7528 = ORIENTED_EDGE('',*,*,#7507,.T.);
#7529 = ORIENTED_EDGE('',*,*,#7530,.T.);
#7530 = EDGE_CURVE('',#7501,#7531,#7533,.T.);
#7531 = VERTEX_POINT('',#7532);
#7532 = CARTESIAN_POINT('',(70.890198264193,54.369774663588,26.6));
#7533 = B_SPLINE_CURVE_WITH_KNOTS('',2,(#7534,#7535,#7536),
  .UNSPECIFIED.,.F.,.F.,(3,3),(0.,1.),.PIECEWISE_BEZIER_KNOTS.);
#7534 = CARTESIAN_POINT('',(70.737319850307,54.458953738355,26.6));
#7535 = CARTESIAN_POINT('',(70.851978660721,54.458953738355,26.6));
#7536 = CARTESIAN_POINT('',(70.890198264193,54.369774663588,26.6));
#7537 = ORIENTED_EDGE('',*,*,#7538,.F.);
#7538 = EDGE_CURVE('',#7539,#7531,#7541,.T.);
#7539 = VERTEX_POINT('',#7540);
#7540 = CARTESIAN_POINT('',(70.890198264193,54.369774663588,26.));
#7541 = LINE('',#7542,#7543);
#7542 = CARTESIAN_POINT('',(70.890198264193,54.369774663588,26.));
#7543 = VECTOR('',#7544,1.);
#7544 = DIRECTION('',(0.,0.,1.));
#7545 = ORIENTED_EDGE('',*,*,#7546,.F.);
#7546 = EDGE_CURVE('',#7508,#7539,#7547,.T.);
#7547 = B_SPLINE_CURVE_WITH_KNOTS('',2,(#7548,#7549,#7550),
  .UNSPECIFIED.,.F.,.F.,(3,3),(0.,1.),.PIECEWISE_BEZIER_KNOTS.);
#7548 = CARTESIAN_POINT('',(70.737319850307,54.458953738355,26.));
#7549 = CARTESIAN_POINT('',(70.851978660721,54.458953738355,26.));
#7550 = CARTESIAN_POINT('',(70.890198264193,54.369774663588,26.));
#7551 = SURFACE_OF_LINEAR_EXTRUSION('',#7552,#7556);
#7552 = B_SPLINE_CURVE_WITH_KNOTS('',2,(#7553,#7554,#7555),
  .UNSPECIFIED.,.F.,.F.,(3,3),(0.,1.),.PIECEWISE_BEZIER_KNOTS.);
#7553 = CARTESIAN_POINT('',(70.737319850307,54.458953738355,26.));
#7554 = CARTESIAN_POINT('',(70.851978660721,54.458953738355,26.));
#7555 = CARTESIAN_POINT('',(70.890198264193,54.369774663588,26.));
#7556 = VECTOR('',#7557,1.);
#7557 = DIRECTION('',(-0.,-0.,-1.));
#7558 = ADVANCED_FACE('',(#7559),#7582,.T.);
#7559 = FACE_BOUND('',#7560,.T.);
#7560 = EDGE_LOOP('',(#7561,#7562,#7569,#7577));
#7561 = ORIENTED_EDGE('',*,*,#7538,.T.);
#7562 = ORIENTED_EDGE('',*,*,#7563,.T.);
#7563 = EDGE_CURVE('',#7531,#7564,#7566,.T.);
#7564 = VERTEX_POINT('',#7565);
#7565 = CARTESIAN_POINT('',(74.304482840991,47.528465642169,26.6));
#7566 = B_SPLINE_CURVE_WITH_KNOTS('',1,(#7567,#7568),.UNSPECIFIED.,.F.,
  .F.,(2,2),(0.,60.016081178298),.PIECEWISE_BEZIER_KNOTS.);
#7567 = CARTESIAN_POINT('',(70.890198264193,54.369774663588,26.6));
#7568 = CARTESIAN_POINT('',(74.304482840991,47.528465642169,26.6));
#7569 = ORIENTED_EDGE('',*,*,#7570,.F.);
#7570 = EDGE_CURVE('',#7571,#7564,#7573,.T.);
#7571 = VERTEX_POINT('',#7572);
#7572 = CARTESIAN_POINT('',(74.304482840991,47.528465642169,26.));
#7573 = LINE('',#7574,#7575);
#7574 = CARTESIAN_POINT('',(74.304482840991,47.528465642169,26.));
#7575 = VECTOR('',#7576,1.);
#7576 = DIRECTION('',(0.,0.,1.));
#7577 = ORIENTED_EDGE('',*,*,#7578,.F.);
#7578 = EDGE_CURVE('',#7539,#7571,#7579,.T.);
#7579 = B_SPLINE_CURVE_WITH_KNOTS('',1,(#7580,#7581),.UNSPECIFIED.,.F.,
  .F.,(2,2),(0.,60.016081178298),.PIECEWISE_BEZIER_KNOTS.);
#7580 = CARTESIAN_POINT('',(70.890198264193,54.369774663588,26.));
#7581 = CARTESIAN_POINT('',(74.304482840991,47.528465642169,26.));
#7582 = SURFACE_OF_LINEAR_EXTRUSION('',#7583,#7586);
#7583 = B_SPLINE_CURVE_WITH_KNOTS('',1,(#7584,#7585),.UNSPECIFIED.,.F.,
  .F.,(2,2),(0.,60.016081178298),.PIECEWISE_BEZIER_KNOTS.);
#7584 = CARTESIAN_POINT('',(70.890198264193,54.369774663588,26.));
#7585 = CARTESIAN_POINT('',(74.304482840991,47.528465642169,26.));
#7586 = VECTOR('',#7587,1.);
#7587 = DIRECTION('',(-0.,-0.,-1.));
#7588 = ADVANCED_FACE('',(#7589),#7614,.T.);
#7589 = FACE_BOUND('',#7590,.T.);
#7590 = EDGE_LOOP('',(#7591,#7592,#7600,#7608));
#7591 = ORIENTED_EDGE('',*,*,#7570,.T.);
#7592 = ORIENTED_EDGE('',*,*,#7593,.T.);
#7593 = EDGE_CURVE('',#7564,#7594,#7596,.T.);
#7594 = VERTEX_POINT('',#7595);
#7595 = CARTESIAN_POINT('',(74.349072378374,47.502985906521,26.6));
#7596 = B_SPLINE_CURVE_WITH_KNOTS('',2,(#7597,#7598,#7599),
  .UNSPECIFIED.,.F.,.F.,(3,3),(0.,1.),.PIECEWISE_BEZIER_KNOTS.);
#7597 = CARTESIAN_POINT('',(74.304482840991,47.528465642169,26.6));
#7598 = CARTESIAN_POINT('',(74.329962576638,47.502985906521,26.6));
#7599 = CARTESIAN_POINT('',(74.349072378374,47.502985906521,26.6));
#7600 = ORIENTED_EDGE('',*,*,#7601,.F.);
#7601 = EDGE_CURVE('',#7602,#7594,#7604,.T.);
#7602 = VERTEX_POINT('',#7603);
#7603 = CARTESIAN_POINT('',(74.349072378374,47.502985906521,26.));
#7604 = LINE('',#7605,#7606);
#7605 = CARTESIAN_POINT('',(74.349072378374,47.502985906521,26.));
#7606 = VECTOR('',#7607,1.);
#7607 = DIRECTION('',(0.,0.,1.));
#7608 = ORIENTED_EDGE('',*,*,#7609,.F.);
#7609 = EDGE_CURVE('',#7571,#7602,#7610,.T.);
#7610 = B_SPLINE_CURVE_WITH_KNOTS('',2,(#7611,#7612,#7613),
  .UNSPECIFIED.,.F.,.F.,(3,3),(0.,1.),.PIECEWISE_BEZIER_KNOTS.);
#7611 = CARTESIAN_POINT('',(74.304482840991,47.528465642169,26.));
#7612 = CARTESIAN_POINT('',(74.329962576638,47.502985906521,26.));
#7613 = CARTESIAN_POINT('',(74.349072378374,47.502985906521,26.));
#7614 = SURFACE_OF_LINEAR_EXTRUSION('',#7615,#7619);
#7615 = B_SPLINE_CURVE_WITH_KNOTS('',2,(#7616,#7617,#7618),
  .UNSPECIFIED.,.F.,.F.,(3,3),(0.,1.),.PIECEWISE_BEZIER_KNOTS.);
#7616 = CARTESIAN_POINT('',(74.304482840991,47.528465642169,26.));
#7617 = CARTESIAN_POINT('',(74.329962576638,47.502985906521,26.));
#7618 = CARTESIAN_POINT('',(74.349072378374,47.502985906521,26.));
#7619 = VECTOR('',#7620,1.);
#7620 = DIRECTION('',(-0.,-0.,-1.));
#7621 = ADVANCED_FACE('',(#7622),#7647,.T.);
#7622 = FACE_BOUND('',#7623,.T.);
#7623 = EDGE_LOOP('',(#7624,#7625,#7633,#7641));
#7624 = ORIENTED_EDGE('',*,*,#7601,.T.);
#7625 = ORIENTED_EDGE('',*,*,#7626,.T.);
#7626 = EDGE_CURVE('',#7594,#7627,#7629,.T.);
#7627 = VERTEX_POINT('',#7628);
#7628 = CARTESIAN_POINT('',(74.36818218011,47.541205509993,26.6));
#7629 = B_SPLINE_CURVE_WITH_KNOTS('',2,(#7630,#7631,#7632),
  .UNSPECIFIED.,.F.,.F.,(3,3),(0.,1.),.PIECEWISE_BEZIER_KNOTS.);
#7630 = CARTESIAN_POINT('',(74.349072378374,47.502985906521,26.6));
#7631 = CARTESIAN_POINT('',(74.36818218011,47.502985906521,26.6));
#7632 = CARTESIAN_POINT('',(74.36818218011,47.541205509993,26.6));
#7633 = ORIENTED_EDGE('',*,*,#7634,.F.);
#7634 = EDGE_CURVE('',#7635,#7627,#7637,.T.);
#7635 = VERTEX_POINT('',#7636);
#7636 = CARTESIAN_POINT('',(74.36818218011,47.541205509993,26.));
#7637 = LINE('',#7638,#7639);
#7638 = CARTESIAN_POINT('',(74.36818218011,47.541205509993,26.));
#7639 = VECTOR('',#7640,1.);
#7640 = DIRECTION('',(0.,0.,1.));
#7641 = ORIENTED_EDGE('',*,*,#7642,.F.);
#7642 = EDGE_CURVE('',#7602,#7635,#7643,.T.);
#7643 = B_SPLINE_CURVE_WITH_KNOTS('',2,(#7644,#7645,#7646),
  .UNSPECIFIED.,.F.,.F.,(3,3),(0.,1.),.PIECEWISE_BEZIER_KNOTS.);
#7644 = CARTESIAN_POINT('',(74.349072378374,47.502985906521,26.));
#7645 = CARTESIAN_POINT('',(74.36818218011,47.502985906521,26.));
#7646 = CARTESIAN_POINT('',(74.36818218011,47.541205509993,26.));
#7647 = SURFACE_OF_LINEAR_EXTRUSION('',#7648,#7652);
#7648 = B_SPLINE_CURVE_WITH_KNOTS('',2,(#7649,#7650,#7651),
  .UNSPECIFIED.,.F.,.F.,(3,3),(0.,1.),.PIECEWISE_BEZIER_KNOTS.);
#7649 = CARTESIAN_POINT('',(74.349072378374,47.502985906521,26.));
#7650 = CARTESIAN_POINT('',(74.36818218011,47.502985906521,26.));
#7651 = CARTESIAN_POINT('',(74.36818218011,47.541205509993,26.));
#7652 = VECTOR('',#7653,1.);
#7653 = DIRECTION('',(-0.,-0.,-1.));
#7654 = ADVANCED_FACE('',(#7655),#7678,.T.);
#7655 = FACE_BOUND('',#7656,.T.);
#7656 = EDGE_LOOP('',(#7657,#7658,#7665,#7673));
#7657 = ORIENTED_EDGE('',*,*,#7634,.T.);
#7658 = ORIENTED_EDGE('',*,*,#7659,.T.);
#7659 = EDGE_CURVE('',#7627,#7660,#7662,.T.);
#7660 = VERTEX_POINT('',#7661);
#7661 = CARTESIAN_POINT('',(74.355442312286,54.331555060116,26.6));
#7662 = B_SPLINE_CURVE_WITH_KNOTS('',1,(#7663,#7664),.UNSPECIFIED.,.F.,
  .F.,(2,2),(0.,53.300093808548),.PIECEWISE_BEZIER_KNOTS.);
#7663 = CARTESIAN_POINT('',(74.36818218011,47.541205509993,26.6));
#7664 = CARTESIAN_POINT('',(74.355442312286,54.331555060116,26.6));
#7665 = ORIENTED_EDGE('',*,*,#7666,.F.);
#7666 = EDGE_CURVE('',#7667,#7660,#7669,.T.);
#7667 = VERTEX_POINT('',#7668);
#7668 = CARTESIAN_POINT('',(74.355442312286,54.331555060116,26.));
#7669 = LINE('',#7670,#7671);
#7670 = CARTESIAN_POINT('',(74.355442312286,54.331555060116,26.));
#7671 = VECTOR('',#7672,1.);
#7672 = DIRECTION('',(0.,0.,1.));
#7673 = ORIENTED_EDGE('',*,*,#7674,.F.);
#7674 = EDGE_CURVE('',#7635,#7667,#7675,.T.);
#7675 = B_SPLINE_CURVE_WITH_KNOTS('',1,(#7676,#7677),.UNSPECIFIED.,.F.,
  .F.,(2,2),(0.,53.300093808548),.PIECEWISE_BEZIER_KNOTS.);
#7676 = CARTESIAN_POINT('',(74.36818218011,47.541205509993,26.));
#7677 = CARTESIAN_POINT('',(74.355442312286,54.331555060116,26.));
#7678 = SURFACE_OF_LINEAR_EXTRUSION('',#7679,#7682);
#7679 = B_SPLINE_CURVE_WITH_KNOTS('',1,(#7680,#7681),.UNSPECIFIED.,.F.,
  .F.,(2,2),(0.,53.300093808548),.PIECEWISE_BEZIER_KNOTS.);
#7680 = CARTESIAN_POINT('',(74.36818218011,47.541205509993,26.));
#7681 = CARTESIAN_POINT('',(74.355442312286,54.331555060116,26.));
#7682 = VECTOR('',#7683,1.);
#7683 = DIRECTION('',(-0.,-0.,-1.));
#7684 = ADVANCED_FACE('',(#7685),#7701,.T.);
#7685 = FACE_BOUND('',#7686,.T.);
#7686 = EDGE_LOOP('',(#7687,#7688,#7694,#7695));
#7687 = ORIENTED_EDGE('',*,*,#7666,.T.);
#7688 = ORIENTED_EDGE('',*,*,#7689,.T.);
#7689 = EDGE_CURVE('',#7660,#7019,#7690,.T.);
#7690 = B_SPLINE_CURVE_WITH_KNOTS('',2,(#7691,#7692,#7693),
  .UNSPECIFIED.,.F.,.F.,(3,3),(0.,1.),.PIECEWISE_BEZIER_KNOTS.);
#7691 = CARTESIAN_POINT('',(74.355442312286,54.331555060116,26.6));
#7692 = CARTESIAN_POINT('',(74.355442312286,54.458953738355,26.6));
#7693 = CARTESIAN_POINT('',(74.482840990525,54.458953738355,26.6));
#7694 = ORIENTED_EDGE('',*,*,#7016,.F.);
#7695 = ORIENTED_EDGE('',*,*,#7696,.F.);
#7696 = EDGE_CURVE('',#7667,#7017,#7697,.T.);
#7697 = B_SPLINE_CURVE_WITH_KNOTS('',2,(#7698,#7699,#7700),
  .UNSPECIFIED.,.F.,.F.,(3,3),(0.,1.),.PIECEWISE_BEZIER_KNOTS.);
#7698 = CARTESIAN_POINT('',(74.355442312286,54.331555060116,26.));
#7699 = CARTESIAN_POINT('',(74.355442312286,54.458953738355,26.));
#7700 = CARTESIAN_POINT('',(74.482840990525,54.458953738355,26.));
#7701 = SURFACE_OF_LINEAR_EXTRUSION('',#7702,#7706);
#7702 = B_SPLINE_CURVE_WITH_KNOTS('',2,(#7703,#7704,#7705),
  .UNSPECIFIED.,.F.,.F.,(3,3),(0.,1.),.PIECEWISE_BEZIER_KNOTS.);
#7703 = CARTESIAN_POINT('',(74.355442312286,54.331555060116,26.));
#7704 = CARTESIAN_POINT('',(74.355442312286,54.458953738355,26.));
#7705 = CARTESIAN_POINT('',(74.482840990525,54.458953738355,26.));
#7706 = VECTOR('',#7707,1.);
#7707 = DIRECTION('',(-0.,-0.,-1.));
#7708 = ADVANCED_FACE('',(#7709),#7733,.T.);
#7709 = FACE_BOUND('',#7710,.T.);
#7710 = EDGE_LOOP('',(#7711,#7712,#7713,#7714,#7715,#7716,#7717,#7718,
    #7719,#7720,#7721,#7722,#7723,#7724,#7725,#7726,#7727,#7728,#7729,
    #7730,#7731,#7732));
#7711 = ORIENTED_EDGE('',*,*,#7041,.T.);
#7712 = ORIENTED_EDGE('',*,*,#7072,.T.);
#7713 = ORIENTED_EDGE('',*,*,#7104,.T.);
#7714 = ORIENTED_EDGE('',*,*,#7135,.T.);
#7715 = ORIENTED_EDGE('',*,*,#7167,.T.);
#7716 = ORIENTED_EDGE('',*,*,#7198,.T.);
#7717 = ORIENTED_EDGE('',*,*,#7230,.T.);
#7718 = ORIENTED_EDGE('',*,*,#7261,.T.);
#7719 = ORIENTED_EDGE('',*,*,#7294,.T.);
#7720 = ORIENTED_EDGE('',*,*,#7326,.T.);
#7721 = ORIENTED_EDGE('',*,*,#7357,.T.);
#7722 = ORIENTED_EDGE('',*,*,#7389,.T.);
#7723 = ORIENTED_EDGE('',*,*,#7420,.T.);
#7724 = ORIENTED_EDGE('',*,*,#7452,.T.);
#7725 = ORIENTED_EDGE('',*,*,#7483,.T.);
#7726 = ORIENTED_EDGE('',*,*,#7515,.T.);
#7727 = ORIENTED_EDGE('',*,*,#7546,.T.);
#7728 = ORIENTED_EDGE('',*,*,#7578,.T.);
#7729 = ORIENTED_EDGE('',*,*,#7609,.T.);
#7730 = ORIENTED_EDGE('',*,*,#7642,.T.);
#7731 = ORIENTED_EDGE('',*,*,#7674,.T.);
#7732 = ORIENTED_EDGE('',*,*,#7696,.T.);
#7733 = B_SPLINE_SURFACE_WITH_KNOTS('',1,1,(
    (#7734,#7735)
    ,(#7736,#7737
    )),.UNSPECIFIED.,.F.,.F.,.F.,(2,2),(2,2),(-20.94297868524,
    20.957021314757),(-34.97823389177,35.021766108223),
  .PIECEWISE_BEZIER_KNOTS.);
#7734 = CARTESIAN_POINT('',(75.259972927781,45.541046261645,26.));
#7735 = CARTESIAN_POINT('',(75.259972927781,54.458953738355,26.));
#7736 = CARTESIAN_POINT('',(69.921968309579,45.541046261645,26.));
#7737 = CARTESIAN_POINT('',(69.921968309579,54.458953738355,26.));
#7738 = ADVANCED_FACE('',(#7739),#7763,.F.);
#7739 = FACE_BOUND('',#7740,.F.);
#7740 = EDGE_LOOP('',(#7741,#7742,#7743,#7744,#7745,#7746,#7747,#7748,
    #7749,#7750,#7751,#7752,#7753,#7754,#7755,#7756,#7757,#7758,#7759,
    #7760,#7761,#7762));
#7741 = ORIENTED_EDGE('',*,*,#7026,.T.);
#7742 = ORIENTED_EDGE('',*,*,#7056,.T.);
#7743 = ORIENTED_EDGE('',*,*,#7089,.T.);
#7744 = ORIENTED_EDGE('',*,*,#7119,.T.);
#7745 = ORIENTED_EDGE('',*,*,#7152,.T.);
#7746 = ORIENTED_EDGE('',*,*,#7182,.T.);
#7747 = ORIENTED_EDGE('',*,*,#7215,.T.);
#7748 = ORIENTED_EDGE('',*,*,#7245,.T.);
#7749 = ORIENTED_EDGE('',*,*,#7278,.T.);
#7750 = ORIENTED_EDGE('',*,*,#7311,.T.);
#7751 = ORIENTED_EDGE('',*,*,#7341,.T.);
#7752 = ORIENTED_EDGE('',*,*,#7374,.T.);
#7753 = ORIENTED_EDGE('',*,*,#7404,.T.);
#7754 = ORIENTED_EDGE('',*,*,#7437,.T.);
#7755 = ORIENTED_EDGE('',*,*,#7467,.T.);
#7756 = ORIENTED_EDGE('',*,*,#7500,.T.);
#7757 = ORIENTED_EDGE('',*,*,#7530,.T.);
#7758 = ORIENTED_EDGE('',*,*,#7563,.T.);
#7759 = ORIENTED_EDGE('',*,*,#7593,.T.);
#7760 = ORIENTED_EDGE('',*,*,#7626,.T.);
#7761 = ORIENTED_EDGE('',*,*,#7659,.T.);
#7762 = ORIENTED_EDGE('',*,*,#7689,.T.);
#7763 = B_SPLINE_SURFACE_WITH_KNOTS('',1,1,(
    (#7764,#7765)
    ,(#7766,#7767
    )),.UNSPECIFIED.,.F.,.F.,.F.,(2,2),(2,2),(-20.94297868524,
    20.957021314757),(-34.97823389177,35.021766108223),
  .PIECEWISE_BEZIER_KNOTS.);
#7764 = CARTESIAN_POINT('',(75.259972927781,45.541046261645,26.6));
#7765 = CARTESIAN_POINT('',(75.259972927781,54.458953738355,26.6));
#7766 = CARTESIAN_POINT('',(69.921968309579,45.541046261645,26.6));
#7767 = CARTESIAN_POINT('',(69.921968309579,54.458953738355,26.6));
#7768 = MANIFOLD_SOLID_BREP('',#7769);
#7769 = CLOSED_SHELL('',(#7770,#7812,#7845,#7878,#7911,#7944,#7977,#8010
    ,#8043,#8076,#8109,#8142,#8166,#8208,#8241,#8274,#8307,#8340,#8373,
    #8406,#8439,#8472,#8505,#8538,#8562,#8596));
#7770 = ADVANCED_FACE('',(#7771),#7805,.T.);
#7771 = FACE_BOUND('',#7772,.T.);
#7772 = EDGE_LOOP('',(#7773,#7783,#7791,#7799));
#7773 = ORIENTED_EDGE('',*,*,#7774,.T.);
#7774 = EDGE_CURVE('',#7775,#7777,#7779,.T.);
#7775 = VERTEX_POINT('',#7776);
#7776 = CARTESIAN_POINT('',(77.119993630066,47.299148021339,26.));
#7777 = VERTEX_POINT('',#7778);
#7778 = CARTESIAN_POINT('',(77.119993630066,47.299148021339,26.6));
#7779 = LINE('',#7780,#7781);
#7780 = CARTESIAN_POINT('',(77.119993630066,47.299148021339,26.));
#7781 = VECTOR('',#7782,1.);
#7782 = DIRECTION('',(0.,0.,1.));
#7783 = ORIENTED_EDGE('',*,*,#7784,.T.);
#7784 = EDGE_CURVE('',#7777,#7785,#7787,.T.);
#7785 = VERTEX_POINT('',#7786);
#7786 = CARTESIAN_POINT('',(77.043554423123,48.776972688908,26.6));
#7787 = B_SPLINE_CURVE_WITH_KNOTS('',2,(#7788,#7789,#7790),
  .UNSPECIFIED.,.F.,.F.,(3,3),(0.,1.),.PIECEWISE_BEZIER_KNOTS.);
#7788 = CARTESIAN_POINT('',(77.119993630066,47.299148021339,26.6));
#7789 = CARTESIAN_POINT('',(77.043554423123,47.936141412533,26.6));
#7790 = CARTESIAN_POINT('',(77.043554423123,48.776972688908,26.6));
#7791 = ORIENTED_EDGE('',*,*,#7792,.F.);
#7792 = EDGE_CURVE('',#7793,#7785,#7795,.T.);
#7793 = VERTEX_POINT('',#7794);
#7794 = CARTESIAN_POINT('',(77.043554423123,48.776972688908,26.));
#7795 = LINE('',#7796,#7797);
#7796 = CARTESIAN_POINT('',(77.043554423123,48.776972688908,26.));
#7797 = VECTOR('',#7798,1.);
#7798 = DIRECTION('',(0.,0.,1.));
#7799 = ORIENTED_EDGE('',*,*,#7800,.F.);
#7800 = EDGE_CURVE('',#7775,#7793,#7801,.T.);
#7801 = B_SPLINE_CURVE_WITH_KNOTS('',2,(#7802,#7803,#7804),
  .UNSPECIFIED.,.F.,.F.,(3,3),(0.,1.),.PIECEWISE_BEZIER_KNOTS.);
#7802 = CARTESIAN_POINT('',(77.119993630066,47.299148021339,26.));
#7803 = CARTESIAN_POINT('',(77.043554423123,47.936141412533,26.));
#7804 = CARTESIAN_POINT('',(77.043554423123,48.776972688908,26.));
#7805 = SURFACE_OF_LINEAR_EXTRUSION('',#7806,#7810);
#7806 = B_SPLINE_CURVE_WITH_KNOTS('',2,(#7807,#7808,#7809),
  .UNSPECIFIED.,.F.,.F.,(3,3),(0.,1.),.PIECEWISE_BEZIER_KNOTS.);
#7807 = CARTESIAN_POINT('',(77.119993630066,47.299148021339,26.));
#7808 = CARTESIAN_POINT('',(77.043554423123,47.936141412533,26.));
#7809 = CARTESIAN_POINT('',(77.043554423123,48.776972688908,26.));
#7810 = VECTOR('',#7811,1.);
#7811 = DIRECTION('',(-0.,-0.,-1.));
#7812 = ADVANCED_FACE('',(#7813),#7838,.T.);
#7813 = FACE_BOUND('',#7814,.T.);
#7814 = EDGE_LOOP('',(#7815,#7825,#7831,#7832));
#7815 = ORIENTED_EDGE('',*,*,#7816,.T.);
#7816 = EDGE_CURVE('',#7817,#7819,#7821,.T.);
#7817 = VERTEX_POINT('',#7818);
#7818 = CARTESIAN_POINT('',(77.846166096027,45.942352098097,26.));
#7819 = VERTEX_POINT('',#7820);
#7820 = CARTESIAN_POINT('',(77.846166096027,45.942352098097,26.6));
#7821 = LINE('',#7822,#7823);
#7822 = CARTESIAN_POINT('',(77.846166096027,45.942352098097,26.));
#7823 = VECTOR('',#7824,1.);
#7824 = DIRECTION('',(0.,0.,1.));
#7825 = ORIENTED_EDGE('',*,*,#7826,.T.);
#7826 = EDGE_CURVE('',#7819,#7777,#7827,.T.);
#7827 = B_SPLINE_CURVE_WITH_KNOTS('',2,(#7828,#7829,#7830),
  .UNSPECIFIED.,.F.,.F.,(3,3),(0.,1.),.PIECEWISE_BEZIER_KNOTS.);
#7828 = CARTESIAN_POINT('',(77.846166096027,45.942352098097,26.6));
#7829 = CARTESIAN_POINT('',(77.247392308305,46.44557687714,26.6));
#7830 = CARTESIAN_POINT('',(77.119993630066,47.299148021339,26.6));
#7831 = ORIENTED_EDGE('',*,*,#7774,.F.);
#7832 = ORIENTED_EDGE('',*,*,#7833,.F.);
#7833 = EDGE_CURVE('',#7817,#7775,#7834,.T.);
#7834 = B_SPLINE_CURVE_WITH_KNOTS('',2,(#7835,#7836,#7837),
  .UNSPECIFIED.,.F.,.F.,(3,3),(0.,1.),.PIECEWISE_BEZIER_KNOTS.);
#7835 = CARTESIAN_POINT('',(77.846166096027,45.942352098097,26.));
#7836 = CARTESIAN_POINT('',(77.247392308305,46.44557687714,26.));
#7837 = CARTESIAN_POINT('',(77.119993630066,47.299148021339,26.));
#7838 = SURFACE_OF_LINEAR_EXTRUSION('',#7839,#7843);
#7839 = B_SPLINE_CURVE_WITH_KNOTS('',2,(#7840,#7841,#7842),
  .UNSPECIFIED.,.F.,.F.,(3,3),(0.,1.),.PIECEWISE_BEZIER_KNOTS.);
#7840 = CARTESIAN_POINT('',(77.846166096027,45.942352098097,26.));
#7841 = CARTESIAN_POINT('',(77.247392308305,46.44557687714,26.));
#7842 = CARTESIAN_POINT('',(77.119993630066,47.299148021339,26.));
#7843 = VECTOR('',#7844,1.);
#7844 = DIRECTION('',(-0.,-0.,-1.));
#7845 = ADVANCED_FACE('',(#7846),#7871,.T.);
#7846 = FACE_BOUND('',#7847,.T.);
#7847 = EDGE_LOOP('',(#7848,#7849,#7857,#7865));
#7848 = ORIENTED_EDGE('',*,*,#7792,.T.);
#7849 = ORIENTED_EDGE('',*,*,#7850,.T.);
#7850 = EDGE_CURVE('',#7785,#7851,#7853,.T.);
#7851 = VERTEX_POINT('',#7852);
#7852 = CARTESIAN_POINT('',(77.119993630066,50.22931762083,26.6));
#7853 = B_SPLINE_CURVE_WITH_KNOTS('',2,(#7854,#7855,#7856),
  .UNSPECIFIED.,.F.,.F.,(3,3),(0.,1.),.PIECEWISE_BEZIER_KNOTS.);
#7854 = CARTESIAN_POINT('',(77.043554423123,48.776972688908,26.6));
#7855 = CARTESIAN_POINT('',(77.043554423123,49.617803965284,26.6));
#7856 = CARTESIAN_POINT('',(77.119993630066,50.22931762083,26.6));
#7857 = ORIENTED_EDGE('',*,*,#7858,.F.);
#7858 = EDGE_CURVE('',#7859,#7851,#7861,.T.);
#7859 = VERTEX_POINT('',#7860);
#7860 = CARTESIAN_POINT('',(77.119993630066,50.22931762083,26.));
#7861 = LINE('',#7862,#7863);
#7862 = CARTESIAN_POINT('',(77.119993630066,50.22931762083,26.));
#7863 = VECTOR('',#7864,1.);
#7864 = DIRECTION('',(0.,0.,1.));
#7865 = ORIENTED_EDGE('',*,*,#7866,.F.);
#7866 = EDGE_CURVE('',#7793,#7859,#7867,.T.);
#7867 = B_SPLINE_CURVE_WITH_KNOTS('',2,(#7868,#7869,#7870),
  .UNSPECIFIED.,.F.,.F.,(3,3),(0.,1.),.PIECEWISE_BEZIER_KNOTS.);
#7868 = CARTESIAN_POINT('',(77.043554423123,48.776972688908,26.));
#7869 = CARTESIAN_POINT('',(77.043554423123,49.617803965284,26.));
#7870 = CARTESIAN_POINT('',(77.119993630066,50.22931762083,26.));
#7871 = SURFACE_OF_LINEAR_EXTRUSION('',#7872,#7876);
#7872 = B_SPLINE_CURVE_WITH_KNOTS('',2,(#7873,#7874,#7875),
  .UNSPECIFIED.,.F.,.F.,(3,3),(0.,1.),.PIECEWISE_BEZIER_KNOTS.);
#7873 = CARTESIAN_POINT('',(77.043554423123,48.776972688908,26.));
#7874 = CARTESIAN_POINT('',(77.043554423123,49.617803965284,26.));
#7875 = CARTESIAN_POINT('',(77.119993630066,50.22931762083,26.));
#7876 = VECTOR('',#7877,1.);
#7877 = DIRECTION('',(-0.,-0.,-1.));
#7878 = ADVANCED_FACE('',(#7879),#7904,.T.);
#7879 = FACE_BOUND('',#7880,.T.);
#7880 = EDGE_LOOP('',(#7881,#7891,#7897,#7898));
#7881 = ORIENTED_EDGE('',*,*,#7882,.T.);
#7882 = EDGE_CURVE('',#7883,#7885,#7887,.T.);
#7883 = VERTEX_POINT('',#7884);
#7884 = CARTESIAN_POINT('',(79.374950234891,45.439127319054,26.));
#7885 = VERTEX_POINT('',#7886);
#7886 = CARTESIAN_POINT('',(79.374950234891,45.439127319054,26.6));
#7887 = LINE('',#7888,#7889);
#7888 = CARTESIAN_POINT('',(79.374950234891,45.439127319054,26.));
#7889 = VECTOR('',#7890,1.);
#7890 = DIRECTION('',(0.,0.,1.));
#7891 = ORIENTED_EDGE('',*,*,#7892,.T.);
#7892 = EDGE_CURVE('',#7885,#7819,#7893,.T.);
#7893 = B_SPLINE_CURVE_WITH_KNOTS('',2,(#7894,#7895,#7896),
  .UNSPECIFIED.,.F.,.F.,(3,3),(0.,1.),.PIECEWISE_BEZIER_KNOTS.);
#7894 = CARTESIAN_POINT('',(79.374950234891,45.439127319054,26.6));
#7895 = CARTESIAN_POINT('',(78.444939883749,45.439127319054,26.6));
#7896 = CARTESIAN_POINT('',(77.846166096027,45.942352098097,26.6));
#7897 = ORIENTED_EDGE('',*,*,#7816,.F.);
#7898 = ORIENTED_EDGE('',*,*,#7899,.F.);
#7899 = EDGE_CURVE('',#7883,#7817,#7900,.T.);
#7900 = B_SPLINE_CURVE_WITH_KNOTS('',2,(#7901,#7902,#7903),
  .UNSPECIFIED.,.F.,.F.,(3,3),(0.,1.),.PIECEWISE_BEZIER_KNOTS.);
#7901 = CARTESIAN_POINT('',(79.374950234891,45.439127319054,26.));
#7902 = CARTESIAN_POINT('',(78.444939883749,45.439127319054,26.));
#7903 = CARTESIAN_POINT('',(77.846166096027,45.942352098097,26.));
#7904 = SURFACE_OF_LINEAR_EXTRUSION('',#7905,#7909);
#7905 = B_SPLINE_CURVE_WITH_KNOTS('',2,(#7906,#7907,#7908),
  .UNSPECIFIED.,.F.,.F.,(3,3),(0.,1.),.PIECEWISE_BEZIER_KNOTS.);
#7906 = CARTESIAN_POINT('',(79.374950234891,45.439127319054,26.));
#7907 = CARTESIAN_POINT('',(78.444939883749,45.439127319054,26.));
#7908 = CARTESIAN_POINT('',(77.846166096027,45.942352098097,26.));
#7909 = VECTOR('',#7910,1.);
#7910 = DIRECTION('',(-0.,-0.,-1.));
#7911 = ADVANCED_FACE('',(#7912),#7937,.T.);
#7912 = FACE_BOUND('',#7913,.T.);
#7913 = EDGE_LOOP('',(#7914,#7915,#7923,#7931));
#7914 = ORIENTED_EDGE('',*,*,#7858,.T.);
#7915 = ORIENTED_EDGE('',*,*,#7916,.T.);
#7916 = EDGE_CURVE('',#7851,#7917,#7919,.T.);
#7917 = VERTEX_POINT('',#7918);
#7918 = CARTESIAN_POINT('',(77.839796162115,51.57974361016,26.6));
#7919 = B_SPLINE_CURVE_WITH_KNOTS('',2,(#7920,#7921,#7922),
  .UNSPECIFIED.,.F.,.F.,(3,3),(0.,1.),.PIECEWISE_BEZIER_KNOTS.);
#7920 = CARTESIAN_POINT('',(77.119993630066,50.22931762083,26.6));
#7921 = CARTESIAN_POINT('',(77.234652440481,51.070148897205,26.6));
#7922 = CARTESIAN_POINT('',(77.839796162115,51.57974361016,26.6));
#7923 = ORIENTED_EDGE('',*,*,#7924,.F.);
#7924 = EDGE_CURVE('',#7925,#7917,#7927,.T.);
#7925 = VERTEX_POINT('',#7926);
#7926 = CARTESIAN_POINT('',(77.839796162115,51.57974361016,26.));
#7927 = LINE('',#7928,#7929);
#7928 = CARTESIAN_POINT('',(77.839796162115,51.57974361016,26.));
#7929 = VECTOR('',#7930,1.);
#7930 = DIRECTION('',(0.,0.,1.));
#7931 = ORIENTED_EDGE('',*,*,#7932,.F.);
#7932 = EDGE_CURVE('',#7859,#7925,#7933,.T.);
#7933 = B_SPLINE_CURVE_WITH_KNOTS('',2,(#7934,#7935,#7936),
  .UNSPECIFIED.,.F.,.F.,(3,3),(0.,1.),.PIECEWISE_BEZIER_KNOTS.);
#7934 = CARTESIAN_POINT('',(77.119993630066,50.22931762083,26.));
#7935 = CARTESIAN_POINT('',(77.234652440481,51.070148897205,26.));
#7936 = CARTESIAN_POINT('',(77.839796162115,51.57974361016,26.));
#7937 = SURFACE_OF_LINEAR_EXTRUSION('',#7938,#7942);
#7938 = B_SPLINE_CURVE_WITH_KNOTS('',2,(#7939,#7940,#7941),
  .UNSPECIFIED.,.F.,.F.,(3,3),(0.,1.),.PIECEWISE_BEZIER_KNOTS.);
#7939 = CARTESIAN_POINT('',(77.119993630066,50.22931762083,26.));
#7940 = CARTESIAN_POINT('',(77.234652440481,51.070148897205,26.));
#7941 = CARTESIAN_POINT('',(77.839796162115,51.57974361016,26.));
#7942 = VECTOR('',#7943,1.);
#7943 = DIRECTION('',(-0.,-0.,-1.));
#7944 = ADVANCED_FACE('',(#7945),#7970,.T.);
#7945 = FACE_BOUND('',#7946,.T.);
#7946 = EDGE_LOOP('',(#7947,#7957,#7963,#7964));
#7947 = ORIENTED_EDGE('',*,*,#7948,.T.);
#7948 = EDGE_CURVE('',#7949,#7951,#7953,.T.);
#7949 = VERTEX_POINT('',#7950);
#7950 = CARTESIAN_POINT('',(80.910104307668,45.942352098097,26.));
#7951 = VERTEX_POINT('',#7952);
#7952 = CARTESIAN_POINT('',(80.910104307668,45.942352098097,26.6));
#7953 = LINE('',#7954,#7955);
#7954 = CARTESIAN_POINT('',(80.910104307668,45.942352098097,26.));
#7955 = VECTOR('',#7956,1.);
#7956 = DIRECTION('',(0.,0.,1.));
#7957 = ORIENTED_EDGE('',*,*,#7958,.T.);
#7958 = EDGE_CURVE('',#7951,#7885,#7959,.T.);
#7959 = B_SPLINE_CURVE_WITH_KNOTS('',2,(#7960,#7961,#7962),
  .UNSPECIFIED.,.F.,.F.,(3,3),(0.,1.),.PIECEWISE_BEZIER_KNOTS.);
#7960 = CARTESIAN_POINT('',(80.910104307668,45.942352098097,26.6));
#7961 = CARTESIAN_POINT('',(80.304960586034,45.439127319054,26.6));
#7962 = CARTESIAN_POINT('',(79.374950234891,45.439127319054,26.6));
#7963 = ORIENTED_EDGE('',*,*,#7882,.F.);
#7964 = ORIENTED_EDGE('',*,*,#7965,.F.);
#7965 = EDGE_CURVE('',#7949,#7883,#7966,.T.);
#7966 = B_SPLINE_CURVE_WITH_KNOTS('',2,(#7967,#7968,#7969),
  .UNSPECIFIED.,.F.,.F.,(3,3),(0.,1.),.PIECEWISE_BEZIER_KNOTS.);
#7967 = CARTESIAN_POINT('',(80.910104307668,45.942352098097,26.));
#7968 = CARTESIAN_POINT('',(80.304960586034,45.439127319054,26.));
#7969 = CARTESIAN_POINT('',(79.374950234891,45.439127319054,26.));
#7970 = SURFACE_OF_LINEAR_EXTRUSION('',#7971,#7975);
#7971 = B_SPLINE_CURVE_WITH_KNOTS('',2,(#7972,#7973,#7974),
  .UNSPECIFIED.,.F.,.F.,(3,3),(0.,1.),.PIECEWISE_BEZIER_KNOTS.);
#7972 = CARTESIAN_POINT('',(80.910104307668,45.942352098097,26.));
#7973 = CARTESIAN_POINT('',(80.304960586034,45.439127319054,26.));
#7974 = CARTESIAN_POINT('',(79.374950234891,45.439127319054,26.));
#7975 = VECTOR('',#7976,1.);
#7976 = DIRECTION('',(-0.,-0.,-1.));
#7977 = ADVANCED_FACE('',(#7978),#8003,.T.);
#7978 = FACE_BOUND('',#7979,.T.);
#7979 = EDGE_LOOP('',(#7980,#7981,#7989,#7997));
#7980 = ORIENTED_EDGE('',*,*,#7924,.T.);
#7981 = ORIENTED_EDGE('',*,*,#7982,.T.);
#7982 = EDGE_CURVE('',#7917,#7983,#7985,.T.);
#7983 = VERTEX_POINT('',#7984);
#7984 = CARTESIAN_POINT('',(79.374950234891,52.089338323115,26.6));
#7985 = B_SPLINE_CURVE_WITH_KNOTS('',2,(#7986,#7987,#7988),
  .UNSPECIFIED.,.F.,.F.,(3,3),(0.,1.),.PIECEWISE_BEZIER_KNOTS.);
#7986 = CARTESIAN_POINT('',(77.839796162115,51.57974361016,26.6));
#7987 = CARTESIAN_POINT('',(78.444939883749,52.089338323115,26.6));
#7988 = CARTESIAN_POINT('',(79.374950234891,52.089338323115,26.6));
#7989 = ORIENTED_EDGE('',*,*,#7990,.F.);
#7990 = EDGE_CURVE('',#7991,#7983,#7993,.T.);
#7991 = VERTEX_POINT('',#7992);
#7992 = CARTESIAN_POINT('',(79.374950234891,52.089338323115,26.));
#7993 = LINE('',#7994,#7995);
#7994 = CARTESIAN_POINT('',(79.374950234891,52.089338323115,26.));
#7995 = VECTOR('',#7996,1.);
#7996 = DIRECTION('',(0.,0.,1.));
#7997 = ORIENTED_EDGE('',*,*,#7998,.F.);
#7998 = EDGE_CURVE('',#7925,#7991,#7999,.T.);
#7999 = B_SPLINE_CURVE_WITH_KNOTS('',2,(#8000,#8001,#8002),
  .UNSPECIFIED.,.F.,.F.,(3,3),(0.,1.),.PIECEWISE_BEZIER_KNOTS.);
#8000 = CARTESIAN_POINT('',(77.839796162115,51.57974361016,26.));
#8001 = CARTESIAN_POINT('',(78.444939883749,52.089338323115,26.));
#8002 = CARTESIAN_POINT('',(79.374950234891,52.089338323115,26.));
#8003 = SURFACE_OF_LINEAR_EXTRUSION('',#8004,#8008);
#8004 = B_SPLINE_CURVE_WITH_KNOTS('',2,(#8005,#8006,#8007),
  .UNSPECIFIED.,.F.,.F.,(3,3),(0.,1.),.PIECEWISE_BEZIER_KNOTS.);
#8005 = CARTESIAN_POINT('',(77.839796162115,51.57974361016,26.));
#8006 = CARTESIAN_POINT('',(78.444939883749,52.089338323115,26.));
#8007 = CARTESIAN_POINT('',(79.374950234891,52.089338323115,26.));
#8008 = VECTOR('',#8009,1.);
#8009 = DIRECTION('',(-0.,-0.,-1.));
#8010 = ADVANCED_FACE('',(#8011),#8036,.T.);
#8011 = FACE_BOUND('',#8012,.T.);
#8012 = EDGE_LOOP('',(#8013,#8023,#8029,#8030));
#8013 = ORIENTED_EDGE('',*,*,#8014,.T.);
#8014 = EDGE_CURVE('',#8015,#8017,#8019,.T.);
#8015 = VERTEX_POINT('',#8016);
#8016 = CARTESIAN_POINT('',(81.629906839717,47.299148021339,26.));
#8017 = VERTEX_POINT('',#8018);
#8018 = CARTESIAN_POINT('',(81.629906839717,47.299148021339,26.6));
#8019 = LINE('',#8020,#8021);
#8020 = CARTESIAN_POINT('',(81.629906839717,47.299148021339,26.));
#8021 = VECTOR('',#8022,1.);
#8022 = DIRECTION('',(0.,0.,1.));
#8023 = ORIENTED_EDGE('',*,*,#8024,.T.);
#8024 = EDGE_CURVE('',#8017,#7951,#8025,.T.);
#8025 = B_SPLINE_CURVE_WITH_KNOTS('',2,(#8026,#8027,#8028),
  .UNSPECIFIED.,.F.,.F.,(3,3),(0.,1.),.PIECEWISE_BEZIER_KNOTS.);
#8026 = CARTESIAN_POINT('',(81.629906839717,47.299148021339,26.6));
#8027 = CARTESIAN_POINT('',(81.515248029302,46.44557687714,26.6));
#8028 = CARTESIAN_POINT('',(80.910104307668,45.942352098097,26.6));
#8029 = ORIENTED_EDGE('',*,*,#7948,.F.);
#8030 = ORIENTED_EDGE('',*,*,#8031,.F.);
#8031 = EDGE_CURVE('',#8015,#7949,#8032,.T.);
#8032 = B_SPLINE_CURVE_WITH_KNOTS('',2,(#8033,#8034,#8035),
  .UNSPECIFIED.,.F.,.F.,(3,3),(0.,1.),.PIECEWISE_BEZIER_KNOTS.);
#8033 = CARTESIAN_POINT('',(81.629906839717,47.299148021339,26.));
#8034 = CARTESIAN_POINT('',(81.515248029302,46.44557687714,26.));
#8035 = CARTESIAN_POINT('',(80.910104307668,45.942352098097,26.));
#8036 = SURFACE_OF_LINEAR_EXTRUSION('',#8037,#8041);
#8037 = B_SPLINE_CURVE_WITH_KNOTS('',2,(#8038,#8039,#8040),
  .UNSPECIFIED.,.F.,.F.,(3,3),(0.,1.),.PIECEWISE_BEZIER_KNOTS.);
#8038 = CARTESIAN_POINT('',(81.629906839717,47.299148021339,26.));
#8039 = CARTESIAN_POINT('',(81.515248029302,46.44557687714,26.));
#8040 = CARTESIAN_POINT('',(80.910104307668,45.942352098097,26.));
#8041 = VECTOR('',#8042,1.);
#8042 = DIRECTION('',(-0.,-0.,-1.));
#8043 = ADVANCED_FACE('',(#8044),#8069,.T.);
#8044 = FACE_BOUND('',#8045,.T.);
#8045 = EDGE_LOOP('',(#8046,#8047,#8055,#8063));
#8046 = ORIENTED_EDGE('',*,*,#7990,.T.);
#8047 = ORIENTED_EDGE('',*,*,#8048,.T.);
#8048 = EDGE_CURVE('',#7983,#8049,#8051,.T.);
#8049 = VERTEX_POINT('',#8050);
#8050 = CARTESIAN_POINT('',(80.910104307668,51.57974361016,26.6));
#8051 = B_SPLINE_CURVE_WITH_KNOTS('',2,(#8052,#8053,#8054),
  .UNSPECIFIED.,.F.,.F.,(3,3),(0.,1.),.PIECEWISE_BEZIER_KNOTS.);
#8052 = CARTESIAN_POINT('',(79.374950234891,52.089338323115,26.6));
#8053 = CARTESIAN_POINT('',(80.304960586034,52.089338323115,26.6));
#8054 = CARTESIAN_POINT('',(80.910104307668,51.57974361016,26.6));
#8055 = ORIENTED_EDGE('',*,*,#8056,.F.);
#8056 = EDGE_CURVE('',#8057,#8049,#8059,.T.);
#8057 = VERTEX_POINT('',#8058);
#8058 = CARTESIAN_POINT('',(80.910104307668,51.57974361016,26.));
#8059 = LINE('',#8060,#8061);
#8060 = CARTESIAN_POINT('',(80.910104307668,51.57974361016,26.));
#8061 = VECTOR('',#8062,1.);
#8062 = DIRECTION('',(0.,0.,1.));
#8063 = ORIENTED_EDGE('',*,*,#8064,.F.);
#8064 = EDGE_CURVE('',#7991,#8057,#8065,.T.);
#8065 = B_SPLINE_CURVE_WITH_KNOTS('',2,(#8066,#8067,#8068),
  .UNSPECIFIED.,.F.,.F.,(3,3),(0.,1.),.PIECEWISE_BEZIER_KNOTS.);
#8066 = CARTESIAN_POINT('',(79.374950234891,52.089338323115,26.));
#8067 = CARTESIAN_POINT('',(80.304960586034,52.089338323115,26.));
#8068 = CARTESIAN_POINT('',(80.910104307668,51.57974361016,26.));
#8069 = SURFACE_OF_LINEAR_EXTRUSION('',#8070,#8074);
#8070 = B_SPLINE_CURVE_WITH_KNOTS('',2,(#8071,#8072,#8073),
  .UNSPECIFIED.,.F.,.F.,(3,3),(0.,1.),.PIECEWISE_BEZIER_KNOTS.);
#8071 = CARTESIAN_POINT('',(79.374950234891,52.089338323115,26.));
#8072 = CARTESIAN_POINT('',(80.304960586034,52.089338323115,26.));
#8073 = CARTESIAN_POINT('',(80.910104307668,51.57974361016,26.));
#8074 = VECTOR('',#8075,1.);
#8075 = DIRECTION('',(-0.,-0.,-1.));
#8076 = ADVANCED_FACE('',(#8077),#8102,.T.);
#8077 = FACE_BOUND('',#8078,.T.);
#8078 = EDGE_LOOP('',(#8079,#8089,#8095,#8096));
#8079 = ORIENTED_EDGE('',*,*,#8080,.T.);
#8080 = EDGE_CURVE('',#8081,#8083,#8085,.T.);
#8081 = VERTEX_POINT('',#8082);
#8082 = CARTESIAN_POINT('',(81.70634604666,48.776972688908,26.));
#8083 = VERTEX_POINT('',#8084);
#8084 = CARTESIAN_POINT('',(81.70634604666,48.776972688908,26.6));
#8085 = LINE('',#8086,#8087);
#8086 = CARTESIAN_POINT('',(81.70634604666,48.776972688908,26.));
#8087 = VECTOR('',#8088,1.);
#8088 = DIRECTION('',(0.,0.,1.));
#8089 = ORIENTED_EDGE('',*,*,#8090,.T.);
#8090 = EDGE_CURVE('',#8083,#8017,#8091,.T.);
#8091 = B_SPLINE_CURVE_WITH_KNOTS('',2,(#8092,#8093,#8094),
  .UNSPECIFIED.,.F.,.F.,(3,3),(0.,1.),.PIECEWISE_BEZIER_KNOTS.);
#8092 = CARTESIAN_POINT('',(81.70634604666,48.776972688908,26.6));
#8093 = CARTESIAN_POINT('',(81.70634604666,47.808742734294,26.6));
#8094 = CARTESIAN_POINT('',(81.629906839717,47.299148021339,26.6));
#8095 = ORIENTED_EDGE('',*,*,#8014,.F.);
#8096 = ORIENTED_EDGE('',*,*,#8097,.F.);
#8097 = EDGE_CURVE('',#8081,#8015,#8098,.T.);
#8098 = B_SPLINE_CURVE_WITH_KNOTS('',2,(#8099,#8100,#8101),
  .UNSPECIFIED.,.F.,.F.,(3,3),(0.,1.),.PIECEWISE_BEZIER_KNOTS.);
#8099 = CARTESIAN_POINT('',(81.70634604666,48.776972688908,26.));
#8100 = CARTESIAN_POINT('',(81.70634604666,47.808742734294,26.));
#8101 = CARTESIAN_POINT('',(81.629906839717,47.299148021339,26.));
#8102 = SURFACE_OF_LINEAR_EXTRUSION('',#8103,#8107);
#8103 = B_SPLINE_CURVE_WITH_KNOTS('',2,(#8104,#8105,#8106),
  .UNSPECIFIED.,.F.,.F.,(3,3),(0.,1.),.PIECEWISE_BEZIER_KNOTS.);
#8104 = CARTESIAN_POINT('',(81.70634604666,48.776972688908,26.));
#8105 = CARTESIAN_POINT('',(81.70634604666,47.808742734294,26.));
#8106 = CARTESIAN_POINT('',(81.629906839717,47.299148021339,26.));
#8107 = VECTOR('',#8108,1.);
#8108 = DIRECTION('',(-0.,-0.,-1.));
#8109 = ADVANCED_FACE('',(#8110),#8135,.T.);
#8110 = FACE_BOUND('',#8111,.T.);
#8111 = EDGE_LOOP('',(#8112,#8113,#8121,#8129));
#8112 = ORIENTED_EDGE('',*,*,#8056,.T.);
#8113 = ORIENTED_EDGE('',*,*,#8114,.T.);
#8114 = EDGE_CURVE('',#8049,#8115,#8117,.T.);
#8115 = VERTEX_POINT('',#8116);
#8116 = CARTESIAN_POINT('',(81.629906839717,50.22931762083,26.6));
#8117 = B_SPLINE_CURVE_WITH_KNOTS('',2,(#8118,#8119,#8120),
  .UNSPECIFIED.,.F.,.F.,(3,3),(0.,1.),.PIECEWISE_BEZIER_KNOTS.);
#8118 = CARTESIAN_POINT('',(80.910104307668,51.57974361016,26.6));
#8119 = CARTESIAN_POINT('',(81.515248029302,51.070148897205,26.6));
#8120 = CARTESIAN_POINT('',(81.629906839717,50.22931762083,26.6));
#8121 = ORIENTED_EDGE('',*,*,#8122,.F.);
#8122 = EDGE_CURVE('',#8123,#8115,#8125,.T.);
#8123 = VERTEX_POINT('',#8124);
#8124 = CARTESIAN_POINT('',(81.629906839717,50.22931762083,26.));
#8125 = LINE('',#8126,#8127);
#8126 = CARTESIAN_POINT('',(81.629906839717,50.22931762083,26.));
#8127 = VECTOR('',#8128,1.);
#8128 = DIRECTION('',(0.,0.,1.));
#8129 = ORIENTED_EDGE('',*,*,#8130,.F.);
#8130 = EDGE_CURVE('',#8057,#8123,#8131,.T.);
#8131 = B_SPLINE_CURVE_WITH_KNOTS('',2,(#8132,#8133,#8134),
  .UNSPECIFIED.,.F.,.F.,(3,3),(0.,1.),.PIECEWISE_BEZIER_KNOTS.);
#8132 = CARTESIAN_POINT('',(80.910104307668,51.57974361016,26.));
#8133 = CARTESIAN_POINT('',(81.515248029302,51.070148897205,26.));
#8134 = CARTESIAN_POINT('',(81.629906839717,50.22931762083,26.));
#8135 = SURFACE_OF_LINEAR_EXTRUSION('',#8136,#8140);
#8136 = B_SPLINE_CURVE_WITH_KNOTS('',2,(#8137,#8138,#8139),
  .UNSPECIFIED.,.F.,.F.,(3,3),(0.,1.),.PIECEWISE_BEZIER_KNOTS.);
#8137 = CARTESIAN_POINT('',(80.910104307668,51.57974361016,26.));
#8138 = CARTESIAN_POINT('',(81.515248029302,51.070148897205,26.));
#8139 = CARTESIAN_POINT('',(81.629906839717,50.22931762083,26.));
#8140 = VECTOR('',#8141,1.);
#8141 = DIRECTION('',(-0.,-0.,-1.));
#8142 = ADVANCED_FACE('',(#8143),#8159,.T.);
#8143 = FACE_BOUND('',#8144,.T.);
#8144 = EDGE_LOOP('',(#8145,#8146,#8152,#8153));
#8145 = ORIENTED_EDGE('',*,*,#8122,.T.);
#8146 = ORIENTED_EDGE('',*,*,#8147,.T.);
#8147 = EDGE_CURVE('',#8115,#8083,#8148,.T.);
#8148 = B_SPLINE_CURVE_WITH_KNOTS('',2,(#8149,#8150,#8151),
  .UNSPECIFIED.,.F.,.F.,(3,3),(0.,1.),.PIECEWISE_BEZIER_KNOTS.);
#8149 = CARTESIAN_POINT('',(81.629906839717,50.22931762083,26.6));
#8150 = CARTESIAN_POINT('',(81.70634604666,49.719722907875,26.6));
#8151 = CARTESIAN_POINT('',(81.70634604666,48.776972688908,26.6));
#8152 = ORIENTED_EDGE('',*,*,#8080,.F.);
#8153 = ORIENTED_EDGE('',*,*,#8154,.F.);
#8154 = EDGE_CURVE('',#8123,#8081,#8155,.T.);
#8155 = B_SPLINE_CURVE_WITH_KNOTS('',2,(#8156,#8157,#8158),
  .UNSPECIFIED.,.F.,.F.,(3,3),(0.,1.),.PIECEWISE_BEZIER_KNOTS.);
#8156 = CARTESIAN_POINT('',(81.629906839717,50.22931762083,26.));
#8157 = CARTESIAN_POINT('',(81.70634604666,49.719722907875,26.));
#8158 = CARTESIAN_POINT('',(81.70634604666,48.776972688908,26.));
#8159 = SURFACE_OF_LINEAR_EXTRUSION('',#8160,#8164);
#8160 = B_SPLINE_CURVE_WITH_KNOTS('',2,(#8161,#8162,#8163),
  .UNSPECIFIED.,.F.,.F.,(3,3),(0.,1.),.PIECEWISE_BEZIER_KNOTS.);
#8161 = CARTESIAN_POINT('',(81.629906839717,50.22931762083,26.));
#8162 = CARTESIAN_POINT('',(81.70634604666,49.719722907875,26.));
#8163 = CARTESIAN_POINT('',(81.70634604666,48.776972688908,26.));
#8164 = VECTOR('',#8165,1.);
#8165 = DIRECTION('',(-0.,-0.,-1.));
#8166 = ADVANCED_FACE('',(#8167),#8201,.T.);
#8167 = FACE_BOUND('',#8168,.T.);
#8168 = EDGE_LOOP('',(#8169,#8179,#8187,#8195));
#8169 = ORIENTED_EDGE('',*,*,#8170,.T.);
#8170 = EDGE_CURVE('',#8171,#8173,#8175,.T.);
#8171 = VERTEX_POINT('',#8172);
#8172 = CARTESIAN_POINT('',(80.298590652122,46.566605621467,26.));
#8173 = VERTEX_POINT('',#8174);
#8174 = CARTESIAN_POINT('',(80.298590652122,46.566605621467,26.6));
#8175 = LINE('',#8176,#8177);
#8176 = CARTESIAN_POINT('',(80.298590652122,46.566605621467,26.));
#8177 = VECTOR('',#8178,1.);
#8178 = DIRECTION('',(0.,0.,1.));
#8179 = ORIENTED_EDGE('',*,*,#8180,.T.);
#8180 = EDGE_CURVE('',#8173,#8181,#8183,.T.);
#8181 = VERTEX_POINT('',#8182);
#8182 = CARTESIAN_POINT('',(80.750855959869,47.46476630305,26.6));
#8183 = B_SPLINE_CURVE_WITH_KNOTS('',2,(#8184,#8185,#8186),
  .UNSPECIFIED.,.F.,.F.,(3,3),(0.,1.),.PIECEWISE_BEZIER_KNOTS.);
#8184 = CARTESIAN_POINT('',(80.298590652122,46.566605621467,26.6));
#8185 = CARTESIAN_POINT('',(80.674416752926,46.904212118799,26.6));
#8186 = CARTESIAN_POINT('',(80.750855959869,47.46476630305,26.6));
#8187 = ORIENTED_EDGE('',*,*,#8188,.F.);
#8188 = EDGE_CURVE('',#8189,#8181,#8191,.T.);
#8189 = VERTEX_POINT('',#8190);
#8190 = CARTESIAN_POINT('',(80.750855959869,47.46476630305,26.));
#8191 = LINE('',#8192,#8193);
#8192 = CARTESIAN_POINT('',(80.750855959869,47.46476630305,26.));
#8193 = VECTOR('',#8194,1.);
#8194 = DIRECTION('',(0.,0.,1.));
#8195 = ORIENTED_EDGE('',*,*,#8196,.F.);
#8196 = EDGE_CURVE('',#8171,#8189,#8197,.T.);
#8197 = B_SPLINE_CURVE_WITH_KNOTS('',2,(#8198,#8199,#8200),
  .UNSPECIFIED.,.F.,.F.,(3,3),(0.,1.),.PIECEWISE_BEZIER_KNOTS.);
#8198 = CARTESIAN_POINT('',(80.298590652122,46.566605621467,26.));
#8199 = CARTESIAN_POINT('',(80.674416752926,46.904212118799,26.));
#8200 = CARTESIAN_POINT('',(80.750855959869,47.46476630305,26.));
#8201 = SURFACE_OF_LINEAR_EXTRUSION('',#8202,#8206);
#8202 = B_SPLINE_CURVE_WITH_KNOTS('',2,(#8203,#8204,#8205),
  .UNSPECIFIED.,.F.,.F.,(3,3),(0.,1.),.PIECEWISE_BEZIER_KNOTS.);
#8203 = CARTESIAN_POINT('',(80.298590652122,46.566605621467,26.));
#8204 = CARTESIAN_POINT('',(80.674416752926,46.904212118799,26.));
#8205 = CARTESIAN_POINT('',(80.750855959869,47.46476630305,26.));
#8206 = VECTOR('',#8207,1.);
#8207 = DIRECTION('',(-0.,-0.,-1.));
#8208 = ADVANCED_FACE('',(#8209),#8234,.T.);
#8209 = FACE_BOUND('',#8210,.T.);
#8210 = EDGE_LOOP('',(#8211,#8221,#8227,#8228));
#8211 = ORIENTED_EDGE('',*,*,#8212,.T.);
#8212 = EDGE_CURVE('',#8213,#8215,#8217,.T.);
#8213 = VERTEX_POINT('',#8214);
#8214 = CARTESIAN_POINT('',(79.374950234891,46.228999124134,26.));
#8215 = VERTEX_POINT('',#8216);
#8216 = CARTESIAN_POINT('',(79.374950234891,46.228999124134,26.6));
#8217 = LINE('',#8218,#8219);
#8218 = CARTESIAN_POINT('',(79.374950234891,46.228999124134,26.));
#8219 = VECTOR('',#8220,1.);
#8220 = DIRECTION('',(0.,0.,1.));
#8221 = ORIENTED_EDGE('',*,*,#8222,.T.);
#8222 = EDGE_CURVE('',#8215,#8173,#8223,.T.);
#8223 = B_SPLINE_CURVE_WITH_KNOTS('',2,(#8224,#8225,#8226),
  .UNSPECIFIED.,.F.,.F.,(3,3),(0.,1.),.PIECEWISE_BEZIER_KNOTS.);
#8224 = CARTESIAN_POINT('',(79.374950234891,46.228999124134,26.6));
#8225 = CARTESIAN_POINT('',(79.922764551318,46.228999124134,26.6));
#8226 = CARTESIAN_POINT('',(80.298590652122,46.566605621467,26.6));
#8227 = ORIENTED_EDGE('',*,*,#8170,.F.);
#8228 = ORIENTED_EDGE('',*,*,#8229,.F.);
#8229 = EDGE_CURVE('',#8213,#8171,#8230,.T.);
#8230 = B_SPLINE_CURVE_WITH_KNOTS('',2,(#8231,#8232,#8233),
  .UNSPECIFIED.,.F.,.F.,(3,3),(0.,1.),.PIECEWISE_BEZIER_KNOTS.);
#8231 = CARTESIAN_POINT('',(79.374950234891,46.228999124134,26.));
#8232 = CARTESIAN_POINT('',(79.922764551318,46.228999124134,26.));
#8233 = CARTESIAN_POINT('',(80.298590652122,46.566605621467,26.));
#8234 = SURFACE_OF_LINEAR_EXTRUSION('',#8235,#8239);
#8235 = B_SPLINE_CURVE_WITH_KNOTS('',2,(#8236,#8237,#8238),
  .UNSPECIFIED.,.F.,.F.,(3,3),(0.,1.),.PIECEWISE_BEZIER_KNOTS.);
#8236 = CARTESIAN_POINT('',(79.374950234891,46.228999124134,26.));
#8237 = CARTESIAN_POINT('',(79.922764551318,46.228999124134,26.));
#8238 = CARTESIAN_POINT('',(80.298590652122,46.566605621467,26.));
#8239 = VECTOR('',#8240,1.);
#8240 = DIRECTION('',(-0.,-0.,-1.));
#8241 = ADVANCED_FACE('',(#8242),#8267,.T.);
#8242 = FACE_BOUND('',#8243,.T.);
#8243 = EDGE_LOOP('',(#8244,#8254,#8260,#8261));
#8244 = ORIENTED_EDGE('',*,*,#8245,.T.);
#8245 = EDGE_CURVE('',#8246,#8248,#8250,.T.);
#8246 = VERTEX_POINT('',#8247);
#8247 = CARTESIAN_POINT('',(78.438569949837,46.566605621467,26.));
#8248 = VERTEX_POINT('',#8249);
#8249 = CARTESIAN_POINT('',(78.438569949837,46.566605621467,26.6));
#8250 = LINE('',#8251,#8252);
#8251 = CARTESIAN_POINT('',(78.438569949837,46.566605621467,26.));
#8252 = VECTOR('',#8253,1.);
#8253 = DIRECTION('',(0.,0.,1.));
#8254 = ORIENTED_EDGE('',*,*,#8255,.T.);
#8255 = EDGE_CURVE('',#8248,#8215,#8256,.T.);
#8256 = B_SPLINE_CURVE_WITH_KNOTS('',2,(#8257,#8258,#8259),
  .UNSPECIFIED.,.F.,.F.,(3,3),(0.,1.),.PIECEWISE_BEZIER_KNOTS.);
#8257 = CARTESIAN_POINT('',(78.438569949837,46.566605621467,26.6));
#8258 = CARTESIAN_POINT('',(78.814396050641,46.228999124134,26.6));
#8259 = CARTESIAN_POINT('',(79.374950234891,46.228999124134,26.6));
#8260 = ORIENTED_EDGE('',*,*,#8212,.F.);
#8261 = ORIENTED_EDGE('',*,*,#8262,.F.);
#8262 = EDGE_CURVE('',#8246,#8213,#8263,.T.);
#8263 = B_SPLINE_CURVE_WITH_KNOTS('',2,(#8264,#8265,#8266),
  .UNSPECIFIED.,.F.,.F.,(3,3),(0.,1.),.PIECEWISE_BEZIER_KNOTS.);
#8264 = CARTESIAN_POINT('',(78.438569949837,46.566605621467,26.));
#8265 = CARTESIAN_POINT('',(78.814396050641,46.228999124134,26.));
#8266 = CARTESIAN_POINT('',(79.374950234891,46.228999124134,26.));
#8267 = SURFACE_OF_LINEAR_EXTRUSION('',#8268,#8272);
#8268 = B_SPLINE_CURVE_WITH_KNOTS('',2,(#8269,#8270,#8271),
  .UNSPECIFIED.,.F.,.F.,(3,3),(0.,1.),.PIECEWISE_BEZIER_KNOTS.);
#8269 = CARTESIAN_POINT('',(78.438569949837,46.566605621467,26.));
#8270 = CARTESIAN_POINT('',(78.814396050641,46.228999124134,26.));
#8271 = CARTESIAN_POINT('',(79.374950234891,46.228999124134,26.));
#8272 = VECTOR('',#8273,1.);
#8273 = DIRECTION('',(-0.,-0.,-1.));
#8274 = ADVANCED_FACE('',(#8275),#8300,.T.);
#8275 = FACE_BOUND('',#8276,.T.);
#8276 = EDGE_LOOP('',(#8277,#8287,#8293,#8294));
#8277 = ORIENTED_EDGE('',*,*,#8278,.T.);
#8278 = EDGE_CURVE('',#8279,#8281,#8283,.T.);
#8279 = VERTEX_POINT('',#8280);
#8280 = CARTESIAN_POINT('',(77.999044509913,47.46476630305,26.));
#8281 = VERTEX_POINT('',#8282);
#8282 = CARTESIAN_POINT('',(77.999044509913,47.46476630305,26.6));
#8283 = LINE('',#8284,#8285);
#8284 = CARTESIAN_POINT('',(77.999044509913,47.46476630305,26.));
#8285 = VECTOR('',#8286,1.);
#8286 = DIRECTION('',(0.,0.,1.));
#8287 = ORIENTED_EDGE('',*,*,#8288,.T.);
#8288 = EDGE_CURVE('',#8281,#8248,#8289,.T.);
#8289 = B_SPLINE_CURVE_WITH_KNOTS('',2,(#8290,#8291,#8292),
  .UNSPECIFIED.,.F.,.F.,(3,3),(0.,1.),.PIECEWISE_BEZIER_KNOTS.);
#8290 = CARTESIAN_POINT('',(77.999044509913,47.46476630305,26.6));
#8291 = CARTESIAN_POINT('',(78.062743849033,46.904212118799,26.6));
#8292 = CARTESIAN_POINT('',(78.438569949837,46.566605621467,26.6));
#8293 = ORIENTED_EDGE('',*,*,#8245,.F.);
#8294 = ORIENTED_EDGE('',*,*,#8295,.F.);
#8295 = EDGE_CURVE('',#8279,#8246,#8296,.T.);
#8296 = B_SPLINE_CURVE_WITH_KNOTS('',2,(#8297,#8298,#8299),
  .UNSPECIFIED.,.F.,.F.,(3,3),(0.,1.),.PIECEWISE_BEZIER_KNOTS.);
#8297 = CARTESIAN_POINT('',(77.999044509913,47.46476630305,26.));
#8298 = CARTESIAN_POINT('',(78.062743849033,46.904212118799,26.));
#8299 = CARTESIAN_POINT('',(78.438569949837,46.566605621467,26.));
#8300 = SURFACE_OF_LINEAR_EXTRUSION('',#8301,#8305);
#8301 = B_SPLINE_CURVE_WITH_KNOTS('',2,(#8302,#8303,#8304),
  .UNSPECIFIED.,.F.,.F.,(3,3),(0.,1.),.PIECEWISE_BEZIER_KNOTS.);
#8302 = CARTESIAN_POINT('',(77.999044509913,47.46476630305,26.));
#8303 = CARTESIAN_POINT('',(78.062743849033,46.904212118799,26.));
#8304 = CARTESIAN_POINT('',(78.438569949837,46.566605621467,26.));
#8305 = VECTOR('',#8306,1.);
#8306 = DIRECTION('',(-0.,-0.,-1.));
#8307 = ADVANCED_FACE('',(#8308),#8333,.T.);
#8308 = FACE_BOUND('',#8309,.T.);
#8309 = EDGE_LOOP('',(#8310,#8320,#8326,#8327));
#8310 = ORIENTED_EDGE('',*,*,#8311,.T.);
#8311 = EDGE_CURVE('',#8312,#8314,#8316,.T.);
#8312 = VERTEX_POINT('',#8313);
#8313 = CARTESIAN_POINT('',(77.948085038618,48.764232821084,26.));
#8314 = VERTEX_POINT('',#8315);
#8315 = CARTESIAN_POINT('',(77.948085038618,48.764232821084,26.6));
#8316 = LINE('',#8317,#8318);
#8317 = CARTESIAN_POINT('',(77.948085038618,48.764232821084,26.));
#8318 = VECTOR('',#8319,1.);
#8319 = DIRECTION('',(0.,0.,1.));
#8320 = ORIENTED_EDGE('',*,*,#8321,.T.);
#8321 = EDGE_CURVE('',#8314,#8281,#8322,.T.);
#8322 = B_SPLINE_CURVE_WITH_KNOTS('',2,(#8323,#8324,#8325),
  .UNSPECIFIED.,.F.,.F.,(3,3),(0.,1.),.PIECEWISE_BEZIER_KNOTS.);
#8323 = CARTESIAN_POINT('',(77.948085038618,48.764232821084,26.6));
#8324 = CARTESIAN_POINT('',(77.948085038618,47.923401544709,26.6));
#8325 = CARTESIAN_POINT('',(77.999044509913,47.46476630305,26.6));
#8326 = ORIENTED_EDGE('',*,*,#8278,.F.);
#8327 = ORIENTED_EDGE('',*,*,#8328,.F.);
#8328 = EDGE_CURVE('',#8312,#8279,#8329,.T.);
#8329 = B_SPLINE_CURVE_WITH_KNOTS('',2,(#8330,#8331,#8332),
  .UNSPECIFIED.,.F.,.F.,(3,3),(0.,1.),.PIECEWISE_BEZIER_KNOTS.);
#8330 = CARTESIAN_POINT('',(77.948085038618,48.764232821084,26.));
#8331 = CARTESIAN_POINT('',(77.948085038618,47.923401544709,26.));
#8332 = CARTESIAN_POINT('',(77.999044509913,47.46476630305,26.));
#8333 = SURFACE_OF_LINEAR_EXTRUSION('',#8334,#8338);
#8334 = B_SPLINE_CURVE_WITH_KNOTS('',2,(#8335,#8336,#8337),
  .UNSPECIFIED.,.F.,.F.,(3,3),(0.,1.),.PIECEWISE_BEZIER_KNOTS.);
#8335 = CARTESIAN_POINT('',(77.948085038618,48.764232821084,26.));
#8336 = CARTESIAN_POINT('',(77.948085038618,47.923401544709,26.));
#8337 = CARTESIAN_POINT('',(77.999044509913,47.46476630305,26.));
#8338 = VECTOR('',#8339,1.);
#8339 = DIRECTION('',(-0.,-0.,-1.));
#8340 = ADVANCED_FACE('',(#8341),#8366,.T.);
#8341 = FACE_BOUND('',#8342,.T.);
#8342 = EDGE_LOOP('',(#8343,#8353,#8359,#8360));
#8343 = ORIENTED_EDGE('',*,*,#8344,.T.);
#8344 = EDGE_CURVE('',#8345,#8347,#8349,.T.);
#8345 = VERTEX_POINT('',#8346);
#8346 = CARTESIAN_POINT('',(77.999044509913,50.063699339119,26.));
#8347 = VERTEX_POINT('',#8348);
#8348 = CARTESIAN_POINT('',(77.999044509913,50.063699339119,26.6));
#8349 = LINE('',#8350,#8351);
#8350 = CARTESIAN_POINT('',(77.999044509913,50.063699339119,26.));
#8351 = VECTOR('',#8352,1.);
#8352 = DIRECTION('',(0.,0.,1.));
#8353 = ORIENTED_EDGE('',*,*,#8354,.T.);
#8354 = EDGE_CURVE('',#8347,#8314,#8355,.T.);
#8355 = B_SPLINE_CURVE_WITH_KNOTS('',2,(#8356,#8357,#8358),
  .UNSPECIFIED.,.F.,.F.,(3,3),(0.,1.),.PIECEWISE_BEZIER_KNOTS.);
#8356 = CARTESIAN_POINT('',(77.999044509913,50.063699339119,26.6));
#8357 = CARTESIAN_POINT('',(77.948085038618,49.60506409746,26.6));
#8358 = CARTESIAN_POINT('',(77.948085038618,48.764232821084,26.6));
#8359 = ORIENTED_EDGE('',*,*,#8311,.F.);
#8360 = ORIENTED_EDGE('',*,*,#8361,.F.);
#8361 = EDGE_CURVE('',#8345,#8312,#8362,.T.);
#8362 = B_SPLINE_CURVE_WITH_KNOTS('',2,(#8363,#8364,#8365),
  .UNSPECIFIED.,.F.,.F.,(3,3),(0.,1.),.PIECEWISE_BEZIER_KNOTS.);
#8363 = CARTESIAN_POINT('',(77.999044509913,50.063699339119,26.));
#8364 = CARTESIAN_POINT('',(77.948085038618,49.60506409746,26.));
#8365 = CARTESIAN_POINT('',(77.948085038618,48.764232821084,26.));
#8366 = SURFACE_OF_LINEAR_EXTRUSION('',#8367,#8371);
#8367 = B_SPLINE_CURVE_WITH_KNOTS('',2,(#8368,#8369,#8370),
  .UNSPECIFIED.,.F.,.F.,(3,3),(0.,1.),.PIECEWISE_BEZIER_KNOTS.);
#8368 = CARTESIAN_POINT('',(77.999044509913,50.063699339119,26.));
#8369 = CARTESIAN_POINT('',(77.948085038618,49.60506409746,26.));
#8370 = CARTESIAN_POINT('',(77.948085038618,48.764232821084,26.));
#8371 = VECTOR('',#8372,1.);
#8372 = DIRECTION('',(-0.,-0.,-1.));
#8373 = ADVANCED_FACE('',(#8374),#8399,.T.);
#8374 = FACE_BOUND('',#8375,.T.);
#8375 = EDGE_LOOP('',(#8376,#8386,#8392,#8393));
#8376 = ORIENTED_EDGE('',*,*,#8377,.T.);
#8377 = EDGE_CURVE('',#8378,#8380,#8382,.T.);
#8378 = VERTEX_POINT('',#8379);
#8379 = CARTESIAN_POINT('',(78.444939883749,50.961860020702,26.));
#8380 = VERTEX_POINT('',#8381);
#8381 = CARTESIAN_POINT('',(78.444939883749,50.961860020702,26.6));
#8382 = LINE('',#8383,#8384);
#8383 = CARTESIAN_POINT('',(78.444939883749,50.961860020702,26.));
#8384 = VECTOR('',#8385,1.);
#8385 = DIRECTION('',(0.,0.,1.));
#8386 = ORIENTED_EDGE('',*,*,#8387,.T.);
#8387 = EDGE_CURVE('',#8380,#8347,#8388,.T.);
#8388 = B_SPLINE_CURVE_WITH_KNOTS('',2,(#8389,#8390,#8391),
  .UNSPECIFIED.,.F.,.F.,(3,3),(0.,1.),.PIECEWISE_BEZIER_KNOTS.);
#8389 = CARTESIAN_POINT('',(78.444939883749,50.961860020702,26.6));
#8390 = CARTESIAN_POINT('',(78.075483716856,50.62425352337,26.6));
#8391 = CARTESIAN_POINT('',(77.999044509913,50.063699339119,26.6));
#8392 = ORIENTED_EDGE('',*,*,#8344,.F.);
#8393 = ORIENTED_EDGE('',*,*,#8394,.F.);
#8394 = EDGE_CURVE('',#8378,#8345,#8395,.T.);
#8395 = B_SPLINE_CURVE_WITH_KNOTS('',2,(#8396,#8397,#8398),
  .UNSPECIFIED.,.F.,.F.,(3,3),(0.,1.),.PIECEWISE_BEZIER_KNOTS.);
#8396 = CARTESIAN_POINT('',(78.444939883749,50.961860020702,26.));
#8397 = CARTESIAN_POINT('',(78.075483716856,50.62425352337,26.));
#8398 = CARTESIAN_POINT('',(77.999044509913,50.063699339119,26.));
#8399 = SURFACE_OF_LINEAR_EXTRUSION('',#8400,#8404);
#8400 = B_SPLINE_CURVE_WITH_KNOTS('',2,(#8401,#8402,#8403),
  .UNSPECIFIED.,.F.,.F.,(3,3),(0.,1.),.PIECEWISE_BEZIER_KNOTS.);
#8401 = CARTESIAN_POINT('',(78.444939883749,50.961860020702,26.));
#8402 = CARTESIAN_POINT('',(78.075483716856,50.62425352337,26.));
#8403 = CARTESIAN_POINT('',(77.999044509913,50.063699339119,26.));
#8404 = VECTOR('',#8405,1.);
#8405 = DIRECTION('',(-0.,-0.,-1.));
#8406 = ADVANCED_FACE('',(#8407),#8432,.T.);
#8407 = FACE_BOUND('',#8408,.T.);
#8408 = EDGE_LOOP('',(#8409,#8419,#8425,#8426));
#8409 = ORIENTED_EDGE('',*,*,#8410,.T.);
#8410 = EDGE_CURVE('',#8411,#8413,#8415,.T.);
#8411 = VERTEX_POINT('',#8412);
#8412 = CARTESIAN_POINT('',(79.374950234891,51.299466518035,26.));
#8413 = VERTEX_POINT('',#8414);
#8414 = CARTESIAN_POINT('',(79.374950234891,51.299466518035,26.6));
#8415 = LINE('',#8416,#8417);
#8416 = CARTESIAN_POINT('',(79.374950234891,51.299466518035,26.));
#8417 = VECTOR('',#8418,1.);
#8418 = DIRECTION('',(0.,0.,1.));
#8419 = ORIENTED_EDGE('',*,*,#8420,.T.);
#8420 = EDGE_CURVE('',#8413,#8380,#8421,.T.);
#8421 = B_SPLINE_CURVE_WITH_KNOTS('',2,(#8422,#8423,#8424),
  .UNSPECIFIED.,.F.,.F.,(3,3),(0.,1.),.PIECEWISE_BEZIER_KNOTS.);
#8422 = CARTESIAN_POINT('',(79.374950234891,51.299466518035,26.6));
#8423 = CARTESIAN_POINT('',(78.814396050641,51.299466518035,26.6));
#8424 = CARTESIAN_POINT('',(78.444939883749,50.961860020702,26.6));
#8425 = ORIENTED_EDGE('',*,*,#8377,.F.);
#8426 = ORIENTED_EDGE('',*,*,#8427,.F.);
#8427 = EDGE_CURVE('',#8411,#8378,#8428,.T.);
#8428 = B_SPLINE_CURVE_WITH_KNOTS('',2,(#8429,#8430,#8431),
  .UNSPECIFIED.,.F.,.F.,(3,3),(0.,1.),.PIECEWISE_BEZIER_KNOTS.);
#8429 = CARTESIAN_POINT('',(79.374950234891,51.299466518035,26.));
#8430 = CARTESIAN_POINT('',(78.814396050641,51.299466518035,26.));
#8431 = CARTESIAN_POINT('',(78.444939883749,50.961860020702,26.));
#8432 = SURFACE_OF_LINEAR_EXTRUSION('',#8433,#8437);
#8433 = B_SPLINE_CURVE_WITH_KNOTS('',2,(#8434,#8435,#8436),
  .UNSPECIFIED.,.F.,.F.,(3,3),(0.,1.),.PIECEWISE_BEZIER_KNOTS.);
#8434 = CARTESIAN_POINT('',(79.374950234891,51.299466518035,26.));
#8435 = CARTESIAN_POINT('',(78.814396050641,51.299466518035,26.));
#8436 = CARTESIAN_POINT('',(78.444939883749,50.961860020702,26.));
#8437 = VECTOR('',#8438,1.);
#8438 = DIRECTION('',(-0.,-0.,-1.));
#8439 = ADVANCED_FACE('',(#8440),#8465,.T.);
#8440 = FACE_BOUND('',#8441,.T.);
#8441 = EDGE_LOOP('',(#8442,#8452,#8458,#8459));
#8442 = ORIENTED_EDGE('',*,*,#8443,.T.);
#8443 = EDGE_CURVE('',#8444,#8446,#8448,.T.);
#8444 = VERTEX_POINT('',#8445);
#8445 = CARTESIAN_POINT('',(80.311330519946,50.961860020702,26.));
#8446 = VERTEX_POINT('',#8447);
#8447 = CARTESIAN_POINT('',(80.311330519946,50.961860020702,26.6));
#8448 = LINE('',#8449,#8450);
#8449 = CARTESIAN_POINT('',(80.311330519946,50.961860020702,26.));
#8450 = VECTOR('',#8451,1.);
#8451 = DIRECTION('',(0.,0.,1.));
#8452 = ORIENTED_EDGE('',*,*,#8453,.T.);
#8453 = EDGE_CURVE('',#8446,#8413,#8454,.T.);
#8454 = B_SPLINE_CURVE_WITH_KNOTS('',2,(#8455,#8456,#8457),
  .UNSPECIFIED.,.F.,.F.,(3,3),(0.,1.),.PIECEWISE_BEZIER_KNOTS.);
#8455 = CARTESIAN_POINT('',(80.311330519946,50.961860020702,26.6));
#8456 = CARTESIAN_POINT('',(79.935504419142,51.299466518035,26.6));
#8457 = CARTESIAN_POINT('',(79.374950234891,51.299466518035,26.6));
#8458 = ORIENTED_EDGE('',*,*,#8410,.F.);
#8459 = ORIENTED_EDGE('',*,*,#8460,.F.);
#8460 = EDGE_CURVE('',#8444,#8411,#8461,.T.);
#8461 = B_SPLINE_CURVE_WITH_KNOTS('',2,(#8462,#8463,#8464),
  .UNSPECIFIED.,.F.,.F.,(3,3),(0.,1.),.PIECEWISE_BEZIER_KNOTS.);
#8462 = CARTESIAN_POINT('',(80.311330519946,50.961860020702,26.));
#8463 = CARTESIAN_POINT('',(79.935504419142,51.299466518035,26.));
#8464 = CARTESIAN_POINT('',(79.374950234891,51.299466518035,26.));
#8465 = SURFACE_OF_LINEAR_EXTRUSION('',#8466,#8470);
#8466 = B_SPLINE_CURVE_WITH_KNOTS('',2,(#8467,#8468,#8469),
  .UNSPECIFIED.,.F.,.F.,(3,3),(0.,1.),.PIECEWISE_BEZIER_KNOTS.);
#8467 = CARTESIAN_POINT('',(80.311330519946,50.961860020702,26.));
#8468 = CARTESIAN_POINT('',(79.935504419142,51.299466518035,26.));
#8469 = CARTESIAN_POINT('',(79.374950234891,51.299466518035,26.));
#8470 = VECTOR('',#8471,1.);
#8471 = DIRECTION('',(-0.,-0.,-1.));
#8472 = ADVANCED_FACE('',(#8473),#8498,.T.);
#8473 = FACE_BOUND('',#8474,.T.);
#8474 = EDGE_LOOP('',(#8475,#8485,#8491,#8492));
#8475 = ORIENTED_EDGE('',*,*,#8476,.T.);
#8476 = EDGE_CURVE('',#8477,#8479,#8481,.T.);
#8477 = VERTEX_POINT('',#8478);
#8478 = CARTESIAN_POINT('',(80.750855959869,50.063699339119,26.));
#8479 = VERTEX_POINT('',#8480);
#8480 = CARTESIAN_POINT('',(80.750855959869,50.063699339119,26.6));
#8481 = LINE('',#8482,#8483);
#8482 = CARTESIAN_POINT('',(80.750855959869,50.063699339119,26.));
#8483 = VECTOR('',#8484,1.);
#8484 = DIRECTION('',(0.,0.,1.));
#8485 = ORIENTED_EDGE('',*,*,#8486,.T.);
#8486 = EDGE_CURVE('',#8479,#8446,#8487,.T.);
#8487 = B_SPLINE_CURVE_WITH_KNOTS('',2,(#8488,#8489,#8490),
  .UNSPECIFIED.,.F.,.F.,(3,3),(0.,1.),.PIECEWISE_BEZIER_KNOTS.);
#8488 = CARTESIAN_POINT('',(80.750855959869,50.063699339119,26.6));
#8489 = CARTESIAN_POINT('',(80.68715662075,50.62425352337,26.6));
#8490 = CARTESIAN_POINT('',(80.311330519946,50.961860020702,26.6));
#8491 = ORIENTED_EDGE('',*,*,#8443,.F.);
#8492 = ORIENTED_EDGE('',*,*,#8493,.F.);
#8493 = EDGE_CURVE('',#8477,#8444,#8494,.T.);
#8494 = B_SPLINE_CURVE_WITH_KNOTS('',2,(#8495,#8496,#8497),
  .UNSPECIFIED.,.F.,.F.,(3,3),(0.,1.),.PIECEWISE_BEZIER_KNOTS.);
#8495 = CARTESIAN_POINT('',(80.750855959869,50.063699339119,26.));
#8496 = CARTESIAN_POINT('',(80.68715662075,50.62425352337,26.));
#8497 = CARTESIAN_POINT('',(80.311330519946,50.961860020702,26.));
#8498 = SURFACE_OF_LINEAR_EXTRUSION('',#8499,#8503);
#8499 = B_SPLINE_CURVE_WITH_KNOTS('',2,(#8500,#8501,#8502),
  .UNSPECIFIED.,.F.,.F.,(3,3),(0.,1.),.PIECEWISE_BEZIER_KNOTS.);
#8500 = CARTESIAN_POINT('',(80.750855959869,50.063699339119,26.));
#8501 = CARTESIAN_POINT('',(80.68715662075,50.62425352337,26.));
#8502 = CARTESIAN_POINT('',(80.311330519946,50.961860020702,26.));
#8503 = VECTOR('',#8504,1.);
#8504 = DIRECTION('',(-0.,-0.,-1.));
#8505 = ADVANCED_FACE('',(#8506),#8531,.T.);
#8506 = FACE_BOUND('',#8507,.T.);
#8507 = EDGE_LOOP('',(#8508,#8518,#8524,#8525));
#8508 = ORIENTED_EDGE('',*,*,#8509,.T.);
#8509 = EDGE_CURVE('',#8510,#8512,#8514,.T.);
#8510 = VERTEX_POINT('',#8511);
#8511 = CARTESIAN_POINT('',(80.801815431165,48.764232821084,26.));
#8512 = VERTEX_POINT('',#8513);
#8513 = CARTESIAN_POINT('',(80.801815431165,48.764232821084,26.6));
#8514 = LINE('',#8515,#8516);
#8515 = CARTESIAN_POINT('',(80.801815431165,48.764232821084,26.));
#8516 = VECTOR('',#8517,1.);
#8517 = DIRECTION('',(0.,0.,1.));
#8518 = ORIENTED_EDGE('',*,*,#8519,.T.);
#8519 = EDGE_CURVE('',#8512,#8479,#8520,.T.);
#8520 = B_SPLINE_CURVE_WITH_KNOTS('',2,(#8521,#8522,#8523),
  .UNSPECIFIED.,.F.,.F.,(3,3),(0.,1.),.PIECEWISE_BEZIER_KNOTS.);
#8521 = CARTESIAN_POINT('',(80.801815431165,48.764232821084,26.6));
#8522 = CARTESIAN_POINT('',(80.801815431165,49.60506409746,26.6));
#8523 = CARTESIAN_POINT('',(80.750855959869,50.063699339119,26.6));
#8524 = ORIENTED_EDGE('',*,*,#8476,.F.);
#8525 = ORIENTED_EDGE('',*,*,#8526,.F.);
#8526 = EDGE_CURVE('',#8510,#8477,#8527,.T.);
#8527 = B_SPLINE_CURVE_WITH_KNOTS('',2,(#8528,#8529,#8530),
  .UNSPECIFIED.,.F.,.F.,(3,3),(0.,1.),.PIECEWISE_BEZIER_KNOTS.);
#8528 = CARTESIAN_POINT('',(80.801815431165,48.764232821084,26.));
#8529 = CARTESIAN_POINT('',(80.801815431165,49.60506409746,26.));
#8530 = CARTESIAN_POINT('',(80.750855959869,50.063699339119,26.));
#8531 = SURFACE_OF_LINEAR_EXTRUSION('',#8532,#8536);
#8532 = B_SPLINE_CURVE_WITH_KNOTS('',2,(#8533,#8534,#8535),
  .UNSPECIFIED.,.F.,.F.,(3,3),(0.,1.),.PIECEWISE_BEZIER_KNOTS.);
#8533 = CARTESIAN_POINT('',(80.801815431165,48.764232821084,26.));
#8534 = CARTESIAN_POINT('',(80.801815431165,49.60506409746,26.));
#8535 = CARTESIAN_POINT('',(80.750855959869,50.063699339119,26.));
#8536 = VECTOR('',#8537,1.);
#8537 = DIRECTION('',(-0.,-0.,-1.));
#8538 = ADVANCED_FACE('',(#8539),#8555,.T.);
#8539 = FACE_BOUND('',#8540,.T.);
#8540 = EDGE_LOOP('',(#8541,#8542,#8548,#8549));
#8541 = ORIENTED_EDGE('',*,*,#8188,.T.);
#8542 = ORIENTED_EDGE('',*,*,#8543,.T.);
#8543 = EDGE_CURVE('',#8181,#8512,#8544,.T.);
#8544 = B_SPLINE_CURVE_WITH_KNOTS('',2,(#8545,#8546,#8547),
  .UNSPECIFIED.,.F.,.F.,(3,3),(0.,1.),.PIECEWISE_BEZIER_KNOTS.);
#8545 = CARTESIAN_POINT('',(80.750855959869,47.46476630305,26.6));
#8546 = CARTESIAN_POINT('',(80.801815431165,47.936141412533,26.6));
#8547 = CARTESIAN_POINT('',(80.801815431165,48.764232821084,26.6));
#8548 = ORIENTED_EDGE('',*,*,#8509,.F.);
#8549 = ORIENTED_EDGE('',*,*,#8550,.F.);
#8550 = EDGE_CURVE('',#8189,#8510,#8551,.T.);
#8551 = B_SPLINE_CURVE_WITH_KNOTS('',2,(#8552,#8553,#8554),
  .UNSPECIFIED.,.F.,.F.,(3,3),(0.,1.),.PIECEWISE_BEZIER_KNOTS.);
#8552 = CARTESIAN_POINT('',(80.750855959869,47.46476630305,26.));
#8553 = CARTESIAN_POINT('',(80.801815431165,47.936141412533,26.));
#8554 = CARTESIAN_POINT('',(80.801815431165,48.764232821084,26.));
#8555 = SURFACE_OF_LINEAR_EXTRUSION('',#8556,#8560);
#8556 = B_SPLINE_CURVE_WITH_KNOTS('',2,(#8557,#8558,#8559),
  .UNSPECIFIED.,.F.,.F.,(3,3),(0.,1.),.PIECEWISE_BEZIER_KNOTS.);
#8557 = CARTESIAN_POINT('',(80.750855959869,47.46476630305,26.));
#8558 = CARTESIAN_POINT('',(80.801815431165,47.936141412533,26.));
#8559 = CARTESIAN_POINT('',(80.801815431165,48.764232821084,26.));
#8560 = VECTOR('',#8561,1.);
#8561 = DIRECTION('',(-0.,-0.,-1.));
#8562 = ADVANCED_FACE('',(#8563,#8577),#8591,.T.);
#8563 = FACE_BOUND('',#8564,.T.);
#8564 = EDGE_LOOP('',(#8565,#8566,#8567,#8568,#8569,#8570,#8571,#8572,
    #8573,#8574,#8575,#8576));
#8565 = ORIENTED_EDGE('',*,*,#7800,.T.);
#8566 = ORIENTED_EDGE('',*,*,#7866,.T.);
#8567 = ORIENTED_EDGE('',*,*,#7932,.T.);
#8568 = ORIENTED_EDGE('',*,*,#7998,.T.);
#8569 = ORIENTED_EDGE('',*,*,#8064,.T.);
#8570 = ORIENTED_EDGE('',*,*,#8130,.T.);
#8571 = ORIENTED_EDGE('',*,*,#8154,.T.);
#8572 = ORIENTED_EDGE('',*,*,#8097,.T.);
#8573 = ORIENTED_EDGE('',*,*,#8031,.T.);
#8574 = ORIENTED_EDGE('',*,*,#7965,.T.);
#8575 = ORIENTED_EDGE('',*,*,#7899,.T.);
#8576 = ORIENTED_EDGE('',*,*,#7833,.T.);
#8577 = FACE_BOUND('',#8578,.T.);
#8578 = EDGE_LOOP('',(#8579,#8580,#8581,#8582,#8583,#8584,#8585,#8586,
    #8587,#8588,#8589,#8590));
#8579 = ORIENTED_EDGE('',*,*,#8196,.T.);
#8580 = ORIENTED_EDGE('',*,*,#8550,.T.);
#8581 = ORIENTED_EDGE('',*,*,#8526,.T.);
#8582 = ORIENTED_EDGE('',*,*,#8493,.T.);
#8583 = ORIENTED_EDGE('',*,*,#8460,.T.);
#8584 = ORIENTED_EDGE('',*,*,#8427,.T.);
#8585 = ORIENTED_EDGE('',*,*,#8394,.T.);
#8586 = ORIENTED_EDGE('',*,*,#8361,.T.);
#8587 = ORIENTED_EDGE('',*,*,#8328,.T.);
#8588 = ORIENTED_EDGE('',*,*,#8295,.T.);
#8589 = ORIENTED_EDGE('',*,*,#8262,.T.);
#8590 = ORIENTED_EDGE('',*,*,#8229,.T.);
#8591 = B_SPLINE_SURFACE_WITH_KNOTS('',1,1,(
    (#8592,#8593)
    ,(#8594,#8595
    )),.UNSPECIFIED.,.F.,.F.,.F.,(2,2),(2,2),(-18.29155574869,
    18.308444251304),(-26.09357362399,26.106426376004),
  .PIECEWISE_BEZIER_KNOTS.);
#8592 = CARTESIAN_POINT('',(81.70634604666,45.439127319054,26.));
#8593 = CARTESIAN_POINT('',(81.70634604666,52.089338323115,26.));
#8594 = CARTESIAN_POINT('',(77.043554423123,45.439127319054,26.));
#8595 = CARTESIAN_POINT('',(77.043554423123,52.089338323115,26.));
#8596 = ADVANCED_FACE('',(#8597,#8611),#8625,.F.);
#8597 = FACE_BOUND('',#8598,.F.);
#8598 = EDGE_LOOP('',(#8599,#8600,#8601,#8602,#8603,#8604,#8605,#8606,
    #8607,#8608,#8609,#8610));
#8599 = ORIENTED_EDGE('',*,*,#7784,.T.);
#8600 = ORIENTED_EDGE('',*,*,#7850,.T.);
#8601 = ORIENTED_EDGE('',*,*,#7916,.T.);
#8602 = ORIENTED_EDGE('',*,*,#7982,.T.);
#8603 = ORIENTED_EDGE('',*,*,#8048,.T.);
#8604 = ORIENTED_EDGE('',*,*,#8114,.T.);
#8605 = ORIENTED_EDGE('',*,*,#8147,.T.);
#8606 = ORIENTED_EDGE('',*,*,#8090,.T.);
#8607 = ORIENTED_EDGE('',*,*,#8024,.T.);
#8608 = ORIENTED_EDGE('',*,*,#7958,.T.);
#8609 = ORIENTED_EDGE('',*,*,#7892,.T.);
#8610 = ORIENTED_EDGE('',*,*,#7826,.T.);
#8611 = FACE_BOUND('',#8612,.F.);
#8612 = EDGE_LOOP('',(#8613,#8614,#8615,#8616,#8617,#8618,#8619,#8620,
    #8621,#8622,#8623,#8624));
#8613 = ORIENTED_EDGE('',*,*,#8180,.T.);
#8614 = ORIENTED_EDGE('',*,*,#8543,.T.);
#8615 = ORIENTED_EDGE('',*,*,#8519,.T.);
#8616 = ORIENTED_EDGE('',*,*,#8486,.T.);
#8617 = ORIENTED_EDGE('',*,*,#8453,.T.);
#8618 = ORIENTED_EDGE('',*,*,#8420,.T.);
#8619 = ORIENTED_EDGE('',*,*,#8387,.T.);
#8620 = ORIENTED_EDGE('',*,*,#8354,.T.);
#8621 = ORIENTED_EDGE('',*,*,#8321,.T.);
#8622 = ORIENTED_EDGE('',*,*,#8288,.T.);
#8623 = ORIENTED_EDGE('',*,*,#8255,.T.);
#8624 = ORIENTED_EDGE('',*,*,#8222,.T.);
#8625 = B_SPLINE_SURFACE_WITH_KNOTS('',1,1,(
    (#8626,#8627)
    ,(#8628,#8629
    )),.UNSPECIFIED.,.F.,.F.,.F.,(2,2),(2,2),(-18.29155574869,
    18.308444251304),(-26.09357362399,26.106426376004),
  .PIECEWISE_BEZIER_KNOTS.);
#8626 = CARTESIAN_POINT('',(81.70634604666,45.439127319054,26.6));
#8627 = CARTESIAN_POINT('',(81.70634604666,52.089338323115,26.6));
#8628 = CARTESIAN_POINT('',(77.043554423123,45.439127319054,26.6));
#8629 = CARTESIAN_POINT('',(77.043554423123,52.089338323115,26.6));
#8630 = MANIFOLD_SOLID_BREP('',#8631);
#8631 = CLOSED_SHELL('',(#8632,#8671,#8701,#8734,#8764,#8797,#8827,#8860
    ,#8893,#8923,#8956,#8986,#9019,#9049,#9082,#9115,#9145,#9178,#9208,
    #9241,#9274,#9304,#9337,#9367,#9400,#9430,#9463,#9496,#9526,#9559,
    #9589,#9613,#9652));
#8632 = ADVANCED_FACE('',(#8633),#8665,.T.);
#8633 = FACE_BOUND('',#8634,.T.);
#8634 = EDGE_LOOP('',(#8635,#8645,#8652,#8660));
#8635 = ORIENTED_EDGE('',*,*,#8636,.T.);
#8636 = EDGE_CURVE('',#8637,#8639,#8641,.T.);
#8637 = VERTEX_POINT('',#8638);
#8638 = CARTESIAN_POINT('',(84.152400668843,45.65570507206,26.));
#8639 = VERTEX_POINT('',#8640);
#8640 = CARTESIAN_POINT('',(84.152400668843,45.65570507206,26.6));
#8641 = LINE('',#8642,#8643);
#8642 = CARTESIAN_POINT('',(84.152400668843,45.65570507206,26.));
#8643 = VECTOR('',#8644,1.);
#8644 = DIRECTION('',(0.,0.,1.));
#8645 = ORIENTED_EDGE('',*,*,#8646,.T.);
#8646 = EDGE_CURVE('',#8639,#8647,#8649,.T.);
#8647 = VERTEX_POINT('',#8648);
#8648 = CARTESIAN_POINT('',(82.585396926507,51.847280834461,26.6));
#8649 = B_SPLINE_CURVE_WITH_KNOTS('',1,(#8650,#8651),.UNSPECIFIED.,.F.,
  .F.,(2,2),(0.,50.132324901205),.PIECEWISE_BEZIER_KNOTS.);
#8650 = CARTESIAN_POINT('',(84.152400668843,45.65570507206,26.6));
#8651 = CARTESIAN_POINT('',(82.585396926507,51.847280834461,26.6));
#8652 = ORIENTED_EDGE('',*,*,#8653,.F.);
#8653 = EDGE_CURVE('',#8654,#8647,#8656,.T.);
#8654 = VERTEX_POINT('',#8655);
#8655 = CARTESIAN_POINT('',(82.585396926507,51.847280834461,26.));
#8656 = LINE('',#8657,#8658);
#8657 = CARTESIAN_POINT('',(82.585396926507,51.847280834461,26.));
#8658 = VECTOR('',#8659,1.);
#8659 = DIRECTION('',(0.,0.,1.));
#8660 = ORIENTED_EDGE('',*,*,#8661,.F.);
#8661 = EDGE_CURVE('',#8637,#8654,#8662,.T.);
#8662 = B_SPLINE_CURVE_WITH_KNOTS('',1,(#8663,#8664),.UNSPECIFIED.,.F.,
  .F.,(2,2),(0.,50.132324901205),.PIECEWISE_BEZIER_KNOTS.);
#8663 = CARTESIAN_POINT('',(84.152400668843,45.65570507206,26.));
#8664 = CARTESIAN_POINT('',(82.585396926507,51.847280834461,26.));
#8665 = SURFACE_OF_LINEAR_EXTRUSION('',#8666,#8669);
#8666 = B_SPLINE_CURVE_WITH_KNOTS('',1,(#8667,#8668),.UNSPECIFIED.,.F.,
  .F.,(2,2),(0.,50.132324901205),.PIECEWISE_BEZIER_KNOTS.);
#8667 = CARTESIAN_POINT('',(84.152400668843,45.65570507206,26.));
#8668 = CARTESIAN_POINT('',(82.585396926507,51.847280834461,26.));
#8669 = VECTOR('',#8670,1.);
#8670 = DIRECTION('',(-0.,-0.,-1.));
#8671 = ADVANCED_FACE('',(#8672),#8695,.T.);
#8672 = FACE_BOUND('',#8673,.T.);
#8673 = EDGE_LOOP('',(#8674,#8675,#8682,#8690));
#8674 = ORIENTED_EDGE('',*,*,#8653,.T.);
#8675 = ORIENTED_EDGE('',*,*,#8676,.T.);
#8676 = EDGE_CURVE('',#8647,#8677,#8679,.T.);
#8677 = VERTEX_POINT('',#8678);
#8678 = CARTESIAN_POINT('',(82.572657058683,51.898240305757,26.6));
#8679 = B_SPLINE_CURVE_WITH_KNOTS('',1,(#8680,#8681),.UNSPECIFIED.,.F.,
  .F.,(2,2),(0.,0.412310562562),.PIECEWISE_BEZIER_KNOTS.);
#8680 = CARTESIAN_POINT('',(82.585396926507,51.847280834461,26.6));
#8681 = CARTESIAN_POINT('',(82.572657058683,51.898240305757,26.6));
#8682 = ORIENTED_EDGE('',*,*,#8683,.F.);
#8683 = EDGE_CURVE('',#8684,#8677,#8686,.T.);
#8684 = VERTEX_POINT('',#8685);
#8685 = CARTESIAN_POINT('',(82.572657058683,51.898240305757,26.));
#8686 = LINE('',#8687,#8688);
#8687 = CARTESIAN_POINT('',(82.572657058683,51.898240305757,26.));
#8688 = VECTOR('',#8689,1.);
#8689 = DIRECTION('',(0.,0.,1.));
#8690 = ORIENTED_EDGE('',*,*,#8691,.F.);
#8691 = EDGE_CURVE('',#8654,#8684,#8692,.T.);
#8692 = B_SPLINE_CURVE_WITH_KNOTS('',1,(#8693,#8694),.UNSPECIFIED.,.F.,
  .F.,(2,2),(0.,0.412310562562),.PIECEWISE_BEZIER_KNOTS.);
#8693 = CARTESIAN_POINT('',(82.585396926507,51.847280834461,26.));
#8694 = CARTESIAN_POINT('',(82.572657058683,51.898240305757,26.));
#8695 = SURFACE_OF_LINEAR_EXTRUSION('',#8696,#8699);
#8696 = B_SPLINE_CURVE_WITH_KNOTS('',1,(#8697,#8698),.UNSPECIFIED.,.F.,
  .F.,(2,2),(0.,0.412310562562),.PIECEWISE_BEZIER_KNOTS.);
#8697 = CARTESIAN_POINT('',(82.585396926507,51.847280834461,26.));
#8698 = CARTESIAN_POINT('',(82.572657058683,51.898240305757,26.));
#8699 = VECTOR('',#8700,1.);
#8700 = DIRECTION('',(-0.,-0.,-1.));
#8701 = ADVANCED_FACE('',(#8702),#8727,.T.);
#8702 = FACE_BOUND('',#8703,.T.);
#8703 = EDGE_LOOP('',(#8704,#8705,#8713,#8721));
#8704 = ORIENTED_EDGE('',*,*,#8683,.T.);
#8705 = ORIENTED_EDGE('',*,*,#8706,.T.);
#8706 = EDGE_CURVE('',#8677,#8707,#8709,.T.);
#8707 = VERTEX_POINT('',#8708);
#8708 = CARTESIAN_POINT('',(82.687315869098,51.987419380524,26.6));
#8709 = B_SPLINE_CURVE_WITH_KNOTS('',2,(#8710,#8711,#8712),
  .UNSPECIFIED.,.F.,.F.,(3,3),(0.,1.),.PIECEWISE_BEZIER_KNOTS.);
#8710 = CARTESIAN_POINT('',(82.572657058683,51.898240305757,26.6));
#8711 = CARTESIAN_POINT('',(82.572657058683,51.987419380524,26.6));
#8712 = CARTESIAN_POINT('',(82.687315869098,51.987419380524,26.6));
#8713 = ORIENTED_EDGE('',*,*,#8714,.F.);
#8714 = EDGE_CURVE('',#8715,#8707,#8717,.T.);
#8715 = VERTEX_POINT('',#8716);
#8716 = CARTESIAN_POINT('',(82.687315869098,51.987419380524,26.));
#8717 = LINE('',#8718,#8719);
#8718 = CARTESIAN_POINT('',(82.687315869098,51.987419380524,26.));
#8719 = VECTOR('',#8720,1.);
#8720 = DIRECTION('',(0.,0.,1.));
#8721 = ORIENTED_EDGE('',*,*,#8722,.F.);
#8722 = EDGE_CURVE('',#8684,#8715,#8723,.T.);
#8723 = B_SPLINE_CURVE_WITH_KNOTS('',2,(#8724,#8725,#8726),
  .UNSPECIFIED.,.F.,.F.,(3,3),(0.,1.),.PIECEWISE_BEZIER_KNOTS.);
#8724 = CARTESIAN_POINT('',(82.572657058683,51.898240305757,26.));
#8725 = CARTESIAN_POINT('',(82.572657058683,51.987419380524,26.));
#8726 = CARTESIAN_POINT('',(82.687315869098,51.987419380524,26.));
#8727 = SURFACE_OF_LINEAR_EXTRUSION('',#8728,#8732);
#8728 = B_SPLINE_CURVE_WITH_KNOTS('',2,(#8729,#8730,#8731),
  .UNSPECIFIED.,.F.,.F.,(3,3),(0.,1.),.PIECEWISE_BEZIER_KNOTS.);
#8729 = CARTESIAN_POINT('',(82.572657058683,51.898240305757,26.));
#8730 = CARTESIAN_POINT('',(82.572657058683,51.987419380524,26.));
#8731 = CARTESIAN_POINT('',(82.687315869098,51.987419380524,26.));
#8732 = VECTOR('',#8733,1.);
#8733 = DIRECTION('',(-0.,-0.,-1.));
#8734 = ADVANCED_FACE('',(#8735),#8758,.T.);
#8735 = FACE_BOUND('',#8736,.T.);
#8736 = EDGE_LOOP('',(#8737,#8738,#8745,#8753));
#8737 = ORIENTED_EDGE('',*,*,#8714,.T.);
#8738 = ORIENTED_EDGE('',*,*,#8739,.T.);
#8739 = EDGE_CURVE('',#8707,#8740,#8742,.T.);
#8740 = VERTEX_POINT('',#8741);
#8741 = CARTESIAN_POINT('',(83.324309260291,51.987419380524,26.6));
#8742 = B_SPLINE_CURVE_WITH_KNOTS('',1,(#8743,#8744),.UNSPECIFIED.,.F.,
  .F.,(2,2),(0.,5.),.PIECEWISE_BEZIER_KNOTS.);
#8743 = CARTESIAN_POINT('',(82.687315869098,51.987419380524,26.6));
#8744 = CARTESIAN_POINT('',(83.324309260291,51.987419380524,26.6));
#8745 = ORIENTED_EDGE('',*,*,#8746,.F.);
#8746 = EDGE_CURVE('',#8747,#8740,#8749,.T.);
#8747 = VERTEX_POINT('',#8748);
#8748 = CARTESIAN_POINT('',(83.324309260291,51.987419380524,26.));
#8749 = LINE('',#8750,#8751);
#8750 = CARTESIAN_POINT('',(83.324309260291,51.987419380524,26.));
#8751 = VECTOR('',#8752,1.);
#8752 = DIRECTION('',(0.,0.,1.));
#8753 = ORIENTED_EDGE('',*,*,#8754,.F.);
#8754 = EDGE_CURVE('',#8715,#8747,#8755,.T.);
#8755 = B_SPLINE_CURVE_WITH_KNOTS('',1,(#8756,#8757),.UNSPECIFIED.,.F.,
  .F.,(2,2),(0.,5.),.PIECEWISE_BEZIER_KNOTS.);
#8756 = CARTESIAN_POINT('',(82.687315869098,51.987419380524,26.));
#8757 = CARTESIAN_POINT('',(83.324309260291,51.987419380524,26.));
#8758 = SURFACE_OF_LINEAR_EXTRUSION('',#8759,#8762);
#8759 = B_SPLINE_CURVE_WITH_KNOTS('',1,(#8760,#8761),.UNSPECIFIED.,.F.,
  .F.,(2,2),(0.,5.),.PIECEWISE_BEZIER_KNOTS.);
#8760 = CARTESIAN_POINT('',(82.687315869098,51.987419380524,26.));
#8761 = CARTESIAN_POINT('',(83.324309260291,51.987419380524,26.));
#8762 = VECTOR('',#8763,1.);
#8763 = DIRECTION('',(-0.,-0.,-1.));
#8764 = ADVANCED_FACE('',(#8765),#8790,.T.);
#8765 = FACE_BOUND('',#8766,.T.);
#8766 = EDGE_LOOP('',(#8767,#8768,#8776,#8784));
#8767 = ORIENTED_EDGE('',*,*,#8746,.T.);
#8768 = ORIENTED_EDGE('',*,*,#8769,.T.);
#8769 = EDGE_CURVE('',#8740,#8770,#8772,.T.);
#8770 = VERTEX_POINT('',#8771);
#8771 = CARTESIAN_POINT('',(83.464447806354,51.872760570109,26.6));
#8772 = B_SPLINE_CURVE_WITH_KNOTS('',2,(#8773,#8774,#8775),
  .UNSPECIFIED.,.F.,.F.,(3,3),(0.,1.),.PIECEWISE_BEZIER_KNOTS.);
#8773 = CARTESIAN_POINT('',(83.324309260291,51.987419380524,26.6));
#8774 = CARTESIAN_POINT('',(83.438968070706,51.987419380524,26.6));
#8775 = CARTESIAN_POINT('',(83.464447806354,51.872760570109,26.6));
#8776 = ORIENTED_EDGE('',*,*,#8777,.F.);
#8777 = EDGE_CURVE('',#8778,#8770,#8780,.T.);
#8778 = VERTEX_POINT('',#8779);
#8779 = CARTESIAN_POINT('',(83.464447806354,51.872760570109,26.));
#8780 = LINE('',#8781,#8782);
#8781 = CARTESIAN_POINT('',(83.464447806354,51.872760570109,26.));
#8782 = VECTOR('',#8783,1.);
#8783 = DIRECTION('',(0.,0.,1.));
#8784 = ORIENTED_EDGE('',*,*,#8785,.F.);
#8785 = EDGE_CURVE('',#8747,#8778,#8786,.T.);
#8786 = B_SPLINE_CURVE_WITH_KNOTS('',2,(#8787,#8788,#8789),
  .UNSPECIFIED.,.F.,.F.,(3,3),(0.,1.),.PIECEWISE_BEZIER_KNOTS.);
#8787 = CARTESIAN_POINT('',(83.324309260291,51.987419380524,26.));
#8788 = CARTESIAN_POINT('',(83.438968070706,51.987419380524,26.));
#8789 = CARTESIAN_POINT('',(83.464447806354,51.872760570109,26.));
#8790 = SURFACE_OF_LINEAR_EXTRUSION('',#8791,#8795);
#8791 = B_SPLINE_CURVE_WITH_KNOTS('',2,(#8792,#8793,#8794),
  .UNSPECIFIED.,.F.,.F.,(3,3),(0.,1.),.PIECEWISE_BEZIER_KNOTS.);
#8792 = CARTESIAN_POINT('',(83.324309260291,51.987419380524,26.));
#8793 = CARTESIAN_POINT('',(83.438968070706,51.987419380524,26.));
#8794 = CARTESIAN_POINT('',(83.464447806354,51.872760570109,26.));
#8795 = VECTOR('',#8796,1.);
#8796 = DIRECTION('',(-0.,-0.,-1.));
#8797 = ADVANCED_FACE('',(#8798),#8821,.T.);
#8798 = FACE_BOUND('',#8799,.T.);
#8799 = EDGE_LOOP('',(#8800,#8801,#8808,#8816));
#8800 = ORIENTED_EDGE('',*,*,#8777,.T.);
#8801 = ORIENTED_EDGE('',*,*,#8802,.T.);
#8802 = EDGE_CURVE('',#8770,#8803,#8805,.T.);
#8803 = VERTEX_POINT('',#8804);
#8804 = CARTESIAN_POINT('',(84.611035910502,46.980651325742,26.6));
#8805 = B_SPLINE_CURVE_WITH_KNOTS('',1,(#8806,#8807),.UNSPECIFIED.,.F.,
  .F.,(2,2),(0.,39.440588230908),.PIECEWISE_BEZIER_KNOTS.);
#8806 = CARTESIAN_POINT('',(83.464447806354,51.872760570109,26.6));
#8807 = CARTESIAN_POINT('',(84.611035910502,46.980651325742,26.6));
#8808 = ORIENTED_EDGE('',*,*,#8809,.F.);
#8809 = EDGE_CURVE('',#8810,#8803,#8812,.T.);
#8810 = VERTEX_POINT('',#8811);
#8811 = CARTESIAN_POINT('',(84.611035910502,46.980651325742,26.));
#8812 = LINE('',#8813,#8814);
#8813 = CARTESIAN_POINT('',(84.611035910502,46.980651325742,26.));
#8814 = VECTOR('',#8815,1.);
#8815 = DIRECTION('',(0.,0.,1.));
#8816 = ORIENTED_EDGE('',*,*,#8817,.F.);
#8817 = EDGE_CURVE('',#8778,#8810,#8818,.T.);
#8818 = B_SPLINE_CURVE_WITH_KNOTS('',1,(#8819,#8820),.UNSPECIFIED.,.F.,
  .F.,(2,2),(0.,39.440588230908),.PIECEWISE_BEZIER_KNOTS.);
#8819 = CARTESIAN_POINT('',(83.464447806354,51.872760570109,26.));
#8820 = CARTESIAN_POINT('',(84.611035910502,46.980651325742,26.));
#8821 = SURFACE_OF_LINEAR_EXTRUSION('',#8822,#8825);
#8822 = B_SPLINE_CURVE_WITH_KNOTS('',1,(#8823,#8824),.UNSPECIFIED.,.F.,
  .F.,(2,2),(0.,39.440588230908),.PIECEWISE_BEZIER_KNOTS.);
#8823 = CARTESIAN_POINT('',(83.464447806354,51.872760570109,26.));
#8824 = CARTESIAN_POINT('',(84.611035910502,46.980651325742,26.));
#8825 = VECTOR('',#8826,1.);
#8826 = DIRECTION('',(-0.,-0.,-1.));
#8827 = ADVANCED_FACE('',(#8828),#8853,.T.);
#8828 = FACE_BOUND('',#8829,.T.);
#8829 = EDGE_LOOP('',(#8830,#8831,#8839,#8847));
#8830 = ORIENTED_EDGE('',*,*,#8809,.T.);
#8831 = ORIENTED_EDGE('',*,*,#8832,.T.);
#8832 = EDGE_CURVE('',#8803,#8833,#8835,.T.);
#8833 = VERTEX_POINT('',#8834);
#8834 = CARTESIAN_POINT('',(84.63651564615,46.942431722271,26.6));
#8835 = B_SPLINE_CURVE_WITH_KNOTS('',2,(#8836,#8837,#8838),
  .UNSPECIFIED.,.F.,.F.,(3,3),(0.,1.),.PIECEWISE_BEZIER_KNOTS.);
#8836 = CARTESIAN_POINT('',(84.611035910502,46.980651325742,26.6));
#8837 = CARTESIAN_POINT('',(84.623775778326,46.942431722271,26.6));
#8838 = CARTESIAN_POINT('',(84.63651564615,46.942431722271,26.6));
#8839 = ORIENTED_EDGE('',*,*,#8840,.F.);
#8840 = EDGE_CURVE('',#8841,#8833,#8843,.T.);
#8841 = VERTEX_POINT('',#8842);
#8842 = CARTESIAN_POINT('',(84.63651564615,46.942431722271,26.));
#8843 = LINE('',#8844,#8845);
#8844 = CARTESIAN_POINT('',(84.63651564615,46.942431722271,26.));
#8845 = VECTOR('',#8846,1.);
#8846 = DIRECTION('',(0.,0.,1.));
#8847 = ORIENTED_EDGE('',*,*,#8848,.F.);
#8848 = EDGE_CURVE('',#8810,#8841,#8849,.T.);
#8849 = B_SPLINE_CURVE_WITH_KNOTS('',2,(#8850,#8851,#8852),
  .UNSPECIFIED.,.F.,.F.,(3,3),(0.,1.),.PIECEWISE_BEZIER_KNOTS.);
#8850 = CARTESIAN_POINT('',(84.611035910502,46.980651325742,26.));
#8851 = CARTESIAN_POINT('',(84.623775778326,46.942431722271,26.));
#8852 = CARTESIAN_POINT('',(84.63651564615,46.942431722271,26.));
#8853 = SURFACE_OF_LINEAR_EXTRUSION('',#8854,#8858);
#8854 = B_SPLINE_CURVE_WITH_KNOTS('',2,(#8855,#8856,#8857),
  .UNSPECIFIED.,.F.,.F.,(3,3),(0.,1.),.PIECEWISE_BEZIER_KNOTS.);
#8855 = CARTESIAN_POINT('',(84.611035910502,46.980651325742,26.));
#8856 = CARTESIAN_POINT('',(84.623775778326,46.942431722271,26.));
#8857 = CARTESIAN_POINT('',(84.63651564615,46.942431722271,26.));
#8858 = VECTOR('',#8859,1.);
#8859 = DIRECTION('',(-0.,-0.,-1.));
#8860 = ADVANCED_FACE('',(#8861),#8886,.T.);
#8861 = FACE_BOUND('',#8862,.T.);
#8862 = EDGE_LOOP('',(#8863,#8864,#8872,#8880));
#8863 = ORIENTED_EDGE('',*,*,#8840,.T.);
#8864 = ORIENTED_EDGE('',*,*,#8865,.T.);
#8865 = EDGE_CURVE('',#8833,#8866,#8868,.T.);
#8866 = VERTEX_POINT('',#8867);
#8867 = CARTESIAN_POINT('',(84.661995381798,46.980651325742,26.6));
#8868 = B_SPLINE_CURVE_WITH_KNOTS('',2,(#8869,#8870,#8871),
  .UNSPECIFIED.,.F.,.F.,(3,3),(0.,1.),.PIECEWISE_BEZIER_KNOTS.);
#8869 = CARTESIAN_POINT('',(84.63651564615,46.942431722271,26.6));
#8870 = CARTESIAN_POINT('',(84.649255513974,46.942431722271,26.6));
#8871 = CARTESIAN_POINT('',(84.661995381798,46.980651325742,26.6));
#8872 = ORIENTED_EDGE('',*,*,#8873,.F.);
#8873 = EDGE_CURVE('',#8874,#8866,#8876,.T.);
#8874 = VERTEX_POINT('',#8875);
#8875 = CARTESIAN_POINT('',(84.661995381798,46.980651325742,26.));
#8876 = LINE('',#8877,#8878);
#8877 = CARTESIAN_POINT('',(84.661995381798,46.980651325742,26.));
#8878 = VECTOR('',#8879,1.);
#8879 = DIRECTION('',(0.,0.,1.));
#8880 = ORIENTED_EDGE('',*,*,#8881,.F.);
#8881 = EDGE_CURVE('',#8841,#8874,#8882,.T.);
#8882 = B_SPLINE_CURVE_WITH_KNOTS('',2,(#8883,#8884,#8885),
  .UNSPECIFIED.,.F.,.F.,(3,3),(0.,1.),.PIECEWISE_BEZIER_KNOTS.);
#8883 = CARTESIAN_POINT('',(84.63651564615,46.942431722271,26.));
#8884 = CARTESIAN_POINT('',(84.649255513974,46.942431722271,26.));
#8885 = CARTESIAN_POINT('',(84.661995381798,46.980651325742,26.));
#8886 = SURFACE_OF_LINEAR_EXTRUSION('',#8887,#8891);
#8887 = B_SPLINE_CURVE_WITH_KNOTS('',2,(#8888,#8889,#8890),
  .UNSPECIFIED.,.F.,.F.,(3,3),(0.,1.),.PIECEWISE_BEZIER_KNOTS.);
#8888 = CARTESIAN_POINT('',(84.63651564615,46.942431722271,26.));
#8889 = CARTESIAN_POINT('',(84.649255513974,46.942431722271,26.));
#8890 = CARTESIAN_POINT('',(84.661995381798,46.980651325742,26.));
#8891 = VECTOR('',#8892,1.);
#8892 = DIRECTION('',(-0.,-0.,-1.));
#8893 = ADVANCED_FACE('',(#8894),#8917,.T.);
#8894 = FACE_BOUND('',#8895,.T.);
#8895 = EDGE_LOOP('',(#8896,#8897,#8904,#8912));
#8896 = ORIENTED_EDGE('',*,*,#8873,.T.);
#8897 = ORIENTED_EDGE('',*,*,#8898,.T.);
#8898 = EDGE_CURVE('',#8866,#8899,#8901,.T.);
#8899 = VERTEX_POINT('',#8900);
#8900 = CARTESIAN_POINT('',(85.82132335377,51.872760570109,26.6));
#8901 = B_SPLINE_CURVE_WITH_KNOTS('',1,(#8902,#8903),.UNSPECIFIED.,.F.,
  .F.,(2,2),(0.,39.463527465243),.PIECEWISE_BEZIER_KNOTS.);
#8902 = CARTESIAN_POINT('',(84.661995381798,46.980651325742,26.6));
#8903 = CARTESIAN_POINT('',(85.82132335377,51.872760570109,26.6));
#8904 = ORIENTED_EDGE('',*,*,#8905,.F.);
#8905 = EDGE_CURVE('',#8906,#8899,#8908,.T.);
#8906 = VERTEX_POINT('',#8907);
#8907 = CARTESIAN_POINT('',(85.82132335377,51.872760570109,26.));
#8908 = LINE('',#8909,#8910);
#8909 = CARTESIAN_POINT('',(85.82132335377,51.872760570109,26.));
#8910 = VECTOR('',#8911,1.);
#8911 = DIRECTION('',(0.,0.,1.));
#8912 = ORIENTED_EDGE('',*,*,#8913,.F.);
#8913 = EDGE_CURVE('',#8874,#8906,#8914,.T.);
#8914 = B_SPLINE_CURVE_WITH_KNOTS('',1,(#8915,#8916),.UNSPECIFIED.,.F.,
  .F.,(2,2),(0.,39.463527465243),.PIECEWISE_BEZIER_KNOTS.);
#8915 = CARTESIAN_POINT('',(84.661995381798,46.980651325742,26.));
#8916 = CARTESIAN_POINT('',(85.82132335377,51.872760570109,26.));
#8917 = SURFACE_OF_LINEAR_EXTRUSION('',#8918,#8921);
#8918 = B_SPLINE_CURVE_WITH_KNOTS('',1,(#8919,#8920),.UNSPECIFIED.,.F.,
  .F.,(2,2),(0.,39.463527465243),.PIECEWISE_BEZIER_KNOTS.);
#8919 = CARTESIAN_POINT('',(84.661995381798,46.980651325742,26.));
#8920 = CARTESIAN_POINT('',(85.82132335377,51.872760570109,26.));
#8921 = VECTOR('',#8922,1.);
#8922 = DIRECTION('',(-0.,-0.,-1.));
#8923 = ADVANCED_FACE('',(#8924),#8949,.T.);
#8924 = FACE_BOUND('',#8925,.T.);
#8925 = EDGE_LOOP('',(#8926,#8927,#8935,#8943));
#8926 = ORIENTED_EDGE('',*,*,#8905,.T.);
#8927 = ORIENTED_EDGE('',*,*,#8928,.T.);
#8928 = EDGE_CURVE('',#8899,#8929,#8931,.T.);
#8929 = VERTEX_POINT('',#8930);
#8930 = CARTESIAN_POINT('',(85.961461899833,51.987419380524,26.6));
#8931 = B_SPLINE_CURVE_WITH_KNOTS('',2,(#8932,#8933,#8934),
  .UNSPECIFIED.,.F.,.F.,(3,3),(0.,1.),.PIECEWISE_BEZIER_KNOTS.);
#8932 = CARTESIAN_POINT('',(85.82132335377,51.872760570109,26.6));
#8933 = CARTESIAN_POINT('',(85.846803089418,51.987419380524,26.6));
#8934 = CARTESIAN_POINT('',(85.961461899833,51.987419380524,26.6));
#8935 = ORIENTED_EDGE('',*,*,#8936,.F.);
#8936 = EDGE_CURVE('',#8937,#8929,#8939,.T.);
#8937 = VERTEX_POINT('',#8938);
#8938 = CARTESIAN_POINT('',(85.961461899833,51.987419380524,26.));
#8939 = LINE('',#8940,#8941);
#8940 = CARTESIAN_POINT('',(85.961461899833,51.987419380524,26.));
#8941 = VECTOR('',#8942,1.);
#8942 = DIRECTION('',(0.,0.,1.));
#8943 = ORIENTED_EDGE('',*,*,#8944,.F.);
#8944 = EDGE_CURVE('',#8906,#8937,#8945,.T.);
#8945 = B_SPLINE_CURVE_WITH_KNOTS('',2,(#8946,#8947,#8948),
  .UNSPECIFIED.,.F.,.F.,(3,3),(0.,1.),.PIECEWISE_BEZIER_KNOTS.);
#8946 = CARTESIAN_POINT('',(85.82132335377,51.872760570109,26.));
#8947 = CARTESIAN_POINT('',(85.846803089418,51.987419380524,26.));
#8948 = CARTESIAN_POINT('',(85.961461899833,51.987419380524,26.));
#8949 = SURFACE_OF_LINEAR_EXTRUSION('',#8950,#8954);
#8950 = B_SPLINE_CURVE_WITH_KNOTS('',2,(#8951,#8952,#8953),
  .UNSPECIFIED.,.F.,.F.,(3,3),(0.,1.),.PIECEWISE_BEZIER_KNOTS.);
#8951 = CARTESIAN_POINT('',(85.82132335377,51.872760570109,26.));
#8952 = CARTESIAN_POINT('',(85.846803089418,51.987419380524,26.));
#8953 = CARTESIAN_POINT('',(85.961461899833,51.987419380524,26.));
#8954 = VECTOR('',#8955,1.);
#8955 = DIRECTION('',(-0.,-0.,-1.));
#8956 = ADVANCED_FACE('',(#8957),#8980,.T.);
#8957 = FACE_BOUND('',#8958,.T.);
#8958 = EDGE_LOOP('',(#8959,#8960,#8967,#8975));
#8959 = ORIENTED_EDGE('',*,*,#8936,.T.);
#8960 = ORIENTED_EDGE('',*,*,#8961,.T.);
#8961 = EDGE_CURVE('',#8929,#8962,#8964,.T.);
#8962 = VERTEX_POINT('',#8963);
#8963 = CARTESIAN_POINT('',(86.547495819731,51.987419380524,26.6));
#8964 = B_SPLINE_CURVE_WITH_KNOTS('',1,(#8965,#8966),.UNSPECIFIED.,.F.,
  .F.,(2,2),(0.,4.6),.PIECEWISE_BEZIER_KNOTS.);
#8965 = CARTESIAN_POINT('',(85.961461899833,51.987419380524,26.6));
#8966 = CARTESIAN_POINT('',(86.547495819731,51.987419380524,26.6));
#8967 = ORIENTED_EDGE('',*,*,#8968,.F.);
#8968 = EDGE_CURVE('',#8969,#8962,#8971,.T.);
#8969 = VERTEX_POINT('',#8970);
#8970 = CARTESIAN_POINT('',(86.547495819731,51.987419380524,26.));
#8971 = LINE('',#8972,#8973);
#8972 = CARTESIAN_POINT('',(86.547495819731,51.987419380524,26.));
#8973 = VECTOR('',#8974,1.);
#8974 = DIRECTION('',(0.,0.,1.));
#8975 = ORIENTED_EDGE('',*,*,#8976,.F.);
#8976 = EDGE_CURVE('',#8937,#8969,#8977,.T.);
#8977 = B_SPLINE_CURVE_WITH_KNOTS('',1,(#8978,#8979),.UNSPECIFIED.,.F.,
  .F.,(2,2),(0.,4.6),.PIECEWISE_BEZIER_KNOTS.);
#8978 = CARTESIAN_POINT('',(85.961461899833,51.987419380524,26.));
#8979 = CARTESIAN_POINT('',(86.547495819731,51.987419380524,26.));
#8980 = SURFACE_OF_LINEAR_EXTRUSION('',#8981,#8984);
#8981 = B_SPLINE_CURVE_WITH_KNOTS('',1,(#8982,#8983),.UNSPECIFIED.,.F.,
  .F.,(2,2),(0.,4.6),.PIECEWISE_BEZIER_KNOTS.);
#8982 = CARTESIAN_POINT('',(85.961461899833,51.987419380524,26.));
#8983 = CARTESIAN_POINT('',(86.547495819731,51.987419380524,26.));
#8984 = VECTOR('',#8985,1.);
#8985 = DIRECTION('',(-0.,-0.,-1.));
#8986 = ADVANCED_FACE('',(#8987),#9012,.T.);
#8987 = FACE_BOUND('',#8988,.T.);
#8988 = EDGE_LOOP('',(#8989,#8990,#8998,#9006));
#8989 = ORIENTED_EDGE('',*,*,#8968,.T.);
#8990 = ORIENTED_EDGE('',*,*,#8991,.T.);
#8991 = EDGE_CURVE('',#8962,#8992,#8994,.T.);
#8992 = VERTEX_POINT('',#8993);
#8993 = CARTESIAN_POINT('',(86.687634365793,51.872760570109,26.6));
#8994 = B_SPLINE_CURVE_WITH_KNOTS('',2,(#8995,#8996,#8997),
  .UNSPECIFIED.,.F.,.F.,(3,3),(0.,1.),.PIECEWISE_BEZIER_KNOTS.);
#8995 = CARTESIAN_POINT('',(86.547495819731,51.987419380524,26.6));
#8996 = CARTESIAN_POINT('',(86.67489449797,51.987419380524,26.6));
#8997 = CARTESIAN_POINT('',(86.687634365793,51.872760570109,26.6));
#8998 = ORIENTED_EDGE('',*,*,#8999,.F.);
#8999 = EDGE_CURVE('',#9000,#8992,#9002,.T.);
#9000 = VERTEX_POINT('',#9001);
#9001 = CARTESIAN_POINT('',(86.687634365793,51.872760570109,26.));
#9002 = LINE('',#9003,#9004);
#9003 = CARTESIAN_POINT('',(86.687634365793,51.872760570109,26.));
#9004 = VECTOR('',#9005,1.);
#9005 = DIRECTION('',(0.,0.,1.));
#9006 = ORIENTED_EDGE('',*,*,#9007,.F.);
#9007 = EDGE_CURVE('',#8969,#9000,#9008,.T.);
#9008 = B_SPLINE_CURVE_WITH_KNOTS('',2,(#9009,#9010,#9011),
  .UNSPECIFIED.,.F.,.F.,(3,3),(0.,1.),.PIECEWISE_BEZIER_KNOTS.);
#9009 = CARTESIAN_POINT('',(86.547495819731,51.987419380524,26.));
#9010 = CARTESIAN_POINT('',(86.67489449797,51.987419380524,26.));
#9011 = CARTESIAN_POINT('',(86.687634365793,51.872760570109,26.));
#9012 = SURFACE_OF_LINEAR_EXTRUSION('',#9013,#9017);
#9013 = B_SPLINE_CURVE_WITH_KNOTS('',2,(#9014,#9015,#9016),
  .UNSPECIFIED.,.F.,.F.,(3,3),(0.,1.),.PIECEWISE_BEZIER_KNOTS.);
#9014 = CARTESIAN_POINT('',(86.547495819731,51.987419380524,26.));
#9015 = CARTESIAN_POINT('',(86.67489449797,51.987419380524,26.));
#9016 = CARTESIAN_POINT('',(86.687634365793,51.872760570109,26.));
#9017 = VECTOR('',#9018,1.);
#9018 = DIRECTION('',(-0.,-0.,-1.));
#9019 = ADVANCED_FACE('',(#9020),#9043,.T.);
#9020 = FACE_BOUND('',#9021,.T.);
#9021 = EDGE_LOOP('',(#9022,#9023,#9030,#9038));
#9022 = ORIENTED_EDGE('',*,*,#8999,.T.);
#9023 = ORIENTED_EDGE('',*,*,#9024,.T.);
#9024 = EDGE_CURVE('',#8992,#9025,#9027,.T.);
#9025 = VERTEX_POINT('',#9026);
#9026 = CARTESIAN_POINT('',(87.872442073413,46.993391193566,26.6));
#9027 = B_SPLINE_CURVE_WITH_KNOTS('',1,(#9028,#9029),.UNSPECIFIED.,.F.,
  .F.,(2,2),(0.,39.412942036849),.PIECEWISE_BEZIER_KNOTS.);
#9028 = CARTESIAN_POINT('',(86.687634365793,51.872760570109,26.6));
#9029 = CARTESIAN_POINT('',(87.872442073413,46.993391193566,26.6));
#9030 = ORIENTED_EDGE('',*,*,#9031,.F.);
#9031 = EDGE_CURVE('',#9032,#9025,#9034,.T.);
#9032 = VERTEX_POINT('',#9033);
#9033 = CARTESIAN_POINT('',(87.872442073413,46.993391193566,26.));
#9034 = LINE('',#9035,#9036);
#9035 = CARTESIAN_POINT('',(87.872442073413,46.993391193566,26.));
#9036 = VECTOR('',#9037,1.);
#9037 = DIRECTION('',(0.,0.,1.));
#9038 = ORIENTED_EDGE('',*,*,#9039,.F.);
#9039 = EDGE_CURVE('',#9000,#9032,#9040,.T.);
#9040 = B_SPLINE_CURVE_WITH_KNOTS('',1,(#9041,#9042),.UNSPECIFIED.,.F.,
  .F.,(2,2),(0.,39.412942036849),.PIECEWISE_BEZIER_KNOTS.);
#9041 = CARTESIAN_POINT('',(86.687634365793,51.872760570109,26.));
#9042 = CARTESIAN_POINT('',(87.872442073413,46.993391193566,26.));
#9043 = SURFACE_OF_LINEAR_EXTRUSION('',#9044,#9047);
#9044 = B_SPLINE_CURVE_WITH_KNOTS('',1,(#9045,#9046),.UNSPECIFIED.,.F.,
  .F.,(2,2),(0.,39.412942036849),.PIECEWISE_BEZIER_KNOTS.);
#9045 = CARTESIAN_POINT('',(86.687634365793,51.872760570109,26.));
#9046 = CARTESIAN_POINT('',(87.872442073413,46.993391193566,26.));
#9047 = VECTOR('',#9048,1.);
#9048 = DIRECTION('',(-0.,-0.,-1.));
#9049 = ADVANCED_FACE('',(#9050),#9075,.T.);
#9050 = FACE_BOUND('',#9051,.T.);
#9051 = EDGE_LOOP('',(#9052,#9053,#9061,#9069));
#9052 = ORIENTED_EDGE('',*,*,#9031,.T.);
#9053 = ORIENTED_EDGE('',*,*,#9054,.T.);
#9054 = EDGE_CURVE('',#9025,#9055,#9057,.T.);
#9055 = VERTEX_POINT('',#9056);
#9056 = CARTESIAN_POINT('',(87.897921809061,46.955171590095,26.6));
#9057 = B_SPLINE_CURVE_WITH_KNOTS('',2,(#9058,#9059,#9060),
  .UNSPECIFIED.,.F.,.F.,(3,3),(0.,1.),.PIECEWISE_BEZIER_KNOTS.);
#9058 = CARTESIAN_POINT('',(87.872442073413,46.993391193566,26.6));
#9059 = CARTESIAN_POINT('',(87.885181941237,46.955171590095,26.6));
#9060 = CARTESIAN_POINT('',(87.897921809061,46.955171590095,26.6));
#9061 = ORIENTED_EDGE('',*,*,#9062,.F.);
#9062 = EDGE_CURVE('',#9063,#9055,#9065,.T.);
#9063 = VERTEX_POINT('',#9064);
#9064 = CARTESIAN_POINT('',(87.897921809061,46.955171590095,26.));
#9065 = LINE('',#9066,#9067);
#9066 = CARTESIAN_POINT('',(87.897921809061,46.955171590095,26.));
#9067 = VECTOR('',#9068,1.);
#9068 = DIRECTION('',(0.,0.,1.));
#9069 = ORIENTED_EDGE('',*,*,#9070,.F.);
#9070 = EDGE_CURVE('',#9032,#9063,#9071,.T.);
#9071 = B_SPLINE_CURVE_WITH_KNOTS('',2,(#9072,#9073,#9074),
  .UNSPECIFIED.,.F.,.F.,(3,3),(0.,1.),.PIECEWISE_BEZIER_KNOTS.);
#9072 = CARTESIAN_POINT('',(87.872442073413,46.993391193566,26.));
#9073 = CARTESIAN_POINT('',(87.885181941237,46.955171590095,26.));
#9074 = CARTESIAN_POINT('',(87.897921809061,46.955171590095,26.));
#9075 = SURFACE_OF_LINEAR_EXTRUSION('',#9076,#9080);
#9076 = B_SPLINE_CURVE_WITH_KNOTS('',2,(#9077,#9078,#9079),
  .UNSPECIFIED.,.F.,.F.,(3,3),(0.,1.),.PIECEWISE_BEZIER_KNOTS.);
#9077 = CARTESIAN_POINT('',(87.872442073413,46.993391193566,26.));
#9078 = CARTESIAN_POINT('',(87.885181941237,46.955171590095,26.));
#9079 = CARTESIAN_POINT('',(87.897921809061,46.955171590095,26.));
#9080 = VECTOR('',#9081,1.);
#9081 = DIRECTION('',(-0.,-0.,-1.));
#9082 = ADVANCED_FACE('',(#9083),#9108,.T.);
#9083 = FACE_BOUND('',#9084,.T.);
#9084 = EDGE_LOOP('',(#9085,#9086,#9094,#9102));
#9085 = ORIENTED_EDGE('',*,*,#9062,.T.);
#9086 = ORIENTED_EDGE('',*,*,#9087,.T.);
#9087 = EDGE_CURVE('',#9055,#9088,#9090,.T.);
#9088 = VERTEX_POINT('',#9089);
#9089 = CARTESIAN_POINT('',(87.923401544709,46.993391193566,26.6));
#9090 = B_SPLINE_CURVE_WITH_KNOTS('',2,(#9091,#9092,#9093),
  .UNSPECIFIED.,.F.,.F.,(3,3),(0.,1.),.PIECEWISE_BEZIER_KNOTS.);
#9091 = CARTESIAN_POINT('',(87.897921809061,46.955171590095,26.6));
#9092 = CARTESIAN_POINT('',(87.910661676885,46.955171590095,26.6));
#9093 = CARTESIAN_POINT('',(87.923401544709,46.993391193566,26.6));
#9094 = ORIENTED_EDGE('',*,*,#9095,.F.);
#9095 = EDGE_CURVE('',#9096,#9088,#9098,.T.);
#9096 = VERTEX_POINT('',#9097);
#9097 = CARTESIAN_POINT('',(87.923401544709,46.993391193566,26.));
#9098 = LINE('',#9099,#9100);
#9099 = CARTESIAN_POINT('',(87.923401544709,46.993391193566,26.));
#9100 = VECTOR('',#9101,1.);
#9101 = DIRECTION('',(0.,0.,1.));
#9102 = ORIENTED_EDGE('',*,*,#9103,.F.);
#9103 = EDGE_CURVE('',#9063,#9096,#9104,.T.);
#9104 = B_SPLINE_CURVE_WITH_KNOTS('',2,(#9105,#9106,#9107),
  .UNSPECIFIED.,.F.,.F.,(3,3),(0.,1.),.PIECEWISE_BEZIER_KNOTS.);
#9105 = CARTESIAN_POINT('',(87.897921809061,46.955171590095,26.));
#9106 = CARTESIAN_POINT('',(87.910661676885,46.955171590095,26.));
#9107 = CARTESIAN_POINT('',(87.923401544709,46.993391193566,26.));
#9108 = SURFACE_OF_LINEAR_EXTRUSION('',#9109,#9113);
#9109 = B_SPLINE_CURVE_WITH_KNOTS('',2,(#9110,#9111,#9112),
  .UNSPECIFIED.,.F.,.F.,(3,3),(0.,1.),.PIECEWISE_BEZIER_KNOTS.);
#9110 = CARTESIAN_POINT('',(87.897921809061,46.955171590095,26.));
#9111 = CARTESIAN_POINT('',(87.910661676885,46.955171590095,26.));
#9112 = CARTESIAN_POINT('',(87.923401544709,46.993391193566,26.));
#9113 = VECTOR('',#9114,1.);
#9114 = DIRECTION('',(-0.,-0.,-1.));
#9115 = ADVANCED_FACE('',(#9116),#9139,.T.);
#9116 = FACE_BOUND('',#9117,.T.);
#9117 = EDGE_LOOP('',(#9118,#9119,#9126,#9134));
#9118 = ORIENTED_EDGE('',*,*,#9095,.T.);
#9119 = ORIENTED_EDGE('',*,*,#9120,.T.);
#9120 = EDGE_CURVE('',#9088,#9121,#9123,.T.);
#9121 = VERTEX_POINT('',#9122);
#9122 = CARTESIAN_POINT('',(89.082729516681,51.872760570109,26.6));
#9123 = B_SPLINE_CURVE_WITH_KNOTS('',1,(#9124,#9125),.UNSPECIFIED.,.F.,
  .F.,(2,2),(0.,39.366229181876),.PIECEWISE_BEZIER_KNOTS.);
#9124 = CARTESIAN_POINT('',(87.923401544709,46.993391193566,26.6));
#9125 = CARTESIAN_POINT('',(89.082729516681,51.872760570109,26.6));
#9126 = ORIENTED_EDGE('',*,*,#9127,.F.);
#9127 = EDGE_CURVE('',#9128,#9121,#9130,.T.);
#9128 = VERTEX_POINT('',#9129);
#9129 = CARTESIAN_POINT('',(89.082729516681,51.872760570109,26.));
#9130 = LINE('',#9131,#9132);
#9131 = CARTESIAN_POINT('',(89.082729516681,51.872760570109,26.));
#9132 = VECTOR('',#9133,1.);
#9133 = DIRECTION('',(0.,0.,1.));
#9134 = ORIENTED_EDGE('',*,*,#9135,.F.);
#9135 = EDGE_CURVE('',#9096,#9128,#9136,.T.);
#9136 = B_SPLINE_CURVE_WITH_KNOTS('',1,(#9137,#9138),.UNSPECIFIED.,.F.,
  .F.,(2,2),(0.,39.366229181876),.PIECEWISE_BEZIER_KNOTS.);
#9137 = CARTESIAN_POINT('',(87.923401544709,46.993391193566,26.));
#9138 = CARTESIAN_POINT('',(89.082729516681,51.872760570109,26.));
#9139 = SURFACE_OF_LINEAR_EXTRUSION('',#9140,#9143);
#9140 = B_SPLINE_CURVE_WITH_KNOTS('',1,(#9141,#9142),.UNSPECIFIED.,.F.,
  .F.,(2,2),(0.,39.366229181876),.PIECEWISE_BEZIER_KNOTS.);
#9141 = CARTESIAN_POINT('',(87.923401544709,46.993391193566,26.));
#9142 = CARTESIAN_POINT('',(89.082729516681,51.872760570109,26.));
#9143 = VECTOR('',#9144,1.);
#9144 = DIRECTION('',(-0.,-0.,-1.));
#9145 = ADVANCED_FACE('',(#9146),#9171,.T.);
#9146 = FACE_BOUND('',#9147,.T.);
#9147 = EDGE_LOOP('',(#9148,#9149,#9157,#9165));
#9148 = ORIENTED_EDGE('',*,*,#9127,.T.);
#9149 = ORIENTED_EDGE('',*,*,#9150,.T.);
#9150 = EDGE_CURVE('',#9121,#9151,#9153,.T.);
#9151 = VERTEX_POINT('',#9152);
#9152 = CARTESIAN_POINT('',(89.222868062744,51.987419380524,26.6));
#9153 = B_SPLINE_CURVE_WITH_KNOTS('',2,(#9154,#9155,#9156),
  .UNSPECIFIED.,.F.,.F.,(3,3),(0.,1.),.PIECEWISE_BEZIER_KNOTS.);
#9154 = CARTESIAN_POINT('',(89.082729516681,51.872760570109,26.6));
#9155 = CARTESIAN_POINT('',(89.108209252329,51.987419380524,26.6));
#9156 = CARTESIAN_POINT('',(89.222868062744,51.987419380524,26.6));
#9157 = ORIENTED_EDGE('',*,*,#9158,.F.);
#9158 = EDGE_CURVE('',#9159,#9151,#9161,.T.);
#9159 = VERTEX_POINT('',#9160);
#9160 = CARTESIAN_POINT('',(89.222868062744,51.987419380524,26.));
#9161 = LINE('',#9162,#9163);
#9162 = CARTESIAN_POINT('',(89.222868062744,51.987419380524,26.));
#9163 = VECTOR('',#9164,1.);
#9164 = DIRECTION('',(0.,0.,1.));
#9165 = ORIENTED_EDGE('',*,*,#9166,.F.);
#9166 = EDGE_CURVE('',#9128,#9159,#9167,.T.);
#9167 = B_SPLINE_CURVE_WITH_KNOTS('',2,(#9168,#9169,#9170),
  .UNSPECIFIED.,.F.,.F.,(3,3),(0.,1.),.PIECEWISE_BEZIER_KNOTS.);
#9168 = CARTESIAN_POINT('',(89.082729516681,51.872760570109,26.));
#9169 = CARTESIAN_POINT('',(89.108209252329,51.987419380524,26.));
#9170 = CARTESIAN_POINT('',(89.222868062744,51.987419380524,26.));
#9171 = SURFACE_OF_LINEAR_EXTRUSION('',#9172,#9176);
#9172 = B_SPLINE_CURVE_WITH_KNOTS('',2,(#9173,#9174,#9175),
  .UNSPECIFIED.,.F.,.F.,(3,3),(0.,1.),.PIECEWISE_BEZIER_KNOTS.);
#9173 = CARTESIAN_POINT('',(89.082729516681,51.872760570109,26.));
#9174 = CARTESIAN_POINT('',(89.108209252329,51.987419380524,26.));
#9175 = CARTESIAN_POINT('',(89.222868062744,51.987419380524,26.));
#9176 = VECTOR('',#9177,1.);
#9177 = DIRECTION('',(-0.,-0.,-1.));
#9178 = ADVANCED_FACE('',(#9179),#9202,.T.);
#9179 = FACE_BOUND('',#9180,.T.);
#9180 = EDGE_LOOP('',(#9181,#9182,#9189,#9197));
#9181 = ORIENTED_EDGE('',*,*,#9158,.T.);
#9182 = ORIENTED_EDGE('',*,*,#9183,.T.);
#9183 = EDGE_CURVE('',#9151,#9184,#9186,.T.);
#9184 = VERTEX_POINT('',#9185);
#9185 = CARTESIAN_POINT('',(89.872601321761,51.9746795127,26.6));
#9186 = B_SPLINE_CURVE_WITH_KNOTS('',1,(#9187,#9188),.UNSPECIFIED.,.F.,
  .F.,(2,2),(0.,5.100980297943),.PIECEWISE_BEZIER_KNOTS.);
#9187 = CARTESIAN_POINT('',(89.222868062744,51.987419380524,26.6));
#9188 = CARTESIAN_POINT('',(89.872601321761,51.9746795127,26.6));
#9189 = ORIENTED_EDGE('',*,*,#9190,.F.);
#9190 = EDGE_CURVE('',#9191,#9184,#9193,.T.);
#9191 = VERTEX_POINT('',#9192);
#9192 = CARTESIAN_POINT('',(89.872601321761,51.9746795127,26.));
#9193 = LINE('',#9194,#9195);
#9194 = CARTESIAN_POINT('',(89.872601321761,51.9746795127,26.));
#9195 = VECTOR('',#9196,1.);
#9196 = DIRECTION('',(0.,0.,1.));
#9197 = ORIENTED_EDGE('',*,*,#9198,.F.);
#9198 = EDGE_CURVE('',#9159,#9191,#9199,.T.);
#9199 = B_SPLINE_CURVE_WITH_KNOTS('',1,(#9200,#9201),.UNSPECIFIED.,.F.,
  .F.,(2,2),(0.,5.100980297943),.PIECEWISE_BEZIER_KNOTS.);
#9200 = CARTESIAN_POINT('',(89.222868062744,51.987419380524,26.));
#9201 = CARTESIAN_POINT('',(89.872601321761,51.9746795127,26.));
#9202 = SURFACE_OF_LINEAR_EXTRUSION('',#9203,#9206);
#9203 = B_SPLINE_CURVE_WITH_KNOTS('',1,(#9204,#9205),.UNSPECIFIED.,.F.,
  .F.,(2,2),(0.,5.100980297943),.PIECEWISE_BEZIER_KNOTS.);
#9204 = CARTESIAN_POINT('',(89.222868062744,51.987419380524,26.));
#9205 = CARTESIAN_POINT('',(89.872601321761,51.9746795127,26.));
#9206 = VECTOR('',#9207,1.);
#9207 = DIRECTION('',(-0.,-0.,-1.));
#9208 = ADVANCED_FACE('',(#9209),#9234,.T.);
#9209 = FACE_BOUND('',#9210,.T.);
#9210 = EDGE_LOOP('',(#9211,#9212,#9220,#9228));
#9211 = ORIENTED_EDGE('',*,*,#9190,.T.);
#9212 = ORIENTED_EDGE('',*,*,#9213,.T.);
#9213 = EDGE_CURVE('',#9184,#9214,#9216,.T.);
#9214 = VERTEX_POINT('',#9215);
#9215 = CARTESIAN_POINT('',(89.96815033044,51.936459909228,26.6));
#9216 = B_SPLINE_CURVE_WITH_KNOTS('',2,(#9217,#9218,#9219),
  .UNSPECIFIED.,.F.,.F.,(3,3),(0.,1.),.PIECEWISE_BEZIER_KNOTS.);
#9217 = CARTESIAN_POINT('',(89.872601321761,51.9746795127,26.6));
#9218 = CARTESIAN_POINT('',(89.936300660881,51.9746795127,26.6));
#9219 = CARTESIAN_POINT('',(89.96815033044,51.936459909228,26.6));
#9220 = ORIENTED_EDGE('',*,*,#9221,.F.);
#9221 = EDGE_CURVE('',#9222,#9214,#9224,.T.);
#9222 = VERTEX_POINT('',#9223);
#9223 = CARTESIAN_POINT('',(89.96815033044,51.936459909228,26.));
#9224 = LINE('',#9225,#9226);
#9225 = CARTESIAN_POINT('',(89.96815033044,51.936459909228,26.));
#9226 = VECTOR('',#9227,1.);
#9227 = DIRECTION('',(0.,0.,1.));
#9228 = ORIENTED_EDGE('',*,*,#9229,.F.);
#9229 = EDGE_CURVE('',#9191,#9222,#9230,.T.);
#9230 = B_SPLINE_CURVE_WITH_KNOTS('',2,(#9231,#9232,#9233),
  .UNSPECIFIED.,.F.,.F.,(3,3),(0.,1.),.PIECEWISE_BEZIER_KNOTS.);
#9231 = CARTESIAN_POINT('',(89.872601321761,51.9746795127,26.));
#9232 = CARTESIAN_POINT('',(89.936300660881,51.9746795127,26.));
#9233 = CARTESIAN_POINT('',(89.96815033044,51.936459909228,26.));
#9234 = SURFACE_OF_LINEAR_EXTRUSION('',#9235,#9239);
#9235 = B_SPLINE_CURVE_WITH_KNOTS('',2,(#9236,#9237,#9238),
  .UNSPECIFIED.,.F.,.F.,(3,3),(0.,1.),.PIECEWISE_BEZIER_KNOTS.);
#9236 = CARTESIAN_POINT('',(89.872601321761,51.9746795127,26.));
#9237 = CARTESIAN_POINT('',(89.936300660881,51.9746795127,26.));
#9238 = CARTESIAN_POINT('',(89.96815033044,51.936459909228,26.));
#9239 = VECTOR('',#9240,1.);
#9240 = DIRECTION('',(-0.,-0.,-1.));
#9241 = ADVANCED_FACE('',(#9242),#9267,.T.);
#9242 = FACE_BOUND('',#9243,.T.);
#9243 = EDGE_LOOP('',(#9244,#9245,#9253,#9261));
#9244 = ORIENTED_EDGE('',*,*,#9221,.T.);
#9245 = ORIENTED_EDGE('',*,*,#9246,.T.);
#9246 = EDGE_CURVE('',#9214,#9247,#9249,.T.);
#9247 = VERTEX_POINT('',#9248);
#9248 = CARTESIAN_POINT('',(89.974520264352,51.834540966637,26.6));
#9249 = B_SPLINE_CURVE_WITH_KNOTS('',2,(#9250,#9251,#9252),
  .UNSPECIFIED.,.F.,.F.,(3,3),(0.,1.),.PIECEWISE_BEZIER_KNOTS.);
#9250 = CARTESIAN_POINT('',(89.96815033044,51.936459909228,26.6));
#9251 = CARTESIAN_POINT('',(90.,51.898240305757,26.6));
#9252 = CARTESIAN_POINT('',(89.974520264352,51.834540966637,26.6));
#9253 = ORIENTED_EDGE('',*,*,#9254,.F.);
#9254 = EDGE_CURVE('',#9255,#9247,#9257,.T.);
#9255 = VERTEX_POINT('',#9256);
#9256 = CARTESIAN_POINT('',(89.974520264352,51.834540966637,26.));
#9257 = LINE('',#9258,#9259);
#9258 = CARTESIAN_POINT('',(89.974520264352,51.834540966637,26.));
#9259 = VECTOR('',#9260,1.);
#9260 = DIRECTION('',(0.,0.,1.));
#9261 = ORIENTED_EDGE('',*,*,#9262,.F.);
#9262 = EDGE_CURVE('',#9222,#9255,#9263,.T.);
#9263 = B_SPLINE_CURVE_WITH_KNOTS('',2,(#9264,#9265,#9266),
  .UNSPECIFIED.,.F.,.F.,(3,3),(0.,1.),.PIECEWISE_BEZIER_KNOTS.);
#9264 = CARTESIAN_POINT('',(89.96815033044,51.936459909228,26.));
#9265 = CARTESIAN_POINT('',(90.,51.898240305757,26.));
#9266 = CARTESIAN_POINT('',(89.974520264352,51.834540966637,26.));
#9267 = SURFACE_OF_LINEAR_EXTRUSION('',#9268,#9272);
#9268 = B_SPLINE_CURVE_WITH_KNOTS('',2,(#9269,#9270,#9271),
  .UNSPECIFIED.,.F.,.F.,(3,3),(0.,1.),.PIECEWISE_BEZIER_KNOTS.);
#9269 = CARTESIAN_POINT('',(89.96815033044,51.936459909228,26.));
#9270 = CARTESIAN_POINT('',(90.,51.898240305757,26.));
#9271 = CARTESIAN_POINT('',(89.974520264352,51.834540966637,26.));
#9272 = VECTOR('',#9273,1.);
#9273 = DIRECTION('',(-0.,-0.,-1.));
#9274 = ADVANCED_FACE('',(#9275),#9298,.T.);
#9275 = FACE_BOUND('',#9276,.T.);
#9276 = EDGE_LOOP('',(#9277,#9278,#9285,#9293));
#9277 = ORIENTED_EDGE('',*,*,#9254,.T.);
#9278 = ORIENTED_EDGE('',*,*,#9279,.T.);
#9279 = EDGE_CURVE('',#9247,#9280,#9282,.T.);
#9280 = VERTEX_POINT('',#9281);
#9281 = CARTESIAN_POINT('',(88.382036786368,45.65570507206,26.6));
#9282 = B_SPLINE_CURVE_WITH_KNOTS('',1,(#9283,#9284),.UNSPECIFIED.,.F.,
  .F.,(2,2),(0.,50.084927872565),.PIECEWISE_BEZIER_KNOTS.);
#9283 = CARTESIAN_POINT('',(89.974520264352,51.834540966637,26.6));
#9284 = CARTESIAN_POINT('',(88.382036786368,45.65570507206,26.6));
#9285 = ORIENTED_EDGE('',*,*,#9286,.F.);
#9286 = EDGE_CURVE('',#9287,#9280,#9289,.T.);
#9287 = VERTEX_POINT('',#9288);
#9288 = CARTESIAN_POINT('',(88.382036786368,45.65570507206,26.));
#9289 = LINE('',#9290,#9291);
#9290 = CARTESIAN_POINT('',(88.382036786368,45.65570507206,26.));
#9291 = VECTOR('',#9292,1.);
#9292 = DIRECTION('',(0.,0.,1.));
#9293 = ORIENTED_EDGE('',*,*,#9294,.F.);
#9294 = EDGE_CURVE('',#9255,#9287,#9295,.T.);
#9295 = B_SPLINE_CURVE_WITH_KNOTS('',1,(#9296,#9297),.UNSPECIFIED.,.F.,
  .F.,(2,2),(0.,50.084927872565),.PIECEWISE_BEZIER_KNOTS.);
#9296 = CARTESIAN_POINT('',(89.974520264352,51.834540966637,26.));
#9297 = CARTESIAN_POINT('',(88.382036786368,45.65570507206,26.));
#9298 = SURFACE_OF_LINEAR_EXTRUSION('',#9299,#9302);
#9299 = B_SPLINE_CURVE_WITH_KNOTS('',1,(#9300,#9301),.UNSPECIFIED.,.F.,
  .F.,(2,2),(0.,50.084927872565),.PIECEWISE_BEZIER_KNOTS.);
#9300 = CARTESIAN_POINT('',(89.974520264352,51.834540966637,26.));
#9301 = CARTESIAN_POINT('',(88.382036786368,45.65570507206,26.));
#9302 = VECTOR('',#9303,1.);
#9303 = DIRECTION('',(-0.,-0.,-1.));
#9304 = ADVANCED_FACE('',(#9305),#9330,.T.);
#9305 = FACE_BOUND('',#9306,.T.);
#9306 = EDGE_LOOP('',(#9307,#9308,#9316,#9324));
#9307 = ORIENTED_EDGE('',*,*,#9286,.T.);
#9308 = ORIENTED_EDGE('',*,*,#9309,.T.);
#9309 = EDGE_CURVE('',#9280,#9310,#9312,.T.);
#9310 = VERTEX_POINT('',#9311);
#9311 = CARTESIAN_POINT('',(88.241898240306,45.541046261645,26.6));
#9312 = B_SPLINE_CURVE_WITH_KNOTS('',2,(#9313,#9314,#9315),
  .UNSPECIFIED.,.F.,.F.,(3,3),(0.,1.),.PIECEWISE_BEZIER_KNOTS.);
#9313 = CARTESIAN_POINT('',(88.382036786368,45.65570507206,26.6));
#9314 = CARTESIAN_POINT('',(88.369296918544,45.541046261645,26.6));
#9315 = CARTESIAN_POINT('',(88.241898240306,45.541046261645,26.6));
#9316 = ORIENTED_EDGE('',*,*,#9317,.F.);
#9317 = EDGE_CURVE('',#9318,#9310,#9320,.T.);
#9318 = VERTEX_POINT('',#9319);
#9319 = CARTESIAN_POINT('',(88.241898240306,45.541046261645,26.));
#9320 = LINE('',#9321,#9322);
#9321 = CARTESIAN_POINT('',(88.241898240306,45.541046261645,26.));
#9322 = VECTOR('',#9323,1.);
#9323 = DIRECTION('',(0.,0.,1.));
#9324 = ORIENTED_EDGE('',*,*,#9325,.F.);
#9325 = EDGE_CURVE('',#9287,#9318,#9326,.T.);
#9326 = B_SPLINE_CURVE_WITH_KNOTS('',2,(#9327,#9328,#9329),
  .UNSPECIFIED.,.F.,.F.,(3,3),(0.,1.),.PIECEWISE_BEZIER_KNOTS.);
#9327 = CARTESIAN_POINT('',(88.382036786368,45.65570507206,26.));
#9328 = CARTESIAN_POINT('',(88.369296918544,45.541046261645,26.));
#9329 = CARTESIAN_POINT('',(88.241898240306,45.541046261645,26.));
#9330 = SURFACE_OF_LINEAR_EXTRUSION('',#9331,#9335);
#9331 = B_SPLINE_CURVE_WITH_KNOTS('',2,(#9332,#9333,#9334),
  .UNSPECIFIED.,.F.,.F.,(3,3),(0.,1.),.PIECEWISE_BEZIER_KNOTS.);
#9332 = CARTESIAN_POINT('',(88.382036786368,45.65570507206,26.));
#9333 = CARTESIAN_POINT('',(88.369296918544,45.541046261645,26.));
#9334 = CARTESIAN_POINT('',(88.241898240306,45.541046261645,26.));
#9335 = VECTOR('',#9336,1.);
#9336 = DIRECTION('',(-0.,-0.,-1.));
#9337 = ADVANCED_FACE('',(#9338),#9361,.T.);
#9338 = FACE_BOUND('',#9339,.T.);
#9339 = EDGE_LOOP('',(#9340,#9341,#9348,#9356));
#9340 = ORIENTED_EDGE('',*,*,#9317,.T.);
#9341 = ORIENTED_EDGE('',*,*,#9342,.T.);
#9342 = EDGE_CURVE('',#9310,#9343,#9345,.T.);
#9343 = VERTEX_POINT('',#9344);
#9344 = CARTESIAN_POINT('',(87.579425113464,45.541046261645,26.6));
#9345 = B_SPLINE_CURVE_WITH_KNOTS('',1,(#9346,#9347),.UNSPECIFIED.,.F.,
  .F.,(2,2),(0.,5.2),.PIECEWISE_BEZIER_KNOTS.);
#9346 = CARTESIAN_POINT('',(88.241898240306,45.541046261645,26.6));
#9347 = CARTESIAN_POINT('',(87.579425113464,45.541046261645,26.6));
#9348 = ORIENTED_EDGE('',*,*,#9349,.F.);
#9349 = EDGE_CURVE('',#9350,#9343,#9352,.T.);
#9350 = VERTEX_POINT('',#9351);
#9351 = CARTESIAN_POINT('',(87.579425113464,45.541046261645,26.));
#9352 = LINE('',#9353,#9354);
#9353 = CARTESIAN_POINT('',(87.579425113464,45.541046261645,26.));
#9354 = VECTOR('',#9355,1.);
#9355 = DIRECTION('',(0.,0.,1.));
#9356 = ORIENTED_EDGE('',*,*,#9357,.F.);
#9357 = EDGE_CURVE('',#9318,#9350,#9358,.T.);
#9358 = B_SPLINE_CURVE_WITH_KNOTS('',1,(#9359,#9360),.UNSPECIFIED.,.F.,
  .F.,(2,2),(0.,5.2),.PIECEWISE_BEZIER_KNOTS.);
#9359 = CARTESIAN_POINT('',(88.241898240306,45.541046261645,26.));
#9360 = CARTESIAN_POINT('',(87.579425113464,45.541046261645,26.));
#9361 = SURFACE_OF_LINEAR_EXTRUSION('',#9362,#9365);
#9362 = B_SPLINE_CURVE_WITH_KNOTS('',1,(#9363,#9364),.UNSPECIFIED.,.F.,
  .F.,(2,2),(0.,5.2),.PIECEWISE_BEZIER_KNOTS.);
#9363 = CARTESIAN_POINT('',(88.241898240306,45.541046261645,26.));
#9364 = CARTESIAN_POINT('',(87.579425113464,45.541046261645,26.));
#9365 = VECTOR('',#9366,1.);
#9366 = DIRECTION('',(-0.,-0.,-1.));
#9367 = ADVANCED_FACE('',(#9368),#9393,.T.);
#9368 = FACE_BOUND('',#9369,.T.);
#9369 = EDGE_LOOP('',(#9370,#9371,#9379,#9387));
#9370 = ORIENTED_EDGE('',*,*,#9349,.T.);
#9371 = ORIENTED_EDGE('',*,*,#9372,.T.);
#9372 = EDGE_CURVE('',#9343,#9373,#9375,.T.);
#9373 = VERTEX_POINT('',#9374);
#9374 = CARTESIAN_POINT('',(87.439286567402,45.65570507206,26.6));
#9375 = B_SPLINE_CURVE_WITH_KNOTS('',2,(#9376,#9377,#9378),
  .UNSPECIFIED.,.F.,.F.,(3,3),(0.,1.),.PIECEWISE_BEZIER_KNOTS.);
#9376 = CARTESIAN_POINT('',(87.579425113464,45.541046261645,26.6));
#9377 = CARTESIAN_POINT('',(87.46476630305,45.541046261645,26.6));
#9378 = CARTESIAN_POINT('',(87.439286567402,45.65570507206,26.6));
#9379 = ORIENTED_EDGE('',*,*,#9380,.F.);
#9380 = EDGE_CURVE('',#9381,#9373,#9383,.T.);
#9381 = VERTEX_POINT('',#9382);
#9382 = CARTESIAN_POINT('',(87.439286567402,45.65570507206,26.));
#9383 = LINE('',#9384,#9385);
#9384 = CARTESIAN_POINT('',(87.439286567402,45.65570507206,26.));
#9385 = VECTOR('',#9386,1.);
#9386 = DIRECTION('',(0.,0.,1.));
#9387 = ORIENTED_EDGE('',*,*,#9388,.F.);
#9388 = EDGE_CURVE('',#9350,#9381,#9389,.T.);
#9389 = B_SPLINE_CURVE_WITH_KNOTS('',2,(#9390,#9391,#9392),
  .UNSPECIFIED.,.F.,.F.,(3,3),(0.,1.),.PIECEWISE_BEZIER_KNOTS.);
#9390 = CARTESIAN_POINT('',(87.579425113464,45.541046261645,26.));
#9391 = CARTESIAN_POINT('',(87.46476630305,45.541046261645,26.));
#9392 = CARTESIAN_POINT('',(87.439286567402,45.65570507206,26.));
#9393 = SURFACE_OF_LINEAR_EXTRUSION('',#9394,#9398);
#9394 = B_SPLINE_CURVE_WITH_KNOTS('',2,(#9395,#9396,#9397),
  .UNSPECIFIED.,.F.,.F.,(3,3),(0.,1.),.PIECEWISE_BEZIER_KNOTS.);
#9395 = CARTESIAN_POINT('',(87.579425113464,45.541046261645,26.));
#9396 = CARTESIAN_POINT('',(87.46476630305,45.541046261645,26.));
#9397 = CARTESIAN_POINT('',(87.439286567402,45.65570507206,26.));
#9398 = VECTOR('',#9399,1.);
#9399 = DIRECTION('',(-0.,-0.,-1.));
#9400 = ADVANCED_FACE('',(#9401),#9424,.T.);
#9401 = FACE_BOUND('',#9402,.T.);
#9402 = EDGE_LOOP('',(#9403,#9404,#9411,#9419));
#9403 = ORIENTED_EDGE('',*,*,#9380,.T.);
#9404 = ORIENTED_EDGE('',*,*,#9405,.T.);
#9405 = EDGE_CURVE('',#9373,#9406,#9408,.T.);
#9406 = VERTEX_POINT('',#9407);
#9407 = CARTESIAN_POINT('',(86.27995859543,50.369456166892,26.6));
#9408 = B_SPLINE_CURVE_WITH_KNOTS('',1,(#9409,#9410),.UNSPECIFIED.,.F.,
  .F.,(2,2),(0.,38.102624581517),.PIECEWISE_BEZIER_KNOTS.);
#9409 = CARTESIAN_POINT('',(87.439286567402,45.65570507206,26.6));
#9410 = CARTESIAN_POINT('',(86.27995859543,50.369456166892,26.6));
#9411 = ORIENTED_EDGE('',*,*,#9412,.F.);
#9412 = EDGE_CURVE('',#9413,#9406,#9415,.T.);
#9413 = VERTEX_POINT('',#9414);
#9414 = CARTESIAN_POINT('',(86.27995859543,50.369456166892,26.));
#9415 = LINE('',#9416,#9417);
#9416 = CARTESIAN_POINT('',(86.27995859543,50.369456166892,26.));
#9417 = VECTOR('',#9418,1.);
#9418 = DIRECTION('',(0.,0.,1.));
#9419 = ORIENTED_EDGE('',*,*,#9420,.F.);
#9420 = EDGE_CURVE('',#9381,#9413,#9421,.T.);
#9421 = B_SPLINE_CURVE_WITH_KNOTS('',1,(#9422,#9423),.UNSPECIFIED.,.F.,
  .F.,(2,2),(0.,38.102624581517),.PIECEWISE_BEZIER_KNOTS.);
#9422 = CARTESIAN_POINT('',(87.439286567402,45.65570507206,26.));
#9423 = CARTESIAN_POINT('',(86.27995859543,50.369456166892,26.));
#9424 = SURFACE_OF_LINEAR_EXTRUSION('',#9425,#9428);
#9425 = B_SPLINE_CURVE_WITH_KNOTS('',1,(#9426,#9427),.UNSPECIFIED.,.F.,
  .F.,(2,2),(0.,38.102624581517),.PIECEWISE_BEZIER_KNOTS.);
#9426 = CARTESIAN_POINT('',(87.439286567402,45.65570507206,26.));
#9427 = CARTESIAN_POINT('',(86.27995859543,50.369456166892,26.));
#9428 = VECTOR('',#9429,1.);
#9429 = DIRECTION('',(-0.,-0.,-1.));
#9430 = ADVANCED_FACE('',(#9431),#9456,.T.);
#9431 = FACE_BOUND('',#9432,.T.);
#9432 = EDGE_LOOP('',(#9433,#9434,#9442,#9450));
#9433 = ORIENTED_EDGE('',*,*,#9412,.T.);
#9434 = ORIENTED_EDGE('',*,*,#9435,.T.);
#9435 = EDGE_CURVE('',#9406,#9436,#9438,.T.);
#9436 = VERTEX_POINT('',#9437);
#9437 = CARTESIAN_POINT('',(86.24810892587,50.407675770364,26.6));
#9438 = B_SPLINE_CURVE_WITH_KNOTS('',2,(#9439,#9440,#9441),
  .UNSPECIFIED.,.F.,.F.,(3,3),(0.,1.),.PIECEWISE_BEZIER_KNOTS.);
#9439 = CARTESIAN_POINT('',(86.27995859543,50.369456166892,26.6));
#9440 = CARTESIAN_POINT('',(86.267218727606,50.407675770364,26.6));
#9441 = CARTESIAN_POINT('',(86.24810892587,50.407675770364,26.6));
#9442 = ORIENTED_EDGE('',*,*,#9443,.F.);
#9443 = EDGE_CURVE('',#9444,#9436,#9446,.T.);
#9444 = VERTEX_POINT('',#9445);
#9445 = CARTESIAN_POINT('',(86.24810892587,50.407675770364,26.));
#9446 = LINE('',#9447,#9448);
#9447 = CARTESIAN_POINT('',(86.24810892587,50.407675770364,26.));
#9448 = VECTOR('',#9449,1.);
#9449 = DIRECTION('',(0.,0.,1.));
#9450 = ORIENTED_EDGE('',*,*,#9451,.F.);
#9451 = EDGE_CURVE('',#9413,#9444,#9452,.T.);
#9452 = B_SPLINE_CURVE_WITH_KNOTS('',2,(#9453,#9454,#9455),
  .UNSPECIFIED.,.F.,.F.,(3,3),(0.,1.),.PIECEWISE_BEZIER_KNOTS.);
#9453 = CARTESIAN_POINT('',(86.27995859543,50.369456166892,26.));
#9454 = CARTESIAN_POINT('',(86.267218727606,50.407675770364,26.));
#9455 = CARTESIAN_POINT('',(86.24810892587,50.407675770364,26.));
#9456 = SURFACE_OF_LINEAR_EXTRUSION('',#9457,#9461);
#9457 = B_SPLINE_CURVE_WITH_KNOTS('',2,(#9458,#9459,#9460),
  .UNSPECIFIED.,.F.,.F.,(3,3),(0.,1.),.PIECEWISE_BEZIER_KNOTS.);
#9458 = CARTESIAN_POINT('',(86.27995859543,50.369456166892,26.));
#9459 = CARTESIAN_POINT('',(86.267218727606,50.407675770364,26.));
#9460 = CARTESIAN_POINT('',(86.24810892587,50.407675770364,26.));
#9461 = VECTOR('',#9462,1.);
#9462 = DIRECTION('',(-0.,-0.,-1.));
#9463 = ADVANCED_FACE('',(#9464),#9489,.T.);
#9464 = FACE_BOUND('',#9465,.T.);
#9465 = EDGE_LOOP('',(#9466,#9467,#9475,#9483));
#9466 = ORIENTED_EDGE('',*,*,#9443,.T.);
#9467 = ORIENTED_EDGE('',*,*,#9468,.T.);
#9468 = EDGE_CURVE('',#9436,#9469,#9471,.T.);
#9469 = VERTEX_POINT('',#9470);
#9470 = CARTESIAN_POINT('',(86.21625925631,50.369456166892,26.6));
#9471 = B_SPLINE_CURVE_WITH_KNOTS('',2,(#9472,#9473,#9474),
  .UNSPECIFIED.,.F.,.F.,(3,3),(0.,1.),.PIECEWISE_BEZIER_KNOTS.);
#9472 = CARTESIAN_POINT('',(86.24810892587,50.407675770364,26.6));
#9473 = CARTESIAN_POINT('',(86.228999124134,50.407675770364,26.6));
#9474 = CARTESIAN_POINT('',(86.21625925631,50.369456166892,26.6));
#9475 = ORIENTED_EDGE('',*,*,#9476,.F.);
#9476 = EDGE_CURVE('',#9477,#9469,#9479,.T.);
#9477 = VERTEX_POINT('',#9478);
#9478 = CARTESIAN_POINT('',(86.21625925631,50.369456166892,26.));
#9479 = LINE('',#9480,#9481);
#9480 = CARTESIAN_POINT('',(86.21625925631,50.369456166892,26.));
#9481 = VECTOR('',#9482,1.);
#9482 = DIRECTION('',(0.,0.,1.));
#9483 = ORIENTED_EDGE('',*,*,#9484,.F.);
#9484 = EDGE_CURVE('',#9444,#9477,#9485,.T.);
#9485 = B_SPLINE_CURVE_WITH_KNOTS('',2,(#9486,#9487,#9488),
  .UNSPECIFIED.,.F.,.F.,(3,3),(0.,1.),.PIECEWISE_BEZIER_KNOTS.);
#9486 = CARTESIAN_POINT('',(86.24810892587,50.407675770364,26.));
#9487 = CARTESIAN_POINT('',(86.228999124134,50.407675770364,26.));
#9488 = CARTESIAN_POINT('',(86.21625925631,50.369456166892,26.));
#9489 = SURFACE_OF_LINEAR_EXTRUSION('',#9490,#9494);
#9490 = B_SPLINE_CURVE_WITH_KNOTS('',2,(#9491,#9492,#9493),
  .UNSPECIFIED.,.F.,.F.,(3,3),(0.,1.),.PIECEWISE_BEZIER_KNOTS.);
#9491 = CARTESIAN_POINT('',(86.24810892587,50.407675770364,26.));
#9492 = CARTESIAN_POINT('',(86.228999124134,50.407675770364,26.));
#9493 = CARTESIAN_POINT('',(86.21625925631,50.369456166892,26.));
#9494 = VECTOR('',#9495,1.);
#9495 = DIRECTION('',(-0.,-0.,-1.));
#9496 = ADVANCED_FACE('',(#9497),#9520,.T.);
#9497 = FACE_BOUND('',#9498,.T.);
#9498 = EDGE_LOOP('',(#9499,#9500,#9507,#9515));
#9499 = ORIENTED_EDGE('',*,*,#9476,.T.);
#9500 = ORIENTED_EDGE('',*,*,#9501,.T.);
#9501 = EDGE_CURVE('',#9469,#9502,#9504,.T.);
#9502 = VERTEX_POINT('',#9503);
#9503 = CARTESIAN_POINT('',(85.09515088781,45.65570507206,26.6));
#9504 = B_SPLINE_CURVE_WITH_KNOTS('',1,(#9505,#9506),.UNSPECIFIED.,.F.,
  .F.,(2,2),(0.,38.032091712132),.PIECEWISE_BEZIER_KNOTS.);
#9505 = CARTESIAN_POINT('',(86.21625925631,50.369456166892,26.6));
#9506 = CARTESIAN_POINT('',(85.09515088781,45.65570507206,26.6));
#9507 = ORIENTED_EDGE('',*,*,#9508,.F.);
#9508 = EDGE_CURVE('',#9509,#9502,#9511,.T.);
#9509 = VERTEX_POINT('',#9510);
#9510 = CARTESIAN_POINT('',(85.09515088781,45.65570507206,26.));
#9511 = LINE('',#9512,#9513);
#9512 = CARTESIAN_POINT('',(85.09515088781,45.65570507206,26.));
#9513 = VECTOR('',#9514,1.);
#9514 = DIRECTION('',(0.,0.,1.));
#9515 = ORIENTED_EDGE('',*,*,#9516,.F.);
#9516 = EDGE_CURVE('',#9477,#9509,#9517,.T.);
#9517 = B_SPLINE_CURVE_WITH_KNOTS('',1,(#9518,#9519),.UNSPECIFIED.,.F.,
  .F.,(2,2),(0.,38.032091712132),.PIECEWISE_BEZIER_KNOTS.);
#9518 = CARTESIAN_POINT('',(86.21625925631,50.369456166892,26.));
#9519 = CARTESIAN_POINT('',(85.09515088781,45.65570507206,26.));
#9520 = SURFACE_OF_LINEAR_EXTRUSION('',#9521,#9524);
#9521 = B_SPLINE_CURVE_WITH_KNOTS('',1,(#9522,#9523),.UNSPECIFIED.,.F.,
  .F.,(2,2),(0.,38.032091712132),.PIECEWISE_BEZIER_KNOTS.);
#9522 = CARTESIAN_POINT('',(86.21625925631,50.369456166892,26.));
#9523 = CARTESIAN_POINT('',(85.09515088781,45.65570507206,26.));
#9524 = VECTOR('',#9525,1.);
#9525 = DIRECTION('',(-0.,-0.,-1.));
#9526 = ADVANCED_FACE('',(#9527),#9552,.T.);
#9527 = FACE_BOUND('',#9528,.T.);
#9528 = EDGE_LOOP('',(#9529,#9530,#9538,#9546));
#9529 = ORIENTED_EDGE('',*,*,#9508,.T.);
#9530 = ORIENTED_EDGE('',*,*,#9531,.T.);
#9531 = EDGE_CURVE('',#9502,#9532,#9534,.T.);
#9532 = VERTEX_POINT('',#9533);
#9533 = CARTESIAN_POINT('',(84.955012341747,45.541046261645,26.6));
#9534 = B_SPLINE_CURVE_WITH_KNOTS('',2,(#9535,#9536,#9537),
  .UNSPECIFIED.,.F.,.F.,(3,3),(0.,1.),.PIECEWISE_BEZIER_KNOTS.);
#9535 = CARTESIAN_POINT('',(85.09515088781,45.65570507206,26.6));
#9536 = CARTESIAN_POINT('',(85.069671152162,45.541046261645,26.6));
#9537 = CARTESIAN_POINT('',(84.955012341747,45.541046261645,26.6));
#9538 = ORIENTED_EDGE('',*,*,#9539,.F.);
#9539 = EDGE_CURVE('',#9540,#9532,#9542,.T.);
#9540 = VERTEX_POINT('',#9541);
#9541 = CARTESIAN_POINT('',(84.955012341747,45.541046261645,26.));
#9542 = LINE('',#9543,#9544);
#9543 = CARTESIAN_POINT('',(84.955012341747,45.541046261645,26.));
#9544 = VECTOR('',#9545,1.);
#9545 = DIRECTION('',(0.,0.,1.));
#9546 = ORIENTED_EDGE('',*,*,#9547,.F.);
#9547 = EDGE_CURVE('',#9509,#9540,#9548,.T.);
#9548 = B_SPLINE_CURVE_WITH_KNOTS('',2,(#9549,#9550,#9551),
  .UNSPECIFIED.,.F.,.F.,(3,3),(0.,1.),.PIECEWISE_BEZIER_KNOTS.);
#9549 = CARTESIAN_POINT('',(85.09515088781,45.65570507206,26.));
#9550 = CARTESIAN_POINT('',(85.069671152162,45.541046261645,26.));
#9551 = CARTESIAN_POINT('',(84.955012341747,45.541046261645,26.));
#9552 = SURFACE_OF_LINEAR_EXTRUSION('',#9553,#9557);
#9553 = B_SPLINE_CURVE_WITH_KNOTS('',2,(#9554,#9555,#9556),
  .UNSPECIFIED.,.F.,.F.,(3,3),(0.,1.),.PIECEWISE_BEZIER_KNOTS.);
#9554 = CARTESIAN_POINT('',(85.09515088781,45.65570507206,26.));
#9555 = CARTESIAN_POINT('',(85.069671152162,45.541046261645,26.));
#9556 = CARTESIAN_POINT('',(84.955012341747,45.541046261645,26.));
#9557 = VECTOR('',#9558,1.);
#9558 = DIRECTION('',(-0.,-0.,-1.));
#9559 = ADVANCED_FACE('',(#9560),#9583,.T.);
#9560 = FACE_BOUND('',#9561,.T.);
#9561 = EDGE_LOOP('',(#9562,#9563,#9570,#9578));
#9562 = ORIENTED_EDGE('',*,*,#9539,.T.);
#9563 = ORIENTED_EDGE('',*,*,#9564,.T.);
#9564 = EDGE_CURVE('',#9532,#9565,#9567,.T.);
#9565 = VERTEX_POINT('',#9566);
#9566 = CARTESIAN_POINT('',(84.292539214906,45.541046261645,26.6));
#9567 = B_SPLINE_CURVE_WITH_KNOTS('',1,(#9568,#9569),.UNSPECIFIED.,.F.,
  .F.,(2,2),(0.,5.2),.PIECEWISE_BEZIER_KNOTS.);
#9568 = CARTESIAN_POINT('',(84.955012341747,45.541046261645,26.6));
#9569 = CARTESIAN_POINT('',(84.292539214906,45.541046261645,26.6));
#9570 = ORIENTED_EDGE('',*,*,#9571,.F.);
#9571 = EDGE_CURVE('',#9572,#9565,#9574,.T.);
#9572 = VERTEX_POINT('',#9573);
#9573 = CARTESIAN_POINT('',(84.292539214906,45.541046261645,26.));
#9574 = LINE('',#9575,#9576);
#9575 = CARTESIAN_POINT('',(84.292539214906,45.541046261645,26.));
#9576 = VECTOR('',#9577,1.);
#9577 = DIRECTION('',(0.,0.,1.));
#9578 = ORIENTED_EDGE('',*,*,#9579,.F.);
#9579 = EDGE_CURVE('',#9540,#9572,#9580,.T.);
#9580 = B_SPLINE_CURVE_WITH_KNOTS('',1,(#9581,#9582),.UNSPECIFIED.,.F.,
  .F.,(2,2),(0.,5.2),.PIECEWISE_BEZIER_KNOTS.);
#9581 = CARTESIAN_POINT('',(84.955012341747,45.541046261645,26.));
#9582 = CARTESIAN_POINT('',(84.292539214906,45.541046261645,26.));
#9583 = SURFACE_OF_LINEAR_EXTRUSION('',#9584,#9587);
#9584 = B_SPLINE_CURVE_WITH_KNOTS('',1,(#9585,#9586),.UNSPECIFIED.,.F.,
  .F.,(2,2),(0.,5.2),.PIECEWISE_BEZIER_KNOTS.);
#9585 = CARTESIAN_POINT('',(84.955012341747,45.541046261645,26.));
#9586 = CARTESIAN_POINT('',(84.292539214906,45.541046261645,26.));
#9587 = VECTOR('',#9588,1.);
#9588 = DIRECTION('',(-0.,-0.,-1.));
#9589 = ADVANCED_FACE('',(#9590),#9606,.T.);
#9590 = FACE_BOUND('',#9591,.T.);
#9591 = EDGE_LOOP('',(#9592,#9593,#9599,#9600));
#9592 = ORIENTED_EDGE('',*,*,#9571,.T.);
#9593 = ORIENTED_EDGE('',*,*,#9594,.T.);
#9594 = EDGE_CURVE('',#9565,#8639,#9595,.T.);
#9595 = B_SPLINE_CURVE_WITH_KNOTS('',2,(#9596,#9597,#9598),
  .UNSPECIFIED.,.F.,.F.,(3,3),(0.,1.),.PIECEWISE_BEZIER_KNOTS.);
#9596 = CARTESIAN_POINT('',(84.292539214906,45.541046261645,26.6));
#9597 = CARTESIAN_POINT('',(84.177880404491,45.541046261645,26.6));
#9598 = CARTESIAN_POINT('',(84.152400668843,45.65570507206,26.6));
#9599 = ORIENTED_EDGE('',*,*,#8636,.F.);
#9600 = ORIENTED_EDGE('',*,*,#9601,.F.);
#9601 = EDGE_CURVE('',#9572,#8637,#9602,.T.);
#9602 = B_SPLINE_CURVE_WITH_KNOTS('',2,(#9603,#9604,#9605),
  .UNSPECIFIED.,.F.,.F.,(3,3),(0.,1.),.PIECEWISE_BEZIER_KNOTS.);
#9603 = CARTESIAN_POINT('',(84.292539214906,45.541046261645,26.));
#9604 = CARTESIAN_POINT('',(84.177880404491,45.541046261645,26.));
#9605 = CARTESIAN_POINT('',(84.152400668843,45.65570507206,26.));
#9606 = SURFACE_OF_LINEAR_EXTRUSION('',#9607,#9611);
#9607 = B_SPLINE_CURVE_WITH_KNOTS('',2,(#9608,#9609,#9610),
  .UNSPECIFIED.,.F.,.F.,(3,3),(0.,1.),.PIECEWISE_BEZIER_KNOTS.);
#9608 = CARTESIAN_POINT('',(84.292539214906,45.541046261645,26.));
#9609 = CARTESIAN_POINT('',(84.177880404491,45.541046261645,26.));
#9610 = CARTESIAN_POINT('',(84.152400668843,45.65570507206,26.));
#9611 = VECTOR('',#9612,1.);
#9612 = DIRECTION('',(-0.,-0.,-1.));
#9613 = ADVANCED_FACE('',(#9614),#9647,.T.);
#9614 = FACE_BOUND('',#9615,.T.);
#9615 = EDGE_LOOP('',(#9616,#9617,#9618,#9619,#9620,#9621,#9622,#9623,
    #9624,#9625,#9626,#9627,#9628,#9629,#9630,#9631,#9632,#9633,#9634,
    #9635,#9636,#9637,#9638,#9639,#9640,#9641,#9642,#9643,#9644,#9645,
    #9646));
#9616 = ORIENTED_EDGE('',*,*,#8661,.T.);
#9617 = ORIENTED_EDGE('',*,*,#8691,.T.);
#9618 = ORIENTED_EDGE('',*,*,#8722,.T.);
#9619 = ORIENTED_EDGE('',*,*,#8754,.T.);
#9620 = ORIENTED_EDGE('',*,*,#8785,.T.);
#9621 = ORIENTED_EDGE('',*,*,#8817,.T.);
#9622 = ORIENTED_EDGE('',*,*,#8848,.T.);
#9623 = ORIENTED_EDGE('',*,*,#8881,.T.);
#9624 = ORIENTED_EDGE('',*,*,#8913,.T.);
#9625 = ORIENTED_EDGE('',*,*,#8944,.T.);
#9626 = ORIENTED_EDGE('',*,*,#8976,.T.);
#9627 = ORIENTED_EDGE('',*,*,#9007,.T.);
#9628 = ORIENTED_EDGE('',*,*,#9039,.T.);
#9629 = ORIENTED_EDGE('',*,*,#9070,.T.);
#9630 = ORIENTED_EDGE('',*,*,#9103,.T.);
#9631 = ORIENTED_EDGE('',*,*,#9135,.T.);
#9632 = ORIENTED_EDGE('',*,*,#9166,.T.);
#9633 = ORIENTED_EDGE('',*,*,#9198,.T.);
#9634 = ORIENTED_EDGE('',*,*,#9229,.T.);
#9635 = ORIENTED_EDGE('',*,*,#9262,.T.);
#9636 = ORIENTED_EDGE('',*,*,#9294,.T.);
#9637 = ORIENTED_EDGE('',*,*,#9325,.T.);
#9638 = ORIENTED_EDGE('',*,*,#9357,.T.);
#9639 = ORIENTED_EDGE('',*,*,#9388,.T.);
#9640 = ORIENTED_EDGE('',*,*,#9420,.T.);
#9641 = ORIENTED_EDGE('',*,*,#9451,.T.);
#9642 = ORIENTED_EDGE('',*,*,#9484,.T.);
#9643 = ORIENTED_EDGE('',*,*,#9516,.T.);
#9644 = ORIENTED_EDGE('',*,*,#9547,.T.);
#9645 = ORIENTED_EDGE('',*,*,#9579,.T.);
#9646 = ORIENTED_EDGE('',*,*,#9601,.T.);
#9647 = B_SPLINE_SURFACE_WITH_KNOTS('',1,1,(
    (#9648,#9649)
    ,(#9650,#9651
    )),.UNSPECIFIED.,.F.,.F.,.F.,(2,2),(2,2),(-29.30576411532,
    28.994235884678),(-26.74078038887,23.859219611125),
  .PIECEWISE_BEZIER_KNOTS.);
#9648 = CARTESIAN_POINT('',(90.,45.541046261645,26.));
#9649 = CARTESIAN_POINT('',(90.,51.987419380524,26.));
#9650 = CARTESIAN_POINT('',(82.572657058683,45.541046261645,26.));
#9651 = CARTESIAN_POINT('',(82.572657058683,51.987419380524,26.));
#9652 = ADVANCED_FACE('',(#9653),#9686,.F.);
#9653 = FACE_BOUND('',#9654,.F.);
#9654 = EDGE_LOOP('',(#9655,#9656,#9657,#9658,#9659,#9660,#9661,#9662,
    #9663,#9664,#9665,#9666,#9667,#9668,#9669,#9670,#9671,#9672,#9673,
    #9674,#9675,#9676,#9677,#9678,#9679,#9680,#9681,#9682,#9683,#9684,
    #9685));
#9655 = ORIENTED_EDGE('',*,*,#8646,.T.);
#9656 = ORIENTED_EDGE('',*,*,#8676,.T.);
#9657 = ORIENTED_EDGE('',*,*,#8706,.T.);
#9658 = ORIENTED_EDGE('',*,*,#8739,.T.);
#9659 = ORIENTED_EDGE('',*,*,#8769,.T.);
#9660 = ORIENTED_EDGE('',*,*,#8802,.T.);
#9661 = ORIENTED_EDGE('',*,*,#8832,.T.);
#9662 = ORIENTED_EDGE('',*,*,#8865,.T.);
#9663 = ORIENTED_EDGE('',*,*,#8898,.T.);
#9664 = ORIENTED_EDGE('',*,*,#8928,.T.);
#9665 = ORIENTED_EDGE('',*,*,#8961,.T.);
#9666 = ORIENTED_EDGE('',*,*,#8991,.T.);
#9667 = ORIENTED_EDGE('',*,*,#9024,.T.);
#9668 = ORIENTED_EDGE('',*,*,#9054,.T.);
#9669 = ORIENTED_EDGE('',*,*,#9087,.T.);
#9670 = ORIENTED_EDGE('',*,*,#9120,.T.);
#9671 = ORIENTED_EDGE('',*,*,#9150,.T.);
#9672 = ORIENTED_EDGE('',*,*,#9183,.T.);
#9673 = ORIENTED_EDGE('',*,*,#9213,.T.);
#9674 = ORIENTED_EDGE('',*,*,#9246,.T.);
#9675 = ORIENTED_EDGE('',*,*,#9279,.T.);
#9676 = ORIENTED_EDGE('',*,*,#9309,.T.);
#9677 = ORIENTED_EDGE('',*,*,#9342,.T.);
#9678 = ORIENTED_EDGE('',*,*,#9372,.T.);
#9679 = ORIENTED_EDGE('',*,*,#9405,.T.);
#9680 = ORIENTED_EDGE('',*,*,#9435,.T.);
#9681 = ORIENTED_EDGE('',*,*,#9468,.T.);
#9682 = ORIENTED_EDGE('',*,*,#9501,.T.);
#9683 = ORIENTED_EDGE('',*,*,#9531,.T.);
#9684 = ORIENTED_EDGE('',*,*,#9564,.T.);
#9685 = ORIENTED_EDGE('',*,*,#9594,.T.);
#9686 = B_SPLINE_SURFACE_WITH_KNOTS('',1,1,(
    (#9687,#9688)
    ,(#9689,#9690
    )),.UNSPECIFIED.,.F.,.F.,.F.,(2,2),(2,2),(-29.30576411532,
    28.994235884678),(-26.74078038887,23.859219611125),
  .PIECEWISE_BEZIER_KNOTS.);
#9687 = CARTESIAN_POINT('',(90.,45.541046261645,26.6));
#9688 = CARTESIAN_POINT('',(90.,51.987419380524,26.6));
#9689 = CARTESIAN_POINT('',(82.572657058683,45.541046261645,26.6));
#9690 = CARTESIAN_POINT('',(82.572657058683,51.987419380524,26.6));
#9691 = MANIFOLD_SOLID_BREP('',#9692);
#9692 = CLOSED_SHELL('',(#9693,#9733,#9766,#9799,#9830,#9861,#9894,#9927
    ,#9949,#9991,#10022,#10055,#10086,#10119,#10150,#10183,#10205,#10231
    ));
#9693 = ADVANCED_FACE('',(#9694),#9728,.T.);
#9694 = FACE_BOUND('',#9695,.T.);
#9695 = EDGE_LOOP('',(#9696,#9706,#9714,#9722));
#9696 = ORIENTED_EDGE('',*,*,#9697,.T.);
#9697 = EDGE_CURVE('',#9698,#9700,#9702,.T.);
#9698 = VERTEX_POINT('',#9699);
#9699 = CARTESIAN_POINT('',(4.8,42.350441914165,26.));
#9700 = VERTEX_POINT('',#9701);
#9701 = CARTESIAN_POINT('',(4.8,42.350441914165,26.6));
#9702 = LINE('',#9703,#9704);
#9703 = CARTESIAN_POINT('',(4.8,42.350441914165,26.));
#9704 = VECTOR('',#9705,1.);
#9705 = DIRECTION('',(0.,0.,1.));
#9706 = ORIENTED_EDGE('',*,*,#9707,.T.);
#9707 = EDGE_CURVE('',#9700,#9708,#9710,.T.);
#9708 = VERTEX_POINT('',#9709);
#9709 = CARTESIAN_POINT('',(4.8,57.649558085835,26.6));
#9710 = LINE('',#9711,#9712);
#9711 = CARTESIAN_POINT('',(4.8,38.350441914165,26.6));
#9712 = VECTOR('',#9713,1.);
#9713 = DIRECTION('',(-0.,1.,0.));
#9714 = ORIENTED_EDGE('',*,*,#9715,.F.);
#9715 = EDGE_CURVE('',#9716,#9708,#9718,.T.);
#9716 = VERTEX_POINT('',#9717);
#9717 = CARTESIAN_POINT('',(4.8,57.649558085835,26.));
#9718 = LINE('',#9719,#9720);
#9719 = CARTESIAN_POINT('',(4.8,57.649558085835,26.));
#9720 = VECTOR('',#9721,1.);
#9721 = DIRECTION('',(0.,0.,1.));
#9722 = ORIENTED_EDGE('',*,*,#9723,.F.);
#9723 = EDGE_CURVE('',#9698,#9716,#9724,.T.);
#9724 = LINE('',#9725,#9726);
#9725 = CARTESIAN_POINT('',(4.8,38.350441914165,26.));
#9726 = VECTOR('',#9727,1.);
#9727 = DIRECTION('',(-0.,1.,0.));
#9728 = PLANE('',#9729);
#9729 = AXIS2_PLACEMENT_3D('',#9730,#9731,#9732);
#9730 = CARTESIAN_POINT('',(4.8,42.350441914165,26.));
#9731 = DIRECTION('',(-1.,-0.,0.));
#9732 = DIRECTION('',(-0.,1.,0.));
#9733 = ADVANCED_FACE('',(#9734),#9761,.T.);
#9734 = FACE_BOUND('',#9735,.F.);
#9735 = EDGE_LOOP('',(#9736,#9737,#9746,#9754));
#9736 = ORIENTED_EDGE('',*,*,#9697,.T.);
#9737 = ORIENTED_EDGE('',*,*,#9738,.T.);
#9738 = EDGE_CURVE('',#9700,#9739,#9741,.T.);
#9739 = VERTEX_POINT('',#9740);
#9740 = CARTESIAN_POINT('',(8.8,38.350441914165,26.6));
#9741 = CIRCLE('',#9742,4.);
#9742 = AXIS2_PLACEMENT_3D('',#9743,#9744,#9745);
#9743 = CARTESIAN_POINT('',(8.8,42.350441914165,26.6));
#9744 = DIRECTION('',(0.,0.,1.));
#9745 = DIRECTION('',(0.,-1.,0.));
#9746 = ORIENTED_EDGE('',*,*,#9747,.F.);
#9747 = EDGE_CURVE('',#9748,#9739,#9750,.T.);
#9748 = VERTEX_POINT('',#9749);
#9749 = CARTESIAN_POINT('',(8.8,38.350441914165,26.));
#9750 = LINE('',#9751,#9752);
#9751 = CARTESIAN_POINT('',(8.8,38.350441914165,26.));
#9752 = VECTOR('',#9753,1.);
#9753 = DIRECTION('',(0.,0.,1.));
#9754 = ORIENTED_EDGE('',*,*,#9755,.F.);
#9755 = EDGE_CURVE('',#9698,#9748,#9756,.T.);
#9756 = CIRCLE('',#9757,4.);
#9757 = AXIS2_PLACEMENT_3D('',#9758,#9759,#9760);
#9758 = CARTESIAN_POINT('',(8.8,42.350441914165,26.));
#9759 = DIRECTION('',(0.,0.,1.));
#9760 = DIRECTION('',(0.,-1.,0.));
#9761 = CYLINDRICAL_SURFACE('',#9762,4.);
#9762 = AXIS2_PLACEMENT_3D('',#9763,#9764,#9765);
#9763 = CARTESIAN_POINT('',(8.8,42.350441914165,26.));
#9764 = DIRECTION('',(-0.,-0.,-1.));
#9765 = DIRECTION('',(0.,-1.,0.));
#9766 = ADVANCED_FACE('',(#9767),#9794,.T.);
#9767 = FACE_BOUND('',#9768,.T.);
#9768 = EDGE_LOOP('',(#9769,#9770,#9779,#9787));
#9769 = ORIENTED_EDGE('',*,*,#9715,.T.);
#9770 = ORIENTED_EDGE('',*,*,#9771,.T.);
#9771 = EDGE_CURVE('',#9708,#9772,#9774,.T.);
#9772 = VERTEX_POINT('',#9773);
#9773 = CARTESIAN_POINT('',(8.8,61.649558085835,26.6));
#9774 = CIRCLE('',#9775,4.);
#9775 = AXIS2_PLACEMENT_3D('',#9776,#9777,#9778);
#9776 = CARTESIAN_POINT('',(8.8,57.649558085835,26.6));
#9777 = DIRECTION('',(-0.,-0.,-1.));
#9778 = DIRECTION('',(0.,-1.,0.));
#9779 = ORIENTED_EDGE('',*,*,#9780,.F.);
#9780 = EDGE_CURVE('',#9781,#9772,#9783,.T.);
#9781 = VERTEX_POINT('',#9782);
#9782 = CARTESIAN_POINT('',(8.8,61.649558085835,26.));
#9783 = LINE('',#9784,#9785);
#9784 = CARTESIAN_POINT('',(8.8,61.649558085835,26.));
#9785 = VECTOR('',#9786,1.);
#9786 = DIRECTION('',(0.,0.,1.));
#9787 = ORIENTED_EDGE('',*,*,#9788,.F.);
#9788 = EDGE_CURVE('',#9716,#9781,#9789,.T.);
#9789 = CIRCLE('',#9790,4.);
#9790 = AXIS2_PLACEMENT_3D('',#9791,#9792,#9793);
#9791 = CARTESIAN_POINT('',(8.8,57.649558085835,26.));
#9792 = DIRECTION('',(-0.,-0.,-1.));
#9793 = DIRECTION('',(0.,-1.,0.));
#9794 = CYLINDRICAL_SURFACE('',#9795,4.);
#9795 = AXIS2_PLACEMENT_3D('',#9796,#9797,#9798);
#9796 = CARTESIAN_POINT('',(8.8,57.649558085835,26.));
#9797 = DIRECTION('',(-0.,-0.,-1.));
#9798 = DIRECTION('',(0.,-1.,0.));
#9799 = ADVANCED_FACE('',(#9800),#9825,.F.);
#9800 = FACE_BOUND('',#9801,.F.);
#9801 = EDGE_LOOP('',(#9802,#9803,#9811,#9819));
#9802 = ORIENTED_EDGE('',*,*,#9747,.T.);
#9803 = ORIENTED_EDGE('',*,*,#9804,.T.);
#9804 = EDGE_CURVE('',#9739,#9805,#9807,.T.);
#9805 = VERTEX_POINT('',#9806);
#9806 = CARTESIAN_POINT('',(91.2,38.350441914165,26.6));
#9807 = LINE('',#9808,#9809);
#9808 = CARTESIAN_POINT('',(4.8,38.350441914165,26.6));
#9809 = VECTOR('',#9810,1.);
#9810 = DIRECTION('',(1.,0.,-0.));
#9811 = ORIENTED_EDGE('',*,*,#9812,.F.);
#9812 = EDGE_CURVE('',#9813,#9805,#9815,.T.);
#9813 = VERTEX_POINT('',#9814);
#9814 = CARTESIAN_POINT('',(91.2,38.350441914165,26.));
#9815 = LINE('',#9816,#9817);
#9816 = CARTESIAN_POINT('',(91.2,38.350441914165,26.));
#9817 = VECTOR('',#9818,1.);
#9818 = DIRECTION('',(0.,0.,1.));
#9819 = ORIENTED_EDGE('',*,*,#9820,.F.);
#9820 = EDGE_CURVE('',#9748,#9813,#9821,.T.);
#9821 = LINE('',#9822,#9823);
#9822 = CARTESIAN_POINT('',(4.8,38.350441914165,26.));
#9823 = VECTOR('',#9824,1.);
#9824 = DIRECTION('',(1.,0.,-0.));
#9825 = PLANE('',#9826);
#9826 = AXIS2_PLACEMENT_3D('',#9827,#9828,#9829);
#9827 = CARTESIAN_POINT('',(8.8,38.350441914165,26.));
#9828 = DIRECTION('',(-0.,1.,0.));
#9829 = DIRECTION('',(1.,0.,-0.));
#9830 = ADVANCED_FACE('',(#9831),#9856,.T.);
#9831 = FACE_BOUND('',#9832,.T.);
#9832 = EDGE_LOOP('',(#9833,#9834,#9842,#9850));
#9833 = ORIENTED_EDGE('',*,*,#9780,.T.);
#9834 = ORIENTED_EDGE('',*,*,#9835,.T.);
#9835 = EDGE_CURVE('',#9772,#9836,#9838,.T.);
#9836 = VERTEX_POINT('',#9837);
#9837 = CARTESIAN_POINT('',(91.2,61.649558085835,26.6));
#9838 = LINE('',#9839,#9840);
#9839 = CARTESIAN_POINT('',(4.8,61.649558085835,26.6));
#9840 = VECTOR('',#9841,1.);
#9841 = DIRECTION('',(1.,0.,-0.));
#9842 = ORIENTED_EDGE('',*,*,#9843,.F.);
#9843 = EDGE_CURVE('',#9844,#9836,#9846,.T.);
#9844 = VERTEX_POINT('',#9845);
#9845 = CARTESIAN_POINT('',(91.2,61.649558085835,26.));
#9846 = LINE('',#9847,#9848);
#9847 = CARTESIAN_POINT('',(91.2,61.649558085835,26.));
#9848 = VECTOR('',#9849,1.);
#9849 = DIRECTION('',(0.,0.,1.));
#9850 = ORIENTED_EDGE('',*,*,#9851,.F.);
#9851 = EDGE_CURVE('',#9781,#9844,#9852,.T.);
#9852 = LINE('',#9853,#9854);
#9853 = CARTESIAN_POINT('',(4.8,61.649558085835,26.));
#9854 = VECTOR('',#9855,1.);
#9855 = DIRECTION('',(1.,0.,-0.));
#9856 = PLANE('',#9857);
#9857 = AXIS2_PLACEMENT_3D('',#9858,#9859,#9860);
#9858 = CARTESIAN_POINT('',(8.8,61.649558085835,26.));
#9859 = DIRECTION('',(-0.,1.,0.));
#9860 = DIRECTION('',(1.,0.,-0.));
#9861 = ADVANCED_FACE('',(#9862),#9889,.T.);
#9862 = FACE_BOUND('',#9863,.T.);
#9863 = EDGE_LOOP('',(#9864,#9874,#9881,#9882));
#9864 = ORIENTED_EDGE('',*,*,#9865,.T.);
#9865 = EDGE_CURVE('',#9866,#9868,#9870,.T.);
#9866 = VERTEX_POINT('',#9867);
#9867 = CARTESIAN_POINT('',(95.2,42.350441914165,26.));
#9868 = VERTEX_POINT('',#9869);
#9869 = CARTESIAN_POINT('',(95.2,42.350441914165,26.6));
#9870 = LINE('',#9871,#9872);
#9871 = CARTESIAN_POINT('',(95.2,42.350441914165,26.));
#9872 = VECTOR('',#9873,1.);
#9873 = DIRECTION('',(0.,0.,1.));
#9874 = ORIENTED_EDGE('',*,*,#9875,.T.);
#9875 = EDGE_CURVE('',#9868,#9805,#9876,.T.);
#9876 = CIRCLE('',#9877,4.);
#9877 = AXIS2_PLACEMENT_3D('',#9878,#9879,#9880);
#9878 = CARTESIAN_POINT('',(91.2,42.350441914165,26.6));
#9879 = DIRECTION('',(-0.,-0.,-1.));
#9880 = DIRECTION('',(0.,-1.,0.));
#9881 = ORIENTED_EDGE('',*,*,#9812,.F.);
#9882 = ORIENTED_EDGE('',*,*,#9883,.F.);
#9883 = EDGE_CURVE('',#9866,#9813,#9884,.T.);
#9884 = CIRCLE('',#9885,4.);
#9885 = AXIS2_PLACEMENT_3D('',#9886,#9887,#9888);
#9886 = CARTESIAN_POINT('',(91.2,42.350441914165,26.));
#9887 = DIRECTION('',(-0.,-0.,-1.));
#9888 = DIRECTION('',(0.,-1.,0.));
#9889 = CYLINDRICAL_SURFACE('',#9890,4.);
#9890 = AXIS2_PLACEMENT_3D('',#9891,#9892,#9893);
#9891 = CARTESIAN_POINT('',(91.2,42.350441914165,26.));
#9892 = DIRECTION('',(-0.,-0.,-1.));
#9893 = DIRECTION('',(0.,-1.,0.));
#9894 = ADVANCED_FACE('',(#9895),#9922,.T.);
#9895 = FACE_BOUND('',#9896,.F.);
#9896 = EDGE_LOOP('',(#9897,#9907,#9914,#9915));
#9897 = ORIENTED_EDGE('',*,*,#9898,.T.);
#9898 = EDGE_CURVE('',#9899,#9901,#9903,.T.);
#9899 = VERTEX_POINT('',#9900);
#9900 = CARTESIAN_POINT('',(95.2,57.649558085835,26.));
#9901 = VERTEX_POINT('',#9902);
#9902 = CARTESIAN_POINT('',(95.2,57.649558085835,26.6));
#9903 = LINE('',#9904,#9905);
#9904 = CARTESIAN_POINT('',(95.2,57.649558085835,26.));
#9905 = VECTOR('',#9906,1.);
#9906 = DIRECTION('',(0.,0.,1.));
#9907 = ORIENTED_EDGE('',*,*,#9908,.T.);
#9908 = EDGE_CURVE('',#9901,#9836,#9909,.T.);
#9909 = CIRCLE('',#9910,4.);
#9910 = AXIS2_PLACEMENT_3D('',#9911,#9912,#9913);
#9911 = CARTESIAN_POINT('',(91.2,57.649558085835,26.6));
#9912 = DIRECTION('',(0.,0.,1.));
#9913 = DIRECTION('',(0.,-1.,0.));
#9914 = ORIENTED_EDGE('',*,*,#9843,.F.);
#9915 = ORIENTED_EDGE('',*,*,#9916,.F.);
#9916 = EDGE_CURVE('',#9899,#9844,#9917,.T.);
#9917 = CIRCLE('',#9918,4.);
#9918 = AXIS2_PLACEMENT_3D('',#9919,#9920,#9921);
#9919 = CARTESIAN_POINT('',(91.2,57.649558085835,26.));
#9920 = DIRECTION('',(0.,0.,1.));
#9921 = DIRECTION('',(0.,-1.,0.));
#9922 = CYLINDRICAL_SURFACE('',#9923,4.);
#9923 = AXIS2_PLACEMENT_3D('',#9924,#9925,#9926);
#9924 = CARTESIAN_POINT('',(91.2,57.649558085835,26.));
#9925 = DIRECTION('',(-0.,-0.,-1.));
#9926 = DIRECTION('',(0.,-1.,0.));
#9927 = ADVANCED_FACE('',(#9928),#9944,.F.);
#9928 = FACE_BOUND('',#9929,.F.);
#9929 = EDGE_LOOP('',(#9930,#9931,#9937,#9938));
#9930 = ORIENTED_EDGE('',*,*,#9865,.T.);
#9931 = ORIENTED_EDGE('',*,*,#9932,.T.);
#9932 = EDGE_CURVE('',#9868,#9901,#9933,.T.);
#9933 = LINE('',#9934,#9935);
#9934 = CARTESIAN_POINT('',(95.2,38.350441914165,26.6));
#9935 = VECTOR('',#9936,1.);
#9936 = DIRECTION('',(-0.,1.,0.));
#9937 = ORIENTED_EDGE('',*,*,#9898,.F.);
#9938 = ORIENTED_EDGE('',*,*,#9939,.F.);
#9939 = EDGE_CURVE('',#9866,#9899,#9940,.T.);
#9940 = LINE('',#9941,#9942);
#9941 = CARTESIAN_POINT('',(95.2,38.350441914165,26.));
#9942 = VECTOR('',#9943,1.);
#9943 = DIRECTION('',(-0.,1.,0.));
#9944 = PLANE('',#9945);
#9945 = AXIS2_PLACEMENT_3D('',#9946,#9947,#9948);
#9946 = CARTESIAN_POINT('',(95.2,42.350441914165,26.));
#9947 = DIRECTION('',(-1.,-0.,0.));
#9948 = DIRECTION('',(-0.,1.,0.));
#9949 = ADVANCED_FACE('',(#9950),#9986,.F.);
#9950 = FACE_BOUND('',#9951,.T.);
#9951 = EDGE_LOOP('',(#9952,#9962,#9971,#9979));
#9952 = ORIENTED_EDGE('',*,*,#9953,.T.);
#9953 = EDGE_CURVE('',#9954,#9956,#9958,.T.);
#9954 = VERTEX_POINT('',#9955);
#9955 = CARTESIAN_POINT('',(6.,42.350441914165,26.));
#9956 = VERTEX_POINT('',#9957);
#9957 = CARTESIAN_POINT('',(6.,42.350441914165,26.6));
#9958 = LINE('',#9959,#9960);
#9959 = CARTESIAN_POINT('',(6.,42.350441914165,26.));
#9960 = VECTOR('',#9961,1.);
#9961 = DIRECTION('',(0.,0.,1.));
#9962 = ORIENTED_EDGE('',*,*,#9963,.T.);
#9963 = EDGE_CURVE('',#9956,#9964,#9966,.T.);
#9964 = VERTEX_POINT('',#9965);
#9965 = CARTESIAN_POINT('',(8.8,39.550441914165,26.6));
#9966 = CIRCLE('',#9967,2.8);
#9967 = AXIS2_PLACEMENT_3D('',#9968,#9969,#9970);
#9968 = CARTESIAN_POINT('',(8.8,42.350441914165,26.6));
#9969 = DIRECTION('',(0.,0.,1.));
#9970 = DIRECTION('',(-1.,-0.,0.));
#9971 = ORIENTED_EDGE('',*,*,#9972,.F.);
#9972 = EDGE_CURVE('',#9973,#9964,#9975,.T.);
#9973 = VERTEX_POINT('',#9974);
#9974 = CARTESIAN_POINT('',(8.8,39.550441914165,26.));
#9975 = LINE('',#9976,#9977);
#9976 = CARTESIAN_POINT('',(8.8,39.550441914165,26.));
#9977 = VECTOR('',#9978,1.);
#9978 = DIRECTION('',(0.,0.,1.));
#9979 = ORIENTED_EDGE('',*,*,#9980,.F.);
#9980 = EDGE_CURVE('',#9954,#9973,#9981,.T.);
#9981 = CIRCLE('',#9982,2.8);
#9982 = AXIS2_PLACEMENT_3D('',#9983,#9984,#9985);
#9983 = CARTESIAN_POINT('',(8.8,42.350441914165,26.));
#9984 = DIRECTION('',(0.,0.,1.));
#9985 = DIRECTION('',(-1.,-0.,0.));
#9986 = CYLINDRICAL_SURFACE('',#9987,2.8);
#9987 = AXIS2_PLACEMENT_3D('',#9988,#9989,#9990);
#9988 = CARTESIAN_POINT('',(8.8,42.350441914165,26.));
#9989 = DIRECTION('',(-0.,-0.,-1.));
#9990 = DIRECTION('',(-1.,-0.,0.));
#9991 = ADVANCED_FACE('',(#9992),#10017,.F.);
#9992 = FACE_BOUND('',#9993,.F.);
#9993 = EDGE_LOOP('',(#9994,#10004,#10010,#10011));
#9994 = ORIENTED_EDGE('',*,*,#9995,.T.);
#9995 = EDGE_CURVE('',#9996,#9998,#10000,.T.);
#9996 = VERTEX_POINT('',#9997);
#9997 = CARTESIAN_POINT('',(91.2,39.550441914165,26.));
#9998 = VERTEX_POINT('',#9999);
#9999 = CARTESIAN_POINT('',(91.2,39.550441914165,26.6));
#10000 = LINE('',#10001,#10002);
#10001 = CARTESIAN_POINT('',(91.2,39.550441914165,26.));
#10002 = VECTOR('',#10003,1.);
#10003 = DIRECTION('',(0.,0.,1.));
#10004 = ORIENTED_EDGE('',*,*,#10005,.T.);
#10005 = EDGE_CURVE('',#9998,#9964,#10006,.T.);
#10006 = LINE('',#10007,#10008);
#10007 = CARTESIAN_POINT('',(5.4,39.550441914165,26.6));
#10008 = VECTOR('',#10009,1.);
#10009 = DIRECTION('',(-1.,-0.,0.));
#10010 = ORIENTED_EDGE('',*,*,#9972,.F.);
#10011 = ORIENTED_EDGE('',*,*,#10012,.F.);
#10012 = EDGE_CURVE('',#9996,#9973,#10013,.T.);
#10013 = LINE('',#10014,#10015);
#10014 = CARTESIAN_POINT('',(5.4,39.550441914165,26.));
#10015 = VECTOR('',#10016,1.);
#10016 = DIRECTION('',(-1.,-0.,0.));
#10017 = PLANE('',#10018);
#10018 = AXIS2_PLACEMENT_3D('',#10019,#10020,#10021);
#10019 = CARTESIAN_POINT('',(91.2,39.550441914165,26.));
#10020 = DIRECTION('',(0.,-1.,0.));
#10021 = DIRECTION('',(-1.,0.,0.));
#10022 = ADVANCED_FACE('',(#10023),#10050,.F.);
#10023 = FACE_BOUND('',#10024,.T.);
#10024 = EDGE_LOOP('',(#10025,#10026,#10035,#10043));
#10025 = ORIENTED_EDGE('',*,*,#9995,.T.);
#10026 = ORIENTED_EDGE('',*,*,#10027,.T.);
#10027 = EDGE_CURVE('',#9998,#10028,#10030,.T.);
#10028 = VERTEX_POINT('',#10029);
#10029 = CARTESIAN_POINT('',(94.,42.350441914165,26.6));
#10030 = CIRCLE('',#10031,2.8);
#10031 = AXIS2_PLACEMENT_3D('',#10032,#10033,#10034);
#10032 = CARTESIAN_POINT('',(91.2,42.350441914165,26.6));
#10033 = DIRECTION('',(0.,0.,1.));
#10034 = DIRECTION('',(1.,0.,-0.));
#10035 = ORIENTED_EDGE('',*,*,#10036,.F.);
#10036 = EDGE_CURVE('',#10037,#10028,#10039,.T.);
#10037 = VERTEX_POINT('',#10038);
#10038 = CARTESIAN_POINT('',(94.,42.350441914165,26.));
#10039 = LINE('',#10040,#10041);
#10040 = CARTESIAN_POINT('',(94.,42.350441914165,26.));
#10041 = VECTOR('',#10042,1.);
#10042 = DIRECTION('',(0.,0.,1.));
#10043 = ORIENTED_EDGE('',*,*,#10044,.F.);
#10044 = EDGE_CURVE('',#9996,#10037,#10045,.T.);
#10045 = CIRCLE('',#10046,2.8);
#10046 = AXIS2_PLACEMENT_3D('',#10047,#10048,#10049);
#10047 = CARTESIAN_POINT('',(91.2,42.350441914165,26.));
#10048 = DIRECTION('',(0.,0.,1.));
#10049 = DIRECTION('',(1.,0.,-0.));
#10050 = CYLINDRICAL_SURFACE('',#10051,2.8);
#10051 = AXIS2_PLACEMENT_3D('',#10052,#10053,#10054);
#10052 = CARTESIAN_POINT('',(91.2,42.350441914165,26.));
#10053 = DIRECTION('',(-0.,-0.,-1.));
#10054 = DIRECTION('',(1.,0.,-0.));
#10055 = ADVANCED_FACE('',(#10056),#10081,.T.);
#10056 = FACE_BOUND('',#10057,.T.);
#10057 = EDGE_LOOP('',(#10058,#10059,#10067,#10075));
#10058 = ORIENTED_EDGE('',*,*,#10036,.T.);
#10059 = ORIENTED_EDGE('',*,*,#10060,.T.);
#10060 = EDGE_CURVE('',#10028,#10061,#10063,.T.);
#10061 = VERTEX_POINT('',#10062);
#10062 = CARTESIAN_POINT('',(94.,57.649558085835,26.6));
#10063 = LINE('',#10064,#10065);
#10064 = CARTESIAN_POINT('',(94.,38.950441914165,26.6));
#10065 = VECTOR('',#10066,1.);
#10066 = DIRECTION('',(-0.,1.,0.));
#10067 = ORIENTED_EDGE('',*,*,#10068,.F.);
#10068 = EDGE_CURVE('',#10069,#10061,#10071,.T.);
#10069 = VERTEX_POINT('',#10070);
#10070 = CARTESIAN_POINT('',(94.,57.649558085835,26.));
#10071 = LINE('',#10072,#10073);
#10072 = CARTESIAN_POINT('',(94.,57.649558085835,26.));
#10073 = VECTOR('',#10074,1.);
#10074 = DIRECTION('',(0.,0.,1.));
#10075 = ORIENTED_EDGE('',*,*,#10076,.F.);
#10076 = EDGE_CURVE('',#10037,#10069,#10077,.T.);
#10077 = LINE('',#10078,#10079);
#10078 = CARTESIAN_POINT('',(94.,38.950441914165,26.));
#10079 = VECTOR('',#10080,1.);
#10080 = DIRECTION('',(-0.,1.,0.));
#10081 = PLANE('',#10082);
#10082 = AXIS2_PLACEMENT_3D('',#10083,#10084,#10085);
#10083 = CARTESIAN_POINT('',(94.,42.350441914165,26.));
#10084 = DIRECTION('',(-1.,-0.,0.));
#10085 = DIRECTION('',(-0.,1.,0.));
#10086 = ADVANCED_FACE('',(#10087),#10114,.F.);
#10087 = FACE_BOUND('',#10088,.T.);
#10088 = EDGE_LOOP('',(#10089,#10090,#10099,#10107));
#10089 = ORIENTED_EDGE('',*,*,#10068,.T.);
#10090 = ORIENTED_EDGE('',*,*,#10091,.T.);
#10091 = EDGE_CURVE('',#10061,#10092,#10094,.T.);
#10092 = VERTEX_POINT('',#10093);
#10093 = CARTESIAN_POINT('',(91.2,60.449558085835,26.6));
#10094 = CIRCLE('',#10095,2.8);
#10095 = AXIS2_PLACEMENT_3D('',#10096,#10097,#10098);
#10096 = CARTESIAN_POINT('',(91.2,57.649558085835,26.6));
#10097 = DIRECTION('',(0.,0.,1.));
#10098 = DIRECTION('',(1.,0.,-0.));
#10099 = ORIENTED_EDGE('',*,*,#10100,.F.);
#10100 = EDGE_CURVE('',#10101,#10092,#10103,.T.);
#10101 = VERTEX_POINT('',#10102);
#10102 = CARTESIAN_POINT('',(91.2,60.449558085835,26.));
#10103 = LINE('',#10104,#10105);
#10104 = CARTESIAN_POINT('',(91.2,60.449558085835,26.));
#10105 = VECTOR('',#10106,1.);
#10106 = DIRECTION('',(0.,0.,1.));
#10107 = ORIENTED_EDGE('',*,*,#10108,.F.);
#10108 = EDGE_CURVE('',#10069,#10101,#10109,.T.);
#10109 = CIRCLE('',#10110,2.8);
#10110 = AXIS2_PLACEMENT_3D('',#10111,#10112,#10113);
#10111 = CARTESIAN_POINT('',(91.2,57.649558085835,26.));
#10112 = DIRECTION('',(0.,0.,1.));
#10113 = DIRECTION('',(1.,0.,-0.));
#10114 = CYLINDRICAL_SURFACE('',#10115,2.8);
#10115 = AXIS2_PLACEMENT_3D('',#10116,#10117,#10118);
#10116 = CARTESIAN_POINT('',(91.2,57.649558085835,26.));
#10117 = DIRECTION('',(-0.,-0.,-1.));
#10118 = DIRECTION('',(1.,0.,-0.));
#10119 = ADVANCED_FACE('',(#10120),#10145,.T.);
#10120 = FACE_BOUND('',#10121,.T.);
#10121 = EDGE_LOOP('',(#10122,#10123,#10131,#10139));
#10122 = ORIENTED_EDGE('',*,*,#10100,.T.);
#10123 = ORIENTED_EDGE('',*,*,#10124,.T.);
#10124 = EDGE_CURVE('',#10092,#10125,#10127,.T.);
#10125 = VERTEX_POINT('',#10126);
#10126 = CARTESIAN_POINT('',(8.8,60.449558085835,26.6));
#10127 = LINE('',#10128,#10129);
#10128 = CARTESIAN_POINT('',(5.4,60.449558085835,26.6));
#10129 = VECTOR('',#10130,1.);
#10130 = DIRECTION('',(-1.,-0.,0.));
#10131 = ORIENTED_EDGE('',*,*,#10132,.F.);
#10132 = EDGE_CURVE('',#10133,#10125,#10135,.T.);
#10133 = VERTEX_POINT('',#10134);
#10134 = CARTESIAN_POINT('',(8.8,60.449558085835,26.));
#10135 = LINE('',#10136,#10137);
#10136 = CARTESIAN_POINT('',(8.8,60.449558085835,26.));
#10137 = VECTOR('',#10138,1.);
#10138 = DIRECTION('',(0.,0.,1.));
#10139 = ORIENTED_EDGE('',*,*,#10140,.F.);
#10140 = EDGE_CURVE('',#10101,#10133,#10141,.T.);
#10141 = LINE('',#10142,#10143);
#10142 = CARTESIAN_POINT('',(5.4,60.449558085835,26.));
#10143 = VECTOR('',#10144,1.);
#10144 = DIRECTION('',(-1.,-0.,0.));
#10145 = PLANE('',#10146);
#10146 = AXIS2_PLACEMENT_3D('',#10147,#10148,#10149);
#10147 = CARTESIAN_POINT('',(91.2,60.449558085835,26.));
#10148 = DIRECTION('',(0.,-1.,0.));
#10149 = DIRECTION('',(-1.,0.,0.));
#10150 = ADVANCED_FACE('',(#10151),#10178,.F.);
#10151 = FACE_BOUND('',#10152,.T.);
#10152 = EDGE_LOOP('',(#10153,#10154,#10163,#10171));
#10153 = ORIENTED_EDGE('',*,*,#10132,.T.);
#10154 = ORIENTED_EDGE('',*,*,#10155,.T.);
#10155 = EDGE_CURVE('',#10125,#10156,#10158,.T.);
#10156 = VERTEX_POINT('',#10157);
#10157 = CARTESIAN_POINT('',(6.,57.649558085835,26.6));
#10158 = CIRCLE('',#10159,2.8);
#10159 = AXIS2_PLACEMENT_3D('',#10160,#10161,#10162);
#10160 = CARTESIAN_POINT('',(8.8,57.649558085835,26.6));
#10161 = DIRECTION('',(0.,0.,1.));
#10162 = DIRECTION('',(-1.,-0.,0.));
#10163 = ORIENTED_EDGE('',*,*,#10164,.F.);
#10164 = EDGE_CURVE('',#10165,#10156,#10167,.T.);
#10165 = VERTEX_POINT('',#10166);
#10166 = CARTESIAN_POINT('',(6.,57.649558085835,26.));
#10167 = LINE('',#10168,#10169);
#10168 = CARTESIAN_POINT('',(6.,57.649558085835,26.));
#10169 = VECTOR('',#10170,1.);
#10170 = DIRECTION('',(0.,0.,1.));
#10171 = ORIENTED_EDGE('',*,*,#10172,.F.);
#10172 = EDGE_CURVE('',#10133,#10165,#10173,.T.);
#10173 = CIRCLE('',#10174,2.8);
#10174 = AXIS2_PLACEMENT_3D('',#10175,#10176,#10177);
#10175 = CARTESIAN_POINT('',(8.8,57.649558085835,26.));
#10176 = DIRECTION('',(0.,0.,1.));
#10177 = DIRECTION('',(-1.,-0.,0.));
#10178 = CYLINDRICAL_SURFACE('',#10179,2.8);
#10179 = AXIS2_PLACEMENT_3D('',#10180,#10181,#10182);
#10180 = CARTESIAN_POINT('',(8.8,57.649558085835,26.));
#10181 = DIRECTION('',(-0.,-0.,-1.));
#10182 = DIRECTION('',(-1.,-0.,0.));
#10183 = ADVANCED_FACE('',(#10184),#10200,.F.);
#10184 = FACE_BOUND('',#10185,.F.);
#10185 = EDGE_LOOP('',(#10186,#10187,#10193,#10194));
#10186 = ORIENTED_EDGE('',*,*,#9953,.T.);
#10187 = ORIENTED_EDGE('',*,*,#10188,.T.);
#10188 = EDGE_CURVE('',#9956,#10156,#10189,.T.);
#10189 = LINE('',#10190,#10191);
#10190 = CARTESIAN_POINT('',(6.,38.950441914165,26.6));
#10191 = VECTOR('',#10192,1.);
#10192 = DIRECTION('',(-0.,1.,0.));
#10193 = ORIENTED_EDGE('',*,*,#10164,.F.);
#10194 = ORIENTED_EDGE('',*,*,#10195,.F.);
#10195 = EDGE_CURVE('',#9954,#10165,#10196,.T.);
#10196 = LINE('',#10197,#10198);
#10197 = CARTESIAN_POINT('',(6.,38.950441914165,26.));
#10198 = VECTOR('',#10199,1.);
#10199 = DIRECTION('',(-0.,1.,0.));
#10200 = PLANE('',#10201);
#10201 = AXIS2_PLACEMENT_3D('',#10202,#10203,#10204);
#10202 = CARTESIAN_POINT('',(6.,42.350441914165,26.));
#10203 = DIRECTION('',(-1.,-0.,0.));
#10204 = DIRECTION('',(-0.,1.,0.));
#10205 = ADVANCED_FACE('',(#10206,#10216),#10226,.F.);
#10206 = FACE_BOUND('',#10207,.F.);
#10207 = EDGE_LOOP('',(#10208,#10209,#10210,#10211,#10212,#10213,#10214,
    #10215));
#10208 = ORIENTED_EDGE('',*,*,#9723,.F.);
#10209 = ORIENTED_EDGE('',*,*,#9755,.T.);
#10210 = ORIENTED_EDGE('',*,*,#9820,.T.);
#10211 = ORIENTED_EDGE('',*,*,#9883,.F.);
#10212 = ORIENTED_EDGE('',*,*,#9939,.T.);
#10213 = ORIENTED_EDGE('',*,*,#9916,.T.);
#10214 = ORIENTED_EDGE('',*,*,#9851,.F.);
#10215 = ORIENTED_EDGE('',*,*,#9788,.F.);
#10216 = FACE_BOUND('',#10217,.F.);
#10217 = EDGE_LOOP('',(#10218,#10219,#10220,#10221,#10222,#10223,#10224,
    #10225));
#10218 = ORIENTED_EDGE('',*,*,#9980,.F.);
#10219 = ORIENTED_EDGE('',*,*,#10195,.T.);
#10220 = ORIENTED_EDGE('',*,*,#10172,.F.);
#10221 = ORIENTED_EDGE('',*,*,#10140,.F.);
#10222 = ORIENTED_EDGE('',*,*,#10108,.F.);
#10223 = ORIENTED_EDGE('',*,*,#10076,.F.);
#10224 = ORIENTED_EDGE('',*,*,#10044,.F.);
#10225 = ORIENTED_EDGE('',*,*,#10012,.T.);
#10226 = PLANE('',#10227);
#10227 = AXIS2_PLACEMENT_3D('',#10228,#10229,#10230);
#10228 = CARTESIAN_POINT('',(4.8,38.350441914165,26.));
#10229 = DIRECTION('',(0.,0.,1.));
#10230 = DIRECTION('',(1.,0.,-0.));
#10231 = ADVANCED_FACE('',(#10232,#10242),#10252,.T.);
#10232 = FACE_BOUND('',#10233,.T.);
#10233 = EDGE_LOOP('',(#10234,#10235,#10236,#10237,#10238,#10239,#10240,
    #10241));
#10234 = ORIENTED_EDGE('',*,*,#9707,.F.);
#10235 = ORIENTED_EDGE('',*,*,#9738,.T.);
#10236 = ORIENTED_EDGE('',*,*,#9804,.T.);
#10237 = ORIENTED_EDGE('',*,*,#9875,.F.);
#10238 = ORIENTED_EDGE('',*,*,#9932,.T.);
#10239 = ORIENTED_EDGE('',*,*,#9908,.T.);
#10240 = ORIENTED_EDGE('',*,*,#9835,.F.);
#10241 = ORIENTED_EDGE('',*,*,#9771,.F.);
#10242 = FACE_BOUND('',#10243,.T.);
#10243 = EDGE_LOOP('',(#10244,#10245,#10246,#10247,#10248,#10249,#10250,
    #10251));
#10244 = ORIENTED_EDGE('',*,*,#9963,.F.);
#10245 = ORIENTED_EDGE('',*,*,#10188,.T.);
#10246 = ORIENTED_EDGE('',*,*,#10155,.F.);
#10247 = ORIENTED_EDGE('',*,*,#10124,.F.);
#10248 = ORIENTED_EDGE('',*,*,#10091,.F.);
#10249 = ORIENTED_EDGE('',*,*,#10060,.F.);
#10250 = ORIENTED_EDGE('',*,*,#10027,.F.);
#10251 = ORIENTED_EDGE('',*,*,#10005,.T.);
#10252 = PLANE('',#10253);
#10253 = AXIS2_PLACEMENT_3D('',#10254,#10255,#10256);
#10254 = CARTESIAN_POINT('',(4.8,38.350441914165,26.6));
#10255 = DIRECTION('',(0.,0.,1.));
#10256 = DIRECTION('',(1.,0.,-0.));
#10257 = ( GEOMETRIC_REPRESENTATION_CONTEXT(3) 
GLOBAL_UNCERTAINTY_ASSIGNED_CONTEXT((#10261)) 
GLOBAL_UNIT_ASSIGNED_CONTEXT((#10258,#10259,#10260)) 
REPRESENTATION_CONTEXT('Context #1',
  '3D Context with UNIT and UNCERTAINTY') );
#10258 = ( LENGTH_UNIT() NAMED_UNIT(*) SI_UNIT(.MILLI.,.METRE.) );
#10259 = ( NAMED_UNIT(*) PLANE_ANGLE_UNIT() SI_UNIT($,.RADIAN.) );
#10260 = ( NAMED_UNIT(*) SI_UNIT($,.STERADIAN.) SOLID_ANGLE_UNIT() );
#10261 = UNCERTAINTY_MEASURE_WITH_UNIT(LENGTH_MEASURE(1.E-07),#10258,
  'distance_accuracy_value','confusion accuracy');
#10262 = PRODUCT_RELATED_PRODUCT_CATEGORY('part',$,(#7));
ENDSEC;
END-ISO-10303-21;
